"Loc","Type","Spec","TAG","date","Family","Order","lat","lng","Spec_group","Stage","Sex","Det","Number","Method","occurrenceID"
"Bo","crop","Triticum aestivum","Bo_crop",2023-06-12,"Poaceae","Poales",50.799289554817,4.81360686265912,"plants","Ad","","Jari Vandendendriessche",95,"10m² quadrat","DIGITAF_BIODIVERSITY_FLEMISH_TREEROWS:OCCURRENCE:plants:10m² quadrat:Bo:crop:2023-06-12:1"
"Bo","crtl","Anisantha sterilis","Bo_crtl",2023-06-12,"Poaceae","Poales",50.80072,4.812192,"plants","Ad","","Jari Vandendendriessche",15,"10m² quadrat","DIGITAF_BIODIVERSITY_FLEMISH_TREEROWS:OCCURRENCE:plants:10m² quadrat:Bo:crtl:2023-06-12:2"
"Bo","crtl","Arrhenatherum elatius","Bo_crtl",2023-06-12,"Poaceae","Poales",50.80072,4.812192,"plants","Ad","","Jari Vandendendriessche",75,"10m² quadrat","DIGITAF_BIODIVERSITY_FLEMISH_TREEROWS:OCCURRENCE:plants:10m² quadrat:Bo:crtl:2023-06-12:3"
"Bo","crtl","Cirsium arvense","Bo_crtl",2023-06-12,"Asteraceae","Asterales",50.80072,4.812192,"plants","Ad","","Jari Vandendendriessche",1,"10m² quadrat","DIGITAF_BIODIVERSITY_FLEMISH_TREEROWS:OCCURRENCE:plants:10m² quadrat:Bo:crtl:2023-06-12:4"
"Bo","crtl","Convolvulus arvensis","Bo_crtl",2023-06-12,"Convolvulaceae","Solanales",50.80072,4.812192,"plants","Ad","","Jari Vandendendriessche",7,"10m² quadrat","DIGITAF_BIODIVERSITY_FLEMISH_TREEROWS:OCCURRENCE:plants:10m² quadrat:Bo:crtl:2023-06-12:5"
"Bo","crtl","Dactylis glomerata","Bo_crtl",2023-06-12,"Poaceae","Poales",50.80072,4.812192,"plants","Ad","","Jari Vandendendriessche",15,"10m² quadrat","DIGITAF_BIODIVERSITY_FLEMISH_TREEROWS:OCCURRENCE:plants:10m² quadrat:Bo:crtl:2023-06-12:6"
"Bo","crtl","Equisetum arvense","Bo_crtl",2023-06-12,"Equisetaceae","Equisetales",50.80072,4.812192,"plants","Ad","","Jari Vandendendriessche",7,"10m² quadrat","DIGITAF_BIODIVERSITY_FLEMISH_TREEROWS:OCCURRENCE:plants:10m² quadrat:Bo:crtl:2023-06-12:7"
"Bo","crtl","Galium aparine","Bo_crtl",2023-06-12,"Rubiaceae","Gentianales",50.80072,4.812192,"plants","Ad","","Jari Vandendendriessche",3,"10m² quadrat","DIGITAF_BIODIVERSITY_FLEMISH_TREEROWS:OCCURRENCE:plants:10m² quadrat:Bo:crtl:2023-06-12:8"
"Bo","crtl","Lolium perenne","Bo_crtl",2023-06-12,"Poaceae","Poales",50.80072,4.812192,"plants","Ad","","Jari Vandendendriessche",15,"10m² quadrat","DIGITAF_BIODIVERSITY_FLEMISH_TREEROWS:OCCURRENCE:plants:10m² quadrat:Bo:crtl:2023-06-12:9"
"Bo","crtl","Rumex crispus","Bo_crtl",2023-06-12,"Polygonaceae","Caryophyllales",50.80072,4.812192,"plants","Ad","","Jari Vandendendriessche",3,"10m² quadrat","DIGITAF_BIODIVERSITY_FLEMISH_TREEROWS:OCCURRENCE:plants:10m² quadrat:Bo:crtl:2023-06-12:10"
"Bo","crtl","Urtica dioica","Bo_crtl",2023-06-12,"Urticaceae","Rosales",50.80072,4.812192,"plants","Ad","","Jari Vandendendriessche",25,"10m² quadrat","DIGITAF_BIODIVERSITY_FLEMISH_TREEROWS:OCCURRENCE:plants:10m² quadrat:Bo:crtl:2023-06-12:11"
"Bo","crtl","Vicia sativa","Bo_crtl",2023-06-12,"Fabaceae","Fabales",50.80072,4.812192,"plants","Ad","","Jari Vandendendriessche",1,"10m² quadrat","DIGITAF_BIODIVERSITY_FLEMISH_TREEROWS:OCCURRENCE:plants:10m² quadrat:Bo:crtl:2023-06-12:12"
"Bo","tree","Anisantha sterilis","Bo_tree",2023-06-12,"Poaceae","Poales",50.798534,4.814494,"plants","Ad","","Jari Vandendendriessche",15,"10m² quadrat","DIGITAF_BIODIVERSITY_FLEMISH_TREEROWS:OCCURRENCE:plants:10m² quadrat:Bo:tree:2023-06-12:13"
"Bo","tree","Arrhenatherum elatius","Bo_tree",2023-06-12,"Poaceae","Poales",50.798534,4.814494,"plants","Ad","","Jari Vandendendriessche",25,"10m² quadrat","DIGITAF_BIODIVERSITY_FLEMISH_TREEROWS:OCCURRENCE:plants:10m² quadrat:Bo:tree:2023-06-12:14"
"Bo","tree","Artemisia vulgaris","Bo_tree",2023-06-12,"Asteraceae","Asterales",50.798534,4.814494,"plants","Ad","","Jari Vandendendriessche",35,"10m² quadrat","DIGITAF_BIODIVERSITY_FLEMISH_TREEROWS:OCCURRENCE:plants:10m² quadrat:Bo:tree:2023-06-12:15"
"Bo","tree","Chaerophyllum temulum","Bo_tree",2023-06-12,"Apiaceae","Apiales",50.798534,4.814494,"plants","Ad","","Jari Vandendendriessche",7,"10m² quadrat","DIGITAF_BIODIVERSITY_FLEMISH_TREEROWS:OCCURRENCE:plants:10m² quadrat:Bo:tree:2023-06-12:16"
"Bo","tree","Lamium album","Bo_tree",2023-06-12,"Lamiaceae","Lamiales",50.798534,4.814494,"plants","Ad","","Jari Vandendendriessche",25,"10m² quadrat","DIGITAF_BIODIVERSITY_FLEMISH_TREEROWS:OCCURRENCE:plants:10m² quadrat:Bo:tree:2023-06-12:17"
"Bo","tree","Poa trivialis","Bo_tree",2023-06-12,"Poaceae","Poales",50.798534,4.814494,"plants","Ad","","Jari Vandendendriessche",3,"10m² quadrat","DIGITAF_BIODIVERSITY_FLEMISH_TREEROWS:OCCURRENCE:plants:10m² quadrat:Bo:tree:2023-06-12:18"
"Bo","tree","Populus x canadensis (P. deltoides x P. nigra)","Bo_tree",2023-06-12,"Salicaceae","Malpighiales",50.798534,4.814494,"plants","Ad","","Jari Vandendendriessche",98,"10m² quadrat","DIGITAF_BIODIVERSITY_FLEMISH_TREEROWS:OCCURRENCE:plants:10m² quadrat:Bo:tree:2023-06-12:19"
"Bo","tree","Rubus Sec. Rubus","Bo_tree",2023-06-12,"Rosaceae","Rosales",50.798534,4.814494,"plants","Ad","","Jari Vandendendriessche",15,"10m² quadrat","DIGITAF_BIODIVERSITY_FLEMISH_TREEROWS:OCCURRENCE:plants:10m² quadrat:Bo:tree:2023-06-12:20"
"Bo","tree","Sambucus nigra","Bo_tree",2023-06-12,"Viburnaceae","Dipsacales",50.798534,4.814494,"plants","Ad","","Jari Vandendendriessche",15,"10m² quadrat","DIGITAF_BIODIVERSITY_FLEMISH_TREEROWS:OCCURRENCE:plants:10m² quadrat:Bo:tree:2023-06-12:21"
"Bo","tree","Triticum aestivum","Bo_tree",2023-06-12,"Poaceae","Poales",50.798534,4.814494,"plants","Ad","","Jari Vandendendriessche",3,"10m² quadrat","DIGITAF_BIODIVERSITY_FLEMISH_TREEROWS:OCCURRENCE:plants:10m² quadrat:Bo:tree:2023-06-12:22"
"Bo","tree","Urtica dioica","Bo_tree",2023-06-12,"Urticaceae","Rosales",50.798534,4.814494,"plants","Ad","","Jari Vandendendriessche",55,"10m² quadrat","DIGITAF_BIODIVERSITY_FLEMISH_TREEROWS:OCCURRENCE:plants:10m² quadrat:Bo:tree:2023-06-12:23"
"Bo1","crtl","Anisantha sterilis","Bo1_crtl",2023-06-12,"Poaceae","Poales",50.830734,4.813417,"plants","Ad","","Jari Vandendendriessche",35,"10m² quadrat","DIGITAF_BIODIVERSITY_FLEMISH_TREEROWS:OCCURRENCE:plants:10m² quadrat:Bo1:crtl:2023-06-12:24"
"Bo1","crtl","Betula pubescens","Bo1_crtl",2023-06-12,"Betulaceae","Fagales",50.830734,4.813417,"plants","Ad","","Jari Vandendendriessche",3,"10m² quadrat","DIGITAF_BIODIVERSITY_FLEMISH_TREEROWS:OCCURRENCE:plants:10m² quadrat:Bo1:crtl:2023-06-12:25"
"Bo1","crtl","Cirsium vulgare","Bo1_crtl",2023-06-12,"Asteraceae","Asterales",50.830734,4.813417,"plants","Ad","","Jari Vandendendriessche",15,"10m² quadrat","DIGITAF_BIODIVERSITY_FLEMISH_TREEROWS:OCCURRENCE:plants:10m² quadrat:Bo1:crtl:2023-06-12:26"
"Bo1","crtl","Epilobium parviflorum","Bo1_crtl",2023-06-12,"Onagraceae","Myrtales",50.830734,4.813417,"plants","Ad","","Jari Vandendendriessche",15,"10m² quadrat","DIGITAF_BIODIVERSITY_FLEMISH_TREEROWS:OCCURRENCE:plants:10m² quadrat:Bo1:crtl:2023-06-12:27"
"Bo1","crtl","Epilobium spec.","Bo1_crtl",2023-06-12,"Onagraceae","Myrtales",50.830734,4.813417,"plants","Ad","","Jari Vandendendriessche",7,"10m² quadrat","DIGITAF_BIODIVERSITY_FLEMISH_TREEROWS:OCCURRENCE:plants:10m² quadrat:Bo1:crtl:2023-06-12:28"
"Bo1","crtl","Erigeron sumatrensis","Bo1_crtl",2023-06-12,"Asteraceae","Asterales",50.830734,4.813417,"plants","Ad","","Jari Vandendendriessche",7,"10m² quadrat","DIGITAF_BIODIVERSITY_FLEMISH_TREEROWS:OCCURRENCE:plants:10m² quadrat:Bo1:crtl:2023-06-12:29"
"Bo1","crtl","Jacobaea vulgaris","Bo1_crtl",2023-06-12,"Asteraceae","Asterales",50.830734,4.813417,"plants","Ad","","Jari Vandendendriessche",1,"10m² quadrat","DIGITAF_BIODIVERSITY_FLEMISH_TREEROWS:OCCURRENCE:plants:10m² quadrat:Bo1:crtl:2023-06-12:30"
"Bo1","crtl","Lolium multiflorum","Bo1_crtl",2023-06-12,"Poaceae","Poales",50.830734,4.813417,"plants","Ad","","Jari Vandendendriessche",15,"10m² quadrat","DIGITAF_BIODIVERSITY_FLEMISH_TREEROWS:OCCURRENCE:plants:10m² quadrat:Bo1:crtl:2023-06-12:31"
"Bo1","crtl","Matricaria chamomilla","Bo1_crtl",2023-06-12,"Asteraceae","Asterales",50.830734,4.813417,"plants","Ad","","Jari Vandendendriessche",7,"10m² quadrat","DIGITAF_BIODIVERSITY_FLEMISH_TREEROWS:OCCURRENCE:plants:10m² quadrat:Bo1:crtl:2023-06-12:32"
"Bo1","crtl","Plantago major","Bo1_crtl",2023-06-12,"Plantaginaceae","Lamiales",50.830734,4.813417,"plants","Ad","","Jari Vandendendriessche",1,"10m² quadrat","DIGITAF_BIODIVERSITY_FLEMISH_TREEROWS:OCCURRENCE:plants:10m² quadrat:Bo1:crtl:2023-06-12:33"
"Bo1","crtl","Poa trivialis","Bo1_crtl",2023-06-12,"Poaceae","Poales",50.830734,4.813417,"plants","Ad","","Jari Vandendendriessche",45,"10m² quadrat","DIGITAF_BIODIVERSITY_FLEMISH_TREEROWS:OCCURRENCE:plants:10m² quadrat:Bo1:crtl:2023-06-12:34"
"Bo1","crtl","Populus alba","Bo1_crtl",2023-06-12,"Salicaceae","Malpighiales",50.830734,4.813417,"plants","Ad","","Jari Vandendendriessche",1,"10m² quadrat","DIGITAF_BIODIVERSITY_FLEMISH_TREEROWS:OCCURRENCE:plants:10m² quadrat:Bo1:crtl:2023-06-12:35"
"Bo1","crtl","Prunus spinosa","Bo1_crtl",2023-06-12,"Rosaceae","Rosales",50.830734,4.813417,"plants","Ad","","Jari Vandendendriessche",3,"10m² quadrat","DIGITAF_BIODIVERSITY_FLEMISH_TREEROWS:OCCURRENCE:plants:10m² quadrat:Bo1:crtl:2023-06-12:36"
"Bo1","crtl","Salix caprea","Bo1_crtl",2023-06-12,"Salicaceae","Malpighiales",50.830734,4.813417,"plants","Ad","","Jari Vandendendriessche",3,"10m² quadrat","DIGITAF_BIODIVERSITY_FLEMISH_TREEROWS:OCCURRENCE:plants:10m² quadrat:Bo1:crtl:2023-06-12:37"
"Bo1","crtl","Sambucus nigra","Bo1_crtl",2023-06-12,"Viburnaceae","Dipsacales",50.830734,4.813417,"plants","Ad","","Jari Vandendendriessche",3,"10m² quadrat","DIGITAF_BIODIVERSITY_FLEMISH_TREEROWS:OCCURRENCE:plants:10m² quadrat:Bo1:crtl:2023-06-12:38"
"Bo1","crtl","Sonchus arvensis","Bo1_crtl",2023-06-12,"Asteraceae","Asterales",50.830734,4.813417,"plants","Ad","","Jari Vandendendriessche",3,"10m² quadrat","DIGITAF_BIODIVERSITY_FLEMISH_TREEROWS:OCCURRENCE:plants:10m² quadrat:Bo1:crtl:2023-06-12:39"
"Bo1","crtl","Symphyotrichum lanceolatum","Bo1_crtl",2023-06-12,"Asteraceae","Asterales",50.830734,4.813417,"plants","Ad","","Jari Vandendendriessche",15,"10m² quadrat","DIGITAF_BIODIVERSITY_FLEMISH_TREEROWS:OCCURRENCE:plants:10m² quadrat:Bo1:crtl:2023-06-12:40"
"Bo1","crtl","Taraxacum officinale s.l. (incl. all sec.)","Bo1_crtl",2023-06-12,"Asteraceae","Asterales",50.830734,4.813417,"plants","Ad","","Jari Vandendendriessche",3,"10m² quadrat","DIGITAF_BIODIVERSITY_FLEMISH_TREEROWS:OCCURRENCE:plants:10m² quadrat:Bo1:crtl:2023-06-12:41"
"Bo1","crtl","Urtica dioica","Bo1_crtl",2023-06-12,"Urticaceae","Rosales",50.830734,4.813417,"plants","Ad","","Jari Vandendendriessche",1,"10m² quadrat","DIGITAF_BIODIVERSITY_FLEMISH_TREEROWS:OCCURRENCE:plants:10m² quadrat:Bo1:crtl:2023-06-12:42"
"Bo1","tree","Anisantha sterilis","Bo1_tree",2023-06-12,"Poaceae","Poales",50.831448,4.813626,"plants","Ad","","Jari Vandendendriessche",7,"10m² quadrat","DIGITAF_BIODIVERSITY_FLEMISH_TREEROWS:OCCURRENCE:plants:10m² quadrat:Bo1:tree:2023-06-12:43"
"Bo1","tree","Arrhenatherum elatius","Bo1_tree",2023-06-12,"Poaceae","Poales",50.831448,4.813626,"plants","Ad","","Jari Vandendendriessche",45,"10m² quadrat","DIGITAF_BIODIVERSITY_FLEMISH_TREEROWS:OCCURRENCE:plants:10m² quadrat:Bo1:tree:2023-06-12:44"
"Bo1","tree","Artemisia vulgaris","Bo1_tree",2023-06-12,"Asteraceae","Asterales",50.831448,4.813626,"plants","Ad","","Jari Vandendendriessche",3,"10m² quadrat","DIGITAF_BIODIVERSITY_FLEMISH_TREEROWS:OCCURRENCE:plants:10m² quadrat:Bo1:tree:2023-06-12:45"
"Bo1","tree","Bryonia dioica","Bo1_tree",2023-06-12,"Cucurbitaceae","Cucurbitales",50.831448,4.813626,"plants","Ad","","Jari Vandendendriessche",3,"10m² quadrat","DIGITAF_BIODIVERSITY_FLEMISH_TREEROWS:OCCURRENCE:plants:10m² quadrat:Bo1:tree:2023-06-12:46"
"Bo1","tree","Chenopodium album","Bo1_tree",2023-06-12,"Amaranthaceae","Caryophyllales",50.831448,4.813626,"plants","Ad","","Jari Vandendendriessche",1,"10m² quadrat","DIGITAF_BIODIVERSITY_FLEMISH_TREEROWS:OCCURRENCE:plants:10m² quadrat:Bo1:tree:2023-06-12:47"
"Bo1","tree","Cirsium arvense","Bo1_tree",2023-06-12,"Asteraceae","Asterales",50.831448,4.813626,"plants","Ad","","Jari Vandendendriessche",1,"10m² quadrat","DIGITAF_BIODIVERSITY_FLEMISH_TREEROWS:OCCURRENCE:plants:10m² quadrat:Bo1:tree:2023-06-12:48"
"Bo1","tree","Cotoneaster spec.","Bo1_tree",2023-06-12,"Rosaceae","Rosales",50.831448,4.813626,"plants","Ad","","Jari Vandendendriessche",25,"10m² quadrat","DIGITAF_BIODIVERSITY_FLEMISH_TREEROWS:OCCURRENCE:plants:10m² quadrat:Bo1:tree:2023-06-12:49"
"Bo1","tree","Dactylis glomerata","Bo1_tree",2023-06-12,"Poaceae","Poales",50.831448,4.813626,"plants","Ad","","Jari Vandendendriessche",7,"10m² quadrat","DIGITAF_BIODIVERSITY_FLEMISH_TREEROWS:OCCURRENCE:plants:10m² quadrat:Bo1:tree:2023-06-12:50"
"Bo1","tree","Hordeum vulgare","Bo1_tree",2023-06-12,"Poaceae","Poales",50.831448,4.813626,"plants","Ad","","Jari Vandendendriessche",7,"10m² quadrat","DIGITAF_BIODIVERSITY_FLEMISH_TREEROWS:OCCURRENCE:plants:10m² quadrat:Bo1:tree:2023-06-12:51"
"Bo1","tree","Oxybasis rubra","Bo1_tree",2023-06-12,"Amaranthaceae","Caryophyllales",50.831448,4.813626,"plants","Ad","","Jari Vandendendriessche",1,"10m² quadrat","DIGITAF_BIODIVERSITY_FLEMISH_TREEROWS:OCCURRENCE:plants:10m² quadrat:Bo1:tree:2023-06-12:52"
"Bo1","tree","Salix caprea","Bo1_tree",2023-06-12,"Salicaceae","Malpighiales",50.831448,4.813626,"plants","Ad","","Jari Vandendendriessche",75,"10m² quadrat","DIGITAF_BIODIVERSITY_FLEMISH_TREEROWS:OCCURRENCE:plants:10m² quadrat:Bo1:tree:2023-06-12:53"
"Bo1","tree","Sambucus nigra","Bo1_tree",2023-06-12,"Viburnaceae","Dipsacales",50.831448,4.813626,"plants","Ad","","Jari Vandendendriessche",35,"10m² quadrat","DIGITAF_BIODIVERSITY_FLEMISH_TREEROWS:OCCURRENCE:plants:10m² quadrat:Bo1:tree:2023-06-12:54"
"Bo1","tree","Urtica dioica","Bo1_tree",2023-06-12,"Urticaceae","Rosales",50.831448,4.813626,"plants","Ad","","Jari Vandendendriessche",25,"10m² quadrat","DIGITAF_BIODIVERSITY_FLEMISH_TREEROWS:OCCURRENCE:plants:10m² quadrat:Bo1:tree:2023-06-12:55"
"Bo1","tree","Vicia sativa","Bo1_tree",2023-06-12,"Fabaceae","Fabales",50.831448,4.813626,"plants","Ad","","Jari Vandendendriessche",1,"10m² quadrat","DIGITAF_BIODIVERSITY_FLEMISH_TREEROWS:OCCURRENCE:plants:10m² quadrat:Bo1:tree:2023-06-12:56"
"Bo2","crtl","Anisantha sterilis","Bo2_crtl",2023-06-12,"Poaceae","Poales",50.804672,5.00229,"plants","Ad","","Jari Vandendendriessche",25,"10m² quadrat","DIGITAF_BIODIVERSITY_FLEMISH_TREEROWS:OCCURRENCE:plants:10m² quadrat:Bo2:crtl:2023-06-12:57"
"Bo2","crtl","Arrhenatherum elatius","Bo2_crtl",2023-06-12,"Poaceae","Poales",50.804672,5.00229,"plants","Ad","","Jari Vandendendriessche",15,"10m² quadrat","DIGITAF_BIODIVERSITY_FLEMISH_TREEROWS:OCCURRENCE:plants:10m² quadrat:Bo2:crtl:2023-06-12:58"
"Bo2","crtl","Bromus hordeaceus","Bo2_crtl",2023-06-12,"Poaceae","Poales",50.804672,5.00229,"plants","Ad","","Jari Vandendendriessche",3,"10m² quadrat","DIGITAF_BIODIVERSITY_FLEMISH_TREEROWS:OCCURRENCE:plants:10m² quadrat:Bo2:crtl:2023-06-12:59"
"Bo2","crtl","Capsella bursa-pastoris","Bo2_crtl",2023-06-12,"Brassicaceae","Brassicales",50.804672,5.00229,"plants","Ad","","Jari Vandendendriessche",1,"10m² quadrat","DIGITAF_BIODIVERSITY_FLEMISH_TREEROWS:OCCURRENCE:plants:10m² quadrat:Bo2:crtl:2023-06-12:60"
"Bo2","crtl","Chenopodium album","Bo2_crtl",2023-06-12,"Amaranthaceae","Caryophyllales",50.804672,5.00229,"plants","Ad","","Jari Vandendendriessche",1,"10m² quadrat","DIGITAF_BIODIVERSITY_FLEMISH_TREEROWS:OCCURRENCE:plants:10m² quadrat:Bo2:crtl:2023-06-12:61"
"Bo2","crtl","Dactylis glomerata","Bo2_crtl",2023-06-12,"Poaceae","Poales",50.804672,5.00229,"plants","Ad","","Jari Vandendendriessche",15,"10m² quadrat","DIGITAF_BIODIVERSITY_FLEMISH_TREEROWS:OCCURRENCE:plants:10m² quadrat:Bo2:crtl:2023-06-12:62"
"Bo2","crtl","Holcus lanatus","Bo2_crtl",2023-06-12,"Poaceae","Poales",50.804672,5.00229,"plants","Ad","","Jari Vandendendriessche",15,"10m² quadrat","DIGITAF_BIODIVERSITY_FLEMISH_TREEROWS:OCCURRENCE:plants:10m² quadrat:Bo2:crtl:2023-06-12:63"
"Bo2","crtl","Hordeum murinum","Bo2_crtl",2023-06-12,"Poaceae","Poales",50.804672,5.00229,"plants","Ad","","Jari Vandendendriessche",25,"10m² quadrat","DIGITAF_BIODIVERSITY_FLEMISH_TREEROWS:OCCURRENCE:plants:10m² quadrat:Bo2:crtl:2023-06-12:64"
"Bo2","crtl","Lolium multiflorum","Bo2_crtl",2023-06-12,"Poaceae","Poales",50.804672,5.00229,"plants","Ad","","Jari Vandendendriessche",35,"10m² quadrat","DIGITAF_BIODIVERSITY_FLEMISH_TREEROWS:OCCURRENCE:plants:10m² quadrat:Bo2:crtl:2023-06-12:65"
"Bo2","crtl","Matricaria chamomilla","Bo2_crtl",2023-06-12,"Asteraceae","Asterales",50.804672,5.00229,"plants","Ad","","Jari Vandendendriessche",15,"10m² quadrat","DIGITAF_BIODIVERSITY_FLEMISH_TREEROWS:OCCURRENCE:plants:10m² quadrat:Bo2:crtl:2023-06-12:66"
"Bo2","crtl","Plantago major","Bo2_crtl",2023-06-12,"Plantaginaceae","Lamiales",50.804672,5.00229,"plants","Ad","","Jari Vandendendriessche",1,"10m² quadrat","DIGITAF_BIODIVERSITY_FLEMISH_TREEROWS:OCCURRENCE:plants:10m² quadrat:Bo2:crtl:2023-06-12:67"
"Bo2","crtl","Poa annua","Bo2_crtl",2023-06-12,"Poaceae","Poales",50.804672,5.00229,"plants","Ad","","Jari Vandendendriessche",3,"10m² quadrat","DIGITAF_BIODIVERSITY_FLEMISH_TREEROWS:OCCURRENCE:plants:10m² quadrat:Bo2:crtl:2023-06-12:68"
"Bo2","crtl","Poa trivialis","Bo2_crtl",2023-06-12,"Poaceae","Poales",50.804672,5.00229,"plants","Ad","","Jari Vandendendriessche",3,"10m² quadrat","DIGITAF_BIODIVERSITY_FLEMISH_TREEROWS:OCCURRENCE:plants:10m² quadrat:Bo2:crtl:2023-06-12:69"
"Bo2","crtl","Polygonum aviculare","Bo2_crtl",2023-06-12,"Polygonaceae","Caryophyllales",50.804672,5.00229,"plants","Ad","","Jari Vandendendriessche",3,"10m² quadrat","DIGITAF_BIODIVERSITY_FLEMISH_TREEROWS:OCCURRENCE:plants:10m² quadrat:Bo2:crtl:2023-06-12:70"
"Bo2","crtl","Rorippa sylvestris","Bo2_crtl",2023-06-12,"Brassicaceae","Brassicales",50.804672,5.00229,"plants","Ad","","Jari Vandendendriessche",1,"10m² quadrat","DIGITAF_BIODIVERSITY_FLEMISH_TREEROWS:OCCURRENCE:plants:10m² quadrat:Bo2:crtl:2023-06-12:71"
"Bo2","tree","Achillea millefolium","Bo2_tree",2023-06-12,"Asteraceae","Asterales",50.804695,5.003687,"plants","Ad","","Jari Vandendendriessche",15,"10m² quadrat","DIGITAF_BIODIVERSITY_FLEMISH_TREEROWS:OCCURRENCE:plants:10m² quadrat:Bo2:tree:2023-06-12:72"
"Bo2","tree","Anisantha sterilis","Bo2_tree",2023-06-12,"Poaceae","Poales",50.804695,5.003687,"plants","Ad","","Jari Vandendendriessche",7,"10m² quadrat","DIGITAF_BIODIVERSITY_FLEMISH_TREEROWS:OCCURRENCE:plants:10m² quadrat:Bo2:tree:2023-06-12:73"
"Bo2","tree","Arrhenatherum elatius","Bo2_tree",2023-06-12,"Poaceae","Poales",50.804695,5.003687,"plants","Ad","","Jari Vandendendriessche",15,"10m² quadrat","DIGITAF_BIODIVERSITY_FLEMISH_TREEROWS:OCCURRENCE:plants:10m² quadrat:Bo2:tree:2023-06-12:74"
"Bo2","tree","Artemisia vulgaris","Bo2_tree",2023-06-12,"Asteraceae","Asterales",50.804695,5.003687,"plants","Ad","","Jari Vandendendriessche",3,"10m² quadrat","DIGITAF_BIODIVERSITY_FLEMISH_TREEROWS:OCCURRENCE:plants:10m² quadrat:Bo2:tree:2023-06-12:75"
"Bo2","tree","Avena sativa","Bo2_tree",2023-06-12,"Poaceae","Poales",50.804695,5.003687,"plants","Ad","","Jari Vandendendriessche",25,"10m² quadrat","DIGITAF_BIODIVERSITY_FLEMISH_TREEROWS:OCCURRENCE:plants:10m² quadrat:Bo2:tree:2023-06-12:76"
"Bo2","tree","Camelina sativa","Bo2_tree",2023-06-12,"Brassicaceae","Brassicales",50.804695,5.003687,"plants","Ad","","Jari Vandendendriessche",7,"10m² quadrat","DIGITAF_BIODIVERSITY_FLEMISH_TREEROWS:OCCURRENCE:plants:10m² quadrat:Bo2:tree:2023-06-12:77"
"Bo2","tree","Centaurea cyanus (cultivar)","Bo2_tree",2023-06-12,"Asteraceae","Asterales",50.804695,5.003687,"plants","Ad","","Jari Vandendendriessche",1,"10m² quadrat","DIGITAF_BIODIVERSITY_FLEMISH_TREEROWS:OCCURRENCE:plants:10m² quadrat:Bo2:tree:2023-06-12:78"
"Bo2","tree","Centaurea jacea","Bo2_tree",2023-06-12,"Asteraceae","Asterales",50.804695,5.003687,"plants","Ad","","Jari Vandendendriessche",7,"10m² quadrat","DIGITAF_BIODIVERSITY_FLEMISH_TREEROWS:OCCURRENCE:plants:10m² quadrat:Bo2:tree:2023-06-12:79"
"Bo2","tree","Cirsium arvense","Bo2_tree",2023-06-12,"Asteraceae","Asterales",50.804695,5.003687,"plants","Ad","","Jari Vandendendriessche",1,"10m² quadrat","DIGITAF_BIODIVERSITY_FLEMISH_TREEROWS:OCCURRENCE:plants:10m² quadrat:Bo2:tree:2023-06-12:80"
"Bo2","tree","Dactylis glomerata","Bo2_tree",2023-06-12,"Poaceae","Poales",50.804695,5.003687,"plants","Ad","","Jari Vandendendriessche",1,"10m² quadrat","DIGITAF_BIODIVERSITY_FLEMISH_TREEROWS:OCCURRENCE:plants:10m² quadrat:Bo2:tree:2023-06-12:81"
"Bo2","tree","Daucus carota","Bo2_tree",2023-06-12,"Apiaceae","Apiales",50.804695,5.003687,"plants","Ad","","Jari Vandendendriessche",25,"10m² quadrat","DIGITAF_BIODIVERSITY_FLEMISH_TREEROWS:OCCURRENCE:plants:10m² quadrat:Bo2:tree:2023-06-12:82"
"Bo2","tree","Fallopia convolvulus","Bo2_tree",2023-06-12,"Polygonaceae","Caryophyllales",50.804695,5.003687,"plants","Ad","","Jari Vandendendriessche",1,"10m² quadrat","DIGITAF_BIODIVERSITY_FLEMISH_TREEROWS:OCCURRENCE:plants:10m² quadrat:Bo2:tree:2023-06-12:83"
"Bo2","tree","Galium aparine","Bo2_tree",2023-06-12,"Rubiaceae","Gentianales",50.804695,5.003687,"plants","Ad","","Jari Vandendendriessche",7,"10m² quadrat","DIGITAF_BIODIVERSITY_FLEMISH_TREEROWS:OCCURRENCE:plants:10m² quadrat:Bo2:tree:2023-06-12:84"
"Bo2","tree","Geranium molle","Bo2_tree",2023-06-12,"Geraniaceae","Geraniales",50.804695,5.003687,"plants","Ad","","Jari Vandendendriessche",3,"10m² quadrat","DIGITAF_BIODIVERSITY_FLEMISH_TREEROWS:OCCURRENCE:plants:10m² quadrat:Bo2:tree:2023-06-12:85"
"Bo2","tree","Holcus lanatus","Bo2_tree",2023-06-12,"Poaceae","Poales",50.804695,5.003687,"plants","Ad","","Jari Vandendendriessche",7,"10m² quadrat","DIGITAF_BIODIVERSITY_FLEMISH_TREEROWS:OCCURRENCE:plants:10m² quadrat:Bo2:tree:2023-06-12:86"
"Bo2","tree","Jacobaea vulgaris","Bo2_tree",2023-06-12,"Asteraceae","Asterales",50.804695,5.003687,"plants","Ad","","Jari Vandendendriessche",1,"10m² quadrat","DIGITAF_BIODIVERSITY_FLEMISH_TREEROWS:OCCURRENCE:plants:10m² quadrat:Bo2:tree:2023-06-12:87"
"Bo2","tree","Juglans regia","Bo2_tree",2023-06-12,"Juglandaceae","Fagales",50.804695,5.003687,"plants","Ad","","Jari Vandendendriessche",65,"10m² quadrat","DIGITAF_BIODIVERSITY_FLEMISH_TREEROWS:OCCURRENCE:plants:10m² quadrat:Bo2:tree:2023-06-12:88"
"Bo2","tree","Lapsana communis","Bo2_tree",2023-06-12,"Asteraceae","Asterales",50.804695,5.003687,"plants","Ad","","Jari Vandendendriessche",1,"10m² quadrat","DIGITAF_BIODIVERSITY_FLEMISH_TREEROWS:OCCURRENCE:plants:10m² quadrat:Bo2:tree:2023-06-12:89"
"Bo2","tree","Leucanthemum vulgare","Bo2_tree",2023-06-12,"Asteraceae","Asterales",50.804695,5.003687,"plants","Ad","","Jari Vandendendriessche",35,"10m² quadrat","DIGITAF_BIODIVERSITY_FLEMISH_TREEROWS:OCCURRENCE:plants:10m² quadrat:Bo2:tree:2023-06-12:90"
"Bo2","tree","Papaver rhoeas","Bo2_tree",2023-06-12,"Papaveraceae","Ranunculales",50.804695,5.003687,"plants","Ad","","Jari Vandendendriessche",7,"10m² quadrat","DIGITAF_BIODIVERSITY_FLEMISH_TREEROWS:OCCURRENCE:plants:10m² quadrat:Bo2:tree:2023-06-12:91"
"Bo2","tree","Phacelia tanacetifolia","Bo2_tree",2023-06-12,"Hydrophyllaceae","Boraginales",50.804695,5.003687,"plants","Ad","","Jari Vandendendriessche",35,"10m² quadrat","DIGITAF_BIODIVERSITY_FLEMISH_TREEROWS:OCCURRENCE:plants:10m² quadrat:Bo2:tree:2023-06-12:92"
"Bo2","tree","Poa trivialis","Bo2_tree",2023-06-12,"Poaceae","Poales",50.804695,5.003687,"plants","Ad","","Jari Vandendendriessche",3,"10m² quadrat","DIGITAF_BIODIVERSITY_FLEMISH_TREEROWS:OCCURRENCE:plants:10m² quadrat:Bo2:tree:2023-06-12:93"
"Bo2","tree","Raphanus sativus","Bo2_tree",2023-06-12,"Brassicaceae","Brassicales",50.804695,5.003687,"plants","Ad","","Jari Vandendendriessche",3,"10m² quadrat","DIGITAF_BIODIVERSITY_FLEMISH_TREEROWS:OCCURRENCE:plants:10m² quadrat:Bo2:tree:2023-06-12:94"
"Bo2","tree","Rumex obtusifolius","Bo2_tree",2023-06-12,"Polygonaceae","Caryophyllales",50.804695,5.003687,"plants","Ad","","Jari Vandendendriessche",1,"10m² quadrat","DIGITAF_BIODIVERSITY_FLEMISH_TREEROWS:OCCURRENCE:plants:10m² quadrat:Bo2:tree:2023-06-12:95"
"Bo2","tree","Sonchus asper","Bo2_tree",2023-06-12,"Asteraceae","Asterales",50.804695,5.003687,"plants","Ad","","Jari Vandendendriessche",1,"10m² quadrat","DIGITAF_BIODIVERSITY_FLEMISH_TREEROWS:OCCURRENCE:plants:10m² quadrat:Bo2:tree:2023-06-12:96"
"Bo2","tree","Sonchus oleraceus","Bo2_tree",2023-06-12,"Asteraceae","Asterales",50.804695,5.003687,"plants","Ad","","Jari Vandendendriessche",1,"10m² quadrat","DIGITAF_BIODIVERSITY_FLEMISH_TREEROWS:OCCURRENCE:plants:10m² quadrat:Bo2:tree:2023-06-12:97"
"Bo2","tree","Stellaria media","Bo2_tree",2023-06-12,"Caryophyllaceae","Caryophyllales",50.804695,5.003687,"plants","Ad","","Jari Vandendendriessche",7,"10m² quadrat","DIGITAF_BIODIVERSITY_FLEMISH_TREEROWS:OCCURRENCE:plants:10m² quadrat:Bo2:tree:2023-06-12:98"
"Bo2","tree","Trifolium repens","Bo2_tree",2023-06-12,"Fabaceae","Fabales",50.804695,5.003687,"plants","Ad","","Jari Vandendendriessche",1,"10m² quadrat","DIGITAF_BIODIVERSITY_FLEMISH_TREEROWS:OCCURRENCE:plants:10m² quadrat:Bo2:tree:2023-06-12:99"
"Bo2","tree","Urtica dioica","Bo2_tree",2023-06-12,"Urticaceae","Rosales",50.804695,5.003687,"plants","Ad","","Jari Vandendendriessche",1,"10m² quadrat","DIGITAF_BIODIVERSITY_FLEMISH_TREEROWS:OCCURRENCE:plants:10m² quadrat:Bo2:tree:2023-06-12:100"
"Bo2","tree","Veronica hederifolia","Bo2_tree",2023-06-12,"Plantaginaceae","Lamiales",50.804695,5.003687,"plants","Ad","","Jari Vandendendriessche",3,"10m² quadrat","DIGITAF_BIODIVERSITY_FLEMISH_TREEROWS:OCCURRENCE:plants:10m² quadrat:Bo2:tree:2023-06-12:101"
"Bo2","tree","Vicia sativa","Bo2_tree",2023-06-12,"Fabaceae","Fabales",50.804695,5.003687,"plants","Ad","","Jari Vandendendriessche",3,"10m² quadrat","DIGITAF_BIODIVERSITY_FLEMISH_TREEROWS:OCCURRENCE:plants:10m² quadrat:Bo2:tree:2023-06-12:102"
"Ge1","crtl","Anisantha sterilis","Ge1_crtl",2023-05-25,"Poaceae","Poales",51.011478,3.685224,"plants","Ad","","Jari Vandendendriessche",3,"10m² quadrat","DIGITAF_BIODIVERSITY_FLEMISH_TREEROWS:OCCURRENCE:plants:10m² quadrat:Ge1:crtl:2023-05-25:103"
"Ge1","crtl","Arrhenatherum elatius","Ge1_crtl",2023-05-25,"Poaceae","Poales",51.011478,3.685224,"plants","Ad","","Jari Vandendendriessche",3,"10m² quadrat","DIGITAF_BIODIVERSITY_FLEMISH_TREEROWS:OCCURRENCE:plants:10m² quadrat:Ge1:crtl:2023-05-25:104"
"Ge1","crtl","Cardamine hirsuta","Ge1_crtl",2023-05-25,"Brassicaceae","Brassicales",51.011478,3.685224,"plants","Ad","","Jari Vandendendriessche",1,"10m² quadrat","DIGITAF_BIODIVERSITY_FLEMISH_TREEROWS:OCCURRENCE:plants:10m² quadrat:Ge1:crtl:2023-05-25:105"
"Ge1","crtl","Cirsium arvense","Ge1_crtl",2023-05-25,"Asteraceae","Asterales",51.011478,3.685224,"plants","Ad","","Jari Vandendendriessche",3,"10m² quadrat","DIGITAF_BIODIVERSITY_FLEMISH_TREEROWS:OCCURRENCE:plants:10m² quadrat:Ge1:crtl:2023-05-25:106"
"Ge1","crtl","Epilobium hirsutum","Ge1_crtl",2023-05-25,"Onagraceae","Myrtales",51.011478,3.685224,"plants","Ad","","Jari Vandendendriessche",3,"10m² quadrat","DIGITAF_BIODIVERSITY_FLEMISH_TREEROWS:OCCURRENCE:plants:10m² quadrat:Ge1:crtl:2023-05-25:107"
"Ge1","crtl","Galium aparine","Ge1_crtl",2023-05-25,"Rubiaceae","Gentianales",51.011478,3.685224,"plants","Ad","","Jari Vandendendriessche",7,"10m² quadrat","DIGITAF_BIODIVERSITY_FLEMISH_TREEROWS:OCCURRENCE:plants:10m² quadrat:Ge1:crtl:2023-05-25:108"
"Ge1","crtl","Rubus Sec. Rubus","Ge1_crtl",2023-05-25,"Rosaceae","Rosales",51.011478,3.685224,"plants","Ad","","Jari Vandendendriessche",45,"10m² quadrat","DIGITAF_BIODIVERSITY_FLEMISH_TREEROWS:OCCURRENCE:plants:10m² quadrat:Ge1:crtl:2023-05-25:109"
"Ge1","crtl","Solanum dulcamara","Ge1_crtl",2023-05-25,"Solanaceae","Solanales",51.011478,3.685224,"plants","Ad","","Jari Vandendendriessche",1,"10m² quadrat","DIGITAF_BIODIVERSITY_FLEMISH_TREEROWS:OCCURRENCE:plants:10m² quadrat:Ge1:crtl:2023-05-25:110"
"Ge1","crtl","Stellaria media","Ge1_crtl",2023-05-25,"Caryophyllaceae","Caryophyllales",51.011478,3.685224,"plants","Ad","","Jari Vandendendriessche",1,"10m² quadrat","DIGITAF_BIODIVERSITY_FLEMISH_TREEROWS:OCCURRENCE:plants:10m² quadrat:Ge1:crtl:2023-05-25:111"
"Ge1","crtl","Urtica dioica","Ge1_crtl",2023-05-25,"Urticaceae","Rosales",51.011478,3.685224,"plants","Ad","","Jari Vandendendriessche",75,"10m² quadrat","DIGITAF_BIODIVERSITY_FLEMISH_TREEROWS:OCCURRENCE:plants:10m² quadrat:Ge1:crtl:2023-05-25:112"
"Ge1","tree","Acorus calamus","Ge1_tree",2023-05-25,"Acoraceae","Acorales",51.01141,3.686242,"plants","Ad","","Jari Vandendendriessche",35,"10m² quadrat","DIGITAF_BIODIVERSITY_FLEMISH_TREEROWS:OCCURRENCE:plants:10m² quadrat:Ge1:tree:2023-05-25:113"
"Ge1","tree","Arrhenatherum elatius","Ge1_tree",2023-05-25,"Poaceae","Poales",51.01141,3.686242,"plants","Ad","","Jari Vandendendriessche",45,"10m² quadrat","DIGITAF_BIODIVERSITY_FLEMISH_TREEROWS:OCCURRENCE:plants:10m² quadrat:Ge1:tree:2023-05-25:114"
"Ge1","tree","Equisetum fluviatile","Ge1_tree",2023-05-25,"Equisetaceae","Equisetales",51.01141,3.686242,"plants","Ad","","Jari Vandendendriessche",3,"10m² quadrat","DIGITAF_BIODIVERSITY_FLEMISH_TREEROWS:OCCURRENCE:plants:10m² quadrat:Ge1:tree:2023-05-25:115"
"Ge1","tree","Galium aparine","Ge1_tree",2023-05-25,"Rubiaceae","Gentianales",51.01141,3.686242,"plants","Ad","","Jari Vandendendriessche",3,"10m² quadrat","DIGITAF_BIODIVERSITY_FLEMISH_TREEROWS:OCCURRENCE:plants:10m² quadrat:Ge1:tree:2023-05-25:116"
"Ge1","tree","Iris pseudacorus","Ge1_tree",2023-05-25,"Iridaceae","Asparagales",51.01141,3.686242,"plants","Ad","","Jari Vandendendriessche",3,"10m² quadrat","DIGITAF_BIODIVERSITY_FLEMISH_TREEROWS:OCCURRENCE:plants:10m² quadrat:Ge1:tree:2023-05-25:117"
"Ge1","tree","Phalaris arundinacea","Ge1_tree",2023-05-25,"Poaceae","Poales",51.01141,3.686242,"plants","Ad","","Jari Vandendendriessche",25,"10m² quadrat","DIGITAF_BIODIVERSITY_FLEMISH_TREEROWS:OCCURRENCE:plants:10m² quadrat:Ge1:tree:2023-05-25:118"
"Ge1","tree","Populus x canadensis (P. deltoides x P. nigra)","Ge1_tree",2023-05-25,"Salicaceae","Malpighiales",51.01141,3.686242,"plants","Ad","","Jari Vandendendriessche",95,"10m² quadrat","DIGITAF_BIODIVERSITY_FLEMISH_TREEROWS:OCCURRENCE:plants:10m² quadrat:Ge1:tree:2023-05-25:119"
"Ge1","tree","Ranunculus repens","Ge1_tree",2023-05-25,"Ranunculaceae","Ranunculales",51.01141,3.686242,"plants","Ad","","Jari Vandendendriessche",1,"10m² quadrat","DIGITAF_BIODIVERSITY_FLEMISH_TREEROWS:OCCURRENCE:plants:10m² quadrat:Ge1:tree:2023-05-25:120"
"Ge1","tree","Rubus Sec. Rubus","Ge1_tree",2023-05-25,"Rosaceae","Rosales",51.01141,3.686242,"plants","Ad","","Jari Vandendendriessche",7,"10m² quadrat","DIGITAF_BIODIVERSITY_FLEMISH_TREEROWS:OCCURRENCE:plants:10m² quadrat:Ge1:tree:2023-05-25:121"
"Ge1","tree","Solanum dulcamara","Ge1_tree",2023-05-25,"Solanaceae","Solanales",51.01141,3.686242,"plants","Ad","","Jari Vandendendriessche",1,"10m² quadrat","DIGITAF_BIODIVERSITY_FLEMISH_TREEROWS:OCCURRENCE:plants:10m² quadrat:Ge1:tree:2023-05-25:122"
"Ge1","tree","Urtica dioica","Ge1_tree",2023-05-25,"Urticaceae","Rosales",51.01141,3.686242,"plants","Ad","","Jari Vandendendriessche",7,"10m² quadrat","DIGITAF_BIODIVERSITY_FLEMISH_TREEROWS:OCCURRENCE:plants:10m² quadrat:Ge1:tree:2023-05-25:123"
"Ge1","tree","Vicia sativa","Ge1_tree",2023-05-25,"Fabaceae","Fabales",51.01141,3.686242,"plants","Ad","","Jari Vandendendriessche",1,"10m² quadrat","DIGITAF_BIODIVERSITY_FLEMISH_TREEROWS:OCCURRENCE:plants:10m² quadrat:Ge1:tree:2023-05-25:124"
"Ie","crop","Chenopodium album","Ie_crop",2023-05-27,"Amaranthaceae","Caryophyllales",50.898197,2.833149,"plants","Ad","","Jari Vandendendriessche",1,"10m² quadrat","DIGITAF_BIODIVERSITY_FLEMISH_TREEROWS:OCCURRENCE:plants:10m² quadrat:Ie:crop:2023-05-27:125"
"Ie","crop","Stellaria media","Ie_crop",2023-05-27,"Caryophyllaceae","Caryophyllales",50.898197,2.833149,"plants","Ad","","Jari Vandendendriessche",1,"10m² quadrat","DIGITAF_BIODIVERSITY_FLEMISH_TREEROWS:OCCURRENCE:plants:10m² quadrat:Ie:crop:2023-05-27:126"
"Ie","crop","Tripleurospermum maritimum","Ie_crop",2023-05-27,"Asteraceae","Asterales",50.898197,2.833149,"plants","Ad","","Jari Vandendendriessche",1,"10m² quadrat","DIGITAF_BIODIVERSITY_FLEMISH_TREEROWS:OCCURRENCE:plants:10m² quadrat:Ie:crop:2023-05-27:127"
"Ie","crop","Triticum aestivum","Ie_crop",2023-05-27,"Poaceae","Poales",50.898197,2.833149,"plants","Ad","","Jari Vandendendriessche",95,"10m² quadrat","DIGITAF_BIODIVERSITY_FLEMISH_TREEROWS:OCCURRENCE:plants:10m² quadrat:Ie:crop:2023-05-27:128"
"Ie","crtl","Achillea millefolium","Ie_crtl",2023-05-27,"Asteraceae","Asterales",50.898647,2.833769,"plants","Ad","","Jari Vandendendriessche",7,"10m² quadrat","DIGITAF_BIODIVERSITY_FLEMISH_TREEROWS:OCCURRENCE:plants:10m² quadrat:Ie:crtl:2023-05-27:129"
"Ie","crtl","Anisantha sterilis","Ie_crtl",2023-05-27,"Poaceae","Poales",50.898647,2.833769,"plants","Ad","","Jari Vandendendriessche",45,"10m² quadrat","DIGITAF_BIODIVERSITY_FLEMISH_TREEROWS:OCCURRENCE:plants:10m² quadrat:Ie:crtl:2023-05-27:130"
"Ie","crtl","Arrhenatherum elatius","Ie_crtl",2023-05-27,"Poaceae","Poales",50.898647,2.833769,"plants","Ad","","Jari Vandendendriessche",55,"10m² quadrat","DIGITAF_BIODIVERSITY_FLEMISH_TREEROWS:OCCURRENCE:plants:10m² quadrat:Ie:crtl:2023-05-27:131"
"Ie","crtl","Artemisia vulgaris","Ie_crtl",2023-05-27,"Asteraceae","Asterales",50.898647,2.833769,"plants","Ad","","Jari Vandendendriessche",1,"10m² quadrat","DIGITAF_BIODIVERSITY_FLEMISH_TREEROWS:OCCURRENCE:plants:10m² quadrat:Ie:crtl:2023-05-27:132"
"Ie","crtl","Dactylis glomerata","Ie_crtl",2023-05-27,"Poaceae","Poales",50.898647,2.833769,"plants","Ad","","Jari Vandendendriessche",15,"10m² quadrat","DIGITAF_BIODIVERSITY_FLEMISH_TREEROWS:OCCURRENCE:plants:10m² quadrat:Ie:crtl:2023-05-27:133"
"Ie","crtl","Equisetum arvense","Ie_crtl",2023-05-27,"Equisetaceae","Equisetales",50.898647,2.833769,"plants","Ad","","Jari Vandendendriessche",1,"10m² quadrat","DIGITAF_BIODIVERSITY_FLEMISH_TREEROWS:OCCURRENCE:plants:10m² quadrat:Ie:crtl:2023-05-27:134"
"Ie","crtl","Galium aparine","Ie_crtl",2023-05-27,"Rubiaceae","Gentianales",50.898647,2.833769,"plants","Ad","","Jari Vandendendriessche",3,"10m² quadrat","DIGITAF_BIODIVERSITY_FLEMISH_TREEROWS:OCCURRENCE:plants:10m² quadrat:Ie:crtl:2023-05-27:135"
"Ie","crtl","Geranium molle","Ie_crtl",2023-05-27,"Geraniaceae","Geraniales",50.898647,2.833769,"plants","Ad","","Jari Vandendendriessche",1,"10m² quadrat","DIGITAF_BIODIVERSITY_FLEMISH_TREEROWS:OCCURRENCE:plants:10m² quadrat:Ie:crtl:2023-05-27:136"
"Ie","crtl","Lamium album","Ie_crtl",2023-05-27,"Lamiaceae","Lamiales",50.898647,2.833769,"plants","Ad","","Jari Vandendendriessche",1,"10m² quadrat","DIGITAF_BIODIVERSITY_FLEMISH_TREEROWS:OCCURRENCE:plants:10m² quadrat:Ie:crtl:2023-05-27:137"
"Ie","crtl","Ranunculus repens","Ie_crtl",2023-05-27,"Ranunculaceae","Ranunculales",50.898647,2.833769,"plants","Ad","","Jari Vandendendriessche",1,"10m² quadrat","DIGITAF_BIODIVERSITY_FLEMISH_TREEROWS:OCCURRENCE:plants:10m² quadrat:Ie:crtl:2023-05-27:138"
"Ie","crtl","Raphanus raphanistrum","Ie_crtl",2023-05-27,"Brassicaceae","Brassicales",50.898647,2.833769,"plants","Ad","","Jari Vandendendriessche",1,"10m² quadrat","DIGITAF_BIODIVERSITY_FLEMISH_TREEROWS:OCCURRENCE:plants:10m² quadrat:Ie:crtl:2023-05-27:139"
"Ie","crtl","Rubus Sec. Rubus","Ie_crtl",2023-05-27,"Rosaceae","Rosales",50.898647,2.833769,"plants","Ad","","Jari Vandendendriessche",7,"10m² quadrat","DIGITAF_BIODIVERSITY_FLEMISH_TREEROWS:OCCURRENCE:plants:10m² quadrat:Ie:crtl:2023-05-27:140"
"Ie","crtl","Urtica dioica","Ie_crtl",2023-05-27,"Urticaceae","Rosales",50.898647,2.833769,"plants","Ad","","Jari Vandendendriessche",7,"10m² quadrat","DIGITAF_BIODIVERSITY_FLEMISH_TREEROWS:OCCURRENCE:plants:10m² quadrat:Ie:crtl:2023-05-27:141"
"Ie","crtl","Vicia sativa","Ie_crtl",2023-05-27,"Fabaceae","Fabales",50.898647,2.833769,"plants","Ad","","Jari Vandendendriessche",1,"10m² quadrat","DIGITAF_BIODIVERSITY_FLEMISH_TREEROWS:OCCURRENCE:plants:10m² quadrat:Ie:crtl:2023-05-27:142"
"Ie","tree","Anisantha sterilis","Ie_tree",2023-05-27,"Poaceae","Poales",50.897827,2.834499,"plants","Ad","","Jari Vandendendriessche",45,"10m² quadrat","DIGITAF_BIODIVERSITY_FLEMISH_TREEROWS:OCCURRENCE:plants:10m² quadrat:Ie:tree:2023-05-27:143"
"Ie","tree","Artemisia vulgaris","Ie_tree",2023-05-27,"Asteraceae","Asterales",50.897827,2.834499,"plants","Ad","","Jari Vandendendriessche",7,"10m² quadrat","DIGITAF_BIODIVERSITY_FLEMISH_TREEROWS:OCCURRENCE:plants:10m² quadrat:Ie:tree:2023-05-27:144"
"Ie","tree","Crataegus monogyna","Ie_tree",2023-05-27,"Rosaceae","Rosales",50.897827,2.834499,"plants","Ad","","Jari Vandendendriessche",1,"10m² quadrat","DIGITAF_BIODIVERSITY_FLEMISH_TREEROWS:OCCURRENCE:plants:10m² quadrat:Ie:tree:2023-05-27:145"
"Ie","tree","Galium aparine","Ie_tree",2023-05-27,"Rubiaceae","Gentianales",50.897827,2.834499,"plants","Ad","","Jari Vandendendriessche",45,"10m² quadrat","DIGITAF_BIODIVERSITY_FLEMISH_TREEROWS:OCCURRENCE:plants:10m² quadrat:Ie:tree:2023-05-27:146"
"Ie","tree","Geranium robertianum","Ie_tree",2023-05-27,"Geraniaceae","Geraniales",50.897827,2.834499,"plants","Ad","","Jari Vandendendriessche",3,"10m² quadrat","DIGITAF_BIODIVERSITY_FLEMISH_TREEROWS:OCCURRENCE:plants:10m² quadrat:Ie:tree:2023-05-27:147"
"Ie","tree","Glechoma hederacea","Ie_tree",2023-05-27,"Lamiaceae","Lamiales",50.897827,2.834499,"plants","Ad","","Jari Vandendendriessche",1,"10m² quadrat","DIGITAF_BIODIVERSITY_FLEMISH_TREEROWS:OCCURRENCE:plants:10m² quadrat:Ie:tree:2023-05-27:148"
"Ie","tree","Hedera helix","Ie_tree",2023-05-27,"Araliaceae","Apiales",50.897827,2.834499,"plants","Ad","","Jari Vandendendriessche",3,"10m² quadrat","DIGITAF_BIODIVERSITY_FLEMISH_TREEROWS:OCCURRENCE:plants:10m² quadrat:Ie:tree:2023-05-27:149"
"Ie","tree","Lamium album","Ie_tree",2023-05-27,"Lamiaceae","Lamiales",50.897827,2.834499,"plants","Ad","","Jari Vandendendriessche",3,"10m² quadrat","DIGITAF_BIODIVERSITY_FLEMISH_TREEROWS:OCCURRENCE:plants:10m² quadrat:Ie:tree:2023-05-27:150"
"Ie","tree","Lapsana communis","Ie_tree",2023-05-27,"Asteraceae","Asterales",50.897827,2.834499,"plants","Ad","","Jari Vandendendriessche",1,"10m² quadrat","DIGITAF_BIODIVERSITY_FLEMISH_TREEROWS:OCCURRENCE:plants:10m² quadrat:Ie:tree:2023-05-27:151"
"Ie","tree","Mercurialis annua","Ie_tree",2023-05-27,"Euphorbiaceae","Malpighiales",50.897827,2.834499,"plants","Ad","","Jari Vandendendriessche",1,"10m² quadrat","DIGITAF_BIODIVERSITY_FLEMISH_TREEROWS:OCCURRENCE:plants:10m² quadrat:Ie:tree:2023-05-27:152"
"Ie","tree","Poa trivialis","Ie_tree",2023-05-27,"Poaceae","Poales",50.897827,2.834499,"plants","Ad","","Jari Vandendendriessche",7,"10m² quadrat","DIGITAF_BIODIVERSITY_FLEMISH_TREEROWS:OCCURRENCE:plants:10m² quadrat:Ie:tree:2023-05-27:153"
"Ie","tree","Populus x canadensis (P. deltoides x P. nigra)","Ie_tree",2023-05-27,"Salicaceae","Malpighiales",50.897827,2.834499,"plants","Ad","","Jari Vandendendriessche",95,"10m² quadrat","DIGITAF_BIODIVERSITY_FLEMISH_TREEROWS:OCCURRENCE:plants:10m² quadrat:Ie:tree:2023-05-27:154"
"Ie","tree","Raphanus raphanistrum","Ie_tree",2023-05-27,"Brassicaceae","Brassicales",50.897827,2.834499,"plants","Ad","","Jari Vandendendriessche",1,"10m² quadrat","DIGITAF_BIODIVERSITY_FLEMISH_TREEROWS:OCCURRENCE:plants:10m² quadrat:Ie:tree:2023-05-27:155"
"Ie","tree","Sambucus nigra","Ie_tree",2023-05-27,"Viburnaceae","Dipsacales",50.897827,2.834499,"plants","Ad","","Jari Vandendendriessche",55,"10m² quadrat","DIGITAF_BIODIVERSITY_FLEMISH_TREEROWS:OCCURRENCE:plants:10m² quadrat:Ie:tree:2023-05-27:156"
"Ie","tree","Sisymbrium officinale","Ie_tree",2023-05-27,"Brassicaceae","Brassicales",50.897827,2.834499,"plants","Ad","","Jari Vandendendriessche",1,"10m² quadrat","DIGITAF_BIODIVERSITY_FLEMISH_TREEROWS:OCCURRENCE:plants:10m² quadrat:Ie:tree:2023-05-27:157"
"Ie","tree","Solanum tuberosum","Ie_tree",2023-05-27,"Solanaceae","Solanales",50.897827,2.834499,"plants","Ad","","Jari Vandendendriessche",3,"10m² quadrat","DIGITAF_BIODIVERSITY_FLEMISH_TREEROWS:OCCURRENCE:plants:10m² quadrat:Ie:tree:2023-05-27:158"
"Ie","tree","Sonchus oleraceus","Ie_tree",2023-05-27,"Asteraceae","Asterales",50.897827,2.834499,"plants","Ad","","Jari Vandendendriessche",1,"10m² quadrat","DIGITAF_BIODIVERSITY_FLEMISH_TREEROWS:OCCURRENCE:plants:10m² quadrat:Ie:tree:2023-05-27:159"
"Ie","tree","Stellaria media","Ie_tree",2023-05-27,"Caryophyllaceae","Caryophyllales",50.897827,2.834499,"plants","Ad","","Jari Vandendendriessche",1,"10m² quadrat","DIGITAF_BIODIVERSITY_FLEMISH_TREEROWS:OCCURRENCE:plants:10m² quadrat:Ie:tree:2023-05-27:160"
"Ie","tree","Taraxacum officinale s.l. (incl. all sec.)","Ie_tree",2023-05-27,"Asteraceae","Asterales",50.897827,2.834499,"plants","Ad","","Jari Vandendendriessche",3,"10m² quadrat","DIGITAF_BIODIVERSITY_FLEMISH_TREEROWS:OCCURRENCE:plants:10m² quadrat:Ie:tree:2023-05-27:161"
"Ie","tree","Urtica dioica","Ie_tree",2023-05-27,"Urticaceae","Rosales",50.897827,2.834499,"plants","Ad","","Jari Vandendendriessche",7,"10m² quadrat","DIGITAF_BIODIVERSITY_FLEMISH_TREEROWS:OCCURRENCE:plants:10m² quadrat:Ie:tree:2023-05-27:162"
"Ie1","crtl","Apium graveolens","Ie1_crtl",2023-05-27,"Apiaceae","Apiales",50.869884,2.80778,"plants","Ad","","Jari Vandendendriessche",3,"10m² quadrat","DIGITAF_BIODIVERSITY_FLEMISH_TREEROWS:OCCURRENCE:plants:10m² quadrat:Ie1:crtl:2023-05-27:163"
"Ie1","crtl","Capsella bursa-pastoris","Ie1_crtl",2023-05-27,"Brassicaceae","Brassicales",50.869884,2.80778,"plants","Ad","","Jari Vandendendriessche",15,"10m² quadrat","DIGITAF_BIODIVERSITY_FLEMISH_TREEROWS:OCCURRENCE:plants:10m² quadrat:Ie1:crtl:2023-05-27:164"
"Ie1","crtl","Chenopodium album","Ie1_crtl",2023-05-27,"Amaranthaceae","Caryophyllales",50.869884,2.80778,"plants","Ad","","Jari Vandendendriessche",1,"10m² quadrat","DIGITAF_BIODIVERSITY_FLEMISH_TREEROWS:OCCURRENCE:plants:10m² quadrat:Ie1:crtl:2023-05-27:165"
"Ie1","crtl","Convolvulus sepium","Ie1_crtl",2023-05-27,"Convolvulaceae","Solanales",50.869884,2.80778,"plants","Ad","","Jari Vandendendriessche",1,"10m² quadrat","DIGITAF_BIODIVERSITY_FLEMISH_TREEROWS:OCCURRENCE:plants:10m² quadrat:Ie1:crtl:2023-05-27:166"
"Ie1","crtl","Crepis capillaris","Ie1_crtl",2023-05-27,"Asteraceae","Asterales",50.869884,2.80778,"plants","Ad","","Jari Vandendendriessche",15,"10m² quadrat","DIGITAF_BIODIVERSITY_FLEMISH_TREEROWS:OCCURRENCE:plants:10m² quadrat:Ie1:crtl:2023-05-27:167"
"Ie1","crtl","Equisetum arvense","Ie1_crtl",2023-05-27,"Equisetaceae","Equisetales",50.869884,2.80778,"plants","Ad","","Jari Vandendendriessche",3,"10m² quadrat","DIGITAF_BIODIVERSITY_FLEMISH_TREEROWS:OCCURRENCE:plants:10m² quadrat:Ie1:crtl:2023-05-27:168"
"Ie1","crtl","Erigeron canadensis","Ie1_crtl",2023-05-27,"Asteraceae","Asterales",50.869884,2.80778,"plants","Ad","","Jari Vandendendriessche",1,"10m² quadrat","DIGITAF_BIODIVERSITY_FLEMISH_TREEROWS:OCCURRENCE:plants:10m² quadrat:Ie1:crtl:2023-05-27:169"
"Ie1","crtl","Geranium molle","Ie1_crtl",2023-05-27,"Geraniaceae","Geraniales",50.869884,2.80778,"plants","Ad","","Jari Vandendendriessche",45,"10m² quadrat","DIGITAF_BIODIVERSITY_FLEMISH_TREEROWS:OCCURRENCE:plants:10m² quadrat:Ie1:crtl:2023-05-27:170"
"Ie1","crtl","Hordeum vulgare","Ie1_crtl",2023-05-27,"Poaceae","Poales",50.869884,2.80778,"plants","Ad","","Jari Vandendendriessche",15,"10m² quadrat","DIGITAF_BIODIVERSITY_FLEMISH_TREEROWS:OCCURRENCE:plants:10m² quadrat:Ie1:crtl:2023-05-27:171"
"Ie1","crtl","Poa annua","Ie1_crtl",2023-05-27,"Poaceae","Poales",50.869884,2.80778,"plants","Ad","","Jari Vandendendriessche",55,"10m² quadrat","DIGITAF_BIODIVERSITY_FLEMISH_TREEROWS:OCCURRENCE:plants:10m² quadrat:Ie1:crtl:2023-05-27:172"
"Ie1","crtl","Sonchus oleraceus","Ie1_crtl",2023-05-27,"Asteraceae","Asterales",50.869884,2.80778,"plants","Ad","","Jari Vandendendriessche",1,"10m² quadrat","DIGITAF_BIODIVERSITY_FLEMISH_TREEROWS:OCCURRENCE:plants:10m² quadrat:Ie1:crtl:2023-05-27:173"
"Ie1","crtl","Stellaria media","Ie1_crtl",2023-05-27,"Caryophyllaceae","Caryophyllales",50.869884,2.80778,"plants","Ad","","Jari Vandendendriessche",7,"10m² quadrat","DIGITAF_BIODIVERSITY_FLEMISH_TREEROWS:OCCURRENCE:plants:10m² quadrat:Ie1:crtl:2023-05-27:174"
"Ie1","crtl","Tripleurospermum maritimum","Ie1_crtl",2023-05-27,"Asteraceae","Asterales",50.869884,2.80778,"plants","Ad","","Jari Vandendendriessche",3,"10m² quadrat","DIGITAF_BIODIVERSITY_FLEMISH_TREEROWS:OCCURRENCE:plants:10m² quadrat:Ie1:crtl:2023-05-27:175"
"Ie1","crtl","Veronica persica","Ie1_crtl",2023-05-27,"Plantaginaceae","Lamiales",50.869884,2.80778,"plants","Ad","","Jari Vandendendriessche",3,"10m² quadrat","DIGITAF_BIODIVERSITY_FLEMISH_TREEROWS:OCCURRENCE:plants:10m² quadrat:Ie1:crtl:2023-05-27:176"
"Ie1","tree","Apium graveolens","Ie1_tree",2023-05-27,"Apiaceae","Apiales",50.868481,2.808143,"plants","Ad","","Jari Vandendendriessche",1,"10m² quadrat","DIGITAF_BIODIVERSITY_FLEMISH_TREEROWS:OCCURRENCE:plants:10m² quadrat:Ie1:tree:2023-05-27:177"
"Ie1","tree","Cerastium glomeratum","Ie1_tree",2023-05-27,"Caryophyllaceae","Caryophyllales",50.868481,2.808143,"plants","Ad","","Jari Vandendendriessche",1,"10m² quadrat","DIGITAF_BIODIVERSITY_FLEMISH_TREEROWS:OCCURRENCE:plants:10m² quadrat:Ie1:tree:2023-05-27:178"
"Ie1","tree","Cirsium arvense","Ie1_tree",2023-05-27,"Asteraceae","Asterales",50.868481,2.808143,"plants","Ad","","Jari Vandendendriessche",35,"10m² quadrat","DIGITAF_BIODIVERSITY_FLEMISH_TREEROWS:OCCURRENCE:plants:10m² quadrat:Ie1:tree:2023-05-27:179"
"Ie1","tree","Convolvulus sepium","Ie1_tree",2023-05-27,"Convolvulaceae","Solanales",50.868481,2.808143,"plants","Ad","","Jari Vandendendriessche",7,"10m² quadrat","DIGITAF_BIODIVERSITY_FLEMISH_TREEROWS:OCCURRENCE:plants:10m² quadrat:Ie1:tree:2023-05-27:180"
"Ie1","tree","Crataegus monogyna","Ie1_tree",2023-05-27,"Rosaceae","Rosales",50.868481,2.808143,"plants","Ad","","Jari Vandendendriessche",25,"10m² quadrat","DIGITAF_BIODIVERSITY_FLEMISH_TREEROWS:OCCURRENCE:plants:10m² quadrat:Ie1:tree:2023-05-27:181"
"Ie1","tree","Galium aparine","Ie1_tree",2023-05-27,"Rubiaceae","Gentianales",50.868481,2.808143,"plants","Ad","","Jari Vandendendriessche",7,"10m² quadrat","DIGITAF_BIODIVERSITY_FLEMISH_TREEROWS:OCCURRENCE:plants:10m² quadrat:Ie1:tree:2023-05-27:182"
"Ie1","tree","Geranium molle","Ie1_tree",2023-05-27,"Geraniaceae","Geraniales",50.868481,2.808143,"plants","Ad","","Jari Vandendendriessche",3,"10m² quadrat","DIGITAF_BIODIVERSITY_FLEMISH_TREEROWS:OCCURRENCE:plants:10m² quadrat:Ie1:tree:2023-05-27:183"
"Ie1","tree","Poa trivialis","Ie1_tree",2023-05-27,"Poaceae","Poales",50.868481,2.808143,"plants","Ad","","Jari Vandendendriessche",25,"10m² quadrat","DIGITAF_BIODIVERSITY_FLEMISH_TREEROWS:OCCURRENCE:plants:10m² quadrat:Ie1:tree:2023-05-27:184"
"Ie1","tree","Populus x canadensis (P. deltoides x P. nigra)","Ie1_tree",2023-05-27,"Salicaceae","Malpighiales",50.868481,2.808143,"plants","Ad","","Jari Vandendendriessche",55,"10m² quadrat","DIGITAF_BIODIVERSITY_FLEMISH_TREEROWS:OCCURRENCE:plants:10m² quadrat:Ie1:tree:2023-05-27:185"
"Ie1","tree","Sonchus oleraceus","Ie1_tree",2023-05-27,"Asteraceae","Asterales",50.868481,2.808143,"plants","Ad","","Jari Vandendendriessche",25,"10m² quadrat","DIGITAF_BIODIVERSITY_FLEMISH_TREEROWS:OCCURRENCE:plants:10m² quadrat:Ie1:tree:2023-05-27:186"
"Ie1","tree","Trifolium repens","Ie1_tree",2023-05-27,"Fabaceae","Fabales",50.868481,2.808143,"plants","Ad","","Jari Vandendendriessche",1,"10m² quadrat","DIGITAF_BIODIVERSITY_FLEMISH_TREEROWS:OCCURRENCE:plants:10m² quadrat:Ie1:tree:2023-05-27:187"
"Ie2","crtl","Achillea millefolium","Ie2_crtl",2023-05-27,"Asteraceae","Asterales",50.894154,2.837079,"plants","Ad","","Jari Vandendendriessche",7,"10m² quadrat","DIGITAF_BIODIVERSITY_FLEMISH_TREEROWS:OCCURRENCE:plants:10m² quadrat:Ie2:crtl:2023-05-27:188"
"Ie2","crtl","Arrhenatherum elatius","Ie2_crtl",2023-05-27,"Poaceae","Poales",50.894154,2.837079,"plants","Ad","","Jari Vandendendriessche",65,"10m² quadrat","DIGITAF_BIODIVERSITY_FLEMISH_TREEROWS:OCCURRENCE:plants:10m² quadrat:Ie2:crtl:2023-05-27:189"
"Ie2","crtl","Dactylis glomerata","Ie2_crtl",2023-05-27,"Poaceae","Poales",50.894154,2.837079,"plants","Ad","","Jari Vandendendriessche",25,"10m² quadrat","DIGITAF_BIODIVERSITY_FLEMISH_TREEROWS:OCCURRENCE:plants:10m² quadrat:Ie2:crtl:2023-05-27:190"
"Ie2","crtl","Galium aparine","Ie2_crtl",2023-05-27,"Rubiaceae","Gentianales",50.894154,2.837079,"plants","Ad","","Jari Vandendendriessche",1,"10m² quadrat","DIGITAF_BIODIVERSITY_FLEMISH_TREEROWS:OCCURRENCE:plants:10m² quadrat:Ie2:crtl:2023-05-27:191"
"Ie2","crtl","Geranium dissectum","Ie2_crtl",2023-05-27,"Geraniaceae","Geraniales",50.894154,2.837079,"plants","Ad","","Jari Vandendendriessche",3,"10m² quadrat","DIGITAF_BIODIVERSITY_FLEMISH_TREEROWS:OCCURRENCE:plants:10m² quadrat:Ie2:crtl:2023-05-27:192"
"Ie2","crtl","Geranium molle","Ie2_crtl",2023-05-27,"Geraniaceae","Geraniales",50.894154,2.837079,"plants","Ad","","Jari Vandendendriessche",7,"10m² quadrat","DIGITAF_BIODIVERSITY_FLEMISH_TREEROWS:OCCURRENCE:plants:10m² quadrat:Ie2:crtl:2023-05-27:193"
"Ie2","crtl","Glechoma hederacea","Ie2_crtl",2023-05-27,"Lamiaceae","Lamiales",50.894154,2.837079,"plants","Ad","","Jari Vandendendriessche",1,"10m² quadrat","DIGITAF_BIODIVERSITY_FLEMISH_TREEROWS:OCCURRENCE:plants:10m² quadrat:Ie2:crtl:2023-05-27:194"
"Ie2","crtl","Persicaria amphibia","Ie2_crtl",2023-05-27,"Polygonaceae","Caryophyllales",50.894154,2.837079,"plants","Ad","","Jari Vandendendriessche",3,"10m² quadrat","DIGITAF_BIODIVERSITY_FLEMISH_TREEROWS:OCCURRENCE:plants:10m² quadrat:Ie2:crtl:2023-05-27:195"
"Ie2","crtl","Phalaris arundinacea","Ie2_crtl",2023-05-27,"Poaceae","Poales",50.894154,2.837079,"plants","Ad","","Jari Vandendendriessche",7,"10m² quadrat","DIGITAF_BIODIVERSITY_FLEMISH_TREEROWS:OCCURRENCE:plants:10m² quadrat:Ie2:crtl:2023-05-27:196"
"Ie2","crtl","Rubus Sec. Rubus","Ie2_crtl",2023-05-27,"Rosaceae","Rosales",50.894154,2.837079,"plants","Ad","","Jari Vandendendriessche",3,"10m² quadrat","DIGITAF_BIODIVERSITY_FLEMISH_TREEROWS:OCCURRENCE:plants:10m² quadrat:Ie2:crtl:2023-05-27:197"
"Ie2","crtl","Solanum tuberosum","Ie2_crtl",2023-05-27,"Solanaceae","Solanales",50.894154,2.837079,"plants","Ad","","Jari Vandendendriessche",3,"10m² quadrat","DIGITAF_BIODIVERSITY_FLEMISH_TREEROWS:OCCURRENCE:plants:10m² quadrat:Ie2:crtl:2023-05-27:198"
"Ie2","crtl","Urtica dioica","Ie2_crtl",2023-05-27,"Urticaceae","Rosales",50.894154,2.837079,"plants","Ad","","Jari Vandendendriessche",15,"10m² quadrat","DIGITAF_BIODIVERSITY_FLEMISH_TREEROWS:OCCURRENCE:plants:10m² quadrat:Ie2:crtl:2023-05-27:199"
"Ie2","crtl","Veronica persica","Ie2_crtl",2023-05-27,"Plantaginaceae","Lamiales",50.894154,2.837079,"plants","Ad","","Jari Vandendendriessche",1,"10m² quadrat","DIGITAF_BIODIVERSITY_FLEMISH_TREEROWS:OCCURRENCE:plants:10m² quadrat:Ie2:crtl:2023-05-27:200"
"Ie2","crtl","Vicia sativa","Ie2_crtl",2023-05-27,"Fabaceae","Fabales",50.894154,2.837079,"plants","Ad","","Jari Vandendendriessche",3,"10m² quadrat","DIGITAF_BIODIVERSITY_FLEMISH_TREEROWS:OCCURRENCE:plants:10m² quadrat:Ie2:crtl:2023-05-27:201"
"Ie2","tree","Achillea millefolium","Ie2_tree",2023-05-27,"Asteraceae","Asterales",50.892433,2.838647,"plants","Ad","","Jari Vandendendriessche",1,"10m² quadrat","DIGITAF_BIODIVERSITY_FLEMISH_TREEROWS:OCCURRENCE:plants:10m² quadrat:Ie2:tree:2023-05-27:202"
"Ie2","tree","Anisantha sterilis","Ie2_tree",2023-05-27,"Poaceae","Poales",50.892433,2.838647,"plants","Ad","","Jari Vandendendriessche",15,"10m² quadrat","DIGITAF_BIODIVERSITY_FLEMISH_TREEROWS:OCCURRENCE:plants:10m² quadrat:Ie2:tree:2023-05-27:203"
"Ie2","tree","Arrhenatherum elatius","Ie2_tree",2023-05-27,"Poaceae","Poales",50.892433,2.838647,"plants","Ad","","Jari Vandendendriessche",45,"10m² quadrat","DIGITAF_BIODIVERSITY_FLEMISH_TREEROWS:OCCURRENCE:plants:10m² quadrat:Ie2:tree:2023-05-27:204"
"Ie2","tree","Artemisia vulgaris","Ie2_tree",2023-05-27,"Asteraceae","Asterales",50.892433,2.838647,"plants","Ad","","Jari Vandendendriessche",1,"10m² quadrat","DIGITAF_BIODIVERSITY_FLEMISH_TREEROWS:OCCURRENCE:plants:10m² quadrat:Ie2:tree:2023-05-27:205"
"Ie2","tree","Bromus hordeaceus","Ie2_tree",2023-05-27,"Poaceae","Poales",50.892433,2.838647,"plants","Ad","","Jari Vandendendriessche",1,"10m² quadrat","DIGITAF_BIODIVERSITY_FLEMISH_TREEROWS:OCCURRENCE:plants:10m² quadrat:Ie2:tree:2023-05-27:206"
"Ie2","tree","Cerastium fontanum","Ie2_tree",2023-05-27,"Caryophyllaceae","Caryophyllales",50.892433,2.838647,"plants","Ad","","Jari Vandendendriessche",1,"10m² quadrat","DIGITAF_BIODIVERSITY_FLEMISH_TREEROWS:OCCURRENCE:plants:10m² quadrat:Ie2:tree:2023-05-27:207"
"Ie2","tree","Convolvulus sepium","Ie2_tree",2023-05-27,"Convolvulaceae","Solanales",50.892433,2.838647,"plants","Ad","","Jari Vandendendriessche",1,"10m² quadrat","DIGITAF_BIODIVERSITY_FLEMISH_TREEROWS:OCCURRENCE:plants:10m² quadrat:Ie2:tree:2023-05-27:208"
"Ie2","tree","Crataegus monogyna","Ie2_tree",2023-05-27,"Rosaceae","Rosales",50.892433,2.838647,"plants","Ad","","Jari Vandendendriessche",1,"10m² quadrat","DIGITAF_BIODIVERSITY_FLEMISH_TREEROWS:OCCURRENCE:plants:10m² quadrat:Ie2:tree:2023-05-27:209"
"Ie2","tree","Crepis capillaris","Ie2_tree",2023-05-27,"Asteraceae","Asterales",50.892433,2.838647,"plants","Ad","","Jari Vandendendriessche",1,"10m² quadrat","DIGITAF_BIODIVERSITY_FLEMISH_TREEROWS:OCCURRENCE:plants:10m² quadrat:Ie2:tree:2023-05-27:210"
"Ie2","tree","Dactylis glomerata","Ie2_tree",2023-05-27,"Poaceae","Poales",50.892433,2.838647,"plants","Ad","","Jari Vandendendriessche",7,"10m² quadrat","DIGITAF_BIODIVERSITY_FLEMISH_TREEROWS:OCCURRENCE:plants:10m² quadrat:Ie2:tree:2023-05-27:211"
"Ie2","tree","Equisetum arvense","Ie2_tree",2023-05-27,"Equisetaceae","Equisetales",50.892433,2.838647,"plants","Ad","","Jari Vandendendriessche",3,"10m² quadrat","DIGITAF_BIODIVERSITY_FLEMISH_TREEROWS:OCCURRENCE:plants:10m² quadrat:Ie2:tree:2023-05-27:212"
"Ie2","tree","Galium aparine","Ie2_tree",2023-05-27,"Rubiaceae","Gentianales",50.892433,2.838647,"plants","Ad","","Jari Vandendendriessche",1,"10m² quadrat","DIGITAF_BIODIVERSITY_FLEMISH_TREEROWS:OCCURRENCE:plants:10m² quadrat:Ie2:tree:2023-05-27:213"
"Ie2","tree","Geranium molle","Ie2_tree",2023-05-27,"Geraniaceae","Geraniales",50.892433,2.838647,"plants","Ad","","Jari Vandendendriessche",1,"10m² quadrat","DIGITAF_BIODIVERSITY_FLEMISH_TREEROWS:OCCURRENCE:plants:10m² quadrat:Ie2:tree:2023-05-27:214"
"Ie2","tree","Glechoma hederacea","Ie2_tree",2023-05-27,"Lamiaceae","Lamiales",50.892433,2.838647,"plants","Ad","","Jari Vandendendriessche",7,"10m² quadrat","DIGITAF_BIODIVERSITY_FLEMISH_TREEROWS:OCCURRENCE:plants:10m² quadrat:Ie2:tree:2023-05-27:215"
"Ie2","tree","Heracleum sphondylium","Ie2_tree",2023-05-27,"Apiaceae","Apiales",50.892433,2.838647,"plants","Ad","","Jari Vandendendriessche",3,"10m² quadrat","DIGITAF_BIODIVERSITY_FLEMISH_TREEROWS:OCCURRENCE:plants:10m² quadrat:Ie2:tree:2023-05-27:216"
"Ie2","tree","Lapsana communis","Ie2_tree",2023-05-27,"Asteraceae","Asterales",50.892433,2.838647,"plants","Ad","","Jari Vandendendriessche",15,"10m² quadrat","DIGITAF_BIODIVERSITY_FLEMISH_TREEROWS:OCCURRENCE:plants:10m² quadrat:Ie2:tree:2023-05-27:217"
"Ie2","tree","Poa trivialis","Ie2_tree",2023-05-27,"Poaceae","Poales",50.892433,2.838647,"plants","Ad","","Jari Vandendendriessche",7,"10m² quadrat","DIGITAF_BIODIVERSITY_FLEMISH_TREEROWS:OCCURRENCE:plants:10m² quadrat:Ie2:tree:2023-05-27:218"
"Ie2","tree","Ranunculus acris","Ie2_tree",2023-05-27,"Ranunculaceae","Ranunculales",50.892433,2.838647,"plants","Ad","","Jari Vandendendriessche",3,"10m² quadrat","DIGITAF_BIODIVERSITY_FLEMISH_TREEROWS:OCCURRENCE:plants:10m² quadrat:Ie2:tree:2023-05-27:219"
"Ie2","tree","Rubus Sec. Rubus","Ie2_tree",2023-05-27,"Rosaceae","Rosales",50.892433,2.838647,"plants","Ad","","Jari Vandendendriessche",7,"10m² quadrat","DIGITAF_BIODIVERSITY_FLEMISH_TREEROWS:OCCURRENCE:plants:10m² quadrat:Ie2:tree:2023-05-27:220"
"Ie2","tree","Sonchus asper","Ie2_tree",2023-05-27,"Asteraceae","Asterales",50.892433,2.838647,"plants","Ad","","Jari Vandendendriessche",1,"10m² quadrat","DIGITAF_BIODIVERSITY_FLEMISH_TREEROWS:OCCURRENCE:plants:10m² quadrat:Ie2:tree:2023-05-27:221"
"Ie2","tree","Stellaria holostea","Ie2_tree",2023-05-27,"Caryophyllaceae","Caryophyllales",50.892433,2.838647,"plants","Ad","","Jari Vandendendriessche",15,"10m² quadrat","DIGITAF_BIODIVERSITY_FLEMISH_TREEROWS:OCCURRENCE:plants:10m² quadrat:Ie2:tree:2023-05-27:222"
"Ie2","tree","Stellaria media","Ie2_tree",2023-05-27,"Caryophyllaceae","Caryophyllales",50.892433,2.838647,"plants","Ad","","Jari Vandendendriessche",1,"10m² quadrat","DIGITAF_BIODIVERSITY_FLEMISH_TREEROWS:OCCURRENCE:plants:10m² quadrat:Ie2:tree:2023-05-27:223"
"Ie2","tree","Urtica dioica","Ie2_tree",2023-05-27,"Urticaceae","Rosales",50.892433,2.838647,"plants","Ad","","Jari Vandendendriessche",1,"10m² quadrat","DIGITAF_BIODIVERSITY_FLEMISH_TREEROWS:OCCURRENCE:plants:10m² quadrat:Ie2:tree:2023-05-27:224"
"Ie2","tree","Vicia sativa","Ie2_tree",2023-05-27,"Fabaceae","Fabales",50.892433,2.838647,"plants","Ad","","Jari Vandendendriessche",15,"10m² quadrat","DIGITAF_BIODIVERSITY_FLEMISH_TREEROWS:OCCURRENCE:plants:10m² quadrat:Ie2:tree:2023-05-27:225"
"L1","crtl","Anisantha sterilis","L1_crtl",2023-06-10,"Poaceae","Poales",50.818477,4.672386,"plants","Ad","","Jari Vandendendriessche",15,"10m² quadrat","DIGITAF_BIODIVERSITY_FLEMISH_TREEROWS:OCCURRENCE:plants:10m² quadrat:L1:crtl:2023-06-10:226"
"L1","crtl","Arrhenatherum elatius","L1_crtl",2023-06-10,"Poaceae","Poales",50.818477,4.672386,"plants","Ad","","Jari Vandendendriessche",65,"10m² quadrat","DIGITAF_BIODIVERSITY_FLEMISH_TREEROWS:OCCURRENCE:plants:10m² quadrat:L1:crtl:2023-06-10:227"
"L1","crtl","Artemisia vulgaris","L1_crtl",2023-06-10,"Asteraceae","Asterales",50.818477,4.672386,"plants","Ad","","Jari Vandendendriessche",7,"10m² quadrat","DIGITAF_BIODIVERSITY_FLEMISH_TREEROWS:OCCURRENCE:plants:10m² quadrat:L1:crtl:2023-06-10:228"
"L1","crtl","Bromus hordeaceus","L1_crtl",2023-06-10,"Poaceae","Poales",50.818477,4.672386,"plants","Ad","","Jari Vandendendriessche",7,"10m² quadrat","DIGITAF_BIODIVERSITY_FLEMISH_TREEROWS:OCCURRENCE:plants:10m² quadrat:L1:crtl:2023-06-10:229"
"L1","crtl","Campanula rapunculus","L1_crtl",2023-06-10,"Campanulaceae","Asterales",50.818477,4.672386,"plants","Ad","","Jari Vandendendriessche",1,"10m² quadrat","DIGITAF_BIODIVERSITY_FLEMISH_TREEROWS:OCCURRENCE:plants:10m² quadrat:L1:crtl:2023-06-10:230"
"L1","crtl","Dactylis glomerata","L1_crtl",2023-06-10,"Poaceae","Poales",50.818477,4.672386,"plants","Ad","","Jari Vandendendriessche",7,"10m² quadrat","DIGITAF_BIODIVERSITY_FLEMISH_TREEROWS:OCCURRENCE:plants:10m² quadrat:L1:crtl:2023-06-10:231"
"L1","crtl","Holcus lanatus","L1_crtl",2023-06-10,"Poaceae","Poales",50.818477,4.672386,"plants","Ad","","Jari Vandendendriessche",7,"10m² quadrat","DIGITAF_BIODIVERSITY_FLEMISH_TREEROWS:OCCURRENCE:plants:10m² quadrat:L1:crtl:2023-06-10:232"
"L1","crtl","Poa trivialis","L1_crtl",2023-06-10,"Poaceae","Poales",50.818477,4.672386,"plants","Ad","","Jari Vandendendriessche",15,"10m² quadrat","DIGITAF_BIODIVERSITY_FLEMISH_TREEROWS:OCCURRENCE:plants:10m² quadrat:L1:crtl:2023-06-10:233"
"L1","crtl","Rubus Sec. Rubus","L1_crtl",2023-06-10,"Rosaceae","Rosales",50.818477,4.672386,"plants","Ad","","Jari Vandendendriessche",7,"10m² quadrat","DIGITAF_BIODIVERSITY_FLEMISH_TREEROWS:OCCURRENCE:plants:10m² quadrat:L1:crtl:2023-06-10:234"
"L1","crtl","Stellaria holostea","L1_crtl",2023-06-10,"Caryophyllaceae","Caryophyllales",50.818477,4.672386,"plants","Ad","","Jari Vandendendriessche",1,"10m² quadrat","DIGITAF_BIODIVERSITY_FLEMISH_TREEROWS:OCCURRENCE:plants:10m² quadrat:L1:crtl:2023-06-10:235"
"L1","crtl","Urtica dioica","L1_crtl",2023-06-10,"Urticaceae","Rosales",50.818477,4.672386,"plants","Ad","","Jari Vandendendriessche",25,"10m² quadrat","DIGITAF_BIODIVERSITY_FLEMISH_TREEROWS:OCCURRENCE:plants:10m² quadrat:L1:crtl:2023-06-10:236"
"L1","crtl","Vicia sativa","L1_crtl",2023-06-10,"Fabaceae","Fabales",50.818477,4.672386,"plants","Ad","","Jari Vandendendriessche",1,"10m² quadrat","DIGITAF_BIODIVERSITY_FLEMISH_TREEROWS:OCCURRENCE:plants:10m² quadrat:L1:crtl:2023-06-10:237"
"L1","tree","Acer campestre","L1_tree",2023-06-10,"Sapindaceae","Sapindales",50.819168,4.673106,"plants","Ad","","Jari Vandendendriessche",1,"10m² quadrat","DIGITAF_BIODIVERSITY_FLEMISH_TREEROWS:OCCURRENCE:plants:10m² quadrat:L1:tree:2023-06-10:238"
"L1","tree","Arrhenatherum elatius","L1_tree",2023-06-10,"Poaceae","Poales",50.819168,4.673106,"plants","Ad","","Jari Vandendendriessche",45,"10m² quadrat","DIGITAF_BIODIVERSITY_FLEMISH_TREEROWS:OCCURRENCE:plants:10m² quadrat:L1:tree:2023-06-10:239"
"L1","tree","Artemisia vulgaris","L1_tree",2023-06-10,"Asteraceae","Asterales",50.819168,4.673106,"plants","Ad","","Jari Vandendendriessche",1,"10m² quadrat","DIGITAF_BIODIVERSITY_FLEMISH_TREEROWS:OCCURRENCE:plants:10m² quadrat:L1:tree:2023-06-10:240"
"L1","tree","Corylus avellana","L1_tree",2023-06-10,"Betulaceae","Fagales",50.819168,4.673106,"plants","Ad","","Jari Vandendendriessche",3,"10m² quadrat","DIGITAF_BIODIVERSITY_FLEMISH_TREEROWS:OCCURRENCE:plants:10m² quadrat:L1:tree:2023-06-10:241"
"L1","tree","Daucus carota","L1_tree",2023-06-10,"Apiaceae","Apiales",50.819168,4.673106,"plants","Ad","","Jari Vandendendriessche",1,"10m² quadrat","DIGITAF_BIODIVERSITY_FLEMISH_TREEROWS:OCCURRENCE:plants:10m² quadrat:L1:tree:2023-06-10:242"
"L1","tree","Dryopteris filix-mas","L1_tree",2023-06-10,"Dryopteridaceae","Polypodiales",50.819168,4.673106,"plants","Ad","","Jari Vandendendriessche",3,"10m² quadrat","DIGITAF_BIODIVERSITY_FLEMISH_TREEROWS:OCCURRENCE:plants:10m² quadrat:L1:tree:2023-06-10:243"
"L1","tree","Hedera helix","L1_tree",2023-06-10,"Araliaceae","Apiales",50.819168,4.673106,"plants","Ad","","Jari Vandendendriessche",1,"10m² quadrat","DIGITAF_BIODIVERSITY_FLEMISH_TREEROWS:OCCURRENCE:plants:10m² quadrat:L1:tree:2023-06-10:244"
"L1","tree","Holcus lanatus","L1_tree",2023-06-10,"Poaceae","Poales",50.819168,4.673106,"plants","Ad","","Jari Vandendendriessche",1,"10m² quadrat","DIGITAF_BIODIVERSITY_FLEMISH_TREEROWS:OCCURRENCE:plants:10m² quadrat:L1:tree:2023-06-10:245"
"L1","tree","Myosotis arvensis","L1_tree",2023-06-10,"Boraginaceae","Boraginales",50.819168,4.673106,"plants","Ad","","Jari Vandendendriessche",1,"10m² quadrat","DIGITAF_BIODIVERSITY_FLEMISH_TREEROWS:OCCURRENCE:plants:10m² quadrat:L1:tree:2023-06-10:246"
"L1","tree","Poa trivialis","L1_tree",2023-06-10,"Poaceae","Poales",50.819168,4.673106,"plants","Ad","","Jari Vandendendriessche",7,"10m² quadrat","DIGITAF_BIODIVERSITY_FLEMISH_TREEROWS:OCCURRENCE:plants:10m² quadrat:L1:tree:2023-06-10:247"
"L1","tree","Prunus serotina","L1_tree",2023-06-10,"Rosaceae","Rosales",50.819168,4.673106,"plants","Ad","","Jari Vandendendriessche",1,"10m² quadrat","DIGITAF_BIODIVERSITY_FLEMISH_TREEROWS:OCCURRENCE:plants:10m² quadrat:L1:tree:2023-06-10:248"
"L1","tree","Prunus spinosa","L1_tree",2023-06-10,"Rosaceae","Rosales",50.819168,4.673106,"plants","Ad","","Jari Vandendendriessche",55,"10m² quadrat","DIGITAF_BIODIVERSITY_FLEMISH_TREEROWS:OCCURRENCE:plants:10m² quadrat:L1:tree:2023-06-10:249"
"L1","tree","Quercus robur","L1_tree",2023-06-10,"Fagaceae","Fagales",50.819168,4.673106,"plants","Ad","","Jari Vandendendriessche",102,"10m² quadrat","DIGITAF_BIODIVERSITY_FLEMISH_TREEROWS:OCCURRENCE:plants:10m² quadrat:L1:tree:2023-06-10:250"
"L1","tree","Rubus Sec. Rubus","L1_tree",2023-06-10,"Rosaceae","Rosales",50.819168,4.673106,"plants","Ad","","Jari Vandendendriessche",1,"10m² quadrat","DIGITAF_BIODIVERSITY_FLEMISH_TREEROWS:OCCURRENCE:plants:10m² quadrat:L1:tree:2023-06-10:251"
"L1","tree","Stellaria holostea","L1_tree",2023-06-10,"Caryophyllaceae","Caryophyllales",50.819168,4.673106,"plants","Ad","","Jari Vandendendriessche",3,"10m² quadrat","DIGITAF_BIODIVERSITY_FLEMISH_TREEROWS:OCCURRENCE:plants:10m² quadrat:L1:tree:2023-06-10:252"
"L1","tree","Teucrium scorodonia","L1_tree",2023-06-10,"Lamiaceae","Lamiales",50.819168,4.673106,"plants","Ad","","Jari Vandendendriessche",15,"10m² quadrat","DIGITAF_BIODIVERSITY_FLEMISH_TREEROWS:OCCURRENCE:plants:10m² quadrat:L1:tree:2023-06-10:253"
"L1","tree","Vicia hirsuta","L1_tree",2023-06-10,"Fabaceae","Fabales",50.819168,4.673106,"plants","Ad","","Jari Vandendendriessche",4,"10m² quadrat","DIGITAF_BIODIVERSITY_FLEMISH_TREEROWS:OCCURRENCE:plants:10m² quadrat:L1:tree:2023-06-10:254"
"L2","crtl","Artemisia vulgaris","L2_crtl",2023-06-10,"Asteraceae","Asterales",50.829258,4.671156,"plants","Ad","","Jari Vandendendriessche",1,"10m² quadrat","DIGITAF_BIODIVERSITY_FLEMISH_TREEROWS:OCCURRENCE:plants:10m² quadrat:L2:crtl:2023-06-10:255"
"L2","crtl","Cerastium fontanum","L2_crtl",2023-06-10,"Caryophyllaceae","Caryophyllales",50.829258,4.671156,"plants","Ad","","Jari Vandendendriessche",3,"10m² quadrat","DIGITAF_BIODIVERSITY_FLEMISH_TREEROWS:OCCURRENCE:plants:10m² quadrat:L2:crtl:2023-06-10:256"
"L2","crtl","Crepis capillaris","L2_crtl",2023-06-10,"Asteraceae","Asterales",50.829258,4.671156,"plants","Ad","","Jari Vandendendriessche",1,"10m² quadrat","DIGITAF_BIODIVERSITY_FLEMISH_TREEROWS:OCCURRENCE:plants:10m² quadrat:L2:crtl:2023-06-10:257"
"L2","crtl","Epilobium parviflorum","L2_crtl",2023-06-10,"Onagraceae","Myrtales",50.829258,4.671156,"plants","Ad","","Jari Vandendendriessche",1,"10m² quadrat","DIGITAF_BIODIVERSITY_FLEMISH_TREEROWS:OCCURRENCE:plants:10m² quadrat:L2:crtl:2023-06-10:258"
"L2","crtl","Epilobium spec.","L2_crtl",2023-06-10,"Onagraceae","Myrtales",50.829258,4.671156,"plants","Ad","","Jari Vandendendriessche",3,"10m² quadrat","DIGITAF_BIODIVERSITY_FLEMISH_TREEROWS:OCCURRENCE:plants:10m² quadrat:L2:crtl:2023-06-10:259"
"L2","crtl","Erigeron canadensis","L2_crtl",2023-06-10,"Asteraceae","Asterales",50.829258,4.671156,"plants","Ad","","Jari Vandendendriessche",1,"10m² quadrat","DIGITAF_BIODIVERSITY_FLEMISH_TREEROWS:OCCURRENCE:plants:10m² quadrat:L2:crtl:2023-06-10:260"
"L2","crtl","Fallopia convolvulus","L2_crtl",2023-06-10,"Polygonaceae","Caryophyllales",50.829258,4.671156,"plants","Ad","","Jari Vandendendriessche",1,"10m² quadrat","DIGITAF_BIODIVERSITY_FLEMISH_TREEROWS:OCCURRENCE:plants:10m² quadrat:L2:crtl:2023-06-10:261"
"L2","crtl","Gnaphalium uliginosum","L2_crtl",2023-06-10,"Asteraceae","Asterales",50.829258,4.671156,"plants","Ad","","Jari Vandendendriessche",7,"10m² quadrat","DIGITAF_BIODIVERSITY_FLEMISH_TREEROWS:OCCURRENCE:plants:10m² quadrat:L2:crtl:2023-06-10:262"
"L2","crtl","Holcus lanatus","L2_crtl",2023-06-10,"Poaceae","Poales",50.829258,4.671156,"plants","Ad","","Jari Vandendendriessche",7,"10m² quadrat","DIGITAF_BIODIVERSITY_FLEMISH_TREEROWS:OCCURRENCE:plants:10m² quadrat:L2:crtl:2023-06-10:263"
"L2","crtl","Juncus bufonius","L2_crtl",2023-06-10,"Juncaceae","Poales",50.829258,4.671156,"plants","Ad","","Jari Vandendendriessche",15,"10m² quadrat","DIGITAF_BIODIVERSITY_FLEMISH_TREEROWS:OCCURRENCE:plants:10m² quadrat:L2:crtl:2023-06-10:264"
"L2","crtl","Matricaria chamomilla","L2_crtl",2023-06-10,"Asteraceae","Asterales",50.829258,4.671156,"plants","Ad","","Jari Vandendendriessche",35,"10m² quadrat","DIGITAF_BIODIVERSITY_FLEMISH_TREEROWS:OCCURRENCE:plants:10m² quadrat:L2:crtl:2023-06-10:265"
"L2","crtl","Plantago lanceolata","L2_crtl",2023-06-10,"Plantaginaceae","Lamiales",50.829258,4.671156,"plants","Ad","","Jari Vandendendriessche",1,"10m² quadrat","DIGITAF_BIODIVERSITY_FLEMISH_TREEROWS:OCCURRENCE:plants:10m² quadrat:L2:crtl:2023-06-10:266"
"L2","crtl","Plantago major","L2_crtl",2023-06-10,"Plantaginaceae","Lamiales",50.829258,4.671156,"plants","Ad","","Jari Vandendendriessche",1,"10m² quadrat","DIGITAF_BIODIVERSITY_FLEMISH_TREEROWS:OCCURRENCE:plants:10m² quadrat:L2:crtl:2023-06-10:267"
"L2","crtl","Poa annua","L2_crtl",2023-06-10,"Poaceae","Poales",50.829258,4.671156,"plants","Ad","","Jari Vandendendriessche",15,"10m² quadrat","DIGITAF_BIODIVERSITY_FLEMISH_TREEROWS:OCCURRENCE:plants:10m² quadrat:L2:crtl:2023-06-10:268"
"L2","crtl","Senecio vulgaris","L2_crtl",2023-06-10,"Asteraceae","Asterales",50.829258,4.671156,"plants","Ad","","Jari Vandendendriessche",1,"10m² quadrat","DIGITAF_BIODIVERSITY_FLEMISH_TREEROWS:OCCURRENCE:plants:10m² quadrat:L2:crtl:2023-06-10:269"
"L2","crtl","Sonchus arvensis","L2_crtl",2023-06-10,"Asteraceae","Asterales",50.829258,4.671156,"plants","Ad","","Jari Vandendendriessche",1,"10m² quadrat","DIGITAF_BIODIVERSITY_FLEMISH_TREEROWS:OCCURRENCE:plants:10m² quadrat:L2:crtl:2023-06-10:270"
"L2","crtl","Stellaria apetala","L2_crtl",2023-06-10,"Caryophyllaceae","Caryophyllales",50.829258,4.671156,"plants","Ad","","Jari Vandendendriessche",3,"10m² quadrat","DIGITAF_BIODIVERSITY_FLEMISH_TREEROWS:OCCURRENCE:plants:10m² quadrat:L2:crtl:2023-06-10:271"
"L2","crtl","Trifolium pratense","L2_crtl",2023-06-10,"Fabaceae","Fabales",50.829258,4.671156,"plants","Ad","","Jari Vandendendriessche",1,"10m² quadrat","DIGITAF_BIODIVERSITY_FLEMISH_TREEROWS:OCCURRENCE:plants:10m² quadrat:L2:crtl:2023-06-10:272"
"L2","crtl","Trisetum flavescens","L2_crtl",2023-06-10,"Poaceae","Poales",50.829258,4.671156,"plants","Ad","","Jari Vandendendriessche",1,"10m² quadrat","DIGITAF_BIODIVERSITY_FLEMISH_TREEROWS:OCCURRENCE:plants:10m² quadrat:L2:crtl:2023-06-10:273"
"L2","crtl","Triticum aestivum","L2_crtl",2023-06-10,"Poaceae","Poales",50.829258,4.671156,"plants","Ad","","Jari Vandendendriessche",1,"10m² quadrat","DIGITAF_BIODIVERSITY_FLEMISH_TREEROWS:OCCURRENCE:plants:10m² quadrat:L2:crtl:2023-06-10:274"
"L2","crtl","Veronica arvensis","L2_crtl",2023-06-10,"Plantaginaceae","Lamiales",50.829258,4.671156,"plants","Ad","","Jari Vandendendriessche",3,"10m² quadrat","DIGITAF_BIODIVERSITY_FLEMISH_TREEROWS:OCCURRENCE:plants:10m² quadrat:L2:crtl:2023-06-10:275"
"L2","crtl","Veronica persica","L2_crtl",2023-06-10,"Plantaginaceae","Lamiales",50.829258,4.671156,"plants","Ad","","Jari Vandendendriessche",1,"10m² quadrat","DIGITAF_BIODIVERSITY_FLEMISH_TREEROWS:OCCURRENCE:plants:10m² quadrat:L2:crtl:2023-06-10:276"
"L2","crtl","Viola arvensis","L2_crtl",2023-06-10,"Violaceae","Malpighiales",50.829258,4.671156,"plants","Ad","","Jari Vandendendriessche",3,"10m² quadrat","DIGITAF_BIODIVERSITY_FLEMISH_TREEROWS:OCCURRENCE:plants:10m² quadrat:L2:crtl:2023-06-10:277"
"L2","tree","Acer pseudoplatanus","L2_tree",2023-06-10,"Sapindaceae","Sapindales",50.830441,4.670732,"plants","Ad","","Jari Vandendendriessche",1,"10m² quadrat","DIGITAF_BIODIVERSITY_FLEMISH_TREEROWS:OCCURRENCE:plants:10m² quadrat:L2:tree:2023-06-10:278"
"L2","tree","Galium aparine","L2_tree",2023-06-10,"Rubiaceae","Gentianales",50.830441,4.670732,"plants","Ad","","Jari Vandendendriessche",25,"10m² quadrat","DIGITAF_BIODIVERSITY_FLEMISH_TREEROWS:OCCURRENCE:plants:10m² quadrat:L2:tree:2023-06-10:279"
"L2","tree","Geum urbanum","L2_tree",2023-06-10,"Rosaceae","Rosales",50.830441,4.670732,"plants","Ad","","Jari Vandendendriessche",3,"10m² quadrat","DIGITAF_BIODIVERSITY_FLEMISH_TREEROWS:OCCURRENCE:plants:10m² quadrat:L2:tree:2023-06-10:280"
"L2","tree","Holcus lanatus","L2_tree",2023-06-10,"Poaceae","Poales",50.830441,4.670732,"plants","Ad","","Jari Vandendendriessche",15,"10m² quadrat","DIGITAF_BIODIVERSITY_FLEMISH_TREEROWS:OCCURRENCE:plants:10m² quadrat:L2:tree:2023-06-10:281"
"L2","tree","Juncus bufonius","L2_tree",2023-06-10,"Juncaceae","Poales",50.830441,4.670732,"plants","Ad","","Jari Vandendendriessche",1,"10m² quadrat","DIGITAF_BIODIVERSITY_FLEMISH_TREEROWS:OCCURRENCE:plants:10m² quadrat:L2:tree:2023-06-10:282"
"L2","tree","Poa trivialis","L2_tree",2023-06-10,"Poaceae","Poales",50.830441,4.670732,"plants","Ad","","Jari Vandendendriessche",55,"10m² quadrat","DIGITAF_BIODIVERSITY_FLEMISH_TREEROWS:OCCURRENCE:plants:10m² quadrat:L2:tree:2023-06-10:283"
"L2","tree","Prunus serotina","L2_tree",2023-06-10,"Rosaceae","Rosales",50.830441,4.670732,"plants","Ad","","Jari Vandendendriessche",1,"10m² quadrat","DIGITAF_BIODIVERSITY_FLEMISH_TREEROWS:OCCURRENCE:plants:10m² quadrat:L2:tree:2023-06-10:284"
"L2","tree","Quercus robur","L2_tree",2023-06-10,"Fagaceae","Fagales",50.830441,4.670732,"plants","Ad","","Jari Vandendendriessche",7,"10m² quadrat","DIGITAF_BIODIVERSITY_FLEMISH_TREEROWS:OCCURRENCE:plants:10m² quadrat:L2:tree:2023-06-10:285"
"L2","tree","Rubus Sec. Rubus","L2_tree",2023-06-10,"Rosaceae","Rosales",50.830441,4.670732,"plants","Ad","","Jari Vandendendriessche",25,"10m² quadrat","DIGITAF_BIODIVERSITY_FLEMISH_TREEROWS:OCCURRENCE:plants:10m² quadrat:L2:tree:2023-06-10:286"
"L2","tree","Sambucus nigra","L2_tree",2023-06-10,"Viburnaceae","Dipsacales",50.830441,4.670732,"plants","Ad","","Jari Vandendendriessche",76,"10m² quadrat","DIGITAF_BIODIVERSITY_FLEMISH_TREEROWS:OCCURRENCE:plants:10m² quadrat:L2:tree:2023-06-10:287"
"L2","tree","Urtica dioica","L2_tree",2023-06-10,"Urticaceae","Rosales",50.830441,4.670732,"plants","Ad","","Jari Vandendendriessche",3,"10m² quadrat","DIGITAF_BIODIVERSITY_FLEMISH_TREEROWS:OCCURRENCE:plants:10m² quadrat:L2:tree:2023-06-10:288"
"Mb","crop","Chenopodium album","Mb_crop",2023-06-14,"Amaranthaceae","Caryophyllales",50.970043,3.755069,"plants","Ad","","Jari Vandendendriessche",1,"10m² quadrat","DIGITAF_BIODIVERSITY_FLEMISH_TREEROWS:OCCURRENCE:plants:10m² quadrat:Mb:crop:2023-06-14:289"
"Mb","crop","Galinsoga quadriradiata","Mb_crop",2023-06-14,"Asteraceae","Asterales",50.970043,3.755069,"plants","Ad","","Jari Vandendendriessche",3,"10m² quadrat","DIGITAF_BIODIVERSITY_FLEMISH_TREEROWS:OCCURRENCE:plants:10m² quadrat:Mb:crop:2023-06-14:290"
"Mb","crop","Hypochaeris radicata","Mb_crop",2023-06-14,"Asteraceae","Asterales",50.970043,3.755069,"plants","Ad","","Jari Vandendendriessche",1,"10m² quadrat","DIGITAF_BIODIVERSITY_FLEMISH_TREEROWS:OCCURRENCE:plants:10m² quadrat:Mb:crop:2023-06-14:291"
"Mb","crop","Persicaria amphibia","Mb_crop",2023-06-14,"Polygonaceae","Caryophyllales",50.970043,3.755069,"plants","Ad","","Jari Vandendendriessche",3,"10m² quadrat","DIGITAF_BIODIVERSITY_FLEMISH_TREEROWS:OCCURRENCE:plants:10m² quadrat:Mb:crop:2023-06-14:292"
"Mb","crop","Plantago major","Mb_crop",2023-06-14,"Plantaginaceae","Lamiales",50.970043,3.755069,"plants","Ad","","Jari Vandendendriessche",1,"10m² quadrat","DIGITAF_BIODIVERSITY_FLEMISH_TREEROWS:OCCURRENCE:plants:10m² quadrat:Mb:crop:2023-06-14:293"
"Mb","crop","Poa annua","Mb_crop",2023-06-14,"Poaceae","Poales",50.970043,3.755069,"plants","Ad","","Jari Vandendendriessche",3,"10m² quadrat","DIGITAF_BIODIVERSITY_FLEMISH_TREEROWS:OCCURRENCE:plants:10m² quadrat:Mb:crop:2023-06-14:294"
"Mb","crop","Triticum aestivum","Mb_crop",2023-06-14,"Poaceae","Poales",50.970043,3.755069,"plants","Ad","","Jari Vandendendriessche",95,"10m² quadrat","DIGITAF_BIODIVERSITY_FLEMISH_TREEROWS:OCCURRENCE:plants:10m² quadrat:Mb:crop:2023-06-14:295"
"Mb","crtl","Achillea millefolium","Mb_crtl",2023-06-14,"Asteraceae","Asterales",50.969597,3.755234,"plants","Ad","","Jari Vandendendriessche",25,"10m² quadrat","DIGITAF_BIODIVERSITY_FLEMISH_TREEROWS:OCCURRENCE:plants:10m² quadrat:Mb:crtl:2023-06-14:296"
"Mb","crtl","Anagallis arvensis","Mb_crtl",2023-06-14,"Primulaceae","Ericales",50.969597,3.755234,"plants","Ad","","Jari Vandendendriessche",1,"10m² quadrat","DIGITAF_BIODIVERSITY_FLEMISH_TREEROWS:OCCURRENCE:plants:10m² quadrat:Mb:crtl:2023-06-14:297"
"Mb","crtl","Arrhenatherum elatius","Mb_crtl",2023-06-14,"Poaceae","Poales",50.969597,3.755234,"plants","Ad","","Jari Vandendendriessche",35,"10m² quadrat","DIGITAF_BIODIVERSITY_FLEMISH_TREEROWS:OCCURRENCE:plants:10m² quadrat:Mb:crtl:2023-06-14:298"
"Mb","crtl","Chenopodium album","Mb_crtl",2023-06-14,"Amaranthaceae","Caryophyllales",50.969597,3.755234,"plants","Ad","","Jari Vandendendriessche",3,"10m² quadrat","DIGITAF_BIODIVERSITY_FLEMISH_TREEROWS:OCCURRENCE:plants:10m² quadrat:Mb:crtl:2023-06-14:299"
"Mb","crtl","Dactylis glomerata","Mb_crtl",2023-06-14,"Poaceae","Poales",50.969597,3.755234,"plants","Ad","","Jari Vandendendriessche",25,"10m² quadrat","DIGITAF_BIODIVERSITY_FLEMISH_TREEROWS:OCCURRENCE:plants:10m² quadrat:Mb:crtl:2023-06-14:300"
"Mb","crtl","Equisetum arvense","Mb_crtl",2023-06-14,"Equisetaceae","Equisetales",50.969597,3.755234,"plants","Ad","","Jari Vandendendriessche",3,"10m² quadrat","DIGITAF_BIODIVERSITY_FLEMISH_TREEROWS:OCCURRENCE:plants:10m² quadrat:Mb:crtl:2023-06-14:301"
"Mb","crtl","Galinsoga quadriradiata","Mb_crtl",2023-06-14,"Asteraceae","Asterales",50.969597,3.755234,"plants","Ad","","Jari Vandendendriessche",1,"10m² quadrat","DIGITAF_BIODIVERSITY_FLEMISH_TREEROWS:OCCURRENCE:plants:10m² quadrat:Mb:crtl:2023-06-14:302"
"Mb","crtl","Hordeum vulgare","Mb_crtl",2023-06-14,"Poaceae","Poales",50.969597,3.755234,"plants","Ad","","Jari Vandendendriessche",15,"10m² quadrat","DIGITAF_BIODIVERSITY_FLEMISH_TREEROWS:OCCURRENCE:plants:10m² quadrat:Mb:crtl:2023-06-14:303"
"Mb","crtl","Lamium purpureum","Mb_crtl",2023-06-14,"Lamiaceae","Lamiales",50.969597,3.755234,"plants","Ad","","Jari Vandendendriessche",1,"10m² quadrat","DIGITAF_BIODIVERSITY_FLEMISH_TREEROWS:OCCURRENCE:plants:10m² quadrat:Mb:crtl:2023-06-14:304"
"Mb","crtl","Matricaria chamomilla","Mb_crtl",2023-06-14,"Asteraceae","Asterales",50.969597,3.755234,"plants","Ad","","Jari Vandendendriessche",7,"10m² quadrat","DIGITAF_BIODIVERSITY_FLEMISH_TREEROWS:OCCURRENCE:plants:10m² quadrat:Mb:crtl:2023-06-14:305"
"Mb","crtl","Papaver rhoeas","Mb_crtl",2023-06-14,"Papaveraceae","Ranunculales",50.969597,3.755234,"plants","Ad","","Jari Vandendendriessche",1,"10m² quadrat","DIGITAF_BIODIVERSITY_FLEMISH_TREEROWS:OCCURRENCE:plants:10m² quadrat:Mb:crtl:2023-06-14:306"
"Mb","crtl","Persicaria amphibia","Mb_crtl",2023-06-14,"Polygonaceae","Caryophyllales",50.969597,3.755234,"plants","Ad","","Jari Vandendendriessche",1,"10m² quadrat","DIGITAF_BIODIVERSITY_FLEMISH_TREEROWS:OCCURRENCE:plants:10m² quadrat:Mb:crtl:2023-06-14:307"
"Mb","crtl","Plantago major","Mb_crtl",2023-06-14,"Plantaginaceae","Lamiales",50.969597,3.755234,"plants","Ad","","Jari Vandendendriessche",1,"10m² quadrat","DIGITAF_BIODIVERSITY_FLEMISH_TREEROWS:OCCURRENCE:plants:10m² quadrat:Mb:crtl:2023-06-14:308"
"Mb","crtl","Poa trivialis","Mb_crtl",2023-06-14,"Poaceae","Poales",50.969597,3.755234,"plants","Ad","","Jari Vandendendriessche",25,"10m² quadrat","DIGITAF_BIODIVERSITY_FLEMISH_TREEROWS:OCCURRENCE:plants:10m² quadrat:Mb:crtl:2023-06-14:309"
"Mb","crtl","Polygonum aviculare","Mb_crtl",2023-06-14,"Polygonaceae","Caryophyllales",50.969597,3.755234,"plants","Ad","","Jari Vandendendriessche",7,"10m² quadrat","DIGITAF_BIODIVERSITY_FLEMISH_TREEROWS:OCCURRENCE:plants:10m² quadrat:Mb:crtl:2023-06-14:310"
"Mb","crtl","Senecio vulgaris","Mb_crtl",2023-06-14,"Asteraceae","Asterales",50.969597,3.755234,"plants","Ad","","Jari Vandendendriessche",1,"10m² quadrat","DIGITAF_BIODIVERSITY_FLEMISH_TREEROWS:OCCURRENCE:plants:10m² quadrat:Mb:crtl:2023-06-14:311"
"Mb","tree","Cirsium arvense","Mb_tree",2023-06-14,"Asteraceae","Asterales",50.970682,3.754116,"plants","Ad","","Jari Vandendendriessche",1,"10m² quadrat","DIGITAF_BIODIVERSITY_FLEMISH_TREEROWS:OCCURRENCE:plants:10m² quadrat:Mb:tree:2023-06-14:312"
"Mb","tree","Corylus avellana","Mb_tree",2023-06-14,"Betulaceae","Fagales",50.970682,3.754116,"plants","Ad","","Jari Vandendendriessche",10,"10m² quadrat","DIGITAF_BIODIVERSITY_FLEMISH_TREEROWS:OCCURRENCE:plants:10m² quadrat:Mb:tree:2023-06-14:313"
"Mb","tree","Crataegus monogyna","Mb_tree",2023-06-14,"Rosaceae","Rosales",50.970682,3.754116,"plants","Ad","","Jari Vandendendriessche",10,"10m² quadrat","DIGITAF_BIODIVERSITY_FLEMISH_TREEROWS:OCCURRENCE:plants:10m² quadrat:Mb:tree:2023-06-14:314"
"Mb","tree","Equisetum arvense","Mb_tree",2023-06-14,"Equisetaceae","Equisetales",50.970682,3.754116,"plants","Ad","","Jari Vandendendriessche",1,"10m² quadrat","DIGITAF_BIODIVERSITY_FLEMISH_TREEROWS:OCCURRENCE:plants:10m² quadrat:Mb:tree:2023-06-14:315"
"Mb","tree","Euonymus europaeus","Mb_tree",2023-06-14,"Celastraceae","Celastrales",50.970682,3.754116,"plants","Ad","","Jari Vandendendriessche",7,"10m² quadrat","DIGITAF_BIODIVERSITY_FLEMISH_TREEROWS:OCCURRENCE:plants:10m² quadrat:Mb:tree:2023-06-14:316"
"Mb","tree","Fraxinus excelsior","Mb_tree",2023-06-14,"Oleaceae","Lamiales",50.970682,3.754116,"plants","Ad","","Jari Vandendendriessche",1,"10m² quadrat","DIGITAF_BIODIVERSITY_FLEMISH_TREEROWS:OCCURRENCE:plants:10m² quadrat:Mb:tree:2023-06-14:317"
"Mb","tree","Galium aparine","Mb_tree",2023-06-14,"Rubiaceae","Gentianales",50.970682,3.754116,"plants","Ad","","Jari Vandendendriessche",7,"10m² quadrat","DIGITAF_BIODIVERSITY_FLEMISH_TREEROWS:OCCURRENCE:plants:10m² quadrat:Mb:tree:2023-06-14:318"
"Mb","tree","Hedera helix","Mb_tree",2023-06-14,"Araliaceae","Apiales",50.970682,3.754116,"plants","Ad","","Jari Vandendendriessche",7,"10m² quadrat","DIGITAF_BIODIVERSITY_FLEMISH_TREEROWS:OCCURRENCE:plants:10m² quadrat:Mb:tree:2023-06-14:319"
"Mb","tree","Holcus lanatus","Mb_tree",2023-06-14,"Poaceae","Poales",50.970682,3.754116,"plants","Ad","","Jari Vandendendriessche",7,"10m² quadrat","DIGITAF_BIODIVERSITY_FLEMISH_TREEROWS:OCCURRENCE:plants:10m² quadrat:Mb:tree:2023-06-14:320"
"Mb","tree","Lolium perenne","Mb_tree",2023-06-14,"Poaceae","Poales",50.970682,3.754116,"plants","Ad","","Jari Vandendendriessche",25,"10m² quadrat","DIGITAF_BIODIVERSITY_FLEMISH_TREEROWS:OCCURRENCE:plants:10m² quadrat:Mb:tree:2023-06-14:321"
"Mb","tree","Persicaria amphibia","Mb_tree",2023-06-14,"Polygonaceae","Caryophyllales",50.970682,3.754116,"plants","Ad","","Jari Vandendendriessche",7,"10m² quadrat","DIGITAF_BIODIVERSITY_FLEMISH_TREEROWS:OCCURRENCE:plants:10m² quadrat:Mb:tree:2023-06-14:322"
"Mb","tree","Poa annua","Mb_tree",2023-06-14,"Poaceae","Poales",50.970682,3.754116,"plants","Ad","","Jari Vandendendriessche",1,"10m² quadrat","DIGITAF_BIODIVERSITY_FLEMISH_TREEROWS:OCCURRENCE:plants:10m² quadrat:Mb:tree:2023-06-14:323"
"Mb","tree","Poa trivialis","Mb_tree",2023-06-14,"Poaceae","Poales",50.970682,3.754116,"plants","Ad","","Jari Vandendendriessche",25,"10m² quadrat","DIGITAF_BIODIVERSITY_FLEMISH_TREEROWS:OCCURRENCE:plants:10m² quadrat:Mb:tree:2023-06-14:324"
"Mb","tree","Populus x canadensis (P. deltoides x P. nigra)","Mb_tree",2023-06-14,"Salicaceae","Malpighiales",50.970682,3.754116,"plants","Ad","","Jari Vandendendriessche",75,"10m² quadrat","DIGITAF_BIODIVERSITY_FLEMISH_TREEROWS:OCCURRENCE:plants:10m² quadrat:Mb:tree:2023-06-14:325"
"Mb","tree","Prunus spec.","Mb_tree",2023-06-14,"Rosaceae","Rosales",50.970682,3.754116,"plants","Ad","","Jari Vandendendriessche",3,"10m² quadrat","DIGITAF_BIODIVERSITY_FLEMISH_TREEROWS:OCCURRENCE:plants:10m² quadrat:Mb:tree:2023-06-14:326"
"Mb","tree","Quercus robur","Mb_tree",2023-06-14,"Fagaceae","Fagales",50.970682,3.754116,"plants","Ad","","Jari Vandendendriessche",46,"10m² quadrat","DIGITAF_BIODIVERSITY_FLEMISH_TREEROWS:OCCURRENCE:plants:10m² quadrat:Mb:tree:2023-06-14:327"
"Mb","tree","Ranunculus repens","Mb_tree",2023-06-14,"Ranunculaceae","Ranunculales",50.970682,3.754116,"plants","Ad","","Jari Vandendendriessche",7,"10m² quadrat","DIGITAF_BIODIVERSITY_FLEMISH_TREEROWS:OCCURRENCE:plants:10m² quadrat:Mb:tree:2023-06-14:328"
"Mb","tree","Rosa multiflora","Mb_tree",2023-06-14,"Rosaceae","Rosales",50.970682,3.754116,"plants","Ad","","Jari Vandendendriessche",7,"10m² quadrat","DIGITAF_BIODIVERSITY_FLEMISH_TREEROWS:OCCURRENCE:plants:10m² quadrat:Mb:tree:2023-06-14:329"
"Mb","tree","Rubus Sec. Rubus","Mb_tree",2023-06-14,"Rosaceae","Rosales",50.970682,3.754116,"plants","Ad","","Jari Vandendendriessche",15,"10m² quadrat","DIGITAF_BIODIVERSITY_FLEMISH_TREEROWS:OCCURRENCE:plants:10m² quadrat:Mb:tree:2023-06-14:330"
"Mb","tree","Sonchus arvensis","Mb_tree",2023-06-14,"Asteraceae","Asterales",50.970682,3.754116,"plants","Ad","","Jari Vandendendriessche",15,"10m² quadrat","DIGITAF_BIODIVERSITY_FLEMISH_TREEROWS:OCCURRENCE:plants:10m² quadrat:Mb:tree:2023-06-14:331"
"Mb","tree","Triticum aestivum","Mb_tree",2023-06-14,"Poaceae","Poales",50.970682,3.754116,"plants","Ad","","Jari Vandendendriessche",1,"10m² quadrat","DIGITAF_BIODIVERSITY_FLEMISH_TREEROWS:OCCURRENCE:plants:10m² quadrat:Mb:tree:2023-06-14:332"
"Mb","tree","Urtica dioica","Mb_tree",2023-06-14,"Urticaceae","Rosales",50.970682,3.754116,"plants","Ad","","Jari Vandendendriessche",1,"10m² quadrat","DIGITAF_BIODIVERSITY_FLEMISH_TREEROWS:OCCURRENCE:plants:10m² quadrat:Mb:tree:2023-06-14:333"
"Mb","tree","Vicia hirsuta","Mb_tree",2023-06-14,"Fabaceae","Fabales",50.970682,3.754116,"plants","Ad","","Jari Vandendendriessche",7,"10m² quadrat","DIGITAF_BIODIVERSITY_FLEMISH_TREEROWS:OCCURRENCE:plants:10m² quadrat:Mb:tree:2023-06-14:334"
"Mb","tree","Vicia sativa","Mb_tree",2023-06-14,"Fabaceae","Fabales",50.970682,3.754116,"plants","Ad","","Jari Vandendendriessche",1,"10m² quadrat","DIGITAF_BIODIVERSITY_FLEMISH_TREEROWS:OCCURRENCE:plants:10m² quadrat:Mb:tree:2023-06-14:335"
"Mb1","crtl","Arrhenatherum elatius","Mb1_crtl",2023-05-23,"Poaceae","Poales",50.962509,3.764582,"plants","Ad","","Jari Vandendendriessche",25,"10m² quadrat","DIGITAF_BIODIVERSITY_FLEMISH_TREEROWS:OCCURRENCE:plants:10m² quadrat:Mb1:crtl:2023-05-23:336"
"Mb1","crtl","Cirsium arvense","Mb1_crtl",2023-05-23,"Asteraceae","Asterales",50.962509,3.764582,"plants","Ad","","Jari Vandendendriessche",3,"10m² quadrat","DIGITAF_BIODIVERSITY_FLEMISH_TREEROWS:OCCURRENCE:plants:10m² quadrat:Mb1:crtl:2023-05-23:337"
"Mb1","crtl","Convolvulus sepium","Mb1_crtl",2023-05-23,"Convolvulaceae","Solanales",50.962509,3.764582,"plants","Ad","","Jari Vandendendriessche",1,"10m² quadrat","DIGITAF_BIODIVERSITY_FLEMISH_TREEROWS:OCCURRENCE:plants:10m² quadrat:Mb1:crtl:2023-05-23:338"
"Mb1","crtl","Dactylis glomerata","Mb1_crtl",2023-05-23,"Poaceae","Poales",50.962509,3.764582,"plants","Ad","","Jari Vandendendriessche",7,"10m² quadrat","DIGITAF_BIODIVERSITY_FLEMISH_TREEROWS:OCCURRENCE:plants:10m² quadrat:Mb1:crtl:2023-05-23:339"
"Mb1","crtl","Equisetum fluviatile","Mb1_crtl",2023-05-23,"Equisetaceae","Equisetales",50.962509,3.764582,"plants","Ad","","Jari Vandendendriessche",15,"10m² quadrat","DIGITAF_BIODIVERSITY_FLEMISH_TREEROWS:OCCURRENCE:plants:10m² quadrat:Mb1:crtl:2023-05-23:340"
"Mb1","crtl","Holcus lanatus","Mb1_crtl",2023-05-23,"Poaceae","Poales",50.962509,3.764582,"plants","Ad","","Jari Vandendendriessche",25,"10m² quadrat","DIGITAF_BIODIVERSITY_FLEMISH_TREEROWS:OCCURRENCE:plants:10m² quadrat:Mb1:crtl:2023-05-23:341"
"Mb1","crtl","Poa annua","Mb1_crtl",2023-05-23,"Poaceae","Poales",50.962509,3.764582,"plants","Ad","","Jari Vandendendriessche",3,"10m² quadrat","DIGITAF_BIODIVERSITY_FLEMISH_TREEROWS:OCCURRENCE:plants:10m² quadrat:Mb1:crtl:2023-05-23:342"
"Mb1","crtl","Poa trivialis","Mb1_crtl",2023-05-23,"Poaceae","Poales",50.962509,3.764582,"plants","Ad","","Jari Vandendendriessche",25,"10m² quadrat","DIGITAF_BIODIVERSITY_FLEMISH_TREEROWS:OCCURRENCE:plants:10m² quadrat:Mb1:crtl:2023-05-23:343"
"Mb1","crtl","Ranunculus acris","Mb1_crtl",2023-05-23,"Ranunculaceae","Ranunculales",50.962509,3.764582,"plants","Ad","","Jari Vandendendriessche",1,"10m² quadrat","DIGITAF_BIODIVERSITY_FLEMISH_TREEROWS:OCCURRENCE:plants:10m² quadrat:Mb1:crtl:2023-05-23:344"
"Mb1","crtl","Ranunculus repens","Mb1_crtl",2023-05-23,"Ranunculaceae","Ranunculales",50.962509,3.764582,"plants","Ad","","Jari Vandendendriessche",1,"10m² quadrat","DIGITAF_BIODIVERSITY_FLEMISH_TREEROWS:OCCURRENCE:plants:10m² quadrat:Mb1:crtl:2023-05-23:345"
"Mb1","crtl","Sonchus oleraceus","Mb1_crtl",2023-05-23,"Asteraceae","Asterales",50.962509,3.764582,"plants","Ad","","Jari Vandendendriessche",1,"10m² quadrat","DIGITAF_BIODIVERSITY_FLEMISH_TREEROWS:OCCURRENCE:plants:10m² quadrat:Mb1:crtl:2023-05-23:346"
"Mb1","crtl","Symphytum officinale","Mb1_crtl",2023-05-23,"Boraginaceae","Boraginales",50.962509,3.764582,"plants","Ad","","Jari Vandendendriessche",25,"10m² quadrat","DIGITAF_BIODIVERSITY_FLEMISH_TREEROWS:OCCURRENCE:plants:10m² quadrat:Mb1:crtl:2023-05-23:347"
"Mb1","crtl","Taraxacum officinale s.l. (incl. all sec.)","Mb1_crtl",2023-05-23,"Asteraceae","Asterales",50.962509,3.764582,"plants","Ad","","Jari Vandendendriessche",1,"10m² quadrat","DIGITAF_BIODIVERSITY_FLEMISH_TREEROWS:OCCURRENCE:plants:10m² quadrat:Mb1:crtl:2023-05-23:348"
"Mb1","crtl","Trifolium dubium","Mb1_crtl",2023-05-23,"Fabaceae","Fabales",50.962509,3.764582,"plants","Ad","","Jari Vandendendriessche",7,"10m² quadrat","DIGITAF_BIODIVERSITY_FLEMISH_TREEROWS:OCCURRENCE:plants:10m² quadrat:Mb1:crtl:2023-05-23:349"
"Mb1","crtl","Trifolium repens","Mb1_crtl",2023-05-23,"Fabaceae","Fabales",50.962509,3.764582,"plants","Ad","","Jari Vandendendriessche",1,"10m² quadrat","DIGITAF_BIODIVERSITY_FLEMISH_TREEROWS:OCCURRENCE:plants:10m² quadrat:Mb1:crtl:2023-05-23:350"
"Mb1","crtl","Urtica dioica","Mb1_crtl",2023-05-23,"Urticaceae","Rosales",50.962509,3.764582,"plants","Ad","","Jari Vandendendriessche",7,"10m² quadrat","DIGITAF_BIODIVERSITY_FLEMISH_TREEROWS:OCCURRENCE:plants:10m² quadrat:Mb1:crtl:2023-05-23:351"
"Mb1","crtl","Vicia sativa","Mb1_crtl",2023-05-23,"Fabaceae","Fabales",50.962509,3.764582,"plants","Ad","","Jari Vandendendriessche",3,"10m² quadrat","DIGITAF_BIODIVERSITY_FLEMISH_TREEROWS:OCCURRENCE:plants:10m² quadrat:Mb1:crtl:2023-05-23:352"
"Mb1","tree","Anthoxanthum odoratum","Mb1_tree",2023-05-23,"Poaceae","Poales",50.96162,3.764554,"plants","Ad","","Jari Vandendendriessche",25,"10m² quadrat","DIGITAF_BIODIVERSITY_FLEMISH_TREEROWS:OCCURRENCE:plants:10m² quadrat:Mb1:tree:2023-05-23:353"
"Mb1","tree","Arrhenatherum elatius","Mb1_tree",2023-05-23,"Poaceae","Poales",50.96162,3.764554,"plants","Ad","","Jari Vandendendriessche",35,"10m² quadrat","DIGITAF_BIODIVERSITY_FLEMISH_TREEROWS:OCCURRENCE:plants:10m² quadrat:Mb1:tree:2023-05-23:354"
"Mb1","tree","Cerastium glomeratum","Mb1_tree",2023-05-23,"Caryophyllaceae","Caryophyllales",50.96162,3.764554,"plants","Ad","","Jari Vandendendriessche",25,"10m² quadrat","DIGITAF_BIODIVERSITY_FLEMISH_TREEROWS:OCCURRENCE:plants:10m² quadrat:Mb1:tree:2023-05-23:355"
"Mb1","tree","Epilobium spec.","Mb1_tree",2023-05-23,"Onagraceae","Myrtales",50.96162,3.764554,"plants","Ad","","Jari Vandendendriessche",1,"10m² quadrat","DIGITAF_BIODIVERSITY_FLEMISH_TREEROWS:OCCURRENCE:plants:10m² quadrat:Mb1:tree:2023-05-23:356"
"Mb1","tree","Equisetum arvense","Mb1_tree",2023-05-23,"Equisetaceae","Equisetales",50.96162,3.764554,"plants","Ad","","Jari Vandendendriessche",1,"10m² quadrat","DIGITAF_BIODIVERSITY_FLEMISH_TREEROWS:OCCURRENCE:plants:10m² quadrat:Mb1:tree:2023-05-23:357"
"Mb1","tree","Galium aparine","Mb1_tree",2023-05-23,"Rubiaceae","Gentianales",50.96162,3.764554,"plants","Ad","","Jari Vandendendriessche",1,"10m² quadrat","DIGITAF_BIODIVERSITY_FLEMISH_TREEROWS:OCCURRENCE:plants:10m² quadrat:Mb1:tree:2023-05-23:358"
"Mb1","tree","Holcus lanatus","Mb1_tree",2023-05-23,"Poaceae","Poales",50.96162,3.764554,"plants","Ad","","Jari Vandendendriessche",15,"10m² quadrat","DIGITAF_BIODIVERSITY_FLEMISH_TREEROWS:OCCURRENCE:plants:10m² quadrat:Mb1:tree:2023-05-23:359"
"Mb1","tree","Poa annua","Mb1_tree",2023-05-23,"Poaceae","Poales",50.96162,3.764554,"plants","Ad","","Jari Vandendendriessche",7,"10m² quadrat","DIGITAF_BIODIVERSITY_FLEMISH_TREEROWS:OCCURRENCE:plants:10m² quadrat:Mb1:tree:2023-05-23:360"
"Mb1","tree","Poa trivialis","Mb1_tree",2023-05-23,"Poaceae","Poales",50.96162,3.764554,"plants","Ad","","Jari Vandendendriessche",35,"10m² quadrat","DIGITAF_BIODIVERSITY_FLEMISH_TREEROWS:OCCURRENCE:plants:10m² quadrat:Mb1:tree:2023-05-23:361"
"Mb1","tree","Populus x canadensis (P. deltoides x P. nigra)","Mb1_tree",2023-05-23,"Salicaceae","Malpighiales",50.96162,3.764554,"plants","Ad","","Jari Vandendendriessche",15,"10m² quadrat","DIGITAF_BIODIVERSITY_FLEMISH_TREEROWS:OCCURRENCE:plants:10m² quadrat:Mb1:tree:2023-05-23:362"
"Mb1","tree","Quercus robur","Mb1_tree",2023-05-23,"Fagaceae","Fagales",50.96162,3.764554,"plants","Ad","","Jari Vandendendriessche",98,"10m² quadrat","DIGITAF_BIODIVERSITY_FLEMISH_TREEROWS:OCCURRENCE:plants:10m² quadrat:Mb1:tree:2023-05-23:363"
"Mb1","tree","Ranunculus repens","Mb1_tree",2023-05-23,"Ranunculaceae","Ranunculales",50.96162,3.764554,"plants","Ad","","Jari Vandendendriessche",3,"10m² quadrat","DIGITAF_BIODIVERSITY_FLEMISH_TREEROWS:OCCURRENCE:plants:10m² quadrat:Mb1:tree:2023-05-23:364"
"Mb1","tree","Rubus Sec. Rubus","Mb1_tree",2023-05-23,"Rosaceae","Rosales",50.96162,3.764554,"plants","Ad","","Jari Vandendendriessche",1,"10m² quadrat","DIGITAF_BIODIVERSITY_FLEMISH_TREEROWS:OCCURRENCE:plants:10m² quadrat:Mb1:tree:2023-05-23:365"
"Mb1","tree","Trifolium dubium","Mb1_tree",2023-05-23,"Fabaceae","Fabales",50.96162,3.764554,"plants","Ad","","Jari Vandendendriessche",7,"10m² quadrat","DIGITAF_BIODIVERSITY_FLEMISH_TREEROWS:OCCURRENCE:plants:10m² quadrat:Mb1:tree:2023-05-23:366"
"Mb1","tree","Veronica arvensis","Mb1_tree",2023-05-23,"Plantaginaceae","Lamiales",50.96162,3.764554,"plants","Ad","","Jari Vandendendriessche",1,"10m² quadrat","DIGITAF_BIODIVERSITY_FLEMISH_TREEROWS:OCCURRENCE:plants:10m² quadrat:Mb1:tree:2023-05-23:367"
"Mb1","tree","Vicia sativa","Mb1_tree",2023-05-23,"Fabaceae","Fabales",50.96162,3.764554,"plants","Ad","","Jari Vandendendriessche",1,"10m² quadrat","DIGITAF_BIODIVERSITY_FLEMISH_TREEROWS:OCCURRENCE:plants:10m² quadrat:Mb1:tree:2023-05-23:368"
"Me","crop","Hordeum vulgare","Me_crop",2023-05-23,"Poaceae","Poales",50.98959,3.828819,"plants","Ad","","Jari Vandendendriessche",85,"10m² quadrat","DIGITAF_BIODIVERSITY_FLEMISH_TREEROWS:OCCURRENCE:plants:10m² quadrat:Me:crop:2023-05-23:369"
"Me","crop","Plantae indet.","Me_crop",2023-05-23,NA,NA,50.98959,3.828819,"plants","Ad","","Jari Vandendendriessche",1,"10m² quadrat","DIGITAF_BIODIVERSITY_FLEMISH_TREEROWS:OCCURRENCE:plants:10m² quadrat:Me:crop:2023-05-23:370"
"Me","crop","Poa annua","Me_crop",2023-05-23,"Poaceae","Poales",50.98959,3.828819,"plants","Ad","","Jari Vandendendriessche",3,"10m² quadrat","DIGITAF_BIODIVERSITY_FLEMISH_TREEROWS:OCCURRENCE:plants:10m² quadrat:Me:crop:2023-05-23:371"
"Me","crtl","Arrhenatherum elatius","Me_crtl",2023-05-23,"Poaceae","Poales",50.988918,3.828591,"plants","Ad","","Jari Vandendendriessche",55,"10m² quadrat","DIGITAF_BIODIVERSITY_FLEMISH_TREEROWS:OCCURRENCE:plants:10m² quadrat:Me:crtl:2023-05-23:372"
"Me","crtl","Artemisia vulgaris","Me_crtl",2023-05-23,"Asteraceae","Asterales",50.988918,3.828591,"plants","Ad","","Jari Vandendendriessche",1,"10m² quadrat","DIGITAF_BIODIVERSITY_FLEMISH_TREEROWS:OCCURRENCE:plants:10m² quadrat:Me:crtl:2023-05-23:373"
"Me","crtl","Cardamine flexuosa","Me_crtl",2023-05-23,"Brassicaceae","Brassicales",50.988918,3.828591,"plants","Ad","","Jari Vandendendriessche",3,"10m² quadrat","DIGITAF_BIODIVERSITY_FLEMISH_TREEROWS:OCCURRENCE:plants:10m² quadrat:Me:crtl:2023-05-23:374"
"Me","crtl","Cerastium glomeratum","Me_crtl",2023-05-23,"Caryophyllaceae","Caryophyllales",50.988918,3.828591,"plants","Ad","","Jari Vandendendriessche",3,"10m² quadrat","DIGITAF_BIODIVERSITY_FLEMISH_TREEROWS:OCCURRENCE:plants:10m² quadrat:Me:crtl:2023-05-23:375"
"Me","crtl","Cirsium arvense","Me_crtl",2023-05-23,"Asteraceae","Asterales",50.988918,3.828591,"plants","Ad","","Jari Vandendendriessche",1,"10m² quadrat","DIGITAF_BIODIVERSITY_FLEMISH_TREEROWS:OCCURRENCE:plants:10m² quadrat:Me:crtl:2023-05-23:376"
"Me","crtl","Convolvulus sepium","Me_crtl",2023-05-23,"Convolvulaceae","Solanales",50.988918,3.828591,"plants","Ad","","Jari Vandendendriessche",1,"10m² quadrat","DIGITAF_BIODIVERSITY_FLEMISH_TREEROWS:OCCURRENCE:plants:10m² quadrat:Me:crtl:2023-05-23:377"
"Me","crtl","Epilobium spec.","Me_crtl",2023-05-23,"Onagraceae","Myrtales",50.988918,3.828591,"plants","Ad","","Jari Vandendendriessche",3,"10m² quadrat","DIGITAF_BIODIVERSITY_FLEMISH_TREEROWS:OCCURRENCE:plants:10m² quadrat:Me:crtl:2023-05-23:378"
"Me","crtl","Equisetum arvense","Me_crtl",2023-05-23,"Equisetaceae","Equisetales",50.988918,3.828591,"plants","Ad","","Jari Vandendendriessche",3,"10m² quadrat","DIGITAF_BIODIVERSITY_FLEMISH_TREEROWS:OCCURRENCE:plants:10m² quadrat:Me:crtl:2023-05-23:379"
"Me","crtl","Galium aparine","Me_crtl",2023-05-23,"Rubiaceae","Gentianales",50.988918,3.828591,"plants","Ad","","Jari Vandendendriessche",1,"10m² quadrat","DIGITAF_BIODIVERSITY_FLEMISH_TREEROWS:OCCURRENCE:plants:10m² quadrat:Me:crtl:2023-05-23:380"
"Me","crtl","Heracleum sphondylium","Me_crtl",2023-05-23,"Apiaceae","Apiales",50.988918,3.828591,"plants","Ad","","Jari Vandendendriessche",7,"10m² quadrat","DIGITAF_BIODIVERSITY_FLEMISH_TREEROWS:OCCURRENCE:plants:10m² quadrat:Me:crtl:2023-05-23:381"
"Me","crtl","Holcus lanatus","Me_crtl",2023-05-23,"Poaceae","Poales",50.988918,3.828591,"plants","Ad","","Jari Vandendendriessche",15,"10m² quadrat","DIGITAF_BIODIVERSITY_FLEMISH_TREEROWS:OCCURRENCE:plants:10m² quadrat:Me:crtl:2023-05-23:382"
"Me","crtl","Hordeum vulgare","Me_crtl",2023-05-23,"Poaceae","Poales",50.988918,3.828591,"plants","Ad","","Jari Vandendendriessche",1,"10m² quadrat","DIGITAF_BIODIVERSITY_FLEMISH_TREEROWS:OCCURRENCE:plants:10m² quadrat:Me:crtl:2023-05-23:383"
"Me","crtl","Hypericum tetrapterum","Me_crtl",2023-05-23,"Hypericaceae","Malpighiales",50.988918,3.828591,"plants","Ad","","Jari Vandendendriessche",1,"10m² quadrat","DIGITAF_BIODIVERSITY_FLEMISH_TREEROWS:OCCURRENCE:plants:10m² quadrat:Me:crtl:2023-05-23:384"
"Me","crtl","Lamium purpureum","Me_crtl",2023-05-23,"Lamiaceae","Lamiales",50.988918,3.828591,"plants","Ad","","Jari Vandendendriessche",1,"10m² quadrat","DIGITAF_BIODIVERSITY_FLEMISH_TREEROWS:OCCURRENCE:plants:10m² quadrat:Me:crtl:2023-05-23:385"
"Me","crtl","Persicaria amphibia","Me_crtl",2023-05-23,"Polygonaceae","Caryophyllales",50.988918,3.828591,"plants","Ad","","Jari Vandendendriessche",1,"10m² quadrat","DIGITAF_BIODIVERSITY_FLEMISH_TREEROWS:OCCURRENCE:plants:10m² quadrat:Me:crtl:2023-05-23:386"
"Me","crtl","Poa trivialis","Me_crtl",2023-05-23,"Poaceae","Poales",50.988918,3.828591,"plants","Ad","","Jari Vandendendriessche",1,"10m² quadrat","DIGITAF_BIODIVERSITY_FLEMISH_TREEROWS:OCCURRENCE:plants:10m² quadrat:Me:crtl:2023-05-23:387"
"Me","crtl","Ranunculus sceleratus","Me_crtl",2023-05-23,"Ranunculaceae","Ranunculales",50.988918,3.828591,"plants","Ad","","Jari Vandendendriessche",7,"10m² quadrat","DIGITAF_BIODIVERSITY_FLEMISH_TREEROWS:OCCURRENCE:plants:10m² quadrat:Me:crtl:2023-05-23:388"
"Me","crtl","Rumex obtusifolius","Me_crtl",2023-05-23,"Polygonaceae","Caryophyllales",50.988918,3.828591,"plants","Ad","","Jari Vandendendriessche",1,"10m² quadrat","DIGITAF_BIODIVERSITY_FLEMISH_TREEROWS:OCCURRENCE:plants:10m² quadrat:Me:crtl:2023-05-23:389"
"Me","crtl","Symphytum officinale","Me_crtl",2023-05-23,"Boraginaceae","Boraginales",50.988918,3.828591,"plants","Ad","","Jari Vandendendriessche",3,"10m² quadrat","DIGITAF_BIODIVERSITY_FLEMISH_TREEROWS:OCCURRENCE:plants:10m² quadrat:Me:crtl:2023-05-23:390"
"Me","crtl","Urtica dioica","Me_crtl",2023-05-23,"Urticaceae","Rosales",50.988918,3.828591,"plants","Ad","","Jari Vandendendriessche",1,"10m² quadrat","DIGITAF_BIODIVERSITY_FLEMISH_TREEROWS:OCCURRENCE:plants:10m² quadrat:Me:crtl:2023-05-23:391"
"Me","crtl","Vicia sativa","Me_crtl",2023-05-23,"Fabaceae","Fabales",50.988918,3.828591,"plants","Ad","","Jari Vandendendriessche",3,"10m² quadrat","DIGITAF_BIODIVERSITY_FLEMISH_TREEROWS:OCCURRENCE:plants:10m² quadrat:Me:crtl:2023-05-23:392"
"Me","tree","Aegopodium podagraria","Me_tree",2023-05-23,"Apiaceae","Apiales",50.989864,3.829628,"plants","Ad","","Jari Vandendendriessche",15,"10m² quadrat","DIGITAF_BIODIVERSITY_FLEMISH_TREEROWS:OCCURRENCE:plants:10m² quadrat:Me:tree:2023-05-23:393"
"Me","tree","Arrhenatherum elatius","Me_tree",2023-05-23,"Poaceae","Poales",50.989864,3.829628,"plants","Ad","","Jari Vandendendriessche",75,"10m² quadrat","DIGITAF_BIODIVERSITY_FLEMISH_TREEROWS:OCCURRENCE:plants:10m² quadrat:Me:tree:2023-05-23:394"
"Me","tree","Cirsium arvense","Me_tree",2023-05-23,"Asteraceae","Asterales",50.989864,3.829628,"plants","Ad","","Jari Vandendendriessche",3,"10m² quadrat","DIGITAF_BIODIVERSITY_FLEMISH_TREEROWS:OCCURRENCE:plants:10m² quadrat:Me:tree:2023-05-23:395"
"Me","tree","Convolvulus sepium","Me_tree",2023-05-23,"Convolvulaceae","Solanales",50.989864,3.829628,"plants","Ad","","Jari Vandendendriessche",1,"10m² quadrat","DIGITAF_BIODIVERSITY_FLEMISH_TREEROWS:OCCURRENCE:plants:10m² quadrat:Me:tree:2023-05-23:396"
"Me","tree","Dactylis glomerata","Me_tree",2023-05-23,"Poaceae","Poales",50.989864,3.829628,"plants","Ad","","Jari Vandendendriessche",3,"10m² quadrat","DIGITAF_BIODIVERSITY_FLEMISH_TREEROWS:OCCURRENCE:plants:10m² quadrat:Me:tree:2023-05-23:397"
"Me","tree","Draba verna","Me_tree",2023-05-23,"Brassicaceae","Brassicales",50.989864,3.829628,"plants","Ad","","Jari Vandendendriessche",1,"10m² quadrat","DIGITAF_BIODIVERSITY_FLEMISH_TREEROWS:OCCURRENCE:plants:10m² quadrat:Me:tree:2023-05-23:398"
"Me","tree","Fraxinus excelsior","Me_tree",2023-05-23,"Oleaceae","Lamiales",50.989864,3.829628,"plants","Ad","","Jari Vandendendriessche",10,"10m² quadrat","DIGITAF_BIODIVERSITY_FLEMISH_TREEROWS:OCCURRENCE:plants:10m² quadrat:Me:tree:2023-05-23:399"
"Me","tree","Geranium molle","Me_tree",2023-05-23,"Geraniaceae","Geraniales",50.989864,3.829628,"plants","Ad","","Jari Vandendendriessche",1,"10m² quadrat","DIGITAF_BIODIVERSITY_FLEMISH_TREEROWS:OCCURRENCE:plants:10m² quadrat:Me:tree:2023-05-23:400"
"Me","tree","Heracleum sphondylium","Me_tree",2023-05-23,"Apiaceae","Apiales",50.989864,3.829628,"plants","Ad","","Jari Vandendendriessche",7,"10m² quadrat","DIGITAF_BIODIVERSITY_FLEMISH_TREEROWS:OCCURRENCE:plants:10m² quadrat:Me:tree:2023-05-23:401"
"Me","tree","Lamium album","Me_tree",2023-05-23,"Lamiaceae","Lamiales",50.989864,3.829628,"plants","Ad","","Jari Vandendendriessche",1,"10m² quadrat","DIGITAF_BIODIVERSITY_FLEMISH_TREEROWS:OCCURRENCE:plants:10m² quadrat:Me:tree:2023-05-23:402"
"Me","tree","Poa trivialis","Me_tree",2023-05-23,"Poaceae","Poales",50.989864,3.829628,"plants","Ad","","Jari Vandendendriessche",15,"10m² quadrat","DIGITAF_BIODIVERSITY_FLEMISH_TREEROWS:OCCURRENCE:plants:10m² quadrat:Me:tree:2023-05-23:403"
"Me","tree","Ranunculus repens","Me_tree",2023-05-23,"Ranunculaceae","Ranunculales",50.989864,3.829628,"plants","Ad","","Jari Vandendendriessche",3,"10m² quadrat","DIGITAF_BIODIVERSITY_FLEMISH_TREEROWS:OCCURRENCE:plants:10m² quadrat:Me:tree:2023-05-23:404"
"Me","tree","Ranunculus sceleratus","Me_tree",2023-05-23,"Ranunculaceae","Ranunculales",50.989864,3.829628,"plants","Ad","","Jari Vandendendriessche",1,"10m² quadrat","DIGITAF_BIODIVERSITY_FLEMISH_TREEROWS:OCCURRENCE:plants:10m² quadrat:Me:tree:2023-05-23:405"
"Me","tree","Rubus Sec. Rubus","Me_tree",2023-05-23,"Rosaceae","Rosales",50.989864,3.829628,"plants","Ad","","Jari Vandendendriessche",1,"10m² quadrat","DIGITAF_BIODIVERSITY_FLEMISH_TREEROWS:OCCURRENCE:plants:10m² quadrat:Me:tree:2023-05-23:406"
"Me","tree","Stellaria holostea","Me_tree",2023-05-23,"Caryophyllaceae","Caryophyllales",50.989864,3.829628,"plants","Ad","","Jari Vandendendriessche",7,"10m² quadrat","DIGITAF_BIODIVERSITY_FLEMISH_TREEROWS:OCCURRENCE:plants:10m² quadrat:Me:tree:2023-05-23:407"
"Me","tree","Symphytum officinale","Me_tree",2023-05-23,"Boraginaceae","Boraginales",50.989864,3.829628,"plants","Ad","","Jari Vandendendriessche",25,"10m² quadrat","DIGITAF_BIODIVERSITY_FLEMISH_TREEROWS:OCCURRENCE:plants:10m² quadrat:Me:tree:2023-05-23:408"
"Me","tree","Urtica dioica","Me_tree",2023-05-23,"Urticaceae","Rosales",50.989864,3.829628,"plants","Ad","","Jari Vandendendriessche",3,"10m² quadrat","DIGITAF_BIODIVERSITY_FLEMISH_TREEROWS:OCCURRENCE:plants:10m² quadrat:Me:tree:2023-05-23:409"
"Me","tree","Veronica arvensis","Me_tree",2023-05-23,"Plantaginaceae","Lamiales",50.989864,3.829628,"plants","Ad","","Jari Vandendendriessche",1,"10m² quadrat","DIGITAF_BIODIVERSITY_FLEMISH_TREEROWS:OCCURRENCE:plants:10m² quadrat:Me:tree:2023-05-23:410"
"Me","tree","Veronica chamaedrys","Me_tree",2023-05-23,"Plantaginaceae","Lamiales",50.989864,3.829628,"plants","Ad","","Jari Vandendendriessche",1,"10m² quadrat","DIGITAF_BIODIVERSITY_FLEMISH_TREEROWS:OCCURRENCE:plants:10m² quadrat:Me:tree:2023-05-23:411"
"Me","tree","Vicia sativa","Me_tree",2023-05-23,"Fabaceae","Fabales",50.989864,3.829628,"plants","Ad","","Jari Vandendendriessche",7,"10m² quadrat","DIGITAF_BIODIVERSITY_FLEMISH_TREEROWS:OCCURRENCE:plants:10m² quadrat:Me:tree:2023-05-23:412"
"Me1","crtl","Acer pseudoplatanus","Me1_crtl",2023-05-23,"Sapindaceae","Sapindales",50.99086,3.820881,"plants","Ad","","Jari Vandendendriessche",1,"10m² quadrat","DIGITAF_BIODIVERSITY_FLEMISH_TREEROWS:OCCURRENCE:plants:10m² quadrat:Me1:crtl:2023-05-23:413"
"Me1","crtl","Aegopodium podagraria","Me1_crtl",2023-05-23,"Apiaceae","Apiales",50.99086,3.820881,"plants","Ad","","Jari Vandendendriessche",1,"10m² quadrat","DIGITAF_BIODIVERSITY_FLEMISH_TREEROWS:OCCURRENCE:plants:10m² quadrat:Me1:crtl:2023-05-23:414"
"Me1","crtl","Alopecurus geniculatus","Me1_crtl",2023-05-23,"Poaceae","Poales",50.99086,3.820881,"plants","Ad","","Jari Vandendendriessche",7,"10m² quadrat","DIGITAF_BIODIVERSITY_FLEMISH_TREEROWS:OCCURRENCE:plants:10m² quadrat:Me1:crtl:2023-05-23:415"
"Me1","crtl","Anthriscus sylvestris","Me1_crtl",2023-05-23,"Apiaceae","Apiales",50.99086,3.820881,"plants","Ad","","Jari Vandendendriessche",15,"10m² quadrat","DIGITAF_BIODIVERSITY_FLEMISH_TREEROWS:OCCURRENCE:plants:10m² quadrat:Me1:crtl:2023-05-23:416"
"Me1","crtl","Arrhenatherum elatius","Me1_crtl",2023-05-23,"Poaceae","Poales",50.99086,3.820881,"plants","Ad","","Jari Vandendendriessche",45,"10m² quadrat","DIGITAF_BIODIVERSITY_FLEMISH_TREEROWS:OCCURRENCE:plants:10m² quadrat:Me1:crtl:2023-05-23:417"
"Me1","crtl","Cardamine flexuosa","Me1_crtl",2023-05-23,"Brassicaceae","Brassicales",50.99086,3.820881,"plants","Ad","","Jari Vandendendriessche",1,"10m² quadrat","DIGITAF_BIODIVERSITY_FLEMISH_TREEROWS:OCCURRENCE:plants:10m² quadrat:Me1:crtl:2023-05-23:418"
"Me1","crtl","Convolvulus sepium","Me1_crtl",2023-05-23,"Convolvulaceae","Solanales",50.99086,3.820881,"plants","Ad","","Jari Vandendendriessche",1,"10m² quadrat","DIGITAF_BIODIVERSITY_FLEMISH_TREEROWS:OCCURRENCE:plants:10m² quadrat:Me1:crtl:2023-05-23:419"
"Me1","crtl","Dactylis glomerata","Me1_crtl",2023-05-23,"Poaceae","Poales",50.99086,3.820881,"plants","Ad","","Jari Vandendendriessche",15,"10m² quadrat","DIGITAF_BIODIVERSITY_FLEMISH_TREEROWS:OCCURRENCE:plants:10m² quadrat:Me1:crtl:2023-05-23:420"
"Me1","crtl","Filipendula ulmaria","Me1_crtl",2023-05-23,"Rosaceae","Rosales",50.99086,3.820881,"plants","Ad","","Jari Vandendendriessche",3,"10m² quadrat","DIGITAF_BIODIVERSITY_FLEMISH_TREEROWS:OCCURRENCE:plants:10m² quadrat:Me1:crtl:2023-05-23:421"
"Me1","crtl","Lamium album","Me1_crtl",2023-05-23,"Lamiaceae","Lamiales",50.99086,3.820881,"plants","Ad","","Jari Vandendendriessche",7,"10m² quadrat","DIGITAF_BIODIVERSITY_FLEMISH_TREEROWS:OCCURRENCE:plants:10m² quadrat:Me1:crtl:2023-05-23:422"
"Me1","crtl","Lamium purpureum","Me1_crtl",2023-05-23,"Lamiaceae","Lamiales",50.99086,3.820881,"plants","Ad","","Jari Vandendendriessche",1,"10m² quadrat","DIGITAF_BIODIVERSITY_FLEMISH_TREEROWS:OCCURRENCE:plants:10m² quadrat:Me1:crtl:2023-05-23:423"
"Me1","crtl","Lapsana communis","Me1_crtl",2023-05-23,"Asteraceae","Asterales",50.99086,3.820881,"plants","Ad","","Jari Vandendendriessche",1,"10m² quadrat","DIGITAF_BIODIVERSITY_FLEMISH_TREEROWS:OCCURRENCE:plants:10m² quadrat:Me1:crtl:2023-05-23:424"
"Me1","crtl","Poa trivialis","Me1_crtl",2023-05-23,"Poaceae","Poales",50.99086,3.820881,"plants","Ad","","Jari Vandendendriessche",25,"10m² quadrat","DIGITAF_BIODIVERSITY_FLEMISH_TREEROWS:OCCURRENCE:plants:10m² quadrat:Me1:crtl:2023-05-23:425"
"Me1","crtl","Ranunculus repens","Me1_crtl",2023-05-23,"Ranunculaceae","Ranunculales",50.99086,3.820881,"plants","Ad","","Jari Vandendendriessche",7,"10m² quadrat","DIGITAF_BIODIVERSITY_FLEMISH_TREEROWS:OCCURRENCE:plants:10m² quadrat:Me1:crtl:2023-05-23:426"
"Me1","crtl","Ranunculus spec.","Me1_crtl",2023-05-23,"Ranunculaceae","Ranunculales",50.99086,3.820881,"plants","Ad","","Jari Vandendendriessche",15,"10m² quadrat","DIGITAF_BIODIVERSITY_FLEMISH_TREEROWS:OCCURRENCE:plants:10m² quadrat:Me1:crtl:2023-05-23:427"
"Me1","crtl","Rumex acetosa","Me1_crtl",2023-05-23,"Polygonaceae","Caryophyllales",50.99086,3.820881,"plants","Ad","","Jari Vandendendriessche",1,"10m² quadrat","DIGITAF_BIODIVERSITY_FLEMISH_TREEROWS:OCCURRENCE:plants:10m² quadrat:Me1:crtl:2023-05-23:428"
"Me1","crtl","Urtica dioica","Me1_crtl",2023-05-23,"Urticaceae","Rosales",50.99086,3.820881,"plants","Ad","","Jari Vandendendriessche",25,"10m² quadrat","DIGITAF_BIODIVERSITY_FLEMISH_TREEROWS:OCCURRENCE:plants:10m² quadrat:Me1:crtl:2023-05-23:429"
"Me1","tree","Alopecurus geniculatus","Me1_tree",2023-05-23,"Poaceae","Poales",50.992008,3.820138,"plants","Ad","","Jari Vandendendriessche",7,"10m² quadrat","DIGITAF_BIODIVERSITY_FLEMISH_TREEROWS:OCCURRENCE:plants:10m² quadrat:Me1:tree:2023-05-23:430"
"Me1","tree","Arrhenatherum elatius","Me1_tree",2023-05-23,"Poaceae","Poales",50.992008,3.820138,"plants","Ad","","Jari Vandendendriessche",85,"10m² quadrat","DIGITAF_BIODIVERSITY_FLEMISH_TREEROWS:OCCURRENCE:plants:10m² quadrat:Me1:tree:2023-05-23:431"
"Me1","tree","Crataegus monogyna","Me1_tree",2023-05-23,"Rosaceae","Rosales",50.992008,3.820138,"plants","Ad","","Jari Vandendendriessche",3,"10m² quadrat","DIGITAF_BIODIVERSITY_FLEMISH_TREEROWS:OCCURRENCE:plants:10m² quadrat:Me1:tree:2023-05-23:432"
"Me1","tree","Fagus sylvatica","Me1_tree",2023-05-23,"Fagaceae","Fagales",50.992008,3.820138,"plants","Ad","","Jari Vandendendriessche",95,"10m² quadrat","DIGITAF_BIODIVERSITY_FLEMISH_TREEROWS:OCCURRENCE:plants:10m² quadrat:Me1:tree:2023-05-23:433"
"Me1","tree","Galium aparine","Me1_tree",2023-05-23,"Rubiaceae","Gentianales",50.992008,3.820138,"plants","Ad","","Jari Vandendendriessche",1,"10m² quadrat","DIGITAF_BIODIVERSITY_FLEMISH_TREEROWS:OCCURRENCE:plants:10m² quadrat:Me1:tree:2023-05-23:434"
"Me1","tree","Hedera helix","Me1_tree",2023-05-23,"Araliaceae","Apiales",50.992008,3.820138,"plants","Ad","","Jari Vandendendriessche",15,"10m² quadrat","DIGITAF_BIODIVERSITY_FLEMISH_TREEROWS:OCCURRENCE:plants:10m² quadrat:Me1:tree:2023-05-23:435"
"Me1","tree","Lamium purpureum","Me1_tree",2023-05-23,"Lamiaceae","Lamiales",50.992008,3.820138,"plants","Ad","","Jari Vandendendriessche",7,"10m² quadrat","DIGITAF_BIODIVERSITY_FLEMISH_TREEROWS:OCCURRENCE:plants:10m² quadrat:Me1:tree:2023-05-23:436"
"Me1","tree","Lapsana communis","Me1_tree",2023-05-23,"Asteraceae","Asterales",50.992008,3.820138,"plants","Ad","","Jari Vandendendriessche",1,"10m² quadrat","DIGITAF_BIODIVERSITY_FLEMISH_TREEROWS:OCCURRENCE:plants:10m² quadrat:Me1:tree:2023-05-23:437"
"Me1","tree","Quercus robur","Me1_tree",2023-05-23,"Fagaceae","Fagales",50.992008,3.820138,"plants","Ad","","Jari Vandendendriessche",3,"10m² quadrat","DIGITAF_BIODIVERSITY_FLEMISH_TREEROWS:OCCURRENCE:plants:10m² quadrat:Me1:tree:2023-05-23:438"
"Me1","tree","Rubus Sec. Rubus","Me1_tree",2023-05-23,"Rosaceae","Rosales",50.992008,3.820138,"plants","Ad","","Jari Vandendendriessche",15,"10m² quadrat","DIGITAF_BIODIVERSITY_FLEMISH_TREEROWS:OCCURRENCE:plants:10m² quadrat:Me1:tree:2023-05-23:439"
"Me1","tree","Sonchus oleraceus","Me1_tree",2023-05-23,"Asteraceae","Asterales",50.992008,3.820138,"plants","Ad","","Jari Vandendendriessche",1,"10m² quadrat","DIGITAF_BIODIVERSITY_FLEMISH_TREEROWS:OCCURRENCE:plants:10m² quadrat:Me1:tree:2023-05-23:440"
"Me2","crtl","Aethusa cynapium","Me2_crtl",2023-05-23,"Apiaceae","Apiales",50.988483,3.808303,"plants","Ad","","Jari Vandendendriessche",3,"10m² quadrat","DIGITAF_BIODIVERSITY_FLEMISH_TREEROWS:OCCURRENCE:plants:10m² quadrat:Me2:crtl:2023-05-23:441"
"Me2","crtl","Anisantha sterilis","Me2_crtl",2023-05-23,"Poaceae","Poales",50.988483,3.808303,"plants","Ad","","Jari Vandendendriessche",35,"10m² quadrat","DIGITAF_BIODIVERSITY_FLEMISH_TREEROWS:OCCURRENCE:plants:10m² quadrat:Me2:crtl:2023-05-23:442"
"Me2","crtl","Arrhenatherum elatius","Me2_crtl",2023-05-23,"Poaceae","Poales",50.988483,3.808303,"plants","Ad","","Jari Vandendendriessche",35,"10m² quadrat","DIGITAF_BIODIVERSITY_FLEMISH_TREEROWS:OCCURRENCE:plants:10m² quadrat:Me2:crtl:2023-05-23:443"
"Me2","crtl","Cerastium glomeratum","Me2_crtl",2023-05-23,"Caryophyllaceae","Caryophyllales",50.988483,3.808303,"plants","Ad","","Jari Vandendendriessche",7,"10m² quadrat","DIGITAF_BIODIVERSITY_FLEMISH_TREEROWS:OCCURRENCE:plants:10m² quadrat:Me2:crtl:2023-05-23:444"
"Me2","crtl","Chenopodium album","Me2_crtl",2023-05-23,"Amaranthaceae","Caryophyllales",50.988483,3.808303,"plants","Ad","","Jari Vandendendriessche",1,"10m² quadrat","DIGITAF_BIODIVERSITY_FLEMISH_TREEROWS:OCCURRENCE:plants:10m² quadrat:Me2:crtl:2023-05-23:445"
"Me2","crtl","Epilobium spec.","Me2_crtl",2023-05-23,"Onagraceae","Myrtales",50.988483,3.808303,"plants","Ad","","Jari Vandendendriessche",1,"10m² quadrat","DIGITAF_BIODIVERSITY_FLEMISH_TREEROWS:OCCURRENCE:plants:10m² quadrat:Me2:crtl:2023-05-23:446"
"Me2","crtl","Erigeron canadensis","Me2_crtl",2023-05-23,"Asteraceae","Asterales",50.988483,3.808303,"plants","Ad","","Jari Vandendendriessche",1,"10m² quadrat","DIGITAF_BIODIVERSITY_FLEMISH_TREEROWS:OCCURRENCE:plants:10m² quadrat:Me2:crtl:2023-05-23:447"
"Me2","crtl","Galium aparine","Me2_crtl",2023-05-23,"Rubiaceae","Gentianales",50.988483,3.808303,"plants","Ad","","Jari Vandendendriessche",1,"10m² quadrat","DIGITAF_BIODIVERSITY_FLEMISH_TREEROWS:OCCURRENCE:plants:10m² quadrat:Me2:crtl:2023-05-23:448"
"Me2","crtl","Holcus lanatus","Me2_crtl",2023-05-23,"Poaceae","Poales",50.988483,3.808303,"plants","Ad","","Jari Vandendendriessche",45,"10m² quadrat","DIGITAF_BIODIVERSITY_FLEMISH_TREEROWS:OCCURRENCE:plants:10m² quadrat:Me2:crtl:2023-05-23:449"
"Me2","crtl","Jacobaea vulgaris","Me2_crtl",2023-05-23,"Asteraceae","Asterales",50.988483,3.808303,"plants","Ad","","Jari Vandendendriessche",3,"10m² quadrat","DIGITAF_BIODIVERSITY_FLEMISH_TREEROWS:OCCURRENCE:plants:10m² quadrat:Me2:crtl:2023-05-23:450"
"Me2","crtl","Linaria purpurea","Me2_crtl",2023-05-23,"Plantaginaceae","Lamiales",50.988483,3.808303,"plants","Ad","","Jari Vandendendriessche",1,"10m² quadrat","DIGITAF_BIODIVERSITY_FLEMISH_TREEROWS:OCCURRENCE:plants:10m² quadrat:Me2:crtl:2023-05-23:451"
"Me2","crtl","Ranunculus repens","Me2_crtl",2023-05-23,"Ranunculaceae","Ranunculales",50.988483,3.808303,"plants","Ad","","Jari Vandendendriessche",7,"10m² quadrat","DIGITAF_BIODIVERSITY_FLEMISH_TREEROWS:OCCURRENCE:plants:10m² quadrat:Me2:crtl:2023-05-23:452"
"Me2","crtl","Schedonorus arundinaceus","Me2_crtl",2023-05-23,"Poaceae","Poales",50.988483,3.808303,"plants","Ad","","Jari Vandendendriessche",3,"10m² quadrat","DIGITAF_BIODIVERSITY_FLEMISH_TREEROWS:OCCURRENCE:plants:10m² quadrat:Me2:crtl:2023-05-23:453"
"Me2","crtl","Sonchus oleraceus","Me2_crtl",2023-05-23,"Asteraceae","Asterales",50.988483,3.808303,"plants","Ad","","Jari Vandendendriessche",7,"10m² quadrat","DIGITAF_BIODIVERSITY_FLEMISH_TREEROWS:OCCURRENCE:plants:10m² quadrat:Me2:crtl:2023-05-23:454"
"Me2","crtl","Stellaria media","Me2_crtl",2023-05-23,"Caryophyllaceae","Caryophyllales",50.988483,3.808303,"plants","Ad","","Jari Vandendendriessche",1,"10m² quadrat","DIGITAF_BIODIVERSITY_FLEMISH_TREEROWS:OCCURRENCE:plants:10m² quadrat:Me2:crtl:2023-05-23:455"
"Me2","crtl","Tripleurospermum maritimum","Me2_crtl",2023-05-23,"Asteraceae","Asterales",50.988483,3.808303,"plants","Ad","","Jari Vandendendriessche",7,"10m² quadrat","DIGITAF_BIODIVERSITY_FLEMISH_TREEROWS:OCCURRENCE:plants:10m² quadrat:Me2:crtl:2023-05-23:456"
"Me2","crtl","Urtica dioica","Me2_crtl",2023-05-23,"Urticaceae","Rosales",50.988483,3.808303,"plants","Ad","","Jari Vandendendriessche",1,"10m² quadrat","DIGITAF_BIODIVERSITY_FLEMISH_TREEROWS:OCCURRENCE:plants:10m² quadrat:Me2:crtl:2023-05-23:457"
"Me2","crtl","Veronica hederifolia","Me2_crtl",2023-05-23,"Plantaginaceae","Lamiales",50.988483,3.808303,"plants","Ad","","Jari Vandendendriessche",7,"10m² quadrat","DIGITAF_BIODIVERSITY_FLEMISH_TREEROWS:OCCURRENCE:plants:10m² quadrat:Me2:crtl:2023-05-23:458"
"Me2","tree","Acer campestre","Me2_tree",2023-05-23,"Sapindaceae","Sapindales",50.988411,3.808989,"plants","Ad","","Jari Vandendendriessche",55,"10m² quadrat","DIGITAF_BIODIVERSITY_FLEMISH_TREEROWS:OCCURRENCE:plants:10m² quadrat:Me2:tree:2023-05-23:459"
"Me2","tree","Achillea millefolium","Me2_tree",2023-05-23,"Asteraceae","Asterales",50.988411,3.808989,"plants","Ad","","Jari Vandendendriessche",15,"10m² quadrat","DIGITAF_BIODIVERSITY_FLEMISH_TREEROWS:OCCURRENCE:plants:10m² quadrat:Me2:tree:2023-05-23:460"
"Me2","tree","Alopecurus geniculatus","Me2_tree",2023-05-23,"Poaceae","Poales",50.988411,3.808989,"plants","Ad","","Jari Vandendendriessche",3,"10m² quadrat","DIGITAF_BIODIVERSITY_FLEMISH_TREEROWS:OCCURRENCE:plants:10m² quadrat:Me2:tree:2023-05-23:461"
"Me2","tree","Arrhenatherum elatius","Me2_tree",2023-05-23,"Poaceae","Poales",50.988411,3.808989,"plants","Ad","","Jari Vandendendriessche",25,"10m² quadrat","DIGITAF_BIODIVERSITY_FLEMISH_TREEROWS:OCCURRENCE:plants:10m² quadrat:Me2:tree:2023-05-23:462"
"Me2","tree","Convolvulus sepium","Me2_tree",2023-05-23,"Convolvulaceae","Solanales",50.988411,3.808989,"plants","Ad","","Jari Vandendendriessche",1,"10m² quadrat","DIGITAF_BIODIVERSITY_FLEMISH_TREEROWS:OCCURRENCE:plants:10m² quadrat:Me2:tree:2023-05-23:463"
"Me2","tree","Dactylis glomerata","Me2_tree",2023-05-23,"Poaceae","Poales",50.988411,3.808989,"plants","Ad","","Jari Vandendendriessche",15,"10m² quadrat","DIGITAF_BIODIVERSITY_FLEMISH_TREEROWS:OCCURRENCE:plants:10m² quadrat:Me2:tree:2023-05-23:464"
"Me2","tree","Daucus carota","Me2_tree",2023-05-23,"Apiaceae","Apiales",50.988411,3.808989,"plants","Ad","","Jari Vandendendriessche",3,"10m² quadrat","DIGITAF_BIODIVERSITY_FLEMISH_TREEROWS:OCCURRENCE:plants:10m² quadrat:Me2:tree:2023-05-23:465"
"Me2","tree","Galium aparine","Me2_tree",2023-05-23,"Rubiaceae","Gentianales",50.988411,3.808989,"plants","Ad","","Jari Vandendendriessche",1,"10m² quadrat","DIGITAF_BIODIVERSITY_FLEMISH_TREEROWS:OCCURRENCE:plants:10m² quadrat:Me2:tree:2023-05-23:466"
"Me2","tree","Geranium dissectum","Me2_tree",2023-05-23,"Geraniaceae","Geraniales",50.988411,3.808989,"plants","Ad","","Jari Vandendendriessche",3,"10m² quadrat","DIGITAF_BIODIVERSITY_FLEMISH_TREEROWS:OCCURRENCE:plants:10m² quadrat:Me2:tree:2023-05-23:467"
"Me2","tree","Holcus lanatus","Me2_tree",2023-05-23,"Poaceae","Poales",50.988411,3.808989,"plants","Ad","","Jari Vandendendriessche",3,"10m² quadrat","DIGITAF_BIODIVERSITY_FLEMISH_TREEROWS:OCCURRENCE:plants:10m² quadrat:Me2:tree:2023-05-23:468"
"Me2","tree","Hypericum tetrapterum","Me2_tree",2023-05-23,"Hypericaceae","Malpighiales",50.988411,3.808989,"plants","Ad","","Jari Vandendendriessche",1,"10m² quadrat","DIGITAF_BIODIVERSITY_FLEMISH_TREEROWS:OCCURRENCE:plants:10m² quadrat:Me2:tree:2023-05-23:469"
"Me2","tree","Lapsana communis","Me2_tree",2023-05-23,"Asteraceae","Asterales",50.988411,3.808989,"plants","Ad","","Jari Vandendendriessche",1,"10m² quadrat","DIGITAF_BIODIVERSITY_FLEMISH_TREEROWS:OCCURRENCE:plants:10m² quadrat:Me2:tree:2023-05-23:470"
"Me2","tree","Myosotis arvensis","Me2_tree",2023-05-23,"Boraginaceae","Boraginales",50.988411,3.808989,"plants","Ad","","Jari Vandendendriessche",3,"10m² quadrat","DIGITAF_BIODIVERSITY_FLEMISH_TREEROWS:OCCURRENCE:plants:10m² quadrat:Me2:tree:2023-05-23:471"
"Me2","tree","Papaver dubium","Me2_tree",2023-05-23,"Papaveraceae","Ranunculales",50.988411,3.808989,"plants","Ad","","Jari Vandendendriessche",1,"10m² quadrat","DIGITAF_BIODIVERSITY_FLEMISH_TREEROWS:OCCURRENCE:plants:10m² quadrat:Me2:tree:2023-05-23:472"
"Me2","tree","Plantago lanceolata","Me2_tree",2023-05-23,"Plantaginaceae","Lamiales",50.988411,3.808989,"plants","Ad","","Jari Vandendendriessche",7,"10m² quadrat","DIGITAF_BIODIVERSITY_FLEMISH_TREEROWS:OCCURRENCE:plants:10m² quadrat:Me2:tree:2023-05-23:473"
"Me2","tree","Poa trivialis","Me2_tree",2023-05-23,"Poaceae","Poales",50.988411,3.808989,"plants","Ad","","Jari Vandendendriessche",35,"10m² quadrat","DIGITAF_BIODIVERSITY_FLEMISH_TREEROWS:OCCURRENCE:plants:10m² quadrat:Me2:tree:2023-05-23:474"
"Me2","tree","Ranunculus acris","Me2_tree",2023-05-23,"Ranunculaceae","Ranunculales",50.988411,3.808989,"plants","Ad","","Jari Vandendendriessche",7,"10m² quadrat","DIGITAF_BIODIVERSITY_FLEMISH_TREEROWS:OCCURRENCE:plants:10m² quadrat:Me2:tree:2023-05-23:475"
"Me2","tree","Symphytum officinale","Me2_tree",2023-05-23,"Boraginaceae","Boraginales",50.988411,3.808989,"plants","Ad","","Jari Vandendendriessche",7,"10m² quadrat","DIGITAF_BIODIVERSITY_FLEMISH_TREEROWS:OCCURRENCE:plants:10m² quadrat:Me2:tree:2023-05-23:476"
"Me2","tree","Trifolium dubium","Me2_tree",2023-05-23,"Fabaceae","Fabales",50.988411,3.808989,"plants","Ad","","Jari Vandendendriessche",3,"10m² quadrat","DIGITAF_BIODIVERSITY_FLEMISH_TREEROWS:OCCURRENCE:plants:10m² quadrat:Me2:tree:2023-05-23:477"
"Me2","tree","Tripleurospermum maritimum","Me2_tree",2023-05-23,"Asteraceae","Asterales",50.988411,3.808989,"plants","Ad","","Jari Vandendendriessche",1,"10m² quadrat","DIGITAF_BIODIVERSITY_FLEMISH_TREEROWS:OCCURRENCE:plants:10m² quadrat:Me2:tree:2023-05-23:478"
"Me2","tree","Urtica dioica","Me2_tree",2023-05-23,"Urticaceae","Rosales",50.988411,3.808989,"plants","Ad","","Jari Vandendendriessche",1,"10m² quadrat","DIGITAF_BIODIVERSITY_FLEMISH_TREEROWS:OCCURRENCE:plants:10m² quadrat:Me2:tree:2023-05-23:479"
"Me2","tree","Veronica hederifolia","Me2_tree",2023-05-23,"Plantaginaceae","Lamiales",50.988411,3.808989,"plants","Ad","","Jari Vandendendriessche",7,"10m² quadrat","DIGITAF_BIODIVERSITY_FLEMISH_TREEROWS:OCCURRENCE:plants:10m² quadrat:Me2:tree:2023-05-23:480"
"Me2","tree","Vicia hirsuta","Me2_tree",2023-05-23,"Fabaceae","Fabales",50.988411,3.808989,"plants","Ad","","Jari Vandendendriessche",15,"10m² quadrat","DIGITAF_BIODIVERSITY_FLEMISH_TREEROWS:OCCURRENCE:plants:10m² quadrat:Me2:tree:2023-05-23:481"
"Me2","tree","Vicia sativa","Me2_tree",2023-05-23,"Fabaceae","Fabales",50.988411,3.808989,"plants","Ad","","Jari Vandendendriessche",25,"10m² quadrat","DIGITAF_BIODIVERSITY_FLEMISH_TREEROWS:OCCURRENCE:plants:10m² quadrat:Me2:tree:2023-05-23:482"
"Oz","crop","Arrhenatherum elatius","Oz_crop",2023-05-23,"Poaceae","Poales",50.930752,3.833002,"plants","Ad","","Jari Vandendendriessche",7,"10m² quadrat","DIGITAF_BIODIVERSITY_FLEMISH_TREEROWS:OCCURRENCE:plants:10m² quadrat:Oz:crop:2023-05-23:483"
"Oz","crop","Sonchus oleraceus","Oz_crop",2023-05-23,"Asteraceae","Asterales",50.930752,3.833002,"plants","Ad","","Jari Vandendendriessche",1,"10m² quadrat","DIGITAF_BIODIVERSITY_FLEMISH_TREEROWS:OCCURRENCE:plants:10m² quadrat:Oz:crop:2023-05-23:484"
"Oz","crop","Stellaria media","Oz_crop",2023-05-23,"Caryophyllaceae","Caryophyllales",50.930752,3.833002,"plants","Ad","","Jari Vandendendriessche",35,"10m² quadrat","DIGITAF_BIODIVERSITY_FLEMISH_TREEROWS:OCCURRENCE:plants:10m² quadrat:Oz:crop:2023-05-23:485"
"Oz","crop","Taraxacum officinale s.l. (incl. all sec.)","Oz_crop",2023-05-23,"Asteraceae","Asterales",50.930752,3.833002,"plants","Ad","","Jari Vandendendriessche",7,"10m² quadrat","DIGITAF_BIODIVERSITY_FLEMISH_TREEROWS:OCCURRENCE:plants:10m² quadrat:Oz:crop:2023-05-23:486"
"Oz","crop","Trifolium repens","Oz_crop",2023-05-23,"Fabaceae","Fabales",50.930752,3.833002,"plants","Ad","","Jari Vandendendriessche",1,"10m² quadrat","DIGITAF_BIODIVERSITY_FLEMISH_TREEROWS:OCCURRENCE:plants:10m² quadrat:Oz:crop:2023-05-23:487"
"Oz","crop","Tripleurospermum maritimum","Oz_crop",2023-05-23,"Asteraceae","Asterales",50.930752,3.833002,"plants","Ad","","Jari Vandendendriessche",1,"10m² quadrat","DIGITAF_BIODIVERSITY_FLEMISH_TREEROWS:OCCURRENCE:plants:10m² quadrat:Oz:crop:2023-05-23:488"
"Oz","crop","x Triticale","Oz_crop",2023-05-23,"Poaceae","Poales",50.930752,3.833002,"plants","Ad","","Jari Vandendendriessche",95,"10m² quadrat","DIGITAF_BIODIVERSITY_FLEMISH_TREEROWS:OCCURRENCE:plants:10m² quadrat:Oz:crop:2023-05-23:489"
"Oz","crtl","Aethusa cynapium","Oz_crtl",2023-05-23,"Apiaceae","Apiales",50.930698,3.833295,"plants","Ad","","Jari Vandendendriessche",3,"10m² quadrat","DIGITAF_BIODIVERSITY_FLEMISH_TREEROWS:OCCURRENCE:plants:10m² quadrat:Oz:crtl:2023-05-23:490"
"Oz","crtl","Alcea rosea","Oz_crtl",2023-05-23,"Malvaceae","Malvales",50.930698,3.833295,"plants","Ad","","Jari Vandendendriessche",1,"10m² quadrat","DIGITAF_BIODIVERSITY_FLEMISH_TREEROWS:OCCURRENCE:plants:10m² quadrat:Oz:crtl:2023-05-23:491"
"Oz","crtl","Arrhenatherum elatius","Oz_crtl",2023-05-23,"Poaceae","Poales",50.930698,3.833295,"plants","Ad","","Jari Vandendendriessche",25,"10m² quadrat","DIGITAF_BIODIVERSITY_FLEMISH_TREEROWS:OCCURRENCE:plants:10m² quadrat:Oz:crtl:2023-05-23:492"
"Oz","crtl","Capsella bursa-pastoris","Oz_crtl",2023-05-23,"Brassicaceae","Brassicales",50.930698,3.833295,"plants","Ad","","Jari Vandendendriessche",35,"10m² quadrat","DIGITAF_BIODIVERSITY_FLEMISH_TREEROWS:OCCURRENCE:plants:10m² quadrat:Oz:crtl:2023-05-23:493"
"Oz","crtl","Cirsium arvense","Oz_crtl",2023-05-23,"Asteraceae","Asterales",50.930698,3.833295,"plants","Ad","","Jari Vandendendriessche",7,"10m² quadrat","DIGITAF_BIODIVERSITY_FLEMISH_TREEROWS:OCCURRENCE:plants:10m² quadrat:Oz:crtl:2023-05-23:494"
"Oz","crtl","Holcus lanatus","Oz_crtl",2023-05-23,"Poaceae","Poales",50.930698,3.833295,"plants","Ad","","Jari Vandendendriessche",35,"10m² quadrat","DIGITAF_BIODIVERSITY_FLEMISH_TREEROWS:OCCURRENCE:plants:10m² quadrat:Oz:crtl:2023-05-23:495"
"Oz","crtl","Lamium purpureum","Oz_crtl",2023-05-23,"Lamiaceae","Lamiales",50.930698,3.833295,"plants","Ad","","Jari Vandendendriessche",3,"10m² quadrat","DIGITAF_BIODIVERSITY_FLEMISH_TREEROWS:OCCURRENCE:plants:10m² quadrat:Oz:crtl:2023-05-23:496"
"Oz","crtl","Rumex obtusifolius","Oz_crtl",2023-05-23,"Polygonaceae","Caryophyllales",50.930698,3.833295,"plants","Ad","","Jari Vandendendriessche",3,"10m² quadrat","DIGITAF_BIODIVERSITY_FLEMISH_TREEROWS:OCCURRENCE:plants:10m² quadrat:Oz:crtl:2023-05-23:497"
"Oz","crtl","Sonchus asper","Oz_crtl",2023-05-23,"Asteraceae","Asterales",50.930698,3.833295,"plants","Ad","","Jari Vandendendriessche",1,"10m² quadrat","DIGITAF_BIODIVERSITY_FLEMISH_TREEROWS:OCCURRENCE:plants:10m² quadrat:Oz:crtl:2023-05-23:498"
"Oz","crtl","Stellaria media","Oz_crtl",2023-05-23,"Caryophyllaceae","Caryophyllales",50.930698,3.833295,"plants","Ad","","Jari Vandendendriessche",45,"10m² quadrat","DIGITAF_BIODIVERSITY_FLEMISH_TREEROWS:OCCURRENCE:plants:10m² quadrat:Oz:crtl:2023-05-23:499"
"Oz","crtl","Veronica persica","Oz_crtl",2023-05-23,"Plantaginaceae","Lamiales",50.930698,3.833295,"plants","Ad","","Jari Vandendendriessche",1,"10m² quadrat","DIGITAF_BIODIVERSITY_FLEMISH_TREEROWS:OCCURRENCE:plants:10m² quadrat:Oz:crtl:2023-05-23:500"
"Oz","tree","Alopecurus geniculatus","Oz_tree",2023-05-23,"Poaceae","Poales",50.930286,3.833097,"plants","Ad","","Jari Vandendendriessche",3,"10m² quadrat","DIGITAF_BIODIVERSITY_FLEMISH_TREEROWS:OCCURRENCE:plants:10m² quadrat:Oz:tree:2023-05-23:501"
"Oz","tree","Anisantha sterilis","Oz_tree",2023-05-23,"Poaceae","Poales",50.930286,3.833097,"plants","Ad","","Jari Vandendendriessche",25,"10m² quadrat","DIGITAF_BIODIVERSITY_FLEMISH_TREEROWS:OCCURRENCE:plants:10m² quadrat:Oz:tree:2023-05-23:502"
"Oz","tree","Arrhenatherum elatius","Oz_tree",2023-05-23,"Poaceae","Poales",50.930286,3.833097,"plants","Ad","","Jari Vandendendriessche",15,"10m² quadrat","DIGITAF_BIODIVERSITY_FLEMISH_TREEROWS:OCCURRENCE:plants:10m² quadrat:Oz:tree:2023-05-23:503"
"Oz","tree","Cirsium arvense","Oz_tree",2023-05-23,"Asteraceae","Asterales",50.930286,3.833097,"plants","Ad","","Jari Vandendendriessche",1,"10m² quadrat","DIGITAF_BIODIVERSITY_FLEMISH_TREEROWS:OCCURRENCE:plants:10m² quadrat:Oz:tree:2023-05-23:504"
"Oz","tree","Geranium dissectum","Oz_tree",2023-05-23,"Geraniaceae","Geraniales",50.930286,3.833097,"plants","Ad","","Jari Vandendendriessche",35,"10m² quadrat","DIGITAF_BIODIVERSITY_FLEMISH_TREEROWS:OCCURRENCE:plants:10m² quadrat:Oz:tree:2023-05-23:505"
"Oz","tree","Holcus lanatus","Oz_tree",2023-05-23,"Poaceae","Poales",50.930286,3.833097,"plants","Ad","","Jari Vandendendriessche",25,"10m² quadrat","DIGITAF_BIODIVERSITY_FLEMISH_TREEROWS:OCCURRENCE:plants:10m² quadrat:Oz:tree:2023-05-23:506"
"Oz","tree","Hordeum vulgare","Oz_tree",2023-05-23,"Poaceae","Poales",50.930286,3.833097,"plants","Ad","","Jari Vandendendriessche",3,"10m² quadrat","DIGITAF_BIODIVERSITY_FLEMISH_TREEROWS:OCCURRENCE:plants:10m² quadrat:Oz:tree:2023-05-23:507"
"Oz","tree","Lamium album","Oz_tree",2023-05-23,"Lamiaceae","Lamiales",50.930286,3.833097,"plants","Ad","","Jari Vandendendriessche",15,"10m² quadrat","DIGITAF_BIODIVERSITY_FLEMISH_TREEROWS:OCCURRENCE:plants:10m² quadrat:Oz:tree:2023-05-23:508"
"Oz","tree","Lamium purpureum","Oz_tree",2023-05-23,"Lamiaceae","Lamiales",50.930286,3.833097,"plants","Ad","","Jari Vandendendriessche",3,"10m² quadrat","DIGITAF_BIODIVERSITY_FLEMISH_TREEROWS:OCCURRENCE:plants:10m² quadrat:Oz:tree:2023-05-23:509"
"Oz","tree","Plantago major","Oz_tree",2023-05-23,"Plantaginaceae","Lamiales",50.930286,3.833097,"plants","Ad","","Jari Vandendendriessche",3,"10m² quadrat","DIGITAF_BIODIVERSITY_FLEMISH_TREEROWS:OCCURRENCE:plants:10m² quadrat:Oz:tree:2023-05-23:510"
"Oz","tree","Poa trivialis","Oz_tree",2023-05-23,"Poaceae","Poales",50.930286,3.833097,"plants","Ad","","Jari Vandendendriessche",15,"10m² quadrat","DIGITAF_BIODIVERSITY_FLEMISH_TREEROWS:OCCURRENCE:plants:10m² quadrat:Oz:tree:2023-05-23:511"
"Oz","tree","Ranunculus repens","Oz_tree",2023-05-23,"Ranunculaceae","Ranunculales",50.930286,3.833097,"plants","Ad","","Jari Vandendendriessche",3,"10m² quadrat","DIGITAF_BIODIVERSITY_FLEMISH_TREEROWS:OCCURRENCE:plants:10m² quadrat:Oz:tree:2023-05-23:512"
"Oz","tree","Rumex obtusifolius","Oz_tree",2023-05-23,"Polygonaceae","Caryophyllales",50.930286,3.833097,"plants","Ad","","Jari Vandendendriessche",3,"10m² quadrat","DIGITAF_BIODIVERSITY_FLEMISH_TREEROWS:OCCURRENCE:plants:10m² quadrat:Oz:tree:2023-05-23:513"
"Oz","tree","Salix alba","Oz_tree",2023-05-23,"Salicaceae","Malpighiales",50.930286,3.833097,"plants","Ad","","Jari Vandendendriessche",55,"10m² quadrat","DIGITAF_BIODIVERSITY_FLEMISH_TREEROWS:OCCURRENCE:plants:10m² quadrat:Oz:tree:2023-05-23:514"
"Oz","tree","Stellaria media","Oz_tree",2023-05-23,"Caryophyllaceae","Caryophyllales",50.930286,3.833097,"plants","Ad","","Jari Vandendendriessche",15,"10m² quadrat","DIGITAF_BIODIVERSITY_FLEMISH_TREEROWS:OCCURRENCE:plants:10m² quadrat:Oz:tree:2023-05-23:515"
"Oz","tree","Symphytum officinale","Oz_tree",2023-05-23,"Boraginaceae","Boraginales",50.930286,3.833097,"plants","Ad","","Jari Vandendendriessche",3,"10m² quadrat","DIGITAF_BIODIVERSITY_FLEMISH_TREEROWS:OCCURRENCE:plants:10m² quadrat:Oz:tree:2023-05-23:516"
"Oz","tree","Trifolium repens","Oz_tree",2023-05-23,"Fabaceae","Fabales",50.930286,3.833097,"plants","Ad","","Jari Vandendendriessche",1,"10m² quadrat","DIGITAF_BIODIVERSITY_FLEMISH_TREEROWS:OCCURRENCE:plants:10m² quadrat:Oz:tree:2023-05-23:517"
"Oz","tree","Tripleurospermum maritimum","Oz_tree",2023-05-23,"Asteraceae","Asterales",50.930286,3.833097,"plants","Ad","","Jari Vandendendriessche",1,"10m² quadrat","DIGITAF_BIODIVERSITY_FLEMISH_TREEROWS:OCCURRENCE:plants:10m² quadrat:Oz:tree:2023-05-23:518"
"Oz","tree","Urtica dioica","Oz_tree",2023-05-23,"Urticaceae","Rosales",50.930286,3.833097,"plants","Ad","","Jari Vandendendriessche",3,"10m² quadrat","DIGITAF_BIODIVERSITY_FLEMISH_TREEROWS:OCCURRENCE:plants:10m² quadrat:Oz:tree:2023-05-23:519"
"Oz","tree","Vicia sativa","Oz_tree",2023-05-23,"Fabaceae","Fabales",50.930286,3.833097,"plants","Ad","","Jari Vandendendriessche",7,"10m² quadrat","DIGITAF_BIODIVERSITY_FLEMISH_TREEROWS:OCCURRENCE:plants:10m² quadrat:Oz:tree:2023-05-23:520"
"PL","crop","Chenopodium album","PL_crop",2023-06-14,"Amaranthaceae","Caryophyllales",50.759422,4.036237,"plants","Ad","","Jari Vandendendriessche",1,"10m² quadrat","DIGITAF_BIODIVERSITY_FLEMISH_TREEROWS:OCCURRENCE:plants:10m² quadrat:PL:crop:2023-06-14:521"
"PL","crop","Cirsium arvense","PL_crop",2023-06-14,"Asteraceae","Asterales",50.759422,4.036237,"plants","Ad","","Jari Vandendendriessche",7,"10m² quadrat","DIGITAF_BIODIVERSITY_FLEMISH_TREEROWS:OCCURRENCE:plants:10m² quadrat:PL:crop:2023-06-14:522"
"PL","crop","Galium aparine","PL_crop",2023-06-14,"Rubiaceae","Gentianales",50.759422,4.036237,"plants","Ad","","Jari Vandendendriessche",1,"10m² quadrat","DIGITAF_BIODIVERSITY_FLEMISH_TREEROWS:OCCURRENCE:plants:10m² quadrat:PL:crop:2023-06-14:523"
"PL","crop","Hordeum vulgare","PL_crop",2023-06-14,"Poaceae","Poales",50.759422,4.036237,"plants","Ad","","Jari Vandendendriessche",3,"10m² quadrat","DIGITAF_BIODIVERSITY_FLEMISH_TREEROWS:OCCURRENCE:plants:10m² quadrat:PL:crop:2023-06-14:524"
"PL","crop","Triticum aestivum","PL_crop",2023-06-14,"Poaceae","Poales",50.759422,4.036237,"plants","Ad","","Jari Vandendendriessche",85,"10m² quadrat","DIGITAF_BIODIVERSITY_FLEMISH_TREEROWS:OCCURRENCE:plants:10m² quadrat:PL:crop:2023-06-14:525"
"PL","crtl","Anisantha sterilis","PL_crtl",2023-06-14,"Poaceae","Poales",50.75819,4.03304,"plants","Ad","","Jari Vandendendriessche",3,"10m² quadrat","DIGITAF_BIODIVERSITY_FLEMISH_TREEROWS:OCCURRENCE:plants:10m² quadrat:PL:crtl:2023-06-14:526"
"PL","crtl","Anthriscus sylvestris","PL_crtl",2023-06-14,"Apiaceae","Apiales",50.75819,4.03304,"plants","Ad","","Jari Vandendendriessche",1,"10m² quadrat","DIGITAF_BIODIVERSITY_FLEMISH_TREEROWS:OCCURRENCE:plants:10m² quadrat:PL:crtl:2023-06-14:527"
"PL","crtl","Crepis capillaris","PL_crtl",2023-06-14,"Asteraceae","Asterales",50.75819,4.03304,"plants","Ad","","Jari Vandendendriessche",1,"10m² quadrat","DIGITAF_BIODIVERSITY_FLEMISH_TREEROWS:OCCURRENCE:plants:10m² quadrat:PL:crtl:2023-06-14:528"
"PL","crtl","Dactylis glomerata","PL_crtl",2023-06-14,"Poaceae","Poales",50.75819,4.03304,"plants","Ad","","Jari Vandendendriessche",15,"10m² quadrat","DIGITAF_BIODIVERSITY_FLEMISH_TREEROWS:OCCURRENCE:plants:10m² quadrat:PL:crtl:2023-06-14:529"
"PL","crtl","Equisetum arvense","PL_crtl",2023-06-14,"Equisetaceae","Equisetales",50.75819,4.03304,"plants","Ad","","Jari Vandendendriessche",7,"10m² quadrat","DIGITAF_BIODIVERSITY_FLEMISH_TREEROWS:OCCURRENCE:plants:10m² quadrat:PL:crtl:2023-06-14:530"
"PL","crtl","Galium aparine","PL_crtl",2023-06-14,"Rubiaceae","Gentianales",50.75819,4.03304,"plants","Ad","","Jari Vandendendriessche",3,"10m² quadrat","DIGITAF_BIODIVERSITY_FLEMISH_TREEROWS:OCCURRENCE:plants:10m² quadrat:PL:crtl:2023-06-14:531"
"PL","crtl","Geranium dissectum","PL_crtl",2023-06-14,"Geraniaceae","Geraniales",50.75819,4.03304,"plants","Ad","","Jari Vandendendriessche",3,"10m² quadrat","DIGITAF_BIODIVERSITY_FLEMISH_TREEROWS:OCCURRENCE:plants:10m² quadrat:PL:crtl:2023-06-14:532"
"PL","crtl","Geranium molle","PL_crtl",2023-06-14,"Geraniaceae","Geraniales",50.75819,4.03304,"plants","Ad","","Jari Vandendendriessche",1,"10m² quadrat","DIGITAF_BIODIVERSITY_FLEMISH_TREEROWS:OCCURRENCE:plants:10m² quadrat:PL:crtl:2023-06-14:533"
"PL","crtl","Heracleum sphondylium","PL_crtl",2023-06-14,"Apiaceae","Apiales",50.75819,4.03304,"plants","Ad","","Jari Vandendendriessche",15,"10m² quadrat","DIGITAF_BIODIVERSITY_FLEMISH_TREEROWS:OCCURRENCE:plants:10m² quadrat:PL:crtl:2023-06-14:534"
"PL","crtl","Lapsana communis","PL_crtl",2023-06-14,"Asteraceae","Asterales",50.75819,4.03304,"plants","Ad","","Jari Vandendendriessche",3,"10m² quadrat","DIGITAF_BIODIVERSITY_FLEMISH_TREEROWS:OCCURRENCE:plants:10m² quadrat:PL:crtl:2023-06-14:535"
"PL","crtl","Lolium multiflorum","PL_crtl",2023-06-14,"Poaceae","Poales",50.75819,4.03304,"plants","Ad","","Jari Vandendendriessche",15,"10m² quadrat","DIGITAF_BIODIVERSITY_FLEMISH_TREEROWS:OCCURRENCE:plants:10m² quadrat:PL:crtl:2023-06-14:536"
"PL","crtl","Lolium perenne","PL_crtl",2023-06-14,"Poaceae","Poales",50.75819,4.03304,"plants","Ad","","Jari Vandendendriessche",45,"10m² quadrat","DIGITAF_BIODIVERSITY_FLEMISH_TREEROWS:OCCURRENCE:plants:10m² quadrat:PL:crtl:2023-06-14:537"
"PL","crtl","Matricaria chamomilla","PL_crtl",2023-06-14,"Asteraceae","Asterales",50.75819,4.03304,"plants","Ad","","Jari Vandendendriessche",15,"10m² quadrat","DIGITAF_BIODIVERSITY_FLEMISH_TREEROWS:OCCURRENCE:plants:10m² quadrat:PL:crtl:2023-06-14:538"
"PL","crtl","Myosotis arvensis","PL_crtl",2023-06-14,"Boraginaceae","Boraginales",50.75819,4.03304,"plants","Ad","","Jari Vandendendriessche",3,"10m² quadrat","DIGITAF_BIODIVERSITY_FLEMISH_TREEROWS:OCCURRENCE:plants:10m² quadrat:PL:crtl:2023-06-14:539"
"PL","crtl","Papaver rhoeas","PL_crtl",2023-06-14,"Papaveraceae","Ranunculales",50.75819,4.03304,"plants","Ad","","Jari Vandendendriessche",1,"10m² quadrat","DIGITAF_BIODIVERSITY_FLEMISH_TREEROWS:OCCURRENCE:plants:10m² quadrat:PL:crtl:2023-06-14:540"
"PL","crtl","Plantago major","PL_crtl",2023-06-14,"Plantaginaceae","Lamiales",50.75819,4.03304,"plants","Ad","","Jari Vandendendriessche",1,"10m² quadrat","DIGITAF_BIODIVERSITY_FLEMISH_TREEROWS:OCCURRENCE:plants:10m² quadrat:PL:crtl:2023-06-14:541"
"PL","crtl","Poa annua","PL_crtl",2023-06-14,"Poaceae","Poales",50.75819,4.03304,"plants","Ad","","Jari Vandendendriessche",7,"10m² quadrat","DIGITAF_BIODIVERSITY_FLEMISH_TREEROWS:OCCURRENCE:plants:10m² quadrat:PL:crtl:2023-06-14:542"
"PL","crtl","Poa trivialis","PL_crtl",2023-06-14,"Poaceae","Poales",50.75819,4.03304,"plants","Ad","","Jari Vandendendriessche",25,"10m² quadrat","DIGITAF_BIODIVERSITY_FLEMISH_TREEROWS:OCCURRENCE:plants:10m² quadrat:PL:crtl:2023-06-14:543"
"PL","crtl","Polygonum aviculare","PL_crtl",2023-06-14,"Polygonaceae","Caryophyllales",50.75819,4.03304,"plants","Ad","","Jari Vandendendriessche",1,"10m² quadrat","DIGITAF_BIODIVERSITY_FLEMISH_TREEROWS:OCCURRENCE:plants:10m² quadrat:PL:crtl:2023-06-14:544"
"PL","crtl","Senecio vulgaris","PL_crtl",2023-06-14,"Asteraceae","Asterales",50.75819,4.03304,"plants","Ad","","Jari Vandendendriessche",1,"10m² quadrat","DIGITAF_BIODIVERSITY_FLEMISH_TREEROWS:OCCURRENCE:plants:10m² quadrat:PL:crtl:2023-06-14:545"
"PL","crtl","Sonchus asper","PL_crtl",2023-06-14,"Asteraceae","Asterales",50.75819,4.03304,"plants","Ad","","Jari Vandendendriessche",1,"10m² quadrat","DIGITAF_BIODIVERSITY_FLEMISH_TREEROWS:OCCURRENCE:plants:10m² quadrat:PL:crtl:2023-06-14:546"
"PL","crtl","Triticum aestivum","PL_crtl",2023-06-14,"Poaceae","Poales",50.75819,4.03304,"plants","Ad","","Jari Vandendendriessche",7,"10m² quadrat","DIGITAF_BIODIVERSITY_FLEMISH_TREEROWS:OCCURRENCE:plants:10m² quadrat:PL:crtl:2023-06-14:547"
"PL","crtl","Urtica dioica","PL_crtl",2023-06-14,"Urticaceae","Rosales",50.75819,4.03304,"plants","Ad","","Jari Vandendendriessche",15,"10m² quadrat","DIGITAF_BIODIVERSITY_FLEMISH_TREEROWS:OCCURRENCE:plants:10m² quadrat:PL:crtl:2023-06-14:548"
"PL","tree","Anisantha sterilis","PL_tree",2023-06-14,"Poaceae","Poales",50.760017,4.03697,"plants","Ad","","Jari Vandendendriessche",35,"10m² quadrat","DIGITAF_BIODIVERSITY_FLEMISH_TREEROWS:OCCURRENCE:plants:10m² quadrat:PL:tree:2023-06-14:549"
"PL","tree","Cerastium fontanum","PL_tree",2023-06-14,"Caryophyllaceae","Caryophyllales",50.760017,4.03697,"plants","Ad","","Jari Vandendendriessche",1,"10m² quadrat","DIGITAF_BIODIVERSITY_FLEMISH_TREEROWS:OCCURRENCE:plants:10m² quadrat:PL:tree:2023-06-14:550"
"PL","tree","Dactylis glomerata","PL_tree",2023-06-14,"Poaceae","Poales",50.760017,4.03697,"plants","Ad","","Jari Vandendendriessche",35,"10m² quadrat","DIGITAF_BIODIVERSITY_FLEMISH_TREEROWS:OCCURRENCE:plants:10m² quadrat:PL:tree:2023-06-14:551"
"PL","tree","Galium aparine","PL_tree",2023-06-14,"Rubiaceae","Gentianales",50.760017,4.03697,"plants","Ad","","Jari Vandendendriessche",1,"10m² quadrat","DIGITAF_BIODIVERSITY_FLEMISH_TREEROWS:OCCURRENCE:plants:10m² quadrat:PL:tree:2023-06-14:552"
"PL","tree","Geranium dissectum","PL_tree",2023-06-14,"Geraniaceae","Geraniales",50.760017,4.03697,"plants","Ad","","Jari Vandendendriessche",3,"10m² quadrat","DIGITAF_BIODIVERSITY_FLEMISH_TREEROWS:OCCURRENCE:plants:10m² quadrat:PL:tree:2023-06-14:553"
"PL","tree","Holcus lanatus","PL_tree",2023-06-14,"Poaceae","Poales",50.760017,4.03697,"plants","Ad","","Jari Vandendendriessche",55,"10m² quadrat","DIGITAF_BIODIVERSITY_FLEMISH_TREEROWS:OCCURRENCE:plants:10m² quadrat:PL:tree:2023-06-14:554"
"PL","tree","Juglans regia","PL_tree",2023-06-14,"Juglandaceae","Fagales",50.760017,4.03697,"plants","Ad","","Jari Vandendendriessche",86,"10m² quadrat","DIGITAF_BIODIVERSITY_FLEMISH_TREEROWS:OCCURRENCE:plants:10m² quadrat:PL:tree:2023-06-14:555"
"PL","tree","Lolium multiflorum","PL_tree",2023-06-14,"Poaceae","Poales",50.760017,4.03697,"plants","Ad","","Jari Vandendendriessche",1,"10m² quadrat","DIGITAF_BIODIVERSITY_FLEMISH_TREEROWS:OCCURRENCE:plants:10m² quadrat:PL:tree:2023-06-14:556"
"PL","tree","Lolium perenne","PL_tree",2023-06-14,"Poaceae","Poales",50.760017,4.03697,"plants","Ad","","Jari Vandendendriessche",3,"10m² quadrat","DIGITAF_BIODIVERSITY_FLEMISH_TREEROWS:OCCURRENCE:plants:10m² quadrat:PL:tree:2023-06-14:557"
"PL","tree","Myosotis arvensis","PL_tree",2023-06-14,"Boraginaceae","Boraginales",50.760017,4.03697,"plants","Ad","","Jari Vandendendriessche",1,"10m² quadrat","DIGITAF_BIODIVERSITY_FLEMISH_TREEROWS:OCCURRENCE:plants:10m² quadrat:PL:tree:2023-06-14:558"
"PL","tree","Phleum pratense","PL_tree",2023-06-14,"Poaceae","Poales",50.760017,4.03697,"plants","Ad","","Jari Vandendendriessche",7,"10m² quadrat","DIGITAF_BIODIVERSITY_FLEMISH_TREEROWS:OCCURRENCE:plants:10m² quadrat:PL:tree:2023-06-14:559"
"PL","tree","Poa trivialis","PL_tree",2023-06-14,"Poaceae","Poales",50.760017,4.03697,"plants","Ad","","Jari Vandendendriessche",25,"10m² quadrat","DIGITAF_BIODIVERSITY_FLEMISH_TREEROWS:OCCURRENCE:plants:10m² quadrat:PL:tree:2023-06-14:560"
"PL","tree","Sonchus oleraceus","PL_tree",2023-06-14,"Asteraceae","Asterales",50.760017,4.03697,"plants","Ad","","Jari Vandendendriessche",1,"10m² quadrat","DIGITAF_BIODIVERSITY_FLEMISH_TREEROWS:OCCURRENCE:plants:10m² quadrat:PL:tree:2023-06-14:561"
"PL","tree","Trifolium repens","PL_tree",2023-06-14,"Fabaceae","Fabales",50.760017,4.03697,"plants","Ad","","Jari Vandendendriessche",7,"10m² quadrat","DIGITAF_BIODIVERSITY_FLEMISH_TREEROWS:OCCURRENCE:plants:10m² quadrat:PL:tree:2023-06-14:562"
"PL","tree","Veronica hederifolia","PL_tree",2023-06-14,"Plantaginaceae","Lamiales",50.760017,4.03697,"plants","Ad","","Jari Vandendendriessche",3,"10m² quadrat","DIGITAF_BIODIVERSITY_FLEMISH_TREEROWS:OCCURRENCE:plants:10m² quadrat:PL:tree:2023-06-14:563"
"TW","crop","Hordeum vulgare","TW_crop",2023-06-28,"Poaceae","Poales",50.930634,4.915771,"plants","Ad","","Jari Vandendendriessche",95,"10m² quadrat","DIGITAF_BIODIVERSITY_FLEMISH_TREEROWS:OCCURRENCE:plants:10m² quadrat:TW:crop:2023-06-28:564"
"TW","crtl","Achillea millefolium","TW_crtl",2023-06-28,"Asteraceae","Asterales",50.92865,4.919942,"plants","Ad","","Jari Vandendendriessche",15,"10m² quadrat","DIGITAF_BIODIVERSITY_FLEMISH_TREEROWS:OCCURRENCE:plants:10m² quadrat:TW:crtl:2023-06-28:565"
"TW","crtl","Anisantha sterilis","TW_crtl",2023-06-28,"Poaceae","Poales",50.92865,4.919942,"plants","Ad","","Jari Vandendendriessche",3,"10m² quadrat","DIGITAF_BIODIVERSITY_FLEMISH_TREEROWS:OCCURRENCE:plants:10m² quadrat:TW:crtl:2023-06-28:566"
"TW","crtl","Arrhenatherum elatius","TW_crtl",2023-06-28,"Poaceae","Poales",50.92865,4.919942,"plants","Ad","","Jari Vandendendriessche",15,"10m² quadrat","DIGITAF_BIODIVERSITY_FLEMISH_TREEROWS:OCCURRENCE:plants:10m² quadrat:TW:crtl:2023-06-28:567"
"TW","crtl","Bromus hordeaceus","TW_crtl",2023-06-28,"Poaceae","Poales",50.92865,4.919942,"plants","Ad","","Jari Vandendendriessche",75,"10m² quadrat","DIGITAF_BIODIVERSITY_FLEMISH_TREEROWS:OCCURRENCE:plants:10m² quadrat:TW:crtl:2023-06-28:568"
"TW","crtl","Equisetum arvense","TW_crtl",2023-06-28,"Equisetaceae","Equisetales",50.92865,4.919942,"plants","Ad","","Jari Vandendendriessche",7,"10m² quadrat","DIGITAF_BIODIVERSITY_FLEMISH_TREEROWS:OCCURRENCE:plants:10m² quadrat:TW:crtl:2023-06-28:569"
"TW","crtl","Holcus lanatus","TW_crtl",2023-06-28,"Poaceae","Poales",50.92865,4.919942,"plants","Ad","","Jari Vandendendriessche",15,"10m² quadrat","DIGITAF_BIODIVERSITY_FLEMISH_TREEROWS:OCCURRENCE:plants:10m² quadrat:TW:crtl:2023-06-28:570"
"TW","crtl","Lapsana communis","TW_crtl",2023-06-28,"Asteraceae","Asterales",50.92865,4.919942,"plants","Ad","","Jari Vandendendriessche",1,"10m² quadrat","DIGITAF_BIODIVERSITY_FLEMISH_TREEROWS:OCCURRENCE:plants:10m² quadrat:TW:crtl:2023-06-28:571"
"TW","crtl","Matricaria chamomilla","TW_crtl",2023-06-28,"Asteraceae","Asterales",50.92865,4.919942,"plants","Ad","","Jari Vandendendriessche",7,"10m² quadrat","DIGITAF_BIODIVERSITY_FLEMISH_TREEROWS:OCCURRENCE:plants:10m² quadrat:TW:crtl:2023-06-28:572"
"TW","crtl","Poa trivialis","TW_crtl",2023-06-28,"Poaceae","Poales",50.92865,4.919942,"plants","Ad","","Jari Vandendendriessche",25,"10m² quadrat","DIGITAF_BIODIVERSITY_FLEMISH_TREEROWS:OCCURRENCE:plants:10m² quadrat:TW:crtl:2023-06-28:573"
"TW","crtl","Polygonum aviculare","TW_crtl",2023-06-28,"Polygonaceae","Caryophyllales",50.92865,4.919942,"plants","Ad","","Jari Vandendendriessche",7,"10m² quadrat","DIGITAF_BIODIVERSITY_FLEMISH_TREEROWS:OCCURRENCE:plants:10m² quadrat:TW:crtl:2023-06-28:574"
"TW","crtl","Ranunculus repens","TW_crtl",2023-06-28,"Ranunculaceae","Ranunculales",50.92865,4.919942,"plants","Ad","","Jari Vandendendriessche",1,"10m² quadrat","DIGITAF_BIODIVERSITY_FLEMISH_TREEROWS:OCCURRENCE:plants:10m² quadrat:TW:crtl:2023-06-28:575"
"TW","crtl","Trifolium repens","TW_crtl",2023-06-28,"Fabaceae","Fabales",50.92865,4.919942,"plants","Ad","","Jari Vandendendriessche",3,"10m² quadrat","DIGITAF_BIODIVERSITY_FLEMISH_TREEROWS:OCCURRENCE:plants:10m² quadrat:TW:crtl:2023-06-28:576"
"TW","crtl","Triticum aestivum","TW_crtl",2023-06-28,"Poaceae","Poales",50.92865,4.919942,"plants","Ad","","Jari Vandendendriessche",1,"10m² quadrat","DIGITAF_BIODIVERSITY_FLEMISH_TREEROWS:OCCURRENCE:plants:10m² quadrat:TW:crtl:2023-06-28:577"
"TW","tree","Alliaria petiolata","TW_tree",2023-06-28,"Brassicaceae","Brassicales",50.931244,4.916273,"plants","Ad","","Jari Vandendendriessche",1,"10m² quadrat","DIGITAF_BIODIVERSITY_FLEMISH_TREEROWS:OCCURRENCE:plants:10m² quadrat:TW:tree:2023-06-28:578"
"TW","tree","Anisantha sterilis","TW_tree",2023-06-28,"Poaceae","Poales",50.931244,4.916273,"plants","Ad","","Jari Vandendendriessche",55,"10m² quadrat","DIGITAF_BIODIVERSITY_FLEMISH_TREEROWS:OCCURRENCE:plants:10m² quadrat:TW:tree:2023-06-28:579"
"TW","tree","Bryonia dioica","TW_tree",2023-06-28,"Cucurbitaceae","Cucurbitales",50.931244,4.916273,"plants","Ad","","Jari Vandendendriessche",1,"10m² quadrat","DIGITAF_BIODIVERSITY_FLEMISH_TREEROWS:OCCURRENCE:plants:10m² quadrat:TW:tree:2023-06-28:580"
"TW","tree","Carpinus betulus","TW_tree",2023-06-28,"Betulaceae","Fagales",50.931244,4.916273,"plants","Ad","","Jari Vandendendriessche",65,"10m² quadrat","DIGITAF_BIODIVERSITY_FLEMISH_TREEROWS:OCCURRENCE:plants:10m² quadrat:TW:tree:2023-06-28:581"
"TW","tree","Elymus repens","TW_tree",2023-06-28,"Poaceae","Poales",50.931244,4.916273,"plants","Ad","","Jari Vandendendriessche",45,"10m² quadrat","DIGITAF_BIODIVERSITY_FLEMISH_TREEROWS:OCCURRENCE:plants:10m² quadrat:TW:tree:2023-06-28:582"
"TW","tree","Geranium robertianum","TW_tree",2023-06-28,"Geraniaceae","Geraniales",50.931244,4.916273,"plants","Ad","","Jari Vandendendriessche",1,"10m² quadrat","DIGITAF_BIODIVERSITY_FLEMISH_TREEROWS:OCCURRENCE:plants:10m² quadrat:TW:tree:2023-06-28:583"
"TW","tree","Hedera helix","TW_tree",2023-06-28,"Araliaceae","Apiales",50.931244,4.916273,"plants","Ad","","Jari Vandendendriessche",3,"10m² quadrat","DIGITAF_BIODIVERSITY_FLEMISH_TREEROWS:OCCURRENCE:plants:10m² quadrat:TW:tree:2023-06-28:584"
"TW","tree","Lapsana communis","TW_tree",2023-06-28,"Asteraceae","Asterales",50.931244,4.916273,"plants","Ad","","Jari Vandendendriessche",7,"10m² quadrat","DIGITAF_BIODIVERSITY_FLEMISH_TREEROWS:OCCURRENCE:plants:10m² quadrat:TW:tree:2023-06-28:585"
"TW","tree","Prunus avium","TW_tree",2023-06-28,"Rosaceae","Rosales",50.931244,4.916273,"plants","Ad","","Jari Vandendendriessche",1,"10m² quadrat","DIGITAF_BIODIVERSITY_FLEMISH_TREEROWS:OCCURRENCE:plants:10m² quadrat:TW:tree:2023-06-28:586"
"TW","tree","Prunus spinosa","TW_tree",2023-06-28,"Rosaceae","Rosales",50.931244,4.916273,"plants","Ad","","Jari Vandendendriessche",15,"10m² quadrat","DIGITAF_BIODIVERSITY_FLEMISH_TREEROWS:OCCURRENCE:plants:10m² quadrat:TW:tree:2023-06-28:587"
"TW","tree","Quercus robur","TW_tree",2023-06-28,"Fagaceae","Fagales",50.931244,4.916273,"plants","Ad","","Jari Vandendendriessche",46,"10m² quadrat","DIGITAF_BIODIVERSITY_FLEMISH_TREEROWS:OCCURRENCE:plants:10m² quadrat:TW:tree:2023-06-28:588"
"TW","tree","Rubus Sec. Rubus","TW_tree",2023-06-28,"Rosaceae","Rosales",50.931244,4.916273,"plants","Ad","","Jari Vandendendriessche",7,"10m² quadrat","DIGITAF_BIODIVERSITY_FLEMISH_TREEROWS:OCCURRENCE:plants:10m² quadrat:TW:tree:2023-06-28:589"
"TW","tree","Sambucus nigra","TW_tree",2023-06-28,"Viburnaceae","Dipsacales",50.931244,4.916273,"plants","Ad","","Jari Vandendendriessche",3,"10m² quadrat","DIGITAF_BIODIVERSITY_FLEMISH_TREEROWS:OCCURRENCE:plants:10m² quadrat:TW:tree:2023-06-28:590"
"TW","tree","Tilia cordata","TW_tree",2023-06-28,"Malvaceae","Malvales",50.931244,4.916273,"plants","Ad","","Jari Vandendendriessche",15,"10m² quadrat","DIGITAF_BIODIVERSITY_FLEMISH_TREEROWS:OCCURRENCE:plants:10m² quadrat:TW:tree:2023-06-28:591"
"TW1","crop","Cerastium glomeratum","TW1_crop",2023-06-28,"Caryophyllaceae","Caryophyllales",50.952758,4.725003,"plants","Ad","","Jari Vandendendriessche",3,"10m² quadrat","DIGITAF_BIODIVERSITY_FLEMISH_TREEROWS:OCCURRENCE:plants:10m² quadrat:TW1:crop:2023-06-28:592"
"TW1","crop","Triticum aestivum","TW1_crop",2023-06-28,"Poaceae","Poales",50.952758,4.725003,"plants","Ad","","Jari Vandendendriessche",95,"10m² quadrat","DIGITAF_BIODIVERSITY_FLEMISH_TREEROWS:OCCURRENCE:plants:10m² quadrat:TW1:crop:2023-06-28:593"
"TW1","crtl","Chenopodium album","TW1_crtl",2023-06-28,"Amaranthaceae","Caryophyllales",50.952572,4.724937,"plants","Ad","","Jari Vandendendriessche",1,"10m² quadrat","DIGITAF_BIODIVERSITY_FLEMISH_TREEROWS:OCCURRENCE:plants:10m² quadrat:TW1:crtl:2023-06-28:594"
"TW1","crtl","Convolvulus sepium","TW1_crtl",2023-06-28,"Convolvulaceae","Solanales",50.952572,4.724937,"plants","Ad","","Jari Vandendendriessche",1,"10m² quadrat","DIGITAF_BIODIVERSITY_FLEMISH_TREEROWS:OCCURRENCE:plants:10m² quadrat:TW1:crtl:2023-06-28:595"
"TW1","crtl","Elymus repens","TW1_crtl",2023-06-28,"Poaceae","Poales",50.952572,4.724937,"plants","Ad","","Jari Vandendendriessche",25,"10m² quadrat","DIGITAF_BIODIVERSITY_FLEMISH_TREEROWS:OCCURRENCE:plants:10m² quadrat:TW1:crtl:2023-06-28:596"
"TW1","crtl","Equisetum arvense","TW1_crtl",2023-06-28,"Equisetaceae","Equisetales",50.952572,4.724937,"plants","Ad","","Jari Vandendendriessche",7,"10m² quadrat","DIGITAF_BIODIVERSITY_FLEMISH_TREEROWS:OCCURRENCE:plants:10m² quadrat:TW1:crtl:2023-06-28:597"
"TW1","crtl","Galium aparine","TW1_crtl",2023-06-28,"Rubiaceae","Gentianales",50.952572,4.724937,"plants","Ad","","Jari Vandendendriessche",3,"10m² quadrat","DIGITAF_BIODIVERSITY_FLEMISH_TREEROWS:OCCURRENCE:plants:10m² quadrat:TW1:crtl:2023-06-28:598"
"TW1","crtl","Plantago major","TW1_crtl",2023-06-28,"Plantaginaceae","Lamiales",50.952572,4.724937,"plants","Ad","","Jari Vandendendriessche",7,"10m² quadrat","DIGITAF_BIODIVERSITY_FLEMISH_TREEROWS:OCCURRENCE:plants:10m² quadrat:TW1:crtl:2023-06-28:599"
"TW1","crtl","Poa annua","TW1_crtl",2023-06-28,"Poaceae","Poales",50.952572,4.724937,"plants","Ad","","Jari Vandendendriessche",7,"10m² quadrat","DIGITAF_BIODIVERSITY_FLEMISH_TREEROWS:OCCURRENCE:plants:10m² quadrat:TW1:crtl:2023-06-28:600"
"TW1","crtl","Poa trivialis","TW1_crtl",2023-06-28,"Poaceae","Poales",50.952572,4.724937,"plants","Ad","","Jari Vandendendriessche",35,"10m² quadrat","DIGITAF_BIODIVERSITY_FLEMISH_TREEROWS:OCCURRENCE:plants:10m² quadrat:TW1:crtl:2023-06-28:601"
"TW1","crtl","Polygonum aviculare","TW1_crtl",2023-06-28,"Polygonaceae","Caryophyllales",50.952572,4.724937,"plants","Ad","","Jari Vandendendriessche",25,"10m² quadrat","DIGITAF_BIODIVERSITY_FLEMISH_TREEROWS:OCCURRENCE:plants:10m² quadrat:TW1:crtl:2023-06-28:602"
"TW1","crtl","Quercus robur","TW1_crtl",2023-06-28,"Fagaceae","Fagales",50.952572,4.724937,"plants","Ad","","Jari Vandendendriessche",3,"10m² quadrat","DIGITAF_BIODIVERSITY_FLEMISH_TREEROWS:OCCURRENCE:plants:10m² quadrat:TW1:crtl:2023-06-28:603"
"TW1","crtl","Solanum tuberosum","TW1_crtl",2023-06-28,"Solanaceae","Solanales",50.952572,4.724937,"plants","Ad","","Jari Vandendendriessche",1,"10m² quadrat","DIGITAF_BIODIVERSITY_FLEMISH_TREEROWS:OCCURRENCE:plants:10m² quadrat:TW1:crtl:2023-06-28:604"
"TW1","crtl","Taraxacum officinale s.l. (incl. all sec.)","TW1_crtl",2023-06-28,"Asteraceae","Asterales",50.952572,4.724937,"plants","Ad","","Jari Vandendendriessche",7,"10m² quadrat","DIGITAF_BIODIVERSITY_FLEMISH_TREEROWS:OCCURRENCE:plants:10m² quadrat:TW1:crtl:2023-06-28:605"
"TW1","crtl","Urtica dioica","TW1_crtl",2023-06-28,"Urticaceae","Rosales",50.952572,4.724937,"plants","Ad","","Jari Vandendendriessche",15,"10m² quadrat","DIGITAF_BIODIVERSITY_FLEMISH_TREEROWS:OCCURRENCE:plants:10m² quadrat:TW1:crtl:2023-06-28:606"
"TW1","crtl","Viola arvensis","TW1_crtl",2023-06-28,"Violaceae","Malpighiales",50.952572,4.724937,"plants","Ad","","Jari Vandendendriessche",1,"10m² quadrat","DIGITAF_BIODIVERSITY_FLEMISH_TREEROWS:OCCURRENCE:plants:10m² quadrat:TW1:crtl:2023-06-28:607"
"TW1","tree","Aethusa cynapium","TW1_tree",2023-06-28,"Apiaceae","Apiales",50.953194,4.724807,"plants","Ad","","Jari Vandendendriessche",3,"10m² quadrat","DIGITAF_BIODIVERSITY_FLEMISH_TREEROWS:OCCURRENCE:plants:10m² quadrat:TW1:tree:2023-06-28:608"
"TW1","tree","Betula pendula","TW1_tree",2023-06-28,"Betulaceae","Fagales",50.953194,4.724807,"plants","Ad","","Jari Vandendendriessche",7,"10m² quadrat","DIGITAF_BIODIVERSITY_FLEMISH_TREEROWS:OCCURRENCE:plants:10m² quadrat:TW1:tree:2023-06-28:609"
"TW1","tree","Galium aparine","TW1_tree",2023-06-28,"Rubiaceae","Gentianales",50.953194,4.724807,"plants","Ad","","Jari Vandendendriessche",1,"10m² quadrat","DIGITAF_BIODIVERSITY_FLEMISH_TREEROWS:OCCURRENCE:plants:10m² quadrat:TW1:tree:2023-06-28:610"
"TW1","tree","Geranium robertianum","TW1_tree",2023-06-28,"Geraniaceae","Geraniales",50.953194,4.724807,"plants","Ad","","Jari Vandendendriessche",15,"10m² quadrat","DIGITAF_BIODIVERSITY_FLEMISH_TREEROWS:OCCURRENCE:plants:10m² quadrat:TW1:tree:2023-06-28:611"
"TW1","tree","Holcus lanatus","TW1_tree",2023-06-28,"Poaceae","Poales",50.953194,4.724807,"plants","Ad","","Jari Vandendendriessche",25,"10m² quadrat","DIGITAF_BIODIVERSITY_FLEMISH_TREEROWS:OCCURRENCE:plants:10m² quadrat:TW1:tree:2023-06-28:612"
"TW1","tree","Juncus effusus","TW1_tree",2023-06-28,"Juncaceae","Poales",50.953194,4.724807,"plants","Ad","","Jari Vandendendriessche",3,"10m² quadrat","DIGITAF_BIODIVERSITY_FLEMISH_TREEROWS:OCCURRENCE:plants:10m² quadrat:TW1:tree:2023-06-28:613"
"TW1","tree","Lapsana communis","TW1_tree",2023-06-28,"Asteraceae","Asterales",50.953194,4.724807,"plants","Ad","","Jari Vandendendriessche",1,"10m² quadrat","DIGITAF_BIODIVERSITY_FLEMISH_TREEROWS:OCCURRENCE:plants:10m² quadrat:TW1:tree:2023-06-28:614"
"TW1","tree","Prunus serotina","TW1_tree",2023-06-28,"Rosaceae","Rosales",50.953194,4.724807,"plants","Ad","","Jari Vandendendriessche",82,"10m² quadrat","DIGITAF_BIODIVERSITY_FLEMISH_TREEROWS:OCCURRENCE:plants:10m² quadrat:TW1:tree:2023-06-28:615"
"TW1","tree","Quercus robur","TW1_tree",2023-06-28,"Fagaceae","Fagales",50.953194,4.724807,"plants","Ad","","Jari Vandendendriessche",33,"10m² quadrat","DIGITAF_BIODIVERSITY_FLEMISH_TREEROWS:OCCURRENCE:plants:10m² quadrat:TW1:tree:2023-06-28:616"
"TW1","tree","Rubus Sec. Rubus","TW1_tree",2023-06-28,"Rosaceae","Rosales",50.953194,4.724807,"plants","Ad","","Jari Vandendendriessche",55,"10m² quadrat","DIGITAF_BIODIVERSITY_FLEMISH_TREEROWS:OCCURRENCE:plants:10m² quadrat:TW1:tree:2023-06-28:617"
"TW1","tree","Sorbus aucuparia","TW1_tree",2023-06-28,"Rosaceae","Rosales",50.953194,4.724807,"plants","Ad","","Jari Vandendendriessche",16,"10m² quadrat","DIGITAF_BIODIVERSITY_FLEMISH_TREEROWS:OCCURRENCE:plants:10m² quadrat:TW1:tree:2023-06-28:618"
"TW2","crtl","Corylus avellana","TW2_crtl",2023-06-28,"Betulaceae","Fagales",50.93,4.91899,"plants","Ad","","Jari Vandendendriessche",7,"10m² quadrat","DIGITAF_BIODIVERSITY_FLEMISH_TREEROWS:OCCURRENCE:plants:10m² quadrat:TW2:crtl:2023-06-28:619"
"TW2","crtl","Dryopteris dilatata","TW2_crtl",2023-06-28,"Dryopteridaceae","Polypodiales",50.93,4.91899,"plants","Ad","","Jari Vandendendriessche",1,"10m² quadrat","DIGITAF_BIODIVERSITY_FLEMISH_TREEROWS:OCCURRENCE:plants:10m² quadrat:TW2:crtl:2023-06-28:620"
"TW2","crtl","Elymus repens","TW2_crtl",2023-06-28,"Poaceae","Poales",50.93,4.91899,"plants","Ad","","Jari Vandendendriessche",65,"10m² quadrat","DIGITAF_BIODIVERSITY_FLEMISH_TREEROWS:OCCURRENCE:plants:10m² quadrat:TW2:crtl:2023-06-28:621"
"TW2","crtl","Galium aparine","TW2_crtl",2023-06-28,"Rubiaceae","Gentianales",50.93,4.91899,"plants","Ad","","Jari Vandendendriessche",1,"10m² quadrat","DIGITAF_BIODIVERSITY_FLEMISH_TREEROWS:OCCURRENCE:plants:10m² quadrat:TW2:crtl:2023-06-28:622"
"TW2","crtl","Hedera helix","TW2_crtl",2023-06-28,"Araliaceae","Apiales",50.93,4.91899,"plants","Ad","","Jari Vandendendriessche",1,"10m² quadrat","DIGITAF_BIODIVERSITY_FLEMISH_TREEROWS:OCCURRENCE:plants:10m² quadrat:TW2:crtl:2023-06-28:623"
"TW2","crtl","Poa trivialis","TW2_crtl",2023-06-28,"Poaceae","Poales",50.93,4.91899,"plants","Ad","","Jari Vandendendriessche",15,"10m² quadrat","DIGITAF_BIODIVERSITY_FLEMISH_TREEROWS:OCCURRENCE:plants:10m² quadrat:TW2:crtl:2023-06-28:624"
"TW2","crtl","Robinia pseudoacacia","TW2_crtl",2023-06-28,"Fabaceae","Fabales",50.93,4.91899,"plants","Ad","","Jari Vandendendriessche",7,"10m² quadrat","DIGITAF_BIODIVERSITY_FLEMISH_TREEROWS:OCCURRENCE:plants:10m² quadrat:TW2:crtl:2023-06-28:625"
"TW2","crtl","Rubus Sec. Rubus","TW2_crtl",2023-06-28,"Rosaceae","Rosales",50.93,4.91899,"plants","Ad","","Jari Vandendendriessche",45,"10m² quadrat","DIGITAF_BIODIVERSITY_FLEMISH_TREEROWS:OCCURRENCE:plants:10m² quadrat:TW2:crtl:2023-06-28:626"
"TW2","crtl","Urtica dioica","TW2_crtl",2023-06-28,"Urticaceae","Rosales",50.93,4.91899,"plants","Ad","","Jari Vandendendriessche",3,"10m² quadrat","DIGITAF_BIODIVERSITY_FLEMISH_TREEROWS:OCCURRENCE:plants:10m² quadrat:TW2:crtl:2023-06-28:627"
"TW2","tree","Alliaria petiolata","TW2_tree",2023-06-28,"Brassicaceae","Brassicales",50.929592,4.919866,"plants","Ad","","Jari Vandendendriessche",7,"10m² quadrat","DIGITAF_BIODIVERSITY_FLEMISH_TREEROWS:OCCURRENCE:plants:10m² quadrat:TW2:tree:2023-06-28:628"
"TW2","tree","Anisantha sterilis","TW2_tree",2023-06-28,"Poaceae","Poales",50.929592,4.919866,"plants","Ad","","Jari Vandendendriessche",65,"10m² quadrat","DIGITAF_BIODIVERSITY_FLEMISH_TREEROWS:OCCURRENCE:plants:10m² quadrat:TW2:tree:2023-06-28:629"
"TW2","tree","Arrhenatherum elatius","TW2_tree",2023-06-28,"Poaceae","Poales",50.929592,4.919866,"plants","Ad","","Jari Vandendendriessche",25,"10m² quadrat","DIGITAF_BIODIVERSITY_FLEMISH_TREEROWS:OCCURRENCE:plants:10m² quadrat:TW2:tree:2023-06-28:630"
"TW2","tree","Elymus repens","TW2_tree",2023-06-28,"Poaceae","Poales",50.929592,4.919866,"plants","Ad","","Jari Vandendendriessche",7,"10m² quadrat","DIGITAF_BIODIVERSITY_FLEMISH_TREEROWS:OCCURRENCE:plants:10m² quadrat:TW2:tree:2023-06-28:631"
"TW2","tree","Geranium robertianum","TW2_tree",2023-06-28,"Geraniaceae","Geraniales",50.929592,4.919866,"plants","Ad","","Jari Vandendendriessche",3,"10m² quadrat","DIGITAF_BIODIVERSITY_FLEMISH_TREEROWS:OCCURRENCE:plants:10m² quadrat:TW2:tree:2023-06-28:632"
"TW2","tree","Hedera helix","TW2_tree",2023-06-28,"Araliaceae","Apiales",50.929592,4.919866,"plants","Ad","","Jari Vandendendriessche",7,"10m² quadrat","DIGITAF_BIODIVERSITY_FLEMISH_TREEROWS:OCCURRENCE:plants:10m² quadrat:TW2:tree:2023-06-28:633"
"TW2","tree","Lapsana communis","TW2_tree",2023-06-28,"Asteraceae","Asterales",50.929592,4.919866,"plants","Ad","","Jari Vandendendriessche",3,"10m² quadrat","DIGITAF_BIODIVERSITY_FLEMISH_TREEROWS:OCCURRENCE:plants:10m² quadrat:TW2:tree:2023-06-28:634"
"TW2","tree","Poa trivialis","TW2_tree",2023-06-28,"Poaceae","Poales",50.929592,4.919866,"plants","Ad","","Jari Vandendendriessche",7,"10m² quadrat","DIGITAF_BIODIVERSITY_FLEMISH_TREEROWS:OCCURRENCE:plants:10m² quadrat:TW2:tree:2023-06-28:635"
"TW2","tree","Quercus robur","TW2_tree",2023-06-28,"Fagaceae","Fagales",50.929592,4.919866,"plants","Ad","","Jari Vandendendriessche",1,"10m² quadrat","DIGITAF_BIODIVERSITY_FLEMISH_TREEROWS:OCCURRENCE:plants:10m² quadrat:TW2:tree:2023-06-28:636"
"TW2","tree","Robinia pseudoacacia","TW2_tree",2023-06-28,"Fabaceae","Fabales",50.929592,4.919866,"plants","Ad","","Jari Vandendendriessche",36,"10m² quadrat","DIGITAF_BIODIVERSITY_FLEMISH_TREEROWS:OCCURRENCE:plants:10m² quadrat:TW2:tree:2023-06-28:637"
"TW2","tree","Rubus Sec. Rubus","TW2_tree",2023-06-28,"Rosaceae","Rosales",50.929592,4.919866,"plants","Ad","","Jari Vandendendriessche",7,"10m² quadrat","DIGITAF_BIODIVERSITY_FLEMISH_TREEROWS:OCCURRENCE:plants:10m² quadrat:TW2:tree:2023-06-28:638"
"TW2","tree","Stellaria holostea","TW2_tree",2023-06-28,"Caryophyllaceae","Caryophyllales",50.929592,4.919866,"plants","Ad","","Jari Vandendendriessche",3,"10m² quadrat","DIGITAF_BIODIVERSITY_FLEMISH_TREEROWS:OCCURRENCE:plants:10m² quadrat:TW2:tree:2023-06-28:639"
"TW2","tree","Triticum aestivum","TW2_tree",2023-06-28,"Poaceae","Poales",50.929592,4.919866,"plants","Ad","","Jari Vandendendriessche",1,"10m² quadrat","DIGITAF_BIODIVERSITY_FLEMISH_TREEROWS:OCCURRENCE:plants:10m² quadrat:TW2:tree:2023-06-28:640"
"TW2","tree","Urtica dioica","TW2_tree",2023-06-28,"Urticaceae","Rosales",50.929592,4.919866,"plants","Ad","","Jari Vandendendriessche",7,"10m² quadrat","DIGITAF_BIODIVERSITY_FLEMISH_TREEROWS:OCCURRENCE:plants:10m² quadrat:TW2:tree:2023-06-28:641"
"TW3","crtl","Achillea millefolium","TW3_crtl",2023-06-28,"Asteraceae","Asterales",50.927067,4.925451,"plants","Ad","","Jari Vandendendriessche",3,"10m² quadrat","DIGITAF_BIODIVERSITY_FLEMISH_TREEROWS:OCCURRENCE:plants:10m² quadrat:TW3:crtl:2023-06-28:642"
"TW3","crtl","Anisantha sterilis","TW3_crtl",2023-06-28,"Poaceae","Poales",50.927067,4.925451,"plants","Ad","","Jari Vandendendriessche",3,"10m² quadrat","DIGITAF_BIODIVERSITY_FLEMISH_TREEROWS:OCCURRENCE:plants:10m² quadrat:TW3:crtl:2023-06-28:643"
"TW3","crtl","Arrhenatherum elatius","TW3_crtl",2023-06-28,"Poaceae","Poales",50.927067,4.925451,"plants","Ad","","Jari Vandendendriessche",35,"10m² quadrat","DIGITAF_BIODIVERSITY_FLEMISH_TREEROWS:OCCURRENCE:plants:10m² quadrat:TW3:crtl:2023-06-28:644"
"TW3","crtl","Centaurea jacea","TW3_crtl",2023-06-28,"Asteraceae","Asterales",50.927067,4.925451,"plants","Ad","","Jari Vandendendriessche",1,"10m² quadrat","DIGITAF_BIODIVERSITY_FLEMISH_TREEROWS:OCCURRENCE:plants:10m² quadrat:TW3:crtl:2023-06-28:645"
"TW3","crtl","Cerastium fontanum","TW3_crtl",2023-06-28,"Caryophyllaceae","Caryophyllales",50.927067,4.925451,"plants","Ad","","Jari Vandendendriessche",3,"10m² quadrat","DIGITAF_BIODIVERSITY_FLEMISH_TREEROWS:OCCURRENCE:plants:10m² quadrat:TW3:crtl:2023-06-28:646"
"TW3","crtl","Convolvulus arvensis","TW3_crtl",2023-06-28,"Convolvulaceae","Solanales",50.927067,4.925451,"plants","Ad","","Jari Vandendendriessche",35,"10m² quadrat","DIGITAF_BIODIVERSITY_FLEMISH_TREEROWS:OCCURRENCE:plants:10m² quadrat:TW3:crtl:2023-06-28:647"
"TW3","crtl","Dactylis glomerata","TW3_crtl",2023-06-28,"Poaceae","Poales",50.927067,4.925451,"plants","Ad","","Jari Vandendendriessche",7,"10m² quadrat","DIGITAF_BIODIVERSITY_FLEMISH_TREEROWS:OCCURRENCE:plants:10m² quadrat:TW3:crtl:2023-06-28:648"
"TW3","crtl","Daucus carota","TW3_crtl",2023-06-28,"Apiaceae","Apiales",50.927067,4.925451,"plants","Ad","","Jari Vandendendriessche",7,"10m² quadrat","DIGITAF_BIODIVERSITY_FLEMISH_TREEROWS:OCCURRENCE:plants:10m² quadrat:TW3:crtl:2023-06-28:649"
"TW3","crtl","Equisetum arvense","TW3_crtl",2023-06-28,"Equisetaceae","Equisetales",50.927067,4.925451,"plants","Ad","","Jari Vandendendriessche",3,"10m² quadrat","DIGITAF_BIODIVERSITY_FLEMISH_TREEROWS:OCCURRENCE:plants:10m² quadrat:TW3:crtl:2023-06-28:650"
"TW3","crtl","Festuca rubra","TW3_crtl",2023-06-28,"Poaceae","Poales",50.927067,4.925451,"plants","Ad","","Jari Vandendendriessche",35,"10m² quadrat","DIGITAF_BIODIVERSITY_FLEMISH_TREEROWS:OCCURRENCE:plants:10m² quadrat:TW3:crtl:2023-06-28:651"
"TW3","crtl","Holcus lanatus","TW3_crtl",2023-06-28,"Poaceae","Poales",50.927067,4.925451,"plants","Ad","","Jari Vandendendriessche",7,"10m² quadrat","DIGITAF_BIODIVERSITY_FLEMISH_TREEROWS:OCCURRENCE:plants:10m² quadrat:TW3:crtl:2023-06-28:652"
"TW3","crtl","Hypericum perforatum","TW3_crtl",2023-06-28,"Hypericaceae","Malpighiales",50.927067,4.925451,"plants","Ad","","Jari Vandendendriessche",1,"10m² quadrat","DIGITAF_BIODIVERSITY_FLEMISH_TREEROWS:OCCURRENCE:plants:10m² quadrat:TW3:crtl:2023-06-28:653"
"TW3","crtl","Hypochaeris radicata","TW3_crtl",2023-06-28,"Asteraceae","Asterales",50.927067,4.925451,"plants","Ad","","Jari Vandendendriessche",1,"10m² quadrat","DIGITAF_BIODIVERSITY_FLEMISH_TREEROWS:OCCURRENCE:plants:10m² quadrat:TW3:crtl:2023-06-28:654"
"TW3","crtl","Lolium perenne","TW3_crtl",2023-06-28,"Poaceae","Poales",50.927067,4.925451,"plants","Ad","","Jari Vandendendriessche",3,"10m² quadrat","DIGITAF_BIODIVERSITY_FLEMISH_TREEROWS:OCCURRENCE:plants:10m² quadrat:TW3:crtl:2023-06-28:655"
"TW3","crtl","Plantago lanceolata","TW3_crtl",2023-06-28,"Plantaginaceae","Lamiales",50.927067,4.925451,"plants","Ad","","Jari Vandendendriessche",3,"10m² quadrat","DIGITAF_BIODIVERSITY_FLEMISH_TREEROWS:OCCURRENCE:plants:10m² quadrat:TW3:crtl:2023-06-28:656"
"TW3","crtl","Poa trivialis","TW3_crtl",2023-06-28,"Poaceae","Poales",50.927067,4.925451,"plants","Ad","","Jari Vandendendriessche",25,"10m² quadrat","DIGITAF_BIODIVERSITY_FLEMISH_TREEROWS:OCCURRENCE:plants:10m² quadrat:TW3:crtl:2023-06-28:657"
"TW3","crtl","Taraxacum officinale s.l. (incl. all sec.)","TW3_crtl",2023-06-28,"Asteraceae","Asterales",50.927067,4.925451,"plants","Ad","","Jari Vandendendriessche",1,"10m² quadrat","DIGITAF_BIODIVERSITY_FLEMISH_TREEROWS:OCCURRENCE:plants:10m² quadrat:TW3:crtl:2023-06-28:658"
"TW3","crtl","Trifolium pratense","TW3_crtl",2023-06-28,"Fabaceae","Fabales",50.927067,4.925451,"plants","Ad","","Jari Vandendendriessche",7,"10m² quadrat","DIGITAF_BIODIVERSITY_FLEMISH_TREEROWS:OCCURRENCE:plants:10m² quadrat:TW3:crtl:2023-06-28:659"
"TW3","crtl","Vicia sativa","TW3_crtl",2023-06-28,"Fabaceae","Fabales",50.927067,4.925451,"plants","Ad","","Jari Vandendendriessche",15,"10m² quadrat","DIGITAF_BIODIVERSITY_FLEMISH_TREEROWS:OCCURRENCE:plants:10m² quadrat:TW3:crtl:2023-06-28:660"
"TW3","tree","Alliaria petiolata","TW3_tree",2023-06-28,"Brassicaceae","Brassicales",50.926302,4.92707,"plants","Ad","","Jari Vandendendriessche",1,"10m² quadrat","DIGITAF_BIODIVERSITY_FLEMISH_TREEROWS:OCCURRENCE:plants:10m² quadrat:TW3:tree:2023-06-28:661"
"TW3","tree","Anisantha sterilis","TW3_tree",2023-06-28,"Poaceae","Poales",50.926302,4.92707,"plants","Ad","","Jari Vandendendriessche",1,"10m² quadrat","DIGITAF_BIODIVERSITY_FLEMISH_TREEROWS:OCCURRENCE:plants:10m² quadrat:TW3:tree:2023-06-28:662"
"TW3","tree","Dactylis glomerata","TW3_tree",2023-06-28,"Poaceae","Poales",50.926302,4.92707,"plants","Ad","","Jari Vandendendriessche",1,"10m² quadrat","DIGITAF_BIODIVERSITY_FLEMISH_TREEROWS:OCCURRENCE:plants:10m² quadrat:TW3:tree:2023-06-28:663"
"TW3","tree","Festuca rubra","TW3_tree",2023-06-28,"Poaceae","Poales",50.926302,4.92707,"plants","Ad","","Jari Vandendendriessche",1,"10m² quadrat","DIGITAF_BIODIVERSITY_FLEMISH_TREEROWS:OCCURRENCE:plants:10m² quadrat:TW3:tree:2023-06-28:664"
"TW3","tree","Glechoma hederacea","TW3_tree",2023-06-28,"Lamiaceae","Lamiales",50.926302,4.92707,"plants","Ad","","Jari Vandendendriessche",1,"10m² quadrat","DIGITAF_BIODIVERSITY_FLEMISH_TREEROWS:OCCURRENCE:plants:10m² quadrat:TW3:tree:2023-06-28:665"
"TW3","tree","Hedera helix","TW3_tree",2023-06-28,"Araliaceae","Apiales",50.926302,4.92707,"plants","Ad","","Jari Vandendendriessche",1,"10m² quadrat","DIGITAF_BIODIVERSITY_FLEMISH_TREEROWS:OCCURRENCE:plants:10m² quadrat:TW3:tree:2023-06-28:666"
"TW3","tree","Lapsana communis","TW3_tree",2023-06-28,"Asteraceae","Asterales",50.926302,4.92707,"plants","Ad","","Jari Vandendendriessche",1,"10m² quadrat","DIGITAF_BIODIVERSITY_FLEMISH_TREEROWS:OCCURRENCE:plants:10m² quadrat:TW3:tree:2023-06-28:667"
"TW3","tree","Lolium multiflorum","TW3_tree",2023-06-28,"Poaceae","Poales",50.926302,4.92707,"plants","Ad","","Jari Vandendendriessche",1,"10m² quadrat","DIGITAF_BIODIVERSITY_FLEMISH_TREEROWS:OCCURRENCE:plants:10m² quadrat:TW3:tree:2023-06-28:668"
"TW3","tree","Quercus robur","TW3_tree",2023-06-28,"Fagaceae","Fagales",50.926302,4.92707,"plants","Ad","","Jari Vandendendriessche",1,"10m² quadrat","DIGITAF_BIODIVERSITY_FLEMISH_TREEROWS:OCCURRENCE:plants:10m² quadrat:TW3:tree:2023-06-28:669"
"TW3","tree","Robinia pseudoacacia","TW3_tree",2023-06-28,"Fabaceae","Fabales",50.926302,4.92707,"plants","Ad","","Jari Vandendendriessche",96,"10m² quadrat","DIGITAF_BIODIVERSITY_FLEMISH_TREEROWS:OCCURRENCE:plants:10m² quadrat:TW3:tree:2023-06-28:670"
"TW3","tree","Rubus Sec. Rubus","TW3_tree",2023-06-28,"Rosaceae","Rosales",50.926302,4.92707,"plants","Ad","","Jari Vandendendriessche",1,"10m² quadrat","DIGITAF_BIODIVERSITY_FLEMISH_TREEROWS:OCCURRENCE:plants:10m² quadrat:TW3:tree:2023-06-28:671"
"TW3","tree","Sambucus nigra","TW3_tree",2023-06-28,"Viburnaceae","Dipsacales",50.926302,4.92707,"plants","Ad","","Jari Vandendendriessche",15,"10m² quadrat","DIGITAF_BIODIVERSITY_FLEMISH_TREEROWS:OCCURRENCE:plants:10m² quadrat:TW3:tree:2023-06-28:672"
"TW3","tree","Urtica dioica","TW3_tree",2023-06-28,"Urticaceae","Rosales",50.926302,4.92707,"plants","Ad","","Jari Vandendendriessche",2,"10m² quadrat","DIGITAF_BIODIVERSITY_FLEMISH_TREEROWS:OCCURRENCE:plants:10m² quadrat:TW3:tree:2023-06-28:673"
"Ti1","crtl","Anisantha sterilis","Ti1_crtl",2023-05-18,"Poaceae","Poales",51.014877,3.473279,"plants","Ad","","Jari Vandendendriessche",35,"10m² quadrat","DIGITAF_BIODIVERSITY_FLEMISH_TREEROWS:OCCURRENCE:plants:10m² quadrat:Ti1:crtl:2023-05-18:674"
"Ti1","crtl","Anthriscus sylvestris","Ti1_crtl",2023-05-18,"Apiaceae","Apiales",51.014877,3.473279,"plants","Ad","","Jari Vandendendriessche",15,"10m² quadrat","DIGITAF_BIODIVERSITY_FLEMISH_TREEROWS:OCCURRENCE:plants:10m² quadrat:Ti1:crtl:2023-05-18:675"
"Ti1","crtl","Arrhenatherum elatius","Ti1_crtl",2023-05-18,"Poaceae","Poales",51.014877,3.473279,"plants","Ad","","Jari Vandendendriessche",35,"10m² quadrat","DIGITAF_BIODIVERSITY_FLEMISH_TREEROWS:OCCURRENCE:plants:10m² quadrat:Ti1:crtl:2023-05-18:676"
"Ti1","crtl","Bromus hordeaceus","Ti1_crtl",2023-05-18,"Poaceae","Poales",51.014877,3.473279,"plants","Ad","","Jari Vandendendriessche",7,"10m² quadrat","DIGITAF_BIODIVERSITY_FLEMISH_TREEROWS:OCCURRENCE:plants:10m² quadrat:Ti1:crtl:2023-05-18:677"
"Ti1","crtl","Convolvulus sepium","Ti1_crtl",2023-05-18,"Convolvulaceae","Solanales",51.014877,3.473279,"plants","Ad","","Jari Vandendendriessche",3,"10m² quadrat","DIGITAF_BIODIVERSITY_FLEMISH_TREEROWS:OCCURRENCE:plants:10m² quadrat:Ti1:crtl:2023-05-18:678"
"Ti1","crtl","Dactylis glomerata","Ti1_crtl",2023-05-18,"Poaceae","Poales",51.014877,3.473279,"plants","Ad","","Jari Vandendendriessche",7,"10m² quadrat","DIGITAF_BIODIVERSITY_FLEMISH_TREEROWS:OCCURRENCE:plants:10m² quadrat:Ti1:crtl:2023-05-18:679"
"Ti1","crtl","Geranium molle","Ti1_crtl",2023-05-18,"Geraniaceae","Geraniales",51.014877,3.473279,"plants","Ad","","Jari Vandendendriessche",1,"10m² quadrat","DIGITAF_BIODIVERSITY_FLEMISH_TREEROWS:OCCURRENCE:plants:10m² quadrat:Ti1:crtl:2023-05-18:680"
"Ti1","crtl","Hypericum tetrapterum","Ti1_crtl",2023-05-18,"Hypericaceae","Malpighiales",51.014877,3.473279,"plants","Ad","","Jari Vandendendriessche",1,"10m² quadrat","DIGITAF_BIODIVERSITY_FLEMISH_TREEROWS:OCCURRENCE:plants:10m² quadrat:Ti1:crtl:2023-05-18:681"
"Ti1","crtl","Poa annua","Ti1_crtl",2023-05-18,"Poaceae","Poales",51.014877,3.473279,"plants","Ad","","Jari Vandendendriessche",7,"10m² quadrat","DIGITAF_BIODIVERSITY_FLEMISH_TREEROWS:OCCURRENCE:plants:10m² quadrat:Ti1:crtl:2023-05-18:682"
"Ti1","crtl","Poa pratensis","Ti1_crtl",2023-05-18,"Poaceae","Poales",51.014877,3.473279,"plants","Ad","","Jari Vandendendriessche",7,"10m² quadrat","DIGITAF_BIODIVERSITY_FLEMISH_TREEROWS:OCCURRENCE:plants:10m² quadrat:Ti1:crtl:2023-05-18:683"
"Ti1","crtl","Ranunculus acris","Ti1_crtl",2023-05-18,"Ranunculaceae","Ranunculales",51.014877,3.473279,"plants","Ad","","Jari Vandendendriessche",1,"10m² quadrat","DIGITAF_BIODIVERSITY_FLEMISH_TREEROWS:OCCURRENCE:plants:10m² quadrat:Ti1:crtl:2023-05-18:684"
"Ti1","crtl","Rumex acetosa","Ti1_crtl",2023-05-18,"Polygonaceae","Caryophyllales",51.014877,3.473279,"plants","Ad","","Jari Vandendendriessche",3,"10m² quadrat","DIGITAF_BIODIVERSITY_FLEMISH_TREEROWS:OCCURRENCE:plants:10m² quadrat:Ti1:crtl:2023-05-18:685"
"Ti1","crtl","Sisymbrium officinale","Ti1_crtl",2023-05-18,"Brassicaceae","Brassicales",51.014877,3.473279,"plants","Ad","","Jari Vandendendriessche",1,"10m² quadrat","DIGITAF_BIODIVERSITY_FLEMISH_TREEROWS:OCCURRENCE:plants:10m² quadrat:Ti1:crtl:2023-05-18:686"
"Ti1","crtl","Tripleurospermum maritimum","Ti1_crtl",2023-05-18,"Asteraceae","Asterales",51.014877,3.473279,"plants","Ad","","Jari Vandendendriessche",1,"10m² quadrat","DIGITAF_BIODIVERSITY_FLEMISH_TREEROWS:OCCURRENCE:plants:10m² quadrat:Ti1:crtl:2023-05-18:687"
"Ti1","crtl","Urtica dioica","Ti1_crtl",2023-05-18,"Urticaceae","Rosales",51.014877,3.473279,"plants","Ad","","Jari Vandendendriessche",25,"10m² quadrat","DIGITAF_BIODIVERSITY_FLEMISH_TREEROWS:OCCURRENCE:plants:10m² quadrat:Ti1:crtl:2023-05-18:688"
"Ti1","crtl","Veronica arvensis","Ti1_crtl",2023-05-18,"Plantaginaceae","Lamiales",51.014877,3.473279,"plants","Ad","","Jari Vandendendriessche",1,"10m² quadrat","DIGITAF_BIODIVERSITY_FLEMISH_TREEROWS:OCCURRENCE:plants:10m² quadrat:Ti1:crtl:2023-05-18:689"
"Ti1","crtl","Vicia sativa","Ti1_crtl",2023-05-18,"Fabaceae","Fabales",51.014877,3.473279,"plants","Ad","","Jari Vandendendriessche",3,"10m² quadrat","DIGITAF_BIODIVERSITY_FLEMISH_TREEROWS:OCCURRENCE:plants:10m² quadrat:Ti1:crtl:2023-05-18:690"
"Ti1","tree","Alopecurus geniculatus","Ti1_tree",2023-05-18,"Poaceae","Poales",51.017292,3.472148,"plants","Ad","","Jari Vandendendriessche",15,"10m² quadrat","DIGITAF_BIODIVERSITY_FLEMISH_TREEROWS:OCCURRENCE:plants:10m² quadrat:Ti1:tree:2023-05-18:691"
"Ti1","tree","Anthriscus sylvestris","Ti1_tree",2023-05-18,"Apiaceae","Apiales",51.017292,3.472148,"plants","Ad","","Jari Vandendendriessche",25,"10m² quadrat","DIGITAF_BIODIVERSITY_FLEMISH_TREEROWS:OCCURRENCE:plants:10m² quadrat:Ti1:tree:2023-05-18:692"
"Ti1","tree","Arabidopsis thaliana","Ti1_tree",2023-05-18,"Brassicaceae","Brassicales",51.017292,3.472148,"plants","Ad","","Jari Vandendendriessche",1,"10m² quadrat","DIGITAF_BIODIVERSITY_FLEMISH_TREEROWS:OCCURRENCE:plants:10m² quadrat:Ti1:tree:2023-05-18:693"
"Ti1","tree","Arrhenatherum elatius","Ti1_tree",2023-05-18,"Poaceae","Poales",51.017292,3.472148,"plants","Ad","","Jari Vandendendriessche",35,"10m² quadrat","DIGITAF_BIODIVERSITY_FLEMISH_TREEROWS:OCCURRENCE:plants:10m² quadrat:Ti1:tree:2023-05-18:694"
"Ti1","tree","Cerastium fontanum","Ti1_tree",2023-05-18,"Caryophyllaceae","Caryophyllales",51.017292,3.472148,"plants","Ad","","Jari Vandendendriessche",1,"10m² quadrat","DIGITAF_BIODIVERSITY_FLEMISH_TREEROWS:OCCURRENCE:plants:10m² quadrat:Ti1:tree:2023-05-18:695"
"Ti1","tree","Chenopodium album","Ti1_tree",2023-05-18,"Amaranthaceae","Caryophyllales",51.017292,3.472148,"plants","Ad","","Jari Vandendendriessche",1,"10m² quadrat","DIGITAF_BIODIVERSITY_FLEMISH_TREEROWS:OCCURRENCE:plants:10m² quadrat:Ti1:tree:2023-05-18:696"
"Ti1","tree","Dactylis glomerata","Ti1_tree",2023-05-18,"Poaceae","Poales",51.017292,3.472148,"plants","Ad","","Jari Vandendendriessche",7,"10m² quadrat","DIGITAF_BIODIVERSITY_FLEMISH_TREEROWS:OCCURRENCE:plants:10m² quadrat:Ti1:tree:2023-05-18:697"
"Ti1","tree","Equisetum arvense","Ti1_tree",2023-05-18,"Equisetaceae","Equisetales",51.017292,3.472148,"plants","Ad","","Jari Vandendendriessche",3,"10m² quadrat","DIGITAF_BIODIVERSITY_FLEMISH_TREEROWS:OCCURRENCE:plants:10m² quadrat:Ti1:tree:2023-05-18:698"
"Ti1","tree","Fagus sylvatica","Ti1_tree",2023-05-18,"Fagaceae","Fagales",51.017292,3.472148,"plants","Ad","","Jari Vandendendriessche",26,"10m² quadrat","DIGITAF_BIODIVERSITY_FLEMISH_TREEROWS:OCCURRENCE:plants:10m² quadrat:Ti1:tree:2023-05-18:699"
"Ti1","tree","Lamium purpureum","Ti1_tree",2023-05-18,"Lamiaceae","Lamiales",51.017292,3.472148,"plants","Ad","","Jari Vandendendriessche",1,"10m² quadrat","DIGITAF_BIODIVERSITY_FLEMISH_TREEROWS:OCCURRENCE:plants:10m² quadrat:Ti1:tree:2023-05-18:700"
"Ti1","tree","Plantago lanceolata","Ti1_tree",2023-05-18,"Plantaginaceae","Lamiales",51.017292,3.472148,"plants","Ad","","Jari Vandendendriessche",1,"10m² quadrat","DIGITAF_BIODIVERSITY_FLEMISH_TREEROWS:OCCURRENCE:plants:10m² quadrat:Ti1:tree:2023-05-18:701"
"Ti1","tree","Poa pratensis","Ti1_tree",2023-05-18,"Poaceae","Poales",51.017292,3.472148,"plants","Ad","","Jari Vandendendriessche",1,"10m² quadrat","DIGITAF_BIODIVERSITY_FLEMISH_TREEROWS:OCCURRENCE:plants:10m² quadrat:Ti1:tree:2023-05-18:702"
"Ti1","tree","Ranunculus sardous","Ti1_tree",2023-05-18,"Ranunculaceae","Ranunculales",51.017292,3.472148,"plants","Ad","","Jari Vandendendriessche",1,"10m² quadrat","DIGITAF_BIODIVERSITY_FLEMISH_TREEROWS:OCCURRENCE:plants:10m² quadrat:Ti1:tree:2023-05-18:703"
"Ti1","tree","Rubus Sec. Rubus","Ti1_tree",2023-05-18,"Rosaceae","Rosales",51.017292,3.472148,"plants","Ad","","Jari Vandendendriessche",3,"10m² quadrat","DIGITAF_BIODIVERSITY_FLEMISH_TREEROWS:OCCURRENCE:plants:10m² quadrat:Ti1:tree:2023-05-18:704"
"Ti1","tree","Sonchus oleraceus","Ti1_tree",2023-05-18,"Asteraceae","Asterales",51.017292,3.472148,"plants","Ad","","Jari Vandendendriessche",3,"10m² quadrat","DIGITAF_BIODIVERSITY_FLEMISH_TREEROWS:OCCURRENCE:plants:10m² quadrat:Ti1:tree:2023-05-18:705"
"Ti1","tree","Stellaria media","Ti1_tree",2023-05-18,"Caryophyllaceae","Caryophyllales",51.017292,3.472148,"plants","Ad","","Jari Vandendendriessche",3,"10m² quadrat","DIGITAF_BIODIVERSITY_FLEMISH_TREEROWS:OCCURRENCE:plants:10m² quadrat:Ti1:tree:2023-05-18:706"
"Ti1","tree","Trifolium dubium","Ti1_tree",2023-05-18,"Fabaceae","Fabales",51.017292,3.472148,"plants","Ad","","Jari Vandendendriessche",1,"10m² quadrat","DIGITAF_BIODIVERSITY_FLEMISH_TREEROWS:OCCURRENCE:plants:10m² quadrat:Ti1:tree:2023-05-18:707"
"Ti1","tree","Urtica dioica","Ti1_tree",2023-05-18,"Urticaceae","Rosales",51.017292,3.472148,"plants","Ad","","Jari Vandendendriessche",1,"10m² quadrat","DIGITAF_BIODIVERSITY_FLEMISH_TREEROWS:OCCURRENCE:plants:10m² quadrat:Ti1:tree:2023-05-18:708"
"Ti1","tree","Veronica persica","Ti1_tree",2023-05-18,"Plantaginaceae","Lamiales",51.017292,3.472148,"plants","Ad","","Jari Vandendendriessche",1,"10m² quadrat","DIGITAF_BIODIVERSITY_FLEMISH_TREEROWS:OCCURRENCE:plants:10m² quadrat:Ti1:tree:2023-05-18:709"
"Zo","crop","Cerastium glomeratum","Zo_crop",2023-05-18,"Caryophyllaceae","Caryophyllales",51.106331,3.55805,"plants","Ad","","Jari Vandendendriessche",3,"10m² quadrat","DIGITAF_BIODIVERSITY_FLEMISH_TREEROWS:OCCURRENCE:plants:10m² quadrat:Zo:crop:2023-05-18:710"
"Zo","crop","Hordeum vulgare","Zo_crop",2023-05-18,"Poaceae","Poales",51.106331,3.55805,"plants","Ad","","Jari Vandendendriessche",95,"10m² quadrat","DIGITAF_BIODIVERSITY_FLEMISH_TREEROWS:OCCURRENCE:plants:10m² quadrat:Zo:crop:2023-05-18:711"
"Zo","crop","Poa annua","Zo_crop",2023-05-18,"Poaceae","Poales",51.106331,3.55805,"plants","Ad","","Jari Vandendendriessche",3,"10m² quadrat","DIGITAF_BIODIVERSITY_FLEMISH_TREEROWS:OCCURRENCE:plants:10m² quadrat:Zo:crop:2023-05-18:712"
"Zo","crop","Stellaria media","Zo_crop",2023-05-18,"Caryophyllaceae","Caryophyllales",51.106331,3.55805,"plants","Ad","","Jari Vandendendriessche",1,"10m² quadrat","DIGITAF_BIODIVERSITY_FLEMISH_TREEROWS:OCCURRENCE:plants:10m² quadrat:Zo:crop:2023-05-18:713"
"Zo","crtl","Achillea millefolium","Zo_crtl",2023-05-18,"Asteraceae","Asterales",51.106567,3.557371,"plants","Ad","","Jari Vandendendriessche",3,"10m² quadrat","DIGITAF_BIODIVERSITY_FLEMISH_TREEROWS:OCCURRENCE:plants:10m² quadrat:Zo:crtl:2023-05-18:714"
"Zo","crtl","Arrhenatherum elatius","Zo_crtl",2023-05-18,"Poaceae","Poales",51.106567,3.557371,"plants","Ad","","Jari Vandendendriessche",35,"10m² quadrat","DIGITAF_BIODIVERSITY_FLEMISH_TREEROWS:OCCURRENCE:plants:10m² quadrat:Zo:crtl:2023-05-18:715"
"Zo","crtl","Cerastium glomeratum","Zo_crtl",2023-05-18,"Caryophyllaceae","Caryophyllales",51.106567,3.557371,"plants","Ad","","Jari Vandendendriessche",3,"10m² quadrat","DIGITAF_BIODIVERSITY_FLEMISH_TREEROWS:OCCURRENCE:plants:10m² quadrat:Zo:crtl:2023-05-18:716"
"Zo","crtl","Cirsium arvense","Zo_crtl",2023-05-18,"Asteraceae","Asterales",51.106567,3.557371,"plants","Ad","","Jari Vandendendriessche",1,"10m² quadrat","DIGITAF_BIODIVERSITY_FLEMISH_TREEROWS:OCCURRENCE:plants:10m² quadrat:Zo:crtl:2023-05-18:717"
"Zo","crtl","Holcus lanatus","Zo_crtl",2023-05-18,"Poaceae","Poales",51.106567,3.557371,"plants","Ad","","Jari Vandendendriessche",55,"10m² quadrat","DIGITAF_BIODIVERSITY_FLEMISH_TREEROWS:OCCURRENCE:plants:10m² quadrat:Zo:crtl:2023-05-18:718"
"Zo","crtl","Lamium purpureum","Zo_crtl",2023-05-18,"Lamiaceae","Lamiales",51.106567,3.557371,"plants","Ad","","Jari Vandendendriessche",1,"10m² quadrat","DIGITAF_BIODIVERSITY_FLEMISH_TREEROWS:OCCURRENCE:plants:10m² quadrat:Zo:crtl:2023-05-18:719"
"Zo","crtl","Polygonum aviculare","Zo_crtl",2023-05-18,"Polygonaceae","Caryophyllales",51.106567,3.557371,"plants","Ad","","Jari Vandendendriessche",3,"10m² quadrat","DIGITAF_BIODIVERSITY_FLEMISH_TREEROWS:OCCURRENCE:plants:10m² quadrat:Zo:crtl:2023-05-18:720"
"Zo","crtl","Ranunculus repens","Zo_crtl",2023-05-18,"Ranunculaceae","Ranunculales",51.106567,3.557371,"plants","Ad","","Jari Vandendendriessche",1,"10m² quadrat","DIGITAF_BIODIVERSITY_FLEMISH_TREEROWS:OCCURRENCE:plants:10m² quadrat:Zo:crtl:2023-05-18:721"
"Zo","crtl","Rubus Sec. Rubus","Zo_crtl",2023-05-18,"Rosaceae","Rosales",51.106567,3.557371,"plants","Ad","","Jari Vandendendriessche",3,"10m² quadrat","DIGITAF_BIODIVERSITY_FLEMISH_TREEROWS:OCCURRENCE:plants:10m² quadrat:Zo:crtl:2023-05-18:722"
"Zo","crtl","Stellaria media","Zo_crtl",2023-05-18,"Caryophyllaceae","Caryophyllales",51.106567,3.557371,"plants","Ad","","Jari Vandendendriessche",1,"10m² quadrat","DIGITAF_BIODIVERSITY_FLEMISH_TREEROWS:OCCURRENCE:plants:10m² quadrat:Zo:crtl:2023-05-18:723"
"Zo","crtl","Veronica arvensis","Zo_crtl",2023-05-18,"Plantaginaceae","Lamiales",51.106567,3.557371,"plants","Ad","","Jari Vandendendriessche",1,"10m² quadrat","DIGITAF_BIODIVERSITY_FLEMISH_TREEROWS:OCCURRENCE:plants:10m² quadrat:Zo:crtl:2023-05-18:724"
"Zo","crtl","Viola arvensis","Zo_crtl",2023-05-18,"Violaceae","Malpighiales",51.106567,3.557371,"plants","Ad","","Jari Vandendendriessche",1,"10m² quadrat","DIGITAF_BIODIVERSITY_FLEMISH_TREEROWS:OCCURRENCE:plants:10m² quadrat:Zo:crtl:2023-05-18:725"
"Zo","tree","Anisantha sterilis","Zo_tree",2023-05-18,"Poaceae","Poales",51.105865,3.556603,"plants","Ad","","Jari Vandendendriessche",25,"10m² quadrat","DIGITAF_BIODIVERSITY_FLEMISH_TREEROWS:OCCURRENCE:plants:10m² quadrat:Zo:tree:2023-05-18:726"
"Zo","tree","Arrhenatherum elatius","Zo_tree",2023-05-18,"Poaceae","Poales",51.105865,3.556603,"plants","Ad","","Jari Vandendendriessche",45,"10m² quadrat","DIGITAF_BIODIVERSITY_FLEMISH_TREEROWS:OCCURRENCE:plants:10m² quadrat:Zo:tree:2023-05-18:727"
"Zo","tree","Convolvulus sepium","Zo_tree",2023-05-18,"Convolvulaceae","Solanales",51.105865,3.556603,"plants","Ad","","Jari Vandendendriessche",1,"10m² quadrat","DIGITAF_BIODIVERSITY_FLEMISH_TREEROWS:OCCURRENCE:plants:10m² quadrat:Zo:tree:2023-05-18:728"
"Zo","tree","Dactylis glomerata","Zo_tree",2023-05-18,"Poaceae","Poales",51.105865,3.556603,"plants","Ad","","Jari Vandendendriessche",7,"10m² quadrat","DIGITAF_BIODIVERSITY_FLEMISH_TREEROWS:OCCURRENCE:plants:10m² quadrat:Zo:tree:2023-05-18:729"
"Zo","tree","Galium aparine","Zo_tree",2023-05-18,"Rubiaceae","Gentianales",51.105865,3.556603,"plants","Ad","","Jari Vandendendriessche",15,"10m² quadrat","DIGITAF_BIODIVERSITY_FLEMISH_TREEROWS:OCCURRENCE:plants:10m² quadrat:Zo:tree:2023-05-18:730"
"Zo","tree","Geranium molle","Zo_tree",2023-05-18,"Geraniaceae","Geraniales",51.105865,3.556603,"plants","Ad","","Jari Vandendendriessche",3,"10m² quadrat","DIGITAF_BIODIVERSITY_FLEMISH_TREEROWS:OCCURRENCE:plants:10m² quadrat:Zo:tree:2023-05-18:731"
"Zo","tree","Lamium album","Zo_tree",2023-05-18,"Lamiaceae","Lamiales",51.105865,3.556603,"plants","Ad","","Jari Vandendendriessche",3,"10m² quadrat","DIGITAF_BIODIVERSITY_FLEMISH_TREEROWS:OCCURRENCE:plants:10m² quadrat:Zo:tree:2023-05-18:732"
"Zo","tree","Lamium purpureum","Zo_tree",2023-05-18,"Lamiaceae","Lamiales",51.105865,3.556603,"plants","Ad","","Jari Vandendendriessche",1,"10m² quadrat","DIGITAF_BIODIVERSITY_FLEMISH_TREEROWS:OCCURRENCE:plants:10m² quadrat:Zo:tree:2023-05-18:733"
"Zo","tree","Lapsana communis","Zo_tree",2023-05-18,"Asteraceae","Asterales",51.105865,3.556603,"plants","Ad","","Jari Vandendendriessche",3,"10m² quadrat","DIGITAF_BIODIVERSITY_FLEMISH_TREEROWS:OCCURRENCE:plants:10m² quadrat:Zo:tree:2023-05-18:734"
"Zo","tree","Salix alba","Zo_tree",2023-05-18,"Salicaceae","Malpighiales",51.105865,3.556603,"plants","Ad","","Jari Vandendendriessche",95,"10m² quadrat","DIGITAF_BIODIVERSITY_FLEMISH_TREEROWS:OCCURRENCE:plants:10m² quadrat:Zo:tree:2023-05-18:735"
"Zo","tree","Stellaria media","Zo_tree",2023-05-18,"Caryophyllaceae","Caryophyllales",51.105865,3.556603,"plants","Ad","","Jari Vandendendriessche",7,"10m² quadrat","DIGITAF_BIODIVERSITY_FLEMISH_TREEROWS:OCCURRENCE:plants:10m² quadrat:Zo:tree:2023-05-18:736"
"Zo","tree","Tripleurospermum maritimum","Zo_tree",2023-05-18,"Asteraceae","Asterales",51.105865,3.556603,"plants","Ad","","Jari Vandendendriessche",1,"10m² quadrat","DIGITAF_BIODIVERSITY_FLEMISH_TREEROWS:OCCURRENCE:plants:10m² quadrat:Zo:tree:2023-05-18:737"
"Zo","tree","Urtica dioica","Zo_tree",2023-05-18,"Urticaceae","Rosales",51.105865,3.556603,"plants","Ad","","Jari Vandendendriessche",7,"10m² quadrat","DIGITAF_BIODIVERSITY_FLEMISH_TREEROWS:OCCURRENCE:plants:10m² quadrat:Zo:tree:2023-05-18:738"
"Zo","tree","Veronica hederifolia","Zo_tree",2023-05-18,"Plantaginaceae","Lamiales",51.105865,3.556603,"plants","Ad","","Jari Vandendendriessche",25,"10m² quadrat","DIGITAF_BIODIVERSITY_FLEMISH_TREEROWS:OCCURRENCE:plants:10m² quadrat:Zo:tree:2023-05-18:739"
"Zo","tree","Vicia sativa","Zo_tree",2023-05-18,"Fabaceae","Fabales",51.105865,3.556603,"plants","Ad","","Jari Vandendendriessche",15,"10m² quadrat","DIGITAF_BIODIVERSITY_FLEMISH_TREEROWS:OCCURRENCE:plants:10m² quadrat:Zo:tree:2023-05-18:740"
"Zo1","crtl","Anisantha sterilis","Zo1_crtl",2023-05-18,"Poaceae","Poales",51.107437,3.567569,"plants","Ad","","Jari Vandendendriessche",1,"10m² quadrat","DIGITAF_BIODIVERSITY_FLEMISH_TREEROWS:OCCURRENCE:plants:10m² quadrat:Zo1:crtl:2023-05-18:741"
"Zo1","crtl","Arrhenatherum elatius","Zo1_crtl",2023-05-18,"Poaceae","Poales",51.107437,3.567569,"plants","Ad","","Jari Vandendendriessche",55,"10m² quadrat","DIGITAF_BIODIVERSITY_FLEMISH_TREEROWS:OCCURRENCE:plants:10m² quadrat:Zo1:crtl:2023-05-18:742"
"Zo1","crtl","Convolvulus sepium","Zo1_crtl",2023-05-18,"Convolvulaceae","Solanales",51.107437,3.567569,"plants","Ad","","Jari Vandendendriessche",1,"10m² quadrat","DIGITAF_BIODIVERSITY_FLEMISH_TREEROWS:OCCURRENCE:plants:10m² quadrat:Zo1:crtl:2023-05-18:743"
"Zo1","crtl","Hordeum vulgare","Zo1_crtl",2023-05-18,"Poaceae","Poales",51.107437,3.567569,"plants","Ad","","Jari Vandendendriessche",3,"10m² quadrat","DIGITAF_BIODIVERSITY_FLEMISH_TREEROWS:OCCURRENCE:plants:10m² quadrat:Zo1:crtl:2023-05-18:744"
"Zo1","crtl","Lamium purpureum","Zo1_crtl",2023-05-18,"Lamiaceae","Lamiales",51.107437,3.567569,"plants","Ad","","Jari Vandendendriessche",3,"10m² quadrat","DIGITAF_BIODIVERSITY_FLEMISH_TREEROWS:OCCURRENCE:plants:10m² quadrat:Zo1:crtl:2023-05-18:745"
"Zo1","crtl","Lapsana communis","Zo1_crtl",2023-05-18,"Asteraceae","Asterales",51.107437,3.567569,"plants","Ad","","Jari Vandendendriessche",1,"10m² quadrat","DIGITAF_BIODIVERSITY_FLEMISH_TREEROWS:OCCURRENCE:plants:10m² quadrat:Zo1:crtl:2023-05-18:746"
"Zo1","crtl","Lepidium didymum","Zo1_crtl",2023-05-18,"Brassicaceae","Brassicales",51.107437,3.567569,"plants","Ad","","Jari Vandendendriessche",1,"10m² quadrat","DIGITAF_BIODIVERSITY_FLEMISH_TREEROWS:OCCURRENCE:plants:10m² quadrat:Zo1:crtl:2023-05-18:747"
"Zo1","crtl","Poa annua","Zo1_crtl",2023-05-18,"Poaceae","Poales",51.107437,3.567569,"plants","Ad","","Jari Vandendendriessche",3,"10m² quadrat","DIGITAF_BIODIVERSITY_FLEMISH_TREEROWS:OCCURRENCE:plants:10m² quadrat:Zo1:crtl:2023-05-18:748"
"Zo1","crtl","Poa trivialis","Zo1_crtl",2023-05-18,"Poaceae","Poales",51.107437,3.567569,"plants","Ad","","Jari Vandendendriessche",1,"10m² quadrat","DIGITAF_BIODIVERSITY_FLEMISH_TREEROWS:OCCURRENCE:plants:10m² quadrat:Zo1:crtl:2023-05-18:749"
"Zo1","crtl","Ranunculus sardous","Zo1_crtl",2023-05-18,"Ranunculaceae","Ranunculales",51.107437,3.567569,"plants","Ad","","Jari Vandendendriessche",7,"10m² quadrat","DIGITAF_BIODIVERSITY_FLEMISH_TREEROWS:OCCURRENCE:plants:10m² quadrat:Zo1:crtl:2023-05-18:750"
"Zo1","crtl","Urtica dioica","Zo1_crtl",2023-05-18,"Urticaceae","Rosales",51.107437,3.567569,"plants","Ad","","Jari Vandendendriessche",35,"10m² quadrat","DIGITAF_BIODIVERSITY_FLEMISH_TREEROWS:OCCURRENCE:plants:10m² quadrat:Zo1:crtl:2023-05-18:751"
"Zo1","crtl","Veronica persica","Zo1_crtl",2023-05-18,"Plantaginaceae","Lamiales",51.107437,3.567569,"plants","Ad","","Jari Vandendendriessche",7,"10m² quadrat","DIGITAF_BIODIVERSITY_FLEMISH_TREEROWS:OCCURRENCE:plants:10m² quadrat:Zo1:crtl:2023-05-18:752"
"Zo1","tree","Anisantha sterilis","Zo1_tree",2023-05-18,"Poaceae","Poales",51.107109,3.566462,"plants","Ad","","Jari Vandendendriessche",7,"10m² quadrat","DIGITAF_BIODIVERSITY_FLEMISH_TREEROWS:OCCURRENCE:plants:10m² quadrat:Zo1:tree:2023-05-18:753"
"Zo1","tree","Arrhenatherum elatius","Zo1_tree",2023-05-18,"Poaceae","Poales",51.107109,3.566462,"plants","Ad","","Jari Vandendendriessche",55,"10m² quadrat","DIGITAF_BIODIVERSITY_FLEMISH_TREEROWS:OCCURRENCE:plants:10m² quadrat:Zo1:tree:2023-05-18:754"
"Zo1","tree","Chenopodiastrum murale","Zo1_tree",2023-05-18,"Amaranthaceae","Caryophyllales",51.107109,3.566462,"plants","Ad","","Jari Vandendendriessche",1,"10m² quadrat","DIGITAF_BIODIVERSITY_FLEMISH_TREEROWS:OCCURRENCE:plants:10m² quadrat:Zo1:tree:2023-05-18:755"
"Zo1","tree","Ficaria verna","Zo1_tree",2023-05-18,"Ranunculaceae","Ranunculales",51.107109,3.566462,"plants","Ad","","Jari Vandendendriessche",1,"10m² quadrat","DIGITAF_BIODIVERSITY_FLEMISH_TREEROWS:OCCURRENCE:plants:10m² quadrat:Zo1:tree:2023-05-18:756"
"Zo1","tree","Galium aparine","Zo1_tree",2023-05-18,"Rubiaceae","Gentianales",51.107109,3.566462,"plants","Ad","","Jari Vandendendriessche",15,"10m² quadrat","DIGITAF_BIODIVERSITY_FLEMISH_TREEROWS:OCCURRENCE:plants:10m² quadrat:Zo1:tree:2023-05-18:757"
"Zo1","tree","Hedera helix","Zo1_tree",2023-05-18,"Araliaceae","Apiales",51.107109,3.566462,"plants","Ad","","Jari Vandendendriessche",7,"10m² quadrat","DIGITAF_BIODIVERSITY_FLEMISH_TREEROWS:OCCURRENCE:plants:10m² quadrat:Zo1:tree:2023-05-18:758"
"Zo1","tree","Lamium album","Zo1_tree",2023-05-18,"Lamiaceae","Lamiales",51.107109,3.566462,"plants","Ad","","Jari Vandendendriessche",1,"10m² quadrat","DIGITAF_BIODIVERSITY_FLEMISH_TREEROWS:OCCURRENCE:plants:10m² quadrat:Zo1:tree:2023-05-18:759"
"Zo1","tree","Lamium purpureum","Zo1_tree",2023-05-18,"Lamiaceae","Lamiales",51.107109,3.566462,"plants","Ad","","Jari Vandendendriessche",7,"10m² quadrat","DIGITAF_BIODIVERSITY_FLEMISH_TREEROWS:OCCURRENCE:plants:10m² quadrat:Zo1:tree:2023-05-18:760"
"Zo1","tree","Persicaria maculosa","Zo1_tree",2023-05-18,"Polygonaceae","Caryophyllales",51.107109,3.566462,"plants","Ad","","Jari Vandendendriessche",1,"10m² quadrat","DIGITAF_BIODIVERSITY_FLEMISH_TREEROWS:OCCURRENCE:plants:10m² quadrat:Zo1:tree:2023-05-18:761"
"Zo1","tree","Poa annua","Zo1_tree",2023-05-18,"Poaceae","Poales",51.107109,3.566462,"plants","Ad","","Jari Vandendendriessche",1,"10m² quadrat","DIGITAF_BIODIVERSITY_FLEMISH_TREEROWS:OCCURRENCE:plants:10m² quadrat:Zo1:tree:2023-05-18:762"
"Zo1","tree","Ranunculus sardous","Zo1_tree",2023-05-18,"Ranunculaceae","Ranunculales",51.107109,3.566462,"plants","Ad","","Jari Vandendendriessche",1,"10m² quadrat","DIGITAF_BIODIVERSITY_FLEMISH_TREEROWS:OCCURRENCE:plants:10m² quadrat:Zo1:tree:2023-05-18:763"
"Zo1","tree","Salix alba","Zo1_tree",2023-05-18,"Salicaceae","Malpighiales",51.107109,3.566462,"plants","Ad","","Jari Vandendendriessche",95,"10m² quadrat","DIGITAF_BIODIVERSITY_FLEMISH_TREEROWS:OCCURRENCE:plants:10m² quadrat:Zo1:tree:2023-05-18:764"
"Zo1","tree","Stellaria media","Zo1_tree",2023-05-18,"Caryophyllaceae","Caryophyllales",51.107109,3.566462,"plants","Ad","","Jari Vandendendriessche",15,"10m² quadrat","DIGITAF_BIODIVERSITY_FLEMISH_TREEROWS:OCCURRENCE:plants:10m² quadrat:Zo1:tree:2023-05-18:765"
"Zo1","tree","Urtica dioica","Zo1_tree",2023-05-18,"Urticaceae","Rosales",51.107109,3.566462,"plants","Ad","","Jari Vandendendriessche",55,"10m² quadrat","DIGITAF_BIODIVERSITY_FLEMISH_TREEROWS:OCCURRENCE:plants:10m² quadrat:Zo1:tree:2023-05-18:766"
"Zo2","crtl","Anthriscus sylvestris","Zo2_crtl",2023-05-18,"Apiaceae","Apiales",51.113503,3.537224,"plants","Ad","","Jari Vandendendriessche",15,"10m² quadrat","DIGITAF_BIODIVERSITY_FLEMISH_TREEROWS:OCCURRENCE:plants:10m² quadrat:Zo2:crtl:2023-05-18:767"
"Zo2","crtl","Cardamine hirsuta","Zo2_crtl",2023-05-18,"Brassicaceae","Brassicales",51.113503,3.537224,"plants","Ad","","Jari Vandendendriessche",1,"10m² quadrat","DIGITAF_BIODIVERSITY_FLEMISH_TREEROWS:OCCURRENCE:plants:10m² quadrat:Zo2:crtl:2023-05-18:768"
"Zo2","crtl","Cerastium glomeratum","Zo2_crtl",2023-05-18,"Caryophyllaceae","Caryophyllales",51.113503,3.537224,"plants","Ad","","Jari Vandendendriessche",1,"10m² quadrat","DIGITAF_BIODIVERSITY_FLEMISH_TREEROWS:OCCURRENCE:plants:10m² quadrat:Zo2:crtl:2023-05-18:769"
"Zo2","crtl","Chenopodium album","Zo2_crtl",2023-05-18,"Amaranthaceae","Caryophyllales",51.113503,3.537224,"plants","Ad","","Jari Vandendendriessche",3,"10m² quadrat","DIGITAF_BIODIVERSITY_FLEMISH_TREEROWS:OCCURRENCE:plants:10m² quadrat:Zo2:crtl:2023-05-18:770"
"Zo2","crtl","Cirsium arvense","Zo2_crtl",2023-05-18,"Asteraceae","Asterales",51.113503,3.537224,"plants","Ad","","Jari Vandendendriessche",3,"10m² quadrat","DIGITAF_BIODIVERSITY_FLEMISH_TREEROWS:OCCURRENCE:plants:10m² quadrat:Zo2:crtl:2023-05-18:771"
"Zo2","crtl","Equisetum arvense","Zo2_crtl",2023-05-18,"Equisetaceae","Equisetales",51.113503,3.537224,"plants","Ad","","Jari Vandendendriessche",1,"10m² quadrat","DIGITAF_BIODIVERSITY_FLEMISH_TREEROWS:OCCURRENCE:plants:10m² quadrat:Zo2:crtl:2023-05-18:772"
"Zo2","crtl","Erigeron canadensis","Zo2_crtl",2023-05-18,"Asteraceae","Asterales",51.113503,3.537224,"plants","Ad","","Jari Vandendendriessche",3,"10m² quadrat","DIGITAF_BIODIVERSITY_FLEMISH_TREEROWS:OCCURRENCE:plants:10m² quadrat:Zo2:crtl:2023-05-18:773"
"Zo2","crtl","Festuca spec.","Zo2_crtl",2023-05-18,"Poaceae","Poales",51.113503,3.537224,"plants","Ad","","Jari Vandendendriessche",1,"10m² quadrat","DIGITAF_BIODIVERSITY_FLEMISH_TREEROWS:OCCURRENCE:plants:10m² quadrat:Zo2:crtl:2023-05-18:774"
"Zo2","crtl","Hedera helix","Zo2_crtl",2023-05-18,"Araliaceae","Apiales",51.113503,3.537224,"plants","Ad","","Jari Vandendendriessche",7,"10m² quadrat","DIGITAF_BIODIVERSITY_FLEMISH_TREEROWS:OCCURRENCE:plants:10m² quadrat:Zo2:crtl:2023-05-18:775"
"Zo2","crtl","Hypericum tetrapterum","Zo2_crtl",2023-05-18,"Hypericaceae","Malpighiales",51.113503,3.537224,"plants","Ad","","Jari Vandendendriessche",3,"10m² quadrat","DIGITAF_BIODIVERSITY_FLEMISH_TREEROWS:OCCURRENCE:plants:10m² quadrat:Zo2:crtl:2023-05-18:776"
"Zo2","crtl","Lamium purpureum","Zo2_crtl",2023-05-18,"Lamiaceae","Lamiales",51.113503,3.537224,"plants","Ad","","Jari Vandendendriessche",1,"10m² quadrat","DIGITAF_BIODIVERSITY_FLEMISH_TREEROWS:OCCURRENCE:plants:10m² quadrat:Zo2:crtl:2023-05-18:777"
"Zo2","crtl","Phalaris arundinacea","Zo2_crtl",2023-05-18,"Poaceae","Poales",51.113503,3.537224,"plants","Ad","","Jari Vandendendriessche",15,"10m² quadrat","DIGITAF_BIODIVERSITY_FLEMISH_TREEROWS:OCCURRENCE:plants:10m² quadrat:Zo2:crtl:2023-05-18:778"
"Zo2","crtl","Pilosella aurantiaca","Zo2_crtl",2023-05-18,"Asteraceae","Asterales",51.113503,3.537224,"plants","Ad","","Jari Vandendendriessche",1,"10m² quadrat","DIGITAF_BIODIVERSITY_FLEMISH_TREEROWS:OCCURRENCE:plants:10m² quadrat:Zo2:crtl:2023-05-18:779"
"Zo2","crtl","Rubus Sec. Rubus","Zo2_crtl",2023-05-18,"Rosaceae","Rosales",51.113503,3.537224,"plants","Ad","","Jari Vandendendriessche",35,"10m² quadrat","DIGITAF_BIODIVERSITY_FLEMISH_TREEROWS:OCCURRENCE:plants:10m² quadrat:Zo2:crtl:2023-05-18:780"
"Zo2","crtl","Senecio vulgaris","Zo2_crtl",2023-05-18,"Asteraceae","Asterales",51.113503,3.537224,"plants","Ad","","Jari Vandendendriessche",1,"10m² quadrat","DIGITAF_BIODIVERSITY_FLEMISH_TREEROWS:OCCURRENCE:plants:10m² quadrat:Zo2:crtl:2023-05-18:781"
"Zo2","crtl","Stellaria media","Zo2_crtl",2023-05-18,"Caryophyllaceae","Caryophyllales",51.113503,3.537224,"plants","Ad","","Jari Vandendendriessche",1,"10m² quadrat","DIGITAF_BIODIVERSITY_FLEMISH_TREEROWS:OCCURRENCE:plants:10m² quadrat:Zo2:crtl:2023-05-18:782"
"Zo2","crtl","Urtica dioica","Zo2_crtl",2023-05-18,"Urticaceae","Rosales",51.113503,3.537224,"plants","Ad","","Jari Vandendendriessche",65,"10m² quadrat","DIGITAF_BIODIVERSITY_FLEMISH_TREEROWS:OCCURRENCE:plants:10m² quadrat:Zo2:crtl:2023-05-18:783"
"Zo2","crtl","Vicia hirsuta","Zo2_crtl",2023-05-18,"Fabaceae","Fabales",51.113503,3.537224,"plants","Ad","","Jari Vandendendriessche",3,"10m² quadrat","DIGITAF_BIODIVERSITY_FLEMISH_TREEROWS:OCCURRENCE:plants:10m² quadrat:Zo2:crtl:2023-05-18:784"
"Zo2","tree","Galium aparine","Zo2_tree",2023-05-18,"Rubiaceae","Gentianales",51.112732,3.537079,"plants","Ad","","Jari Vandendendriessche",3,"10m² quadrat","DIGITAF_BIODIVERSITY_FLEMISH_TREEROWS:OCCURRENCE:plants:10m² quadrat:Zo2:tree:2023-05-18:785"
"Zo2","tree","Glechoma hederacea","Zo2_tree",2023-05-18,"Lamiaceae","Lamiales",51.112732,3.537079,"plants","Ad","","Jari Vandendendriessche",15,"10m² quadrat","DIGITAF_BIODIVERSITY_FLEMISH_TREEROWS:OCCURRENCE:plants:10m² quadrat:Zo2:tree:2023-05-18:786"
"Zo2","tree","Hedera helix","Zo2_tree",2023-05-18,"Araliaceae","Apiales",51.112732,3.537079,"plants","Ad","","Jari Vandendendriessche",15,"10m² quadrat","DIGITAF_BIODIVERSITY_FLEMISH_TREEROWS:OCCURRENCE:plants:10m² quadrat:Zo2:tree:2023-05-18:787"
"Zo2","tree","Phalaris arundinacea","Zo2_tree",2023-05-18,"Poaceae","Poales",51.112732,3.537079,"plants","Ad","","Jari Vandendendriessche",55,"10m² quadrat","DIGITAF_BIODIVERSITY_FLEMISH_TREEROWS:OCCURRENCE:plants:10m² quadrat:Zo2:tree:2023-05-18:788"
"Zo2","tree","Rubus Sec. Rubus","Zo2_tree",2023-05-18,"Rosaceae","Rosales",51.112732,3.537079,"plants","Ad","","Jari Vandendendriessche",1,"10m² quadrat","DIGITAF_BIODIVERSITY_FLEMISH_TREEROWS:OCCURRENCE:plants:10m² quadrat:Zo2:tree:2023-05-18:789"
"Zo2","tree","Salix alba","Zo2_tree",2023-05-18,"Salicaceae","Malpighiales",51.112732,3.537079,"plants","Ad","","Jari Vandendendriessche",95,"10m² quadrat","DIGITAF_BIODIVERSITY_FLEMISH_TREEROWS:OCCURRENCE:plants:10m² quadrat:Zo2:tree:2023-05-18:790"
"Zo2","tree","Sambucus nigra","Zo2_tree",2023-05-18,"Viburnaceae","Dipsacales",51.112732,3.537079,"plants","Ad","","Jari Vandendendriessche",15,"10m² quadrat","DIGITAF_BIODIVERSITY_FLEMISH_TREEROWS:OCCURRENCE:plants:10m² quadrat:Zo2:tree:2023-05-18:791"
"Zo2","tree","Urtica dioica","Zo2_tree",2023-05-18,"Urticaceae","Rosales",51.112732,3.537079,"plants","Ad","","Jari Vandendendriessche",45,"10m² quadrat","DIGITAF_BIODIVERSITY_FLEMISH_TREEROWS:OCCURRENCE:plants:10m² quadrat:Zo2:tree:2023-05-18:792"
"Zw","crop","Aethusa cynapium","Zw_crop",2023-06-02,"Apiaceae","Apiales",50.850731,3.71571,"plants","Ad","","Jari Vandendendriessche",1,"10m² quadrat","DIGITAF_BIODIVERSITY_FLEMISH_TREEROWS:OCCURRENCE:plants:10m² quadrat:Zw:crop:2023-06-02:793"
"Zw","crop","Triticum aestivum","Zw_crop",2023-06-02,"Poaceae","Poales",50.850731,3.71571,"plants","Ad","","Jari Vandendendriessche",85,"10m² quadrat","DIGITAF_BIODIVERSITY_FLEMISH_TREEROWS:OCCURRENCE:plants:10m² quadrat:Zw:crop:2023-06-02:794"
"Zw","crtl","Aethusa cynapium","Zw_crtl",2023-06-02,"Apiaceae","Apiales",50.850586,3.71506,"plants","Ad","","Jari Vandendendriessche",7,"10m² quadrat","DIGITAF_BIODIVERSITY_FLEMISH_TREEROWS:OCCURRENCE:plants:10m² quadrat:Zw:crtl:2023-06-02:795"
"Zw","crtl","Anisantha sterilis","Zw_crtl",2023-06-02,"Poaceae","Poales",50.850586,3.71506,"plants","Ad","","Jari Vandendendriessche",1,"10m² quadrat","DIGITAF_BIODIVERSITY_FLEMISH_TREEROWS:OCCURRENCE:plants:10m² quadrat:Zw:crtl:2023-06-02:796"
"Zw","crtl","Arrhenatherum elatius","Zw_crtl",2023-06-02,"Poaceae","Poales",50.850586,3.71506,"plants","Ad","","Jari Vandendendriessche",25,"10m² quadrat","DIGITAF_BIODIVERSITY_FLEMISH_TREEROWS:OCCURRENCE:plants:10m² quadrat:Zw:crtl:2023-06-02:797"
"Zw","crtl","Chenopodium album","Zw_crtl",2023-06-02,"Amaranthaceae","Caryophyllales",50.850586,3.71506,"plants","Ad","","Jari Vandendendriessche",3,"10m² quadrat","DIGITAF_BIODIVERSITY_FLEMISH_TREEROWS:OCCURRENCE:plants:10m² quadrat:Zw:crtl:2023-06-02:798"
"Zw","crtl","Cirsium arvense","Zw_crtl",2023-06-02,"Asteraceae","Asterales",50.850586,3.71506,"plants","Ad","","Jari Vandendendriessche",1,"10m² quadrat","DIGITAF_BIODIVERSITY_FLEMISH_TREEROWS:OCCURRENCE:plants:10m² quadrat:Zw:crtl:2023-06-02:799"
"Zw","crtl","Convolvulus sepium","Zw_crtl",2023-06-02,"Convolvulaceae","Solanales",50.850586,3.71506,"plants","Ad","","Jari Vandendendriessche",1,"10m² quadrat","DIGITAF_BIODIVERSITY_FLEMISH_TREEROWS:OCCURRENCE:plants:10m² quadrat:Zw:crtl:2023-06-02:800"
"Zw","crtl","Dactylis glomerata","Zw_crtl",2023-06-02,"Poaceae","Poales",50.850586,3.71506,"plants","Ad","","Jari Vandendendriessche",7,"10m² quadrat","DIGITAF_BIODIVERSITY_FLEMISH_TREEROWS:OCCURRENCE:plants:10m² quadrat:Zw:crtl:2023-06-02:801"
"Zw","crtl","Fallopia convolvulus","Zw_crtl",2023-06-02,"Polygonaceae","Caryophyllales",50.850586,3.71506,"plants","Ad","","Jari Vandendendriessche",1,"10m² quadrat","DIGITAF_BIODIVERSITY_FLEMISH_TREEROWS:OCCURRENCE:plants:10m² quadrat:Zw:crtl:2023-06-02:802"
"Zw","crtl","Galium aparine","Zw_crtl",2023-06-02,"Rubiaceae","Gentianales",50.850586,3.71506,"plants","Ad","","Jari Vandendendriessche",1,"10m² quadrat","DIGITAF_BIODIVERSITY_FLEMISH_TREEROWS:OCCURRENCE:plants:10m² quadrat:Zw:crtl:2023-06-02:803"
"Zw","crtl","Geranium dissectum","Zw_crtl",2023-06-02,"Geraniaceae","Geraniales",50.850586,3.71506,"plants","Ad","","Jari Vandendendriessche",25,"10m² quadrat","DIGITAF_BIODIVERSITY_FLEMISH_TREEROWS:OCCURRENCE:plants:10m² quadrat:Zw:crtl:2023-06-02:804"
"Zw","crtl","Holcus lanatus","Zw_crtl",2023-06-02,"Poaceae","Poales",50.850586,3.71506,"plants","Ad","","Jari Vandendendriessche",25,"10m² quadrat","DIGITAF_BIODIVERSITY_FLEMISH_TREEROWS:OCCURRENCE:plants:10m² quadrat:Zw:crtl:2023-06-02:805"
"Zw","crtl","Lamium purpureum","Zw_crtl",2023-06-02,"Lamiaceae","Lamiales",50.850586,3.71506,"plants","Ad","","Jari Vandendendriessche",1,"10m² quadrat","DIGITAF_BIODIVERSITY_FLEMISH_TREEROWS:OCCURRENCE:plants:10m² quadrat:Zw:crtl:2023-06-02:806"
"Zw","crtl","Senecio vulgaris","Zw_crtl",2023-06-02,"Asteraceae","Asterales",50.850586,3.71506,"plants","Ad","","Jari Vandendendriessche",8,"10m² quadrat","DIGITAF_BIODIVERSITY_FLEMISH_TREEROWS:OCCURRENCE:plants:10m² quadrat:Zw:crtl:2023-06-02:807"
"Zw","crtl","Tripleurospermum maritimum","Zw_crtl",2023-06-02,"Asteraceae","Asterales",50.850586,3.71506,"plants","Ad","","Jari Vandendendriessche",1,"10m² quadrat","DIGITAF_BIODIVERSITY_FLEMISH_TREEROWS:OCCURRENCE:plants:10m² quadrat:Zw:crtl:2023-06-02:808"
"Zw","crtl","Triticum aestivum","Zw_crtl",2023-06-02,"Poaceae","Poales",50.850586,3.71506,"plants","Ad","","Jari Vandendendriessche",1,"10m² quadrat","DIGITAF_BIODIVERSITY_FLEMISH_TREEROWS:OCCURRENCE:plants:10m² quadrat:Zw:crtl:2023-06-02:809"
"Zw","tree","Anisantha sterilis","Zw_tree",2023-06-02,"Poaceae","Poales",50.85034873,3.71592082647387,"plants","Ad","","Jari Vandendendriessche",15,"10m² quadrat","DIGITAF_BIODIVERSITY_FLEMISH_TREEROWS:OCCURRENCE:plants:10m² quadrat:Zw:tree:2023-06-02:810"
"Zw","tree","Anthriscus sylvestris","Zw_tree",2023-06-02,"Apiaceae","Apiales",50.85034873,3.71592082647387,"plants","Ad","","Jari Vandendendriessche",7,"10m² quadrat","DIGITAF_BIODIVERSITY_FLEMISH_TREEROWS:OCCURRENCE:plants:10m² quadrat:Zw:tree:2023-06-02:811"
"Zw","tree","Arrhenatherum elatius","Zw_tree",2023-06-02,"Poaceae","Poales",50.85034873,3.71592082647387,"plants","Ad","","Jari Vandendendriessche",45,"10m² quadrat","DIGITAF_BIODIVERSITY_FLEMISH_TREEROWS:OCCURRENCE:plants:10m² quadrat:Zw:tree:2023-06-02:812"
"Zw","tree","Cerastium glomeratum","Zw_tree",2023-06-02,"Caryophyllaceae","Caryophyllales",50.85034873,3.71592082647387,"plants","Ad","","Jari Vandendendriessche",1,"10m² quadrat","DIGITAF_BIODIVERSITY_FLEMISH_TREEROWS:OCCURRENCE:plants:10m² quadrat:Zw:tree:2023-06-02:813"
"Zw","tree","Cirsium arvense","Zw_tree",2023-06-02,"Asteraceae","Asterales",50.85034873,3.71592082647387,"plants","Ad","","Jari Vandendendriessche",1,"10m² quadrat","DIGITAF_BIODIVERSITY_FLEMISH_TREEROWS:OCCURRENCE:plants:10m² quadrat:Zw:tree:2023-06-02:814"
"Zw","tree","Convolvulus sepium","Zw_tree",2023-06-02,"Convolvulaceae","Solanales",50.85034873,3.71592082647387,"plants","Ad","","Jari Vandendendriessche",1,"10m² quadrat","DIGITAF_BIODIVERSITY_FLEMISH_TREEROWS:OCCURRENCE:plants:10m² quadrat:Zw:tree:2023-06-02:815"
"Zw","tree","Equisetum arvense","Zw_tree",2023-06-02,"Equisetaceae","Equisetales",50.85034873,3.71592082647387,"plants","Ad","","Jari Vandendendriessche",3,"10m² quadrat","DIGITAF_BIODIVERSITY_FLEMISH_TREEROWS:OCCURRENCE:plants:10m² quadrat:Zw:tree:2023-06-02:816"
"Zw","tree","Equisetum telmateia","Zw_tree",2023-06-02,"Equisetaceae","Equisetales",50.85034873,3.71592082647387,"plants","Ad","","Jari Vandendendriessche",25,"10m² quadrat","DIGITAF_BIODIVERSITY_FLEMISH_TREEROWS:OCCURRENCE:plants:10m² quadrat:Zw:tree:2023-06-02:817"
"Zw","tree","Fraxinus excelsior","Zw_tree",2023-06-02,"Oleaceae","Lamiales",50.85034873,3.71592082647387,"plants","Ad","","Jari Vandendendriessche",95,"10m² quadrat","DIGITAF_BIODIVERSITY_FLEMISH_TREEROWS:OCCURRENCE:plants:10m² quadrat:Zw:tree:2023-06-02:818"
"Zw","tree","Heracleum sphondylium","Zw_tree",2023-06-02,"Apiaceae","Apiales",50.85034873,3.71592082647387,"plants","Ad","","Jari Vandendendriessche",3,"10m² quadrat","DIGITAF_BIODIVERSITY_FLEMISH_TREEROWS:OCCURRENCE:plants:10m² quadrat:Zw:tree:2023-06-02:819"
"Zw","tree","Holcus lanatus","Zw_tree",2023-06-02,"Poaceae","Poales",50.85034873,3.71592082647387,"plants","Ad","","Jari Vandendendriessche",7,"10m² quadrat","DIGITAF_BIODIVERSITY_FLEMISH_TREEROWS:OCCURRENCE:plants:10m² quadrat:Zw:tree:2023-06-02:820"
"Zw","tree","Persicaria amphibia","Zw_tree",2023-06-02,"Polygonaceae","Caryophyllales",50.85034873,3.71592082647387,"plants","Ad","","Jari Vandendendriessche",1,"10m² quadrat","DIGITAF_BIODIVERSITY_FLEMISH_TREEROWS:OCCURRENCE:plants:10m² quadrat:Zw:tree:2023-06-02:821"
"Zw","tree","Poa trivialis","Zw_tree",2023-06-02,"Poaceae","Poales",50.85034873,3.71592082647387,"plants","Ad","","Jari Vandendendriessche",15,"10m² quadrat","DIGITAF_BIODIVERSITY_FLEMISH_TREEROWS:OCCURRENCE:plants:10m² quadrat:Zw:tree:2023-06-02:822"
"Zw","tree","Ranunculus acris","Zw_tree",2023-06-02,"Ranunculaceae","Ranunculales",50.85034873,3.71592082647387,"plants","Ad","","Jari Vandendendriessche",7,"10m² quadrat","DIGITAF_BIODIVERSITY_FLEMISH_TREEROWS:OCCURRENCE:plants:10m² quadrat:Zw:tree:2023-06-02:823"
"Zw","tree","Rubus Sec. Rubus","Zw_tree",2023-06-02,"Rosaceae","Rosales",50.85034873,3.71592082647387,"plants","Ad","","Jari Vandendendriessche",1,"10m² quadrat","DIGITAF_BIODIVERSITY_FLEMISH_TREEROWS:OCCURRENCE:plants:10m² quadrat:Zw:tree:2023-06-02:824"
"Zw","tree","Rumex acetosa","Zw_tree",2023-06-02,"Polygonaceae","Caryophyllales",50.85034873,3.71592082647387,"plants","Ad","","Jari Vandendendriessche",3,"10m² quadrat","DIGITAF_BIODIVERSITY_FLEMISH_TREEROWS:OCCURRENCE:plants:10m² quadrat:Zw:tree:2023-06-02:825"
"Zw","tree","Stellaria graminea","Zw_tree",2023-06-02,"Caryophyllaceae","Caryophyllales",50.85034873,3.71592082647387,"plants","Ad","","Jari Vandendendriessche",1,"10m² quadrat","DIGITAF_BIODIVERSITY_FLEMISH_TREEROWS:OCCURRENCE:plants:10m² quadrat:Zw:tree:2023-06-02:826"
"Zw","tree","Urtica dioica","Zw_tree",2023-06-02,"Urticaceae","Rosales",50.85034873,3.71592082647387,"plants","Ad","","Jari Vandendendriessche",1,"10m² quadrat","DIGITAF_BIODIVERSITY_FLEMISH_TREEROWS:OCCURRENCE:plants:10m² quadrat:Zw:tree:2023-06-02:827"
"Zw","tree","Vicia hirsuta","Zw_tree",2023-06-02,"Fabaceae","Fabales",50.85034873,3.71592082647387,"plants","Ad","","Jari Vandendendriessche",7,"10m² quadrat","DIGITAF_BIODIVERSITY_FLEMISH_TREEROWS:OCCURRENCE:plants:10m² quadrat:Zw:tree:2023-06-02:828"
"Zw","tree","Vicia sativa","Zw_tree",2023-06-02,"Fabaceae","Fabales",50.85034873,3.71592082647387,"plants","Ad","","Jari Vandendendriessche",25,"10m² quadrat","DIGITAF_BIODIVERSITY_FLEMISH_TREEROWS:OCCURRENCE:plants:10m² quadrat:Zw:tree:2023-06-02:829"
"Zw","tree","Vicia tetrasperma","Zw_tree",2023-06-02,"Fabaceae","Fabales",50.85034873,3.71592082647387,"plants","Ad","","Jari Vandendendriessche",1,"10m² quadrat","DIGITAF_BIODIVERSITY_FLEMISH_TREEROWS:OCCURRENCE:plants:10m² quadrat:Zw:tree:2023-06-02:830"
"Zw1","crtl","Bromus hordeaceus","Zw1_crtl",2023-06-02,"Poaceae","Poales",50.876247,3.759652,"plants","Ad","","Jari Vandendendriessche",65,"10m² quadrat","DIGITAF_BIODIVERSITY_FLEMISH_TREEROWS:OCCURRENCE:plants:10m² quadrat:Zw1:crtl:2023-06-02:831"
"Zw1","crtl","Cerastium glomeratum","Zw1_crtl",2023-06-02,"Caryophyllaceae","Caryophyllales",50.876247,3.759652,"plants","Ad","","Jari Vandendendriessche",15,"10m² quadrat","DIGITAF_BIODIVERSITY_FLEMISH_TREEROWS:OCCURRENCE:plants:10m² quadrat:Zw1:crtl:2023-06-02:832"
"Zw1","crtl","Dactylis glomerata","Zw1_crtl",2023-06-02,"Poaceae","Poales",50.876247,3.759652,"plants","Ad","","Jari Vandendendriessche",25,"10m² quadrat","DIGITAF_BIODIVERSITY_FLEMISH_TREEROWS:OCCURRENCE:plants:10m² quadrat:Zw1:crtl:2023-06-02:833"
"Zw1","crtl","Lamium purpureum","Zw1_crtl",2023-06-02,"Lamiaceae","Lamiales",50.876247,3.759652,"plants","Ad","","Jari Vandendendriessche",1,"10m² quadrat","DIGITAF_BIODIVERSITY_FLEMISH_TREEROWS:OCCURRENCE:plants:10m² quadrat:Zw1:crtl:2023-06-02:834"
"Zw1","crtl","Lolium perenne","Zw1_crtl",2023-06-02,"Poaceae","Poales",50.876247,3.759652,"plants","Ad","","Jari Vandendendriessche",7,"10m² quadrat","DIGITAF_BIODIVERSITY_FLEMISH_TREEROWS:OCCURRENCE:plants:10m² quadrat:Zw1:crtl:2023-06-02:835"
"Zw1","crtl","Persicaria amphibia","Zw1_crtl",2023-06-02,"Polygonaceae","Caryophyllales",50.876247,3.759652,"plants","Ad","","Jari Vandendendriessche",7,"10m² quadrat","DIGITAF_BIODIVERSITY_FLEMISH_TREEROWS:OCCURRENCE:plants:10m² quadrat:Zw1:crtl:2023-06-02:836"
"Zw1","crtl","Plantago major","Zw1_crtl",2023-06-02,"Plantaginaceae","Lamiales",50.876247,3.759652,"plants","Ad","","Jari Vandendendriessche",3,"10m² quadrat","DIGITAF_BIODIVERSITY_FLEMISH_TREEROWS:OCCURRENCE:plants:10m² quadrat:Zw1:crtl:2023-06-02:837"
"Zw1","crtl","Poa annua","Zw1_crtl",2023-06-02,"Poaceae","Poales",50.876247,3.759652,"plants","Ad","","Jari Vandendendriessche",7,"10m² quadrat","DIGITAF_BIODIVERSITY_FLEMISH_TREEROWS:OCCURRENCE:plants:10m² quadrat:Zw1:crtl:2023-06-02:838"
"Zw1","crtl","Poa trivialis","Zw1_crtl",2023-06-02,"Poaceae","Poales",50.876247,3.759652,"plants","Ad","","Jari Vandendendriessche",35,"10m² quadrat","DIGITAF_BIODIVERSITY_FLEMISH_TREEROWS:OCCURRENCE:plants:10m² quadrat:Zw1:crtl:2023-06-02:839"
"Zw1","crtl","Ranunculus repens","Zw1_crtl",2023-06-02,"Ranunculaceae","Ranunculales",50.876247,3.759652,"plants","Ad","","Jari Vandendendriessche",3,"10m² quadrat","DIGITAF_BIODIVERSITY_FLEMISH_TREEROWS:OCCURRENCE:plants:10m² quadrat:Zw1:crtl:2023-06-02:840"
"Zw1","crtl","Sonchus oleraceus","Zw1_crtl",2023-06-02,"Asteraceae","Asterales",50.876247,3.759652,"plants","Ad","","Jari Vandendendriessche",3,"10m² quadrat","DIGITAF_BIODIVERSITY_FLEMISH_TREEROWS:OCCURRENCE:plants:10m² quadrat:Zw1:crtl:2023-06-02:841"
"Zw1","crtl","Stellaria media","Zw1_crtl",2023-06-02,"Caryophyllaceae","Caryophyllales",50.876247,3.759652,"plants","Ad","","Jari Vandendendriessche",1,"10m² quadrat","DIGITAF_BIODIVERSITY_FLEMISH_TREEROWS:OCCURRENCE:plants:10m² quadrat:Zw1:crtl:2023-06-02:842"
"Zw1","crtl","Trifolium repens","Zw1_crtl",2023-06-02,"Fabaceae","Fabales",50.876247,3.759652,"plants","Ad","","Jari Vandendendriessche",1,"10m² quadrat","DIGITAF_BIODIVERSITY_FLEMISH_TREEROWS:OCCURRENCE:plants:10m² quadrat:Zw1:crtl:2023-06-02:843"
"Zw1","crtl","Tripleurospermum maritimum","Zw1_crtl",2023-06-02,"Asteraceae","Asterales",50.876247,3.759652,"plants","Ad","","Jari Vandendendriessche",1,"10m² quadrat","DIGITAF_BIODIVERSITY_FLEMISH_TREEROWS:OCCURRENCE:plants:10m² quadrat:Zw1:crtl:2023-06-02:844"
"Zw1","tree","Anisantha sterilis","Zw1_tree",2023-06-02,"Poaceae","Poales",50.875347,3.7624,"plants","Ad","","Jari Vandendendriessche",7,"10m² quadrat","DIGITAF_BIODIVERSITY_FLEMISH_TREEROWS:OCCURRENCE:plants:10m² quadrat:Zw1:tree:2023-06-02:845"
"Zw1","tree","Arrhenatherum elatius","Zw1_tree",2023-06-02,"Poaceae","Poales",50.875347,3.7624,"plants","Ad","","Jari Vandendendriessche",55,"10m² quadrat","DIGITAF_BIODIVERSITY_FLEMISH_TREEROWS:OCCURRENCE:plants:10m² quadrat:Zw1:tree:2023-06-02:846"
"Zw1","tree","Convolvulus sepium","Zw1_tree",2023-06-02,"Convolvulaceae","Solanales",50.875347,3.7624,"plants","Ad","","Jari Vandendendriessche",3,"10m² quadrat","DIGITAF_BIODIVERSITY_FLEMISH_TREEROWS:OCCURRENCE:plants:10m² quadrat:Zw1:tree:2023-06-02:847"
"Zw1","tree","Dactylis glomerata","Zw1_tree",2023-06-02,"Poaceae","Poales",50.875347,3.7624,"plants","Ad","","Jari Vandendendriessche",7,"10m² quadrat","DIGITAF_BIODIVERSITY_FLEMISH_TREEROWS:OCCURRENCE:plants:10m² quadrat:Zw1:tree:2023-06-02:848"
"Zw1","tree","Equisetum arvense","Zw1_tree",2023-06-02,"Equisetaceae","Equisetales",50.875347,3.7624,"plants","Ad","","Jari Vandendendriessche",3,"10m² quadrat","DIGITAF_BIODIVERSITY_FLEMISH_TREEROWS:OCCURRENCE:plants:10m² quadrat:Zw1:tree:2023-06-02:849"
"Zw1","tree","Fraxinus excelsior","Zw1_tree",2023-06-02,"Oleaceae","Lamiales",50.875347,3.7624,"plants","Ad","","Jari Vandendendriessche",35,"10m² quadrat","DIGITAF_BIODIVERSITY_FLEMISH_TREEROWS:OCCURRENCE:plants:10m² quadrat:Zw1:tree:2023-06-02:850"
"Zw1","tree","Geranium dissectum","Zw1_tree",2023-06-02,"Geraniaceae","Geraniales",50.875347,3.7624,"plants","Ad","","Jari Vandendendriessche",7,"10m² quadrat","DIGITAF_BIODIVERSITY_FLEMISH_TREEROWS:OCCURRENCE:plants:10m² quadrat:Zw1:tree:2023-06-02:851"
"Zw1","tree","Holcus lanatus","Zw1_tree",2023-06-02,"Poaceae","Poales",50.875347,3.7624,"plants","Ad","","Jari Vandendendriessche",25,"10m² quadrat","DIGITAF_BIODIVERSITY_FLEMISH_TREEROWS:OCCURRENCE:plants:10m² quadrat:Zw1:tree:2023-06-02:852"
"Zw1","tree","Lamium purpureum","Zw1_tree",2023-06-02,"Lamiaceae","Lamiales",50.875347,3.7624,"plants","Ad","","Jari Vandendendriessche",1,"10m² quadrat","DIGITAF_BIODIVERSITY_FLEMISH_TREEROWS:OCCURRENCE:plants:10m² quadrat:Zw1:tree:2023-06-02:853"
"Zw1","tree","Lapsana communis","Zw1_tree",2023-06-02,"Asteraceae","Asterales",50.875347,3.7624,"plants","Ad","","Jari Vandendendriessche",7,"10m² quadrat","DIGITAF_BIODIVERSITY_FLEMISH_TREEROWS:OCCURRENCE:plants:10m² quadrat:Zw1:tree:2023-06-02:854"
"Zw1","tree","Ranunculus repens","Zw1_tree",2023-06-02,"Ranunculaceae","Ranunculales",50.875347,3.7624,"plants","Ad","","Jari Vandendendriessche",15,"10m² quadrat","DIGITAF_BIODIVERSITY_FLEMISH_TREEROWS:OCCURRENCE:plants:10m² quadrat:Zw1:tree:2023-06-02:855"
"Zw1","tree","Rumex acetosa","Zw1_tree",2023-06-02,"Polygonaceae","Caryophyllales",50.875347,3.7624,"plants","Ad","","Jari Vandendendriessche",3,"10m² quadrat","DIGITAF_BIODIVERSITY_FLEMISH_TREEROWS:OCCURRENCE:plants:10m² quadrat:Zw1:tree:2023-06-02:856"
"Zw1","tree","Tripleurospermum maritimum","Zw1_tree",2023-06-02,"Asteraceae","Asterales",50.875347,3.7624,"plants","Ad","","Jari Vandendendriessche",1,"10m² quadrat","DIGITAF_BIODIVERSITY_FLEMISH_TREEROWS:OCCURRENCE:plants:10m² quadrat:Zw1:tree:2023-06-02:857"
"Zw1","tree","Urtica dioica","Zw1_tree",2023-06-02,"Urticaceae","Rosales",50.875347,3.7624,"plants","Ad","","Jari Vandendendriessche",3,"10m² quadrat","DIGITAF_BIODIVERSITY_FLEMISH_TREEROWS:OCCURRENCE:plants:10m² quadrat:Zw1:tree:2023-06-02:858"
"Zw1","tree","Vicia sativa","Zw1_tree",2023-06-02,"Fabaceae","Fabales",50.875347,3.7624,"plants","Ad","","Jari Vandendendriessche",7,"10m² quadrat","DIGITAF_BIODIVERSITY_FLEMISH_TREEROWS:OCCURRENCE:plants:10m² quadrat:Zw1:tree:2023-06-02:859"
"Zw1","tree","Vicia tetrasperma","Zw1_tree",2023-06-02,"Fabaceae","Fabales",50.875347,3.7624,"plants","Ad","","Jari Vandendendriessche",7,"10m² quadrat","DIGITAF_BIODIVERSITY_FLEMISH_TREEROWS:OCCURRENCE:plants:10m² quadrat:Zw1:tree:2023-06-02:860"
"Zw2","crtl","Arrhenatherum elatius","Zw2_crtl",2023-06-02,"Poaceae","Poales",50.841705,3.746366,"plants","Ad","","Jari Vandendendriessche",55,"10m² quadrat","DIGITAF_BIODIVERSITY_FLEMISH_TREEROWS:OCCURRENCE:plants:10m² quadrat:Zw2:crtl:2023-06-02:861"
"Zw2","crtl","Capsella bursa-pastoris","Zw2_crtl",2023-06-02,"Brassicaceae","Brassicales",50.841705,3.746366,"plants","Ad","","Jari Vandendendriessche",1,"10m² quadrat","DIGITAF_BIODIVERSITY_FLEMISH_TREEROWS:OCCURRENCE:plants:10m² quadrat:Zw2:crtl:2023-06-02:862"
"Zw2","crtl","Cerastium glomeratum","Zw2_crtl",2023-06-02,"Caryophyllaceae","Caryophyllales",50.841705,3.746366,"plants","Ad","","Jari Vandendendriessche",3,"10m² quadrat","DIGITAF_BIODIVERSITY_FLEMISH_TREEROWS:OCCURRENCE:plants:10m² quadrat:Zw2:crtl:2023-06-02:863"
"Zw2","crtl","Dactylis glomerata","Zw2_crtl",2023-06-02,"Poaceae","Poales",50.841705,3.746366,"plants","Ad","","Jari Vandendendriessche",7,"10m² quadrat","DIGITAF_BIODIVERSITY_FLEMISH_TREEROWS:OCCURRENCE:plants:10m² quadrat:Zw2:crtl:2023-06-02:864"
"Zw2","crtl","Poa annua","Zw2_crtl",2023-06-02,"Poaceae","Poales",50.841705,3.746366,"plants","Ad","","Jari Vandendendriessche",15,"10m² quadrat","DIGITAF_BIODIVERSITY_FLEMISH_TREEROWS:OCCURRENCE:plants:10m² quadrat:Zw2:crtl:2023-06-02:865"
"Zw2","crtl","Poa trivialis","Zw2_crtl",2023-06-02,"Poaceae","Poales",50.841705,3.746366,"plants","Ad","","Jari Vandendendriessche",25,"10m² quadrat","DIGITAF_BIODIVERSITY_FLEMISH_TREEROWS:OCCURRENCE:plants:10m² quadrat:Zw2:crtl:2023-06-02:866"
"Zw2","crtl","Potentilla anserina","Zw2_crtl",2023-06-02,"Rosaceae","Rosales",50.841705,3.746366,"plants","Ad","","Jari Vandendendriessche",3,"10m² quadrat","DIGITAF_BIODIVERSITY_FLEMISH_TREEROWS:OCCURRENCE:plants:10m² quadrat:Zw2:crtl:2023-06-02:867"
"Zw2","crtl","Potentilla reptans","Zw2_crtl",2023-06-02,"Rosaceae","Rosales",50.841705,3.746366,"plants","Ad","","Jari Vandendendriessche",25,"10m² quadrat","DIGITAF_BIODIVERSITY_FLEMISH_TREEROWS:OCCURRENCE:plants:10m² quadrat:Zw2:crtl:2023-06-02:868"
"Zw2","crtl","Ranunculus repens","Zw2_crtl",2023-06-02,"Ranunculaceae","Ranunculales",50.841705,3.746366,"plants","Ad","","Jari Vandendendriessche",1,"10m² quadrat","DIGITAF_BIODIVERSITY_FLEMISH_TREEROWS:OCCURRENCE:plants:10m² quadrat:Zw2:crtl:2023-06-02:869"
"Zw2","crtl","Rubus Sec. Rubus","Zw2_crtl",2023-06-02,"Rosaceae","Rosales",50.841705,3.746366,"plants","Ad","","Jari Vandendendriessche",3,"10m² quadrat","DIGITAF_BIODIVERSITY_FLEMISH_TREEROWS:OCCURRENCE:plants:10m² quadrat:Zw2:crtl:2023-06-02:870"
"Zw2","crtl","Trifolium repens","Zw2_crtl",2023-06-02,"Fabaceae","Fabales",50.841705,3.746366,"plants","Ad","","Jari Vandendendriessche",3,"10m² quadrat","DIGITAF_BIODIVERSITY_FLEMISH_TREEROWS:OCCURRENCE:plants:10m² quadrat:Zw2:crtl:2023-06-02:871"
"Zw2","crtl","Tripleurospermum maritimum","Zw2_crtl",2023-06-02,"Asteraceae","Asterales",50.841705,3.746366,"plants","Ad","","Jari Vandendendriessche",3,"10m² quadrat","DIGITAF_BIODIVERSITY_FLEMISH_TREEROWS:OCCURRENCE:plants:10m² quadrat:Zw2:crtl:2023-06-02:872"
"Zw2","crtl","Veronica persica","Zw2_crtl",2023-06-02,"Plantaginaceae","Lamiales",50.841705,3.746366,"plants","Ad","","Jari Vandendendriessche",1,"10m² quadrat","DIGITAF_BIODIVERSITY_FLEMISH_TREEROWS:OCCURRENCE:plants:10m² quadrat:Zw2:crtl:2023-06-02:873"
"Zw2","crtl","Vicia sativa","Zw2_crtl",2023-06-02,"Fabaceae","Fabales",50.841705,3.746366,"plants","Ad","","Jari Vandendendriessche",1,"10m² quadrat","DIGITAF_BIODIVERSITY_FLEMISH_TREEROWS:OCCURRENCE:plants:10m² quadrat:Zw2:crtl:2023-06-02:874"
"Zw2","tree","Alliaria petiolata","Zw2_tree",2023-06-02,"Brassicaceae","Brassicales",50.842518,3.745591,"plants","Ad","","Jari Vandendendriessche",1,"10m² quadrat","DIGITAF_BIODIVERSITY_FLEMISH_TREEROWS:OCCURRENCE:plants:10m² quadrat:Zw2:tree:2023-06-02:875"
"Zw2","tree","Anisantha sterilis","Zw2_tree",2023-06-02,"Poaceae","Poales",50.842518,3.745591,"plants","Ad","","Jari Vandendendriessche",3,"10m² quadrat","DIGITAF_BIODIVERSITY_FLEMISH_TREEROWS:OCCURRENCE:plants:10m² quadrat:Zw2:tree:2023-06-02:876"
"Zw2","tree","Anthriscus sylvestris","Zw2_tree",2023-06-02,"Apiaceae","Apiales",50.842518,3.745591,"plants","Ad","","Jari Vandendendriessche",3,"10m² quadrat","DIGITAF_BIODIVERSITY_FLEMISH_TREEROWS:OCCURRENCE:plants:10m² quadrat:Zw2:tree:2023-06-02:877"
"Zw2","tree","Dactylis glomerata","Zw2_tree",2023-06-02,"Poaceae","Poales",50.842518,3.745591,"plants","Ad","","Jari Vandendendriessche",15,"10m² quadrat","DIGITAF_BIODIVERSITY_FLEMISH_TREEROWS:OCCURRENCE:plants:10m² quadrat:Zw2:tree:2023-06-02:878"
"Zw2","tree","Fraxinus excelsior","Zw2_tree",2023-06-02,"Oleaceae","Lamiales",50.842518,3.745591,"plants","Ad","","Jari Vandendendriessche",25,"10m² quadrat","DIGITAF_BIODIVERSITY_FLEMISH_TREEROWS:OCCURRENCE:plants:10m² quadrat:Zw2:tree:2023-06-02:879"
"Zw2","tree","Galium aparine","Zw2_tree",2023-06-02,"Rubiaceae","Gentianales",50.842518,3.745591,"plants","Ad","","Jari Vandendendriessche",55,"10m² quadrat","DIGITAF_BIODIVERSITY_FLEMISH_TREEROWS:OCCURRENCE:plants:10m² quadrat:Zw2:tree:2023-06-02:880"
"Zw2","tree","Geranium robertianum","Zw2_tree",2023-06-02,"Geraniaceae","Geraniales",50.842518,3.745591,"plants","Ad","","Jari Vandendendriessche",3,"10m² quadrat","DIGITAF_BIODIVERSITY_FLEMISH_TREEROWS:OCCURRENCE:plants:10m² quadrat:Zw2:tree:2023-06-02:881"
"Zw2","tree","Glechoma hederacea","Zw2_tree",2023-06-02,"Lamiaceae","Lamiales",50.842518,3.745591,"plants","Ad","","Jari Vandendendriessche",15,"10m² quadrat","DIGITAF_BIODIVERSITY_FLEMISH_TREEROWS:OCCURRENCE:plants:10m² quadrat:Zw2:tree:2023-06-02:882"
"Zw2","tree","Lamium album","Zw2_tree",2023-06-02,"Lamiaceae","Lamiales",50.842518,3.745591,"plants","Ad","","Jari Vandendendriessche",1,"10m² quadrat","DIGITAF_BIODIVERSITY_FLEMISH_TREEROWS:OCCURRENCE:plants:10m² quadrat:Zw2:tree:2023-06-02:883"
"Zw2","tree","Lapsana communis","Zw2_tree",2023-06-02,"Asteraceae","Asterales",50.842518,3.745591,"plants","Ad","","Jari Vandendendriessche",1,"10m² quadrat","DIGITAF_BIODIVERSITY_FLEMISH_TREEROWS:OCCURRENCE:plants:10m² quadrat:Zw2:tree:2023-06-02:884"
"Zw2","tree","Poa trivialis","Zw2_tree",2023-06-02,"Poaceae","Poales",50.842518,3.745591,"plants","Ad","","Jari Vandendendriessche",25,"10m² quadrat","DIGITAF_BIODIVERSITY_FLEMISH_TREEROWS:OCCURRENCE:plants:10m² quadrat:Zw2:tree:2023-06-02:885"
"Zw2","tree","Populus x canadensis (P. deltoides x P. nigra)","Zw2_tree",2023-06-02,"Salicaceae","Malpighiales",50.842518,3.745591,"plants","Ad","","Jari Vandendendriessche",65,"10m² quadrat","DIGITAF_BIODIVERSITY_FLEMISH_TREEROWS:OCCURRENCE:plants:10m² quadrat:Zw2:tree:2023-06-02:886"
"Zw2","tree","Rubus Sec. Rubus","Zw2_tree",2023-06-02,"Rosaceae","Rosales",50.842518,3.745591,"plants","Ad","","Jari Vandendendriessche",7,"10m² quadrat","DIGITAF_BIODIVERSITY_FLEMISH_TREEROWS:OCCURRENCE:plants:10m² quadrat:Zw2:tree:2023-06-02:887"
"Zw2","tree","Salix alba","Zw2_tree",2023-06-02,"Salicaceae","Malpighiales",50.842518,3.745591,"plants","Ad","","Jari Vandendendriessche",26,"10m² quadrat","DIGITAF_BIODIVERSITY_FLEMISH_TREEROWS:OCCURRENCE:plants:10m² quadrat:Zw2:tree:2023-06-02:888"
"Zw2","tree","Schedonorus arundinaceus","Zw2_tree",2023-06-02,"Poaceae","Poales",50.842518,3.745591,"plants","Ad","","Jari Vandendendriessche",3,"10m² quadrat","DIGITAF_BIODIVERSITY_FLEMISH_TREEROWS:OCCURRENCE:plants:10m² quadrat:Zw2:tree:2023-06-02:889"
"Zw2","tree","Stellaria media","Zw2_tree",2023-06-02,"Caryophyllaceae","Caryophyllales",50.842518,3.745591,"plants","Ad","","Jari Vandendendriessche",7,"10m² quadrat","DIGITAF_BIODIVERSITY_FLEMISH_TREEROWS:OCCURRENCE:plants:10m² quadrat:Zw2:tree:2023-06-02:890"
"Zw2","tree","Symphytum officinale","Zw2_tree",2023-06-02,"Boraginaceae","Boraginales",50.842518,3.745591,"plants","Ad","","Jari Vandendendriessche",1,"10m² quadrat","DIGITAF_BIODIVERSITY_FLEMISH_TREEROWS:OCCURRENCE:plants:10m² quadrat:Zw2:tree:2023-06-02:891"
"Zw2","tree","Triticum aestivum","Zw2_tree",2023-06-02,"Poaceae","Poales",50.842518,3.745591,"plants","Ad","","Jari Vandendendriessche",1,"10m² quadrat","DIGITAF_BIODIVERSITY_FLEMISH_TREEROWS:OCCURRENCE:plants:10m² quadrat:Zw2:tree:2023-06-02:892"
"Zw2","tree","Ulmus minor","Zw2_tree",2023-06-02,"Ulmaceae","Rosales",50.842518,3.745591,"plants","Ad","","Jari Vandendendriessche",30,"10m² quadrat","DIGITAF_BIODIVERSITY_FLEMISH_TREEROWS:OCCURRENCE:plants:10m² quadrat:Zw2:tree:2023-06-02:893"
"Zw2","tree","Urtica dioica","Zw2_tree",2023-06-02,"Urticaceae","Rosales",50.842518,3.745591,"plants","Ad","","Jari Vandendendriessche",35,"10m² quadrat","DIGITAF_BIODIVERSITY_FLEMISH_TREEROWS:OCCURRENCE:plants:10m² quadrat:Zw2:tree:2023-06-02:894"
