"","Loc","Type","Sampletime","Spec","Flower","Det","Sex","Method","Stage","Number","Family","Order","lat","lng","date","Spec_group","occurrenceID"
"1","Bo","crop",1,"Calliphora spec.","","Jari Vandendriessche","","15' Transect","Ad",1,"Calliphoridae","Diptera",50.799289554817,4.81360686265912,2023-06-12,"flies","DIGITAF_FLANDERS:37035e72d98c6a98"
"2","Bo","crop",1,"Episyrphus balteatus","","Jari Vandendriessche & Astrid Van den Bossche","","15' Transect","Ad",1,"Syrphidae","Diptera",50.799289554817,4.81360686265912,2023-06-12,"syrphids","DIGITAF_FLANDERS:f6887d70b766aacc"
"3","Bo","crtl",1,"Oedemera nobilis","Chaerophyllum","Jari Vandendriessche","","15' Transect","Ad",3,"Oedemeridae","Coleoptera",50.80072,4.812192,2023-06-12,"beetles","DIGITAF_FLANDERS:11557623094b51a5"
"4","Bo","crtl",1,"Lasioglossum morio","Papaver","Jens D'Haeseleer","F","15' Transect","Ad",1,"Halictidae","Hymenoptera",50.80072,4.812192,2023-06-12,"bees","DIGITAF_FLANDERS:a82c2e318abacb51"
"5","Bo","crtl",2,"Apis mellifera","","Jari Vandendriessche","","15' Transect","Ad",1,"Apidae","Hymenoptera",50.80072,4.812192,2023-09-06,"bees","DIGITAF_FLANDERS:51b0dacec735a203"
"6","Bo","crtl",2,"Autographa gamma","","Jari Vandendriessche","","15' Transect","Ad",1,"Noctuidae","Lepidoptera",50.80072,4.812192,2023-09-06,"butterflies","DIGITAF_FLANDERS:ecca27159b69316d"
"7","Bo","crtl",2,"Vanessa atalanta","","Jari Vandendriessche","","15' Transect","Ad",2,"Nymphalidae","Lepidoptera",50.80072,4.812192,2023-09-06,"butterflies","DIGITAF_FLANDERS:68437eae8d974f43"
"8","Bo","crtl",2,"Notostira elongata","Urtica","Jari Vandendriessche","","15' Transect","Ad",2,"Miridae","Hemiptera",50.80072,4.812192,2023-09-06,"other","DIGITAF_FLANDERS:0912ba6d5e754d75"
"9","Bo","crtl",2,"Scathophaga stercoraria","Urtica","Jari Vandendriessche","","15' Transect","Ad",2,"Scathophagidae","Diptera",50.80072,4.812192,2023-09-06,"flies","DIGITAF_FLANDERS:5be3d16a96ae8068"
"10","Bo","crtl",2,"Voria ruralis","Urtica","Jari Vandendriessche","","15' Transect","Ad",1,"Tachinidae","Diptera",50.80072,4.812192,2023-09-06,"flies","DIGITAF_FLANDERS:e2fb2e874ecaf9e0"
"11","Bo","tree",1,"Apis mellifera","Rosa","Jari Vandendriessche","","15' Transect","Ad",2,"Apidae","Hymenoptera",50.798534,4.814494,2023-06-12,"bees","DIGITAF_FLANDERS:0f40479f25c354f6"
"12","Bo","tree",1,"Myathropa florea","Rosa","Jari Vandendriessche & Astrid Van den Bossche","","15' Transect","Ad",1,"Syrphidae","Diptera",50.798534,4.814494,2023-06-12,"syrphids","DIGITAF_FLANDERS:17c5e323cae2b73c"
"13","Bo","tree",1,"Pachytodes cerambyciformis","Rosa","Jari Vandendriessche","","15' Transect","Ad",1,"Cerambycidae","Coleoptera",50.798534,4.814494,2023-06-12,"beetles","DIGITAF_FLANDERS:4879e441b3d972ba"
"14","Bo","tree",1,"Platycheirus scutatus","Chaerophyllum","Jari Vandendriessche & Astrid Van den Bossche","","15' Transect","Ad",1,"Syrphidae","Diptera",50.798534,4.814494,2023-06-12,"syrphids","DIGITAF_FLANDERS:67968cb370410197"
"15","Bo","tree",1,"Syritta pipiens","Rubus","Jari Vandendriessche & Astrid Van den Bossche","","15' Transect","Ad",1,"Syrphidae","Diptera",50.798534,4.814494,2023-06-12,"syrphids","DIGITAF_FLANDERS:527e9538a79ccbd9"
"16","Bo","tree",1,"Episyrphus balteatus","Chaerophyllum","Jari Vandendriessche & Astrid Van den Bossche","","15' Transect","Ad",2,"Syrphidae","Diptera",50.798534,4.814494,2023-06-12,"syrphids","DIGITAF_FLANDERS:f5083e9ed8d17503"
"17","Bo","tree",1,"Hylaeus communis","Chaerophyllum","Jens D'Haeseleer","F","15' Transect","Ad",1,"Colletidae","Hymenoptera",50.798534,4.814494,2023-06-12,"bees","DIGITAF_FLANDERS:ab40df047eb2daee"
"18","Bo","tree",2,"Aglais io","","Jari Vandendriessche","","15' Transect","Ad",1,"Nymphalidae","Lepidoptera",50.798534,4.814494,2023-09-06,"butterflies","DIGITAF_FLANDERS:4375c88e36b6a9ca"
"19","Bo","tree",2,"Diplazon annulatus","Lamium","Augustijn De Ketelaere","F","15' Transect","Ad",1,"Ichneumonidae","Hymenoptera",50.798534,4.814494,2023-09-06,"wasps","DIGITAF_FLANDERS:4529eccb1134e3c4"
"20","Bo","tree",2,"Pararge aegeria","","Jari Vandendriessche","","15' Transect","Ad",4,"Nymphalidae","Lepidoptera",50.798534,4.814494,2023-09-06,"butterflies","DIGITAF_FLANDERS:5fbed921329335d8"
"21","Bo","tree",2,"Pieris napi","","Jari Vandendriessche","","15' Transect","Ad",1,"Pieridae","Lepidoptera",50.798534,4.814494,2023-09-06,"butterflies","DIGITAF_FLANDERS:5874adb714abb4bd"
"22","Bo","tree",2,"Vanessa atalanta","","Jari Vandendriessche","","15' Transect","Ad",1,"Nymphalidae","Lepidoptera",50.798534,4.814494,2023-09-06,"butterflies","DIGITAF_FLANDERS:8e64f4af2b178596"
"23","Bo","tree",2,"Vespa crabro","","Jari Vandendriessche","","15' Transect","Ad",2,"Vespidae","Hymenoptera",50.798534,4.814494,2023-09-06,"wasps","DIGITAF_FLANDERS:f2fc175a6de4945b"
"24","Bo1","crtl",1,"Larinus turbinatus","Cirsium","Jari Vandendriessche","","15' Transect","Ad",1,"Curculionidae","Coleoptera",50.830734,4.813417,2023-06-12,"beetles","DIGITAF_FLANDERS:875472380fa7c9ad"
"25","Bo1","crtl",1,"Eupeodes corollae","Matricaria","Jari Vandendriessche & Astrid Van den Bossche","","15' Transect","Ad",1,"Syrphidae","Diptera",50.830734,4.813417,2023-06-12,"syrphids","DIGITAF_FLANDERS:f6220d52f57afb86"
"26","Bo1","crtl",1,"Halictus rubicundus","Cirsium","Jens D'Haeseleer","F","15' Transect","Ad",1,"Halictidae","Hymenoptera",50.830734,4.813417,2023-06-12,"bees","DIGITAF_FLANDERS:ee2888e38e67fdaf"
"27","Bo1","crtl",1,"Sphaerophoria scripta","Matricaria","Jari Vandendriessche & Astrid Van den Bossche","","15' Transect","Ad",1,"Syrphidae","Diptera",50.830734,4.813417,2023-06-12,"syrphids","DIGITAF_FLANDERS:8dc44746e8edd098"
"28","Bo1","crtl",2,"Aglais io","Buddleja","Jari Vandendriessche","","15' Transect","Ad",3,"Nymphalidae","Lepidoptera",50.830734,4.813417,2023-09-06,"butterflies","DIGITAF_FLANDERS:2600a682b0e8e78f"
"29","Bo1","crtl",2,"Apis mellifera","Picris","Jari Vandendriessche","","15' Transect","Ad",2,"Apidae","Hymenoptera",50.830734,4.813417,2023-09-06,"bees","DIGITAF_FLANDERS:73e971cf02e1d0f8"
"30","Bo1","crtl",2,"Bombus lapidarius","Picris","Jari Vandendriessche","","15' Transect","Ad",1,"Apidae","Hymenoptera",50.830734,4.813417,2023-09-06,"bees","DIGITAF_FLANDERS:9f4c15a5367a812b"
"31","Bo1","crtl",2,"Bombus pascuorum","Picris","Jari Vandendriessche","","15' Transect","Ad",2,"Apidae","Hymenoptera",50.830734,4.813417,2023-09-06,"bees","DIGITAF_FLANDERS:bfa2aef3ea402345"
"32","Bo1","crtl",2,"Pieris napi","","Jari Vandendriessche","","15' Transect","Ad",2,"Pieridae","Lepidoptera",50.830734,4.813417,2023-09-06,"butterflies","DIGITAF_FLANDERS:0bf52858d099a093"
"33","Bo1","crtl",2,"Pieris rapae","","Jari Vandendriessche","","15' Transect","Ad",2,"Pieridae","Lepidoptera",50.830734,4.813417,2023-09-06,"butterflies","DIGITAF_FLANDERS:d47dc5f33268f699"
"34","Bo1","crtl",2,"Pieris brassicae","","Jari Vandendriessche","","15' Transect","Ad",1,"Pieridae","Lepidoptera",50.830734,4.813417,2023-09-06,"butterflies","DIGITAF_FLANDERS:4ee99cc6cfcf1fcc"
"35","Bo1","crtl",2,"Vanessa atalanta","","Jari Vandendriessche","","15' Transect","Ad",1,"Nymphalidae","Lepidoptera",50.830734,4.813417,2023-09-06,"butterflies","DIGITAF_FLANDERS:08ce7e48a28831ab"
"36","Bo1","tree",1,"Bombus hypnorum","","Jari Vandendriessche","","15' Transect","Ad",1,"Apidae","Hymenoptera",50.831448,4.813626,2023-06-12,"bees","DIGITAF_FLANDERS:abbc0867d9c5d055"
"37","Bo1","tree",1,"Bombus lapidarius","","Jari Vandendriessche","","15' Transect","Ad",1,"Apidae","Hymenoptera",50.831448,4.813626,2023-06-12,"bees","DIGITAF_FLANDERS:a74954eb72d8515c"
"38","Bo1","tree",1,"Eristalis tenax","","Jari Vandendriessche & Astrid Van den Bossche","","15' Transect","Ad",3,"Syrphidae","Diptera",50.831448,4.813626,2023-06-12,"syrphids","DIGITAF_FLANDERS:043e52284c64c5c6"
"39","Bo1","tree",1,"Calliphora vicina","","Jari Vandendriessche","","15' Transect","Ad",1,"Calliphoridae","Diptera",50.831448,4.813626,2023-06-12,"flies","DIGITAF_FLANDERS:5bd6c353309b900a"
"40","Bo1","tree",1,"Dasytes spec.","Bryonia","Jari Vandendriessche","","15' Transect","Ad",2,"Melyridae","Coleoptera",50.831448,4.813626,2023-06-12,"beetles","DIGITAF_FLANDERS:44b50c4606b27012"
"41","Bo1","tree",1,"Episyrphus balteatus","","Jari Vandendriessche & Astrid Van den Bossche","","15' Transect","Ad",2,"Syrphidae","Diptera",50.831448,4.813626,2023-06-12,"syrphids","DIGITAF_FLANDERS:611e36cf05c3659e"
"42","Bo1","tree",1,"Scathophaga stercoraria","","Jari Vandendriessche","","15' Transect","Ad",1,"Scathophagidae","Diptera",50.831448,4.813626,2023-06-12,"flies","DIGITAF_FLANDERS:d83be2b1ae4ed0cf"
"43","Bo1","tree",1,"Eupeodes luniger","","Jari Vandendriessche & Astrid Van den Bossche","","15' Transect","Ad",1,"Syrphidae","Diptera",50.831448,4.813626,2023-06-12,"syrphids","DIGITAF_FLANDERS:fa858c3f2cae6d18"
"44","Bo1","tree",2,"Pieris napi","Picris","Jari Vandendriessche","","15' Transect","Ad",1,"Pieridae","Lepidoptera",50.831448,4.813626,2023-09-06,"butterflies","DIGITAF_FLANDERS:c44274601aacabe2"
"45","Bo1","tree",2,"Pieris rapae","","Jari Vandendriessche","","15' Transect","Ad",1,"Pieridae","Lepidoptera",50.831448,4.813626,2023-09-06,"butterflies","DIGITAF_FLANDERS:6c37edfbf1121129"
"46","Bo1","tree",2,"Calliphora spec.","","Jari Vandendriessche","","15' Transect","Ad",1,"Calliphoridae","Diptera",50.831448,4.813626,2023-09-06,"flies","DIGITAF_FLANDERS:458610afa04aff1d"
"47","Bo2","crtl",1,"Ancistrocerus claripennis","Matricaria","Augustijn De Ketelaere","M","15' Transect","Ad",1,"Vespidae","Hymenoptera",50.804672,5.00229,2023-06-12,"wasps","DIGITAF_FLANDERS:52653b149fe5cfaa"
"48","Bo2","crtl",1,"Bombus terrestris/lucorum/magnus/cryptarum","Matricaria","Jari Vandendriessche","","15' Transect","Ad",1,"Apidae","Hymenoptera",50.804672,5.00229,2023-06-12,"bees","DIGITAF_FLANDERS:878bb71ef6d16cde"
"49","Bo2","crtl",1,"Eristalis arbustorum","Matricaria","Jari Vandendriessche & Astrid Van den Bossche","","15' Transect","Ad",1,"Syrphidae","Diptera",50.804672,5.00229,2023-06-12,"syrphids","DIGITAF_FLANDERS:f8ae2955c9ab9acd"
"50","Bo2","crtl",1,"Eristalis pertinax","Matricaria","Jari Vandendriessche & Astrid Van den Bossche","","15' Transect","Ad",1,"Syrphidae","Diptera",50.804672,5.00229,2023-06-12,"syrphids","DIGITAF_FLANDERS:3ce7e84447a15146"
"51","Bo2","crtl",1,"Eristalis tenax","Matricaria","Jari Vandendriessche & Astrid Van den Bossche","","15' Transect","Ad",1,"Syrphidae","Diptera",50.804672,5.00229,2023-06-12,"syrphids","DIGITAF_FLANDERS:9c6d5b94f66b6f5f"
"52","Bo2","crtl",1,"Sphaerophoria scripta","Matricaria","Jari Vandendriessche & Astrid Van den Bossche","","15' Transect","Ad",2,"Syrphidae","Diptera",50.804672,5.00229,2023-06-12,"syrphids","DIGITAF_FLANDERS:e379a0475b072b02"
"53","Bo2","crtl",2,"Melanostoma scalare","Rumex","Jari Vandendriessche & Astrid Van den Bossche","","15' Transect","Ad",1,"Syrphidae","Diptera",50.804672,5.00229,2023-09-06,"syrphids","DIGITAF_FLANDERS:09b1e3ac90d5a420"
"54","Bo2","crtl",2,"Pararge aegeria","","Jari Vandendriessche","","15' Transect","Ad",1,"Nymphalidae","Lepidoptera",50.804672,5.00229,2023-09-06,"butterflies","DIGITAF_FLANDERS:984996b4e4f64abc"
"55","Bo2","crtl",2,"Pieris brassicae","","Jari Vandendriessche","","15' Transect","Ad",1,"Pieridae","Lepidoptera",50.804672,5.00229,2023-09-06,"butterflies","DIGITAF_FLANDERS:2ffd01b229bf83bb"
"56","Bo2","crtl",2,"Melanostoma mellinum","Rumex","Jari Vandendriessche & Astrid Van den Bossche","","15' Transect","Ad",4,"Syrphidae","Diptera",50.804672,5.00229,2023-09-06,"syrphids","DIGITAF_FLANDERS:6ac870b2ed69da33"
"57","Bo2","tree",1,"Bombus lapidarius","Papaver, Centaurea, Phacelia","Jari Vandendriessche","","15' Transect","Ad",1,"Apidae","Hymenoptera",50.804695,5.003687,2023-06-12,"bees","DIGITAF_FLANDERS:163de33e97ba23b1"
"58","Bo2","tree",1,"Bombus pascuorum","Phacelia","Jari Vandendriessche","","15' Transect","Ad",1,"Apidae","Hymenoptera",50.804695,5.003687,2023-06-12,"bees","DIGITAF_FLANDERS:91eb46f0e96360ec"
"59","Bo2","tree",1,"Bombus terrestris/lucorum/magnus/cryptarum","Papaver","Jari Vandendriessche","","15' Transect","Ad",1,"Apidae","Hymenoptera",50.804695,5.003687,2023-06-12,"bees","DIGITAF_FLANDERS:8734bdf8ab27e348"
"60","Bo2","tree",1,"Diptera indet.","Centaurea",NA,"","15' Transect","Ad",1,NA,"Diptera",50.804695,5.003687,2023-06-12,"flies","DIGITAF_FLANDERS:5ddda047750e4427"
"61","Bo2","tree",1,"Episyrphus balteatus","Papaver","Jari Vandendriessche & Astrid Van den Bossche","","15' Transect","Ad",1,"Syrphidae","Diptera",50.804695,5.003687,2023-06-12,"syrphids","DIGITAF_FLANDERS:ab2edf395eacf357"
"62","Bo2","tree",1,"Oedemera lurida/virescens","Leucanthemum","Jari Vandendriessche","","15' Transect","Ad",1,"Oedemeridae","Coleoptera",50.804695,5.003687,2023-06-12,"beetles","DIGITAF_FLANDERS:02493477f5335555"
"63","Bo2","tree",1,"Eristalis nemorum","Papaver","Jari Vandendriessche & Astrid Van den Bossche","","15' Transect","Ad",1,"Syrphidae","Diptera",50.804695,5.003687,2023-06-12,"syrphids","DIGITAF_FLANDERS:74feb0cfa0423bed"
"64","Bo2","tree",1,"Lasioglossum malachurum","","Jens D'Haeseleer","F","15' Transect","Ad",1,"Halictidae","Hymenoptera",50.804695,5.003687,2023-06-12,"bees","DIGITAF_FLANDERS:3bd82480a34a8596"
"65","Bo2","tree",1,"Platycheirus albimanus","Leucanthemum","Jari Vandendriessche & Astrid Van den Bossche","","15' Transect","Ad",1,"Syrphidae","Diptera",50.804695,5.003687,2023-06-12,"syrphids","DIGITAF_FLANDERS:9c590b85b97bc148"
"66","Bo2","tree",1,"Paracorymbia fulva","Leucanthemum","Jari Vandendriessche","","15' Transect","Ad",1,"Cerambycidae","Coleoptera",50.804695,5.003687,2023-06-12,"beetles","DIGITAF_FLANDERS:b363c659e30f5900"
"67","Bo2","tree",1,"Sphaerophoria scripta","Leucanthemum","Jari Vandendriessche & Astrid Van den Bossche","","15' Transect","Ad",1,"Syrphidae","Diptera",50.804695,5.003687,2023-06-12,"syrphids","DIGITAF_FLANDERS:0bcf93e0b5a43913"
"68","Bo2","tree",2,"Lucilia spec.","","Jari Vandendriessche","","15' Transect","Ad",1,"Calliphoridae","Diptera",50.804695,5.003687,2023-09-06,"flies","DIGITAF_FLANDERS:965ea9985fa211c8"
"69","Bo2","tree",2,"Pieris napi","","Jari Vandendriessche","","15' Transect","Ad",1,"Pieridae","Lepidoptera",50.804695,5.003687,2023-09-06,"butterflies","DIGITAF_FLANDERS:bcb65e626eb9ca2a"
"70","Bo2","tree",2,"Pieris rapae","","Jari Vandendriessche","","15' Transect","Ad",2,"Pieridae","Lepidoptera",50.804695,5.003687,2023-09-06,"butterflies","DIGITAF_FLANDERS:4194c5bc986cfd60"
"71","Bo2","tree",2,"Eristalis arbustorum","","Jari Vandendriessche & Astrid Van den Bossche","","15' Transect","Ad",1,"Syrphidae","Diptera",50.804695,5.003687,2023-09-06,"syrphids","DIGITAF_FLANDERS:3486bf9f3e633a22"
"72","Bo2","tree",2,"Sphaerophoria scripta","","Jari Vandendriessche & Astrid Van den Bossche","","15' Transect","Ad",1,"Syrphidae","Diptera",50.804695,5.003687,2023-09-06,"syrphids","DIGITAF_FLANDERS:e171530a9e9e7169"
"73","Bo2","tree",2,"Vanessa atalanta","","Jari Vandendriessche","","15' Transect","Ad",1,"Nymphalidae","Lepidoptera",50.804695,5.003687,2023-09-06,"butterflies","DIGITAF_FLANDERS:d0f75a02ca6a97a4"
"74","Ge1","crtl",1,"Aglaostigma aucupariae","","Augustijn De Ketelaere","F","15' Transect","Ad",1,"Tenthredinidae","Hymenoptera",51.011478,3.685224,2023-05-25,"wasps","DIGITAF_FLANDERS:a617689dc443e10d"
"75","Ge1","crtl",1,"Bombus pratorum","Solanum","Jari Vandendriessche","","15' Transect","Ad",1,"Apidae","Hymenoptera",51.011478,3.685224,2023-05-25,"bees","DIGITAF_FLANDERS:db402b27fc5bcc37"
"76","Ge1","crtl",1,"Bombus terrestris/lucorum/magnus/cryptarum","Solanum","Jari Vandendriessche","","15' Transect","Ad",1,"Apidae","Hymenoptera",51.011478,3.685224,2023-05-25,"bees","DIGITAF_FLANDERS:c6324ecb2e3109b2"
"77","Ge1","crtl",1,"Episyrphus balteatus","","Jari Vandendriessche & Astrid Van den Bossche","","15' Transect","Ad",2,"Syrphidae","Diptera",51.011478,3.685224,2023-05-25,"syrphids","DIGITAF_FLANDERS:3ccd5dace0a30ddb"
"78","Ge1","crtl",1,"Panorpa communis","","Jari Vandendriessche","","15' Transect","Ad",1,"Panorpidae","Mecoptera",51.011478,3.685224,2023-05-25,"other","DIGITAF_FLANDERS:143970549a22d406"
"79","Ge1","crtl",2,"Pararge aegeria","","Jari Vandendriessche","","15' Transect","Ad",1,"Nymphalidae","Lepidoptera",51.011478,3.685224,2023-09-07,"butterflies","DIGITAF_FLANDERS:c4ccee4183a2cb86"
"80","Ge1","crtl",2,"Pieris brassicae","","Jari Vandendriessche","","15' Transect","Ad",1,"Pieridae","Lepidoptera",51.011478,3.685224,2023-09-07,"butterflies","DIGITAF_FLANDERS:555bfc63a1e936c2"
"81","Ge1","crtl",2,"Vespa crabro","","Jari Vandendriessche","","15' Transect","Ad",1,"Vespidae","Hymenoptera",51.011478,3.685224,2023-09-07,"wasps","DIGITAF_FLANDERS:c4fac4dbd8e92aa2"
"82","Ge1","tree",1,"Bombus hypnorum","Symphytum","Jari Vandendriessche","","15' Transect","Ad",1,"Apidae","Hymenoptera",51.01141,3.686242,2023-05-25,"bees","DIGITAF_FLANDERS:3adce4ede3b94722"
"83","Ge1","tree",1,"Bombus pascuorum","Symphytum","Jari Vandendriessche","","15' Transect","Ad",1,"Apidae","Hymenoptera",51.01141,3.686242,2023-05-25,"bees","DIGITAF_FLANDERS:ccd356a2c8459030"
"84","Ge1","tree",1,"Episyrphus balteatus","Ranunculus","Jari Vandendriessche & Astrid Van den Bossche","","15' Transect","Ad",1,"Syrphidae","Diptera",51.01141,3.686242,2023-05-25,"syrphids","DIGITAF_FLANDERS:5de6ce670be733bd"
"85","Ge1","tree",1,"Bombus pratorum","Symphytum","Jari Vandendriessche","","15' Transect","Ad",1,"Apidae","Hymenoptera",51.01141,3.686242,2023-05-25,"bees","DIGITAF_FLANDERS:b91d034b508408d9"
"86","Ge1","tree",1,"Bombus terrestris/lucorum/magnus/cryptarum","Symphytum","Jari Vandendriessche","","15' Transect","Ad",1,"Apidae","Hymenoptera",51.01141,3.686242,2023-05-25,"bees","DIGITAF_FLANDERS:f933f36590784ea2"
"87","Ge1","tree",1,"Calliphora spec.","","Jari Vandendriessche","","15' Transect","Ad",1,"Calliphoridae","Diptera",51.01141,3.686242,2023-05-25,"flies","DIGITAF_FLANDERS:3e727a3ce37b3dbf"
"88","Ge1","tree",1,"Episyrphus balteatus","Symphytum","Jari Vandendriessche & Astrid Van den Bossche","","15' Transect","Ad",2,"Syrphidae","Diptera",51.01141,3.686242,2023-05-25,"syrphids","DIGITAF_FLANDERS:4663c37295d801a2"
"89","Ge1","tree",1,"Sarcophaga spec.","","Jari Vandendriessche","","15' Transect","Ad",1,"Sarcophagidae","Diptera",51.01141,3.686242,2023-05-25,"flies","DIGITAF_FLANDERS:cf2c3a4f5a292b40"
"90","Ge1","tree",1,"Vanessa atalanta","Viburnum","Jari Vandendriessche","","15' Transect","Ad",1,"Nymphalidae","Lepidoptera",51.01141,3.686242,2023-05-25,"butterflies","DIGITAF_FLANDERS:8b6637494b38a894"
"91","Ge1","tree",2,"Bombus pascuorum","Lythrum","Jari Vandendriessche","","15' Transect","Ad",1,"Apidae","Hymenoptera",51.01141,3.686242,2023-09-07,"bees","DIGITAF_FLANDERS:95b058472df784b8"
"92","Ge1","tree",2,"Pararge aegeria","","Jari Vandendriessche","","15' Transect","Ad",1,"Nymphalidae","Lepidoptera",51.01141,3.686242,2023-09-07,"butterflies","DIGITAF_FLANDERS:f71afb2e14954010"
"93","Ge1","tree",2,"Syrphus vitripennis","","Jari Vandendriessche & Astrid Van den Bossche","","15' Transect","Ad",1,"Syrphidae","Diptera",51.01141,3.686242,2023-09-07,"syrphids","DIGITAF_FLANDERS:732962c7ee3a713c"
"94","Ge1","tree",2,"Vespula germanica","","Jari Vandendriessche","","15' Transect","Ad",1,"Vespidae","Hymenoptera",51.01141,3.686242,2023-09-07,"wasps","DIGITAF_FLANDERS:8c96222b59d0dab2"
"95","Ie","crop",1,"Eupeodes corollae","","Jari Vandendriessche & Astrid Van den Bossche","","15' Transect","Ad",1,"Syrphidae","Diptera",50.898197,2.833149,2023-05-27,"syrphids","DIGITAF_FLANDERS:abd8835a9bedfb5e"
"96","Ie","crop",1,"Scathophaga stercoraria","","Jari Vandendriessche","","15' Transect","Ad",4,"Scathophagidae","Diptera",50.898197,2.833149,2023-05-27,"flies","DIGITAF_FLANDERS:0a3e0eaee8c0ce56"
"97","Ie","crtl",1,"Episyrphus balteatus","Anthriscus, Ranunculus, Lapsana","Jari Vandendriessche & Astrid Van den Bossche","","15' Transect","Ad",4,"Syrphidae","Diptera",50.898647,2.833769,2023-05-27,"syrphids","DIGITAF_FLANDERS:f6aed92bdd8dffeb"
"98","Ie","crtl",1,"Scathophaga stercoraria","Leucanthemum","Jari Vandendriessche","","15' Transect","Ad",1,"Scathophagidae","Diptera",50.898647,2.833769,2023-05-27,"flies","DIGITAF_FLANDERS:8cc192c4abc2894b"
"99","Ie","crtl",1,"Osmia bicornis","Ranunculus","Jari Vandendriessche","","15' Transect","Ad",1,"Megachilidae","Hymenoptera",50.898647,2.833769,2023-05-27,"bees","DIGITAF_FLANDERS:833fddf264c66d8d"
"100","Ie","crtl",2,"Aglais io","","Jari Vandendriessche","","15' Transect","Ad",1,"Nymphalidae","Lepidoptera",50.898647,2.833769,2023-09-07,"butterflies","DIGITAF_FLANDERS:ea68dfb9ccb689d1"
"101","Ie","crtl",2,"Arma custos","Leontidon","Jari Vandendriessche","","15' Transect","Ad",1,"Pentatomidae","Hemiptera",50.898647,2.833769,2023-09-07,"other","DIGITAF_FLANDERS:9f92ce91a08bb293"
"102","Ie","crtl",2,"Dolerus spec.","Leontidon","Augustijn De Ketelaere","M","15' Transect","Ad",1,"Tenthredinidae","Hymenoptera",50.898647,2.833769,2023-09-07,"wasps","DIGITAF_FLANDERS:12ae99ce9bfaaafb"
"103","Ie","crtl",2,"Eupeodes corollae","Leontidon","Jari Vandendriessche & Astrid Van den Bossche","","15' Transect","Ad",1,"Syrphidae","Diptera",50.898647,2.833769,2023-09-07,"syrphids","DIGITAF_FLANDERS:a91fae6b2f48d140"
"104","Ie","crtl",2,"Episyrphus balteatus","Leontidon","Jari Vandendriessche & Astrid Van den Bossche","","15' Transect","Ad",1,"Syrphidae","Diptera",50.898647,2.833769,2023-09-07,"syrphids","DIGITAF_FLANDERS:0cd4cafecc4f8e05"
"105","Ie","crtl",2,"Eristalis tenax","Achillea","Jari Vandendriessche & Astrid Van den Bossche","","15' Transect","Ad",2,"Syrphidae","Diptera",50.898647,2.833769,2023-09-07,"syrphids","DIGITAF_FLANDERS:e7a4bb2d0ecccc76"
"106","Ie","crtl",2,"Eristalis tenax","Leontidon","Jari Vandendriessche & Astrid Van den Bossche","","15' Transect","Ad",1,"Syrphidae","Diptera",50.898647,2.833769,2023-09-07,"syrphids","DIGITAF_FLANDERS:8f37dd4c4054f87a"
"107","Ie","crtl",2,"Lygus spec.","Leontidon","Jari Vandendriessche","","15' Transect","Ad",1,"Miridae","Hemiptera",50.898647,2.833769,2023-09-07,"other","DIGITAF_FLANDERS:2359b3b48022c617"
"108","Ie","crtl",2,"Stictopleurus punctatonervosus","Leontidon","Jari Vandendriessche","","15' Transect","Ad",1,"Rhopalidae","Hemiptera",50.898647,2.833769,2023-09-07,"other","DIGITAF_FLANDERS:40439153b0ba5c0e"
"109","Ie","crtl",2,"Pieris rapae","Leontodon","Jari Vandendriessche","","15' Transect","Ad",2,"Pieridae","Lepidoptera",50.898647,2.833769,2023-09-07,"butterflies","DIGITAF_FLANDERS:8f55e6e3472ab699"
"110","Ie","crtl",2,"Sphaerophoria scripta","Leontidon","Jari Vandendriessche & Astrid Van den Bossche","","15' Transect","Ad",2,"Syrphidae","Diptera",50.898647,2.833769,2023-09-07,"syrphids","DIGITAF_FLANDERS:0a823e461c8b45e2"
"111","Ie","tree",1,"Episyrphus balteatus","","Jari Vandendriessche & Astrid Van den Bossche","","15' Transect","Ad",1,"Syrphidae","Diptera",50.897827,2.834499,2023-05-27,"syrphids","DIGITAF_FLANDERS:446ac0de02e6d63e"
"112","Ie","tree",1,"Bombus pascuorum","Lamium, Symphytum","Jari Vandendriessche","","15' Transect","Ad",2,"Apidae","Hymenoptera",50.897827,2.834499,2023-05-27,"bees","DIGITAF_FLANDERS:3b7ac0cd381041f5"
"113","Ie","tree",1,"Anthophila fabriciana","","Jari Vandendriessche","","15' Transect","Ad",1,"Choreutidae","Lepidoptera",50.897827,2.834499,2023-05-27,"butterflies","DIGITAF_FLANDERS:033bffb4a475b72c"
"114","Ie","tree",1,"Pieris brassicae","","Jari Vandendriessche","","15' Transect","Ad",1,"Pieridae","Lepidoptera",50.897827,2.834499,2023-05-27,"butterflies","DIGITAF_FLANDERS:9359e8a1a5082062"
"115","Ie","tree",1,"Bombus hortorum","Lamium","Jari Vandendriessche","","15' Transect","Ad",1,"Apidae","Hymenoptera",50.897827,2.834499,2023-05-27,"bees","DIGITAF_FLANDERS:a0aa8ef0c06e1948"
"116","Ie","tree",1,"Platycheirus scutatus","","Jari Vandendriessche & Astrid Van den Bossche","","15' Transect","Ad",1,"Syrphidae","Diptera",50.897827,2.834499,2023-05-27,"syrphids","DIGITAF_FLANDERS:a6c396260b7eb998"
"117","Ie","tree",1,"Scathophaga stercoraria","","Jari Vandendriessche","","15' Transect","Ad",4,"Scathophagidae","Diptera",50.897827,2.834499,2023-05-27,"flies","DIGITAF_FLANDERS:3ddb045a8ee6fe9f"
"118","Ie","tree",1,"Bombus terrestris/lucorum/magnus/cryptarum","Lamium","Jari Vandendriessche","","15' Transect","Ad",2,"Apidae","Hymenoptera",50.897827,2.834499,2023-05-27,"bees","DIGITAF_FLANDERS:bc7c90f9fcc6c54e"
"119","Ie","tree",2,"Aglais io","","Jari Vandendriessche","","15' Transect","Ad",1,"Nymphalidae","Lepidoptera",50.897827,2.834499,2023-09-07,"butterflies","DIGITAF_FLANDERS:5dcdd8641e521afe"
"120","Ie","tree",2,"Pararge aegeria","","Jari Vandendriessche","","15' Transect","Ad",1,"Nymphalidae","Lepidoptera",50.897827,2.834499,2023-09-07,"butterflies","DIGITAF_FLANDERS:fae598406f4ae312"
"121","Ie","tree",2,"Aphidoidea indet.","",NA,"","15' Transect","Ad",1,NA,"Hemiptera",50.897827,2.834499,2023-09-07,"other","DIGITAF_FLANDERS:223afbf5f703ebb0"
"122","Ie","tree",2,"Pieris brassicae","","Jari Vandendriessche","","15' Transect","Ad",1,"Pieridae","Lepidoptera",50.897827,2.834499,2023-09-07,"butterflies","DIGITAF_FLANDERS:0c07e10ba3e27c41"
"123","Ie","tree",2,"Episyrphus balteatus","Taraxacum","Jari Vandendriessche & Astrid Van den Bossche","","15' Transect","Ad",2,"Syrphidae","Diptera",50.897827,2.834499,2023-09-07,"syrphids","DIGITAF_FLANDERS:991d17f1345e6ee5"
"124","Ie","tree",2,"Bombus pascuorum","Symphytum","Jari Vandendriessche","","15' Transect","Ad",2,"Apidae","Hymenoptera",50.897827,2.834499,2023-09-07,"bees","DIGITAF_FLANDERS:e5aafaaaec8e0c50"
"125","Ie","tree",2,"Sphaerophoria scripta","Urtica","Jari Vandendriessche & Astrid Van den Bossche","","15' Transect","Ad",1,"Syrphidae","Diptera",50.897827,2.834499,2023-09-07,"syrphids","DIGITAF_FLANDERS:fd142262c03cf4a2"
"126","Ie","tree",2,"Lissonota spec.","","Augustijn De Ketelaere","M","15' Transect","Ad",1,"Ichneumonidae","Hymenoptera",50.897827,2.834499,2023-09-07,"wasps","DIGITAF_FLANDERS:91d707b6e80693ff"
"127","Ie","tree",2,"Lucilia spec.","","Jari Vandendriessche","","15' Transect","Ad",1,"Calliphoridae","Diptera",50.897827,2.834499,2023-09-07,"flies","DIGITAF_FLANDERS:008c27ddb07da339"
"128","Ie","tree",2,"Episyrphus balteatus","Urtica","Jari Vandendriessche & Astrid Van den Bossche","","15' Transect","Ad",2,"Syrphidae","Diptera",50.897827,2.834499,2023-09-07,"syrphids","DIGITAF_FLANDERS:8f1fff37a3abccc0"
"129","Ie","tree",2,"Eupeodes corollae","","Jari Vandendriessche & Astrid Van den Bossche","","15' Transect","Ad",1,"Syrphidae","Diptera",50.897827,2.834499,2023-09-07,"syrphids","DIGITAF_FLANDERS:b6a949d64be958b5"
"130","Ie","tree",2,"Notostira elongata","","Jari Vandendriessche","","15' Transect","Ad",1,"Miridae","Hemiptera",50.897827,2.834499,2023-09-07,"other","DIGITAF_FLANDERS:e709ce0989281f66"
"131","Ie1","crtl",1,"Bombus lapidarius","Geranium","Jari Vandendriessche","","15' Transect","Ad",2,"Apidae","Hymenoptera",50.869884,2.80778,2023-05-27,"bees","DIGITAF_FLANDERS:759e5deaa6b4421a"
"132","Ie1","crtl",1,"Scathophaga stercoraria","","Jari Vandendriessche","","15' Transect","Ad",4,"Scathophagidae","Diptera",50.869884,2.80778,2023-05-27,"flies","DIGITAF_FLANDERS:2b24aafc1975d148"
"133","Ie1","crtl",1,"Eupeodes corollae","","Jari Vandendriessche & Astrid Van den Bossche","","15' Transect","Ad",1,"Syrphidae","Diptera",50.869884,2.80778,2023-05-27,"syrphids","DIGITAF_FLANDERS:795b349788a007ee"
"134","Ie1","crtl",2,"Aglais io","","Jari Vandendriessche","","15' Transect","Ad",1,"Nymphalidae","Lepidoptera",50.869884,2.80778,2023-09-07,"butterflies","DIGITAF_FLANDERS:7cb487552dbebe83"
"135","Ie1","crtl",2,"Pieris rapae","","Jari Vandendriessche","","15' Transect","Ad",2,"Pieridae","Lepidoptera",50.869884,2.80778,2023-09-07,"butterflies","DIGITAF_FLANDERS:70c8ca09d6fb9118"
"136","Ie1","crtl",2,"Diptera indet.","",NA,"","15' Transect","Ad",1,NA,"Diptera",50.869884,2.80778,2023-09-07,"flies","DIGITAF_FLANDERS:822dfdb561a7fc34"
"137","Ie1","crtl",2,"Vanessa atalanta","","Jari Vandendriessche","","15' Transect","Ad",1,"Nymphalidae","Lepidoptera",50.869884,2.80778,2023-09-07,"butterflies","DIGITAF_FLANDERS:84a58f825b1bc182"
"138","Ie1","crtl",2,"Pieris napi","Senecio","Jari Vandendriessche","","15' Transect","Ad",2,"Pieridae","Lepidoptera",50.869884,2.80778,2023-09-07,"butterflies","DIGITAF_FLANDERS:9dc00240170fa5a3"
"139","Ie1","tree",1,"Celastrina argiolus","","Jari Vandendriessche","","15' Transect","Ad",1,"Lycaenidae","Lepidoptera",50.868481,2.808143,2023-05-27,"butterflies","DIGITAF_FLANDERS:4d8606ae0eda150c"
"140","Ie1","tree",1,"Cydalima perspectalis","","Jari Vandendriessche","","15' Transect","Ad",1,"Crambidae","Lepidoptera",50.868481,2.808143,2023-05-27,"butterflies","DIGITAF_FLANDERS:0fd07457bd47cba0"
"141","Ie1","tree",1,"Episyrphus balteatus","","Jari Vandendriessche & Astrid Van den Bossche","","15' Transect","Ad",1,"Syrphidae","Diptera",50.868481,2.808143,2023-05-27,"syrphids","DIGITAF_FLANDERS:80817762da1e97e8"
"142","Ie1","tree",1,"Episyrphus balteatus","Geranium","Jari Vandendriessche & Astrid Van den Bossche","","15' Transect","Ad",2,"Syrphidae","Diptera",50.868481,2.808143,2023-05-27,"syrphids","DIGITAF_FLANDERS:b50b5932f95bed80"
"143","Ie1","tree",1,"Phaonia subventa","","Jari Vandendriessche","","15' Transect","Ad",1,"Muscidae","Diptera",50.868481,2.808143,2023-05-27,"flies","DIGITAF_FLANDERS:2668a69e3b4f4d7b"
"144","Ie1","tree",1,"Osmia bicornis","Lamium","Jari Vandendriessche","","15' Transect","Ad",1,"Megachilidae","Hymenoptera",50.868481,2.808143,2023-05-27,"bees","DIGITAF_FLANDERS:a8702667c6909299"
"145","Ie1","tree",1,"Pararge aegeria","","Jari Vandendriessche","","15' Transect","Ad",1,"Nymphalidae","Lepidoptera",50.868481,2.808143,2023-05-27,"butterflies","DIGITAF_FLANDERS:1fe48c47a0dd4d62"
"146","Ie1","tree",1,"Auplopus carbonarius","","Jari Vandendriessche","","15' Transect","Ad",1,"Pompilidae","Hymenoptera",50.868481,2.808143,2023-05-27,"wasps","DIGITAF_FLANDERS:cc8e45e2855d03d6"
"147","Ie1","tree",1,"Bombus terrestris/lucorum/magnus/cryptarum","","Jari Vandendriessche","","15' Transect","Ad",1,"Apidae","Hymenoptera",50.868481,2.808143,2023-05-27,"bees","DIGITAF_FLANDERS:6626f2d16a9d69a1"
"148","Ie1","tree",2,"Aglais io","","Jari Vandendriessche","","15' Transect","Ad",3,"Nymphalidae","Lepidoptera",50.868481,2.808143,2023-09-07,"butterflies","DIGITAF_FLANDERS:540b3e25ca60b215"
"149","Ie1","tree",2,"Aricia agestis","Medicago","Jari Vandendriessche","","15' Transect","Ad",3,"Lycaenidae","Lepidoptera",50.868481,2.808143,2023-09-07,"butterflies","DIGITAF_FLANDERS:ffc3b50f5623edf9"
"150","Ie1","tree",2,"Polyommatus icarus","","Jari Vandendriessche","","15' Transect","Ad",1,"Lycaenidae","Lepidoptera",50.868481,2.808143,2023-09-07,"butterflies","DIGITAF_FLANDERS:55c683594a04e3d6"
"151","Ie1","tree",2,"Vanessa atalanta","","Jari Vandendriessche","","15' Transect","Ad",3,"Nymphalidae","Lepidoptera",50.868481,2.808143,2023-09-07,"butterflies","DIGITAF_FLANDERS:4ede35e2619624aa"
"152","Ie1","tree",2,"Episyrphus balteatus","","Jari Vandendriessche & Astrid Van den Bossche","","15' Transect","Ad",1,"Syrphidae","Diptera",50.868481,2.808143,2023-09-07,"syrphids","DIGITAF_FLANDERS:7a6d7d83bdf7329c"
"153","Ie1","tree",2,"Pieris napi","Lamium","Jari Vandendriessche","","15' Transect","Ad",4,"Pieridae","Lepidoptera",50.868481,2.808143,2023-09-07,"butterflies","DIGITAF_FLANDERS:fe2e9a47e969a516"
"154","Ie1","tree",2,"Pieris rapae","Lamium","Jari Vandendriessche","","15' Transect","Ad",4,"Pieridae","Lepidoptera",50.868481,2.808143,2023-09-07,"butterflies","DIGITAF_FLANDERS:24191af518708066"
"155","Ie1","tree",2,"Pararge aegeria","","Jari Vandendriessche","","15' Transect","Ad",4,"Nymphalidae","Lepidoptera",50.868481,2.808143,2023-09-07,"butterflies","DIGITAF_FLANDERS:c3983ca8d86e6c68"
"156","Ie2","crtl",1,"Autographa gamma","","Jari Vandendriessche","","15' Transect","Ad",1,"Noctuidae","Lepidoptera",50.894154,2.837079,2023-05-27,"butterflies","DIGITAF_FLANDERS:77e89fe772c280c3"
"157","Ie2","crtl",1,"Cercopis vulnerata","","Jari Vandendriessche","","15' Transect","Ad",1,"Cercopidae","Hemiptera",50.894154,2.837079,2023-05-27,"other","DIGITAF_FLANDERS:6ca0d05f6170aac9"
"158","Ie2","crtl",2,"Aricia agestis","","Jari Vandendriessche","","15' Transect","Ad",1,"Lycaenidae","Lepidoptera",50.894154,2.837079,2023-09-07,"butterflies","DIGITAF_FLANDERS:466253c8dbb8d3cc"
"159","Ie2","crtl",2,"Eupeodes corollae","","Jari Vandendriessche & Astrid Van den Bossche","","15' Transect","Ad",1,"Syrphidae","Diptera",50.894154,2.837079,2023-09-07,"syrphids","DIGITAF_FLANDERS:1605ddb299788ab5"
"160","Ie2","crtl",2,"Lasioglossum villosulum","","Jens D'Haeseleer","F","15' Transect","Ad",1,"Halictidae","Hymenoptera",50.894154,2.837079,2023-09-07,"bees","DIGITAF_FLANDERS:56fb2f99f668825b"
"161","Ie2","crtl",2,"Episyrphus balteatus","","Jari Vandendriessche & Astrid Van den Bossche","","15' Transect","Ad",2,"Syrphidae","Diptera",50.894154,2.837079,2023-09-07,"syrphids","DIGITAF_FLANDERS:ecf630da199b68b6"
"162","Ie2","crtl",2,"Eristalis tenax","","Jari Vandendriessche & Astrid Van den Bossche","","15' Transect","Ad",3,"Syrphidae","Diptera",50.894154,2.837079,2023-09-07,"syrphids","DIGITAF_FLANDERS:b875b888af4aa1d2"
"163","Ie2","crtl",2,"Pieris rapae","Sonchus","Jari Vandendriessche","","15' Transect","Ad",2,"Pieridae","Lepidoptera",50.894154,2.837079,2023-09-07,"butterflies","DIGITAF_FLANDERS:87ecc8ec09498fbe"
"164","Ie2","crtl",2,"Sphaerophoria scripta","","Jari Vandendriessche & Astrid Van den Bossche","","15' Transect","Ad",1,"Syrphidae","Diptera",50.894154,2.837079,2023-09-07,"syrphids","DIGITAF_FLANDERS:2b57a66c79769e8c"
"165","Ie2","tree",1,"Apis mellifera","Lapsana","Jari Vandendriessche","","15' Transect","Ad",1,"Apidae","Hymenoptera",50.892433,2.838647,2023-05-27,"bees","DIGITAF_FLANDERS:3c6bbaf1dc360aca"
"166","Ie2","tree",1,"Bombus pascuorum","Vicia","Jari Vandendriessche","","15' Transect","Ad",1,"Apidae","Hymenoptera",50.892433,2.838647,2023-05-27,"bees","DIGITAF_FLANDERS:ce8481b218c8562f"
"167","Ie2","tree",1,"Cephus spinipes","Lapsana","Augustijn De Ketelaere","F","15' Transect","Ad",1,"Cephidae","Hymenoptera",50.892433,2.838647,2023-05-27,"wasps","DIGITAF_FLANDERS:17fb2e56b5ce8562"
"168","Ie2","tree",1,"Eristalis tenax","Lapsana","Jari Vandendriessche & Astrid Van den Bossche","","15' Transect","Ad",1,"Syrphidae","Diptera",50.892433,2.838647,2023-05-27,"syrphids","DIGITAF_FLANDERS:acabbc0527dc4af2"
"169","Ie2","tree",1,"Episyrphus balteatus","Ranunculus","Jari Vandendriessche & Astrid Van den Bossche","","15' Transect","Ad",1,"Syrphidae","Diptera",50.892433,2.838647,2023-05-27,"syrphids","DIGITAF_FLANDERS:d5f6c909f5a36289"
"170","Ie2","tree",1,"Eupeodes corollae","Lapsana","Jari Vandendriessche & Astrid Van den Bossche","","15' Transect","Ad",1,"Syrphidae","Diptera",50.892433,2.838647,2023-05-27,"syrphids","DIGITAF_FLANDERS:bd59d7c527922c5a"
"171","Ie2","tree",1,"Eristalis arbustorum","Lapsana","Jari Vandendriessche & Astrid Van den Bossche","","15' Transect","Ad",1,"Syrphidae","Diptera",50.892433,2.838647,2023-05-27,"syrphids","DIGITAF_FLANDERS:b2c894051ff84ef6"
"172","Ie2","tree",1,"Scathophaga stercoraria","Lapsana","Jari Vandendriessche","","15' Transect","Ad",3,"Scathophagidae","Diptera",50.892433,2.838647,2023-05-27,"flies","DIGITAF_FLANDERS:3c161e3001de3255"
"173","Ie2","tree",1,"Syritta pipiens","Lapsana","Jari Vandendriessche & Astrid Van den Bossche","","15' Transect","Ad",3,"Syrphidae","Diptera",50.892433,2.838647,2023-05-27,"syrphids","DIGITAF_FLANDERS:25c34ce68ba37951"
"174","Ie2","tree",2,"Episyrphus balteatus","Tanacetum","Jari Vandendriessche & Astrid Van den Bossche","","15' Transect","Ad",2,"Syrphidae","Diptera",50.892433,2.838647,2023-09-07,"syrphids","DIGITAF_FLANDERS:253b0421e41f6e7b"
"175","Ie2","tree",2,"Pieris rapae","","Jari Vandendriessche","","15' Transect","Ad",1,"Pieridae","Lepidoptera",50.892433,2.838647,2023-09-07,"butterflies","DIGITAF_FLANDERS:def3fcff71de73e7"
"176","Ie2","tree",2,"Colletes daviesanus/fodiens/similis","Tanacetum","Jari Vandendriessche","","15' Transect","Ad",1,"Colletidae","Hymenoptera",50.892433,2.838647,2023-09-07,"bees","DIGITAF_FLANDERS:b2bb7f14b2e6c0cf"
"177","Ie2","tree",2,"Eristalis tenax","Tanacetum","Jari Vandendriessche & Astrid Van den Bossche","","15' Transect","Ad",1,"Syrphidae","Diptera",50.892433,2.838647,2023-09-07,"syrphids","DIGITAF_FLANDERS:bd815d23cc8287ed"
"178","L1","crtl",1,"Anthophora furcata","","Jari Vandendriessche","","15' Transect","Ad",1,"Apidae","Hymenoptera",50.818477,4.672386,2023-06-10,"bees","DIGITAF_FLANDERS:56d5deba851b8a13"
"179","L1","crtl",1,"Apis mellifera","Campanula","Jari Vandendriessche","","15' Transect","Ad",1,"Apidae","Hymenoptera",50.818477,4.672386,2023-06-10,"bees","DIGITAF_FLANDERS:d994c0b8de3cafc9"
"180","L1","crtl",1,"Oedemera nobilis","","Jari Vandendriessche","","15' Transect","Ad",1,"Oedemeridae","Coleoptera",50.818477,4.672386,2023-06-10,"beetles","DIGITAF_FLANDERS:44aafc0fa7f1a5c2"
"181","L1","crtl",1,"Cerceris arenaria","Aegopodium","Augustijn De Ketelaere","M","15' Transect","Ad",1,"Crabronidae","Hymenoptera",50.818477,4.672386,2023-06-10,"wasps","DIGITAF_FLANDERS:a8c8c33cd34861da"
"182","L1","crtl",1,"Chelostoma rapunculi","","Jens D'Haeseleer","F","15' Transect","Ad",1,"Megachilidae","Hymenoptera",50.818477,4.672386,2023-06-10,"bees","DIGITAF_FLANDERS:fcfa4038ea2d5615"
"183","L1","crtl",1,"Leptopterna dolabrata","Campanula","Jari Vandendriessche","","15' Transect","Ad",1,"Miridae","Hemiptera",50.818477,4.672386,2023-06-10,"other","DIGITAF_FLANDERS:2ad18b93739ebf48"
"184","L1","crtl",1,"Sphaerophoria scripta","Aegopodium, Campanula","Jari Vandendriessche & Astrid Van den Bossche","","15' Transect","Ad",2,"Syrphidae","Diptera",50.818477,4.672386,2023-06-10,"syrphids","DIGITAF_FLANDERS:9b54db4d376efd80"
"185","L1","crtl",1,"Sphaerophoria scripta","Campanula","Jari Vandendriessche & Astrid Van den Bossche","","15' Transect","Ad",1,"Syrphidae","Diptera",50.818477,4.672386,2023-06-10,"syrphids","DIGITAF_FLANDERS:56a48ffa5b9a5874"
"186","L1","crtl",1,"Phyllopertha horticola","Rubus","Jari Vandendriessche","","15' Transect","Ad",1,"Scarabaeidae","Coleoptera",50.818477,4.672386,2023-06-10,"beetles","DIGITAF_FLANDERS:322cd138e725a291"
"187","L1","crtl",1,"Vespa crabro","","Jari Vandendriessche","","15' Transect","Ad",2,"Vespidae","Hymenoptera",50.818477,4.672386,2023-06-10,"wasps","DIGITAF_FLANDERS:621479bc358fefbd"
"188","L1","crtl",1,"Tachina fera","","Jari Vandendriessche","","15' Transect","Ad",1,"Tachinidae","Diptera",50.818477,4.672386,2023-06-10,"flies","DIGITAF_FLANDERS:904f99046f530b8b"
"189","L1","crtl",2,"Bombus pascuorum","Linaria","Jari Vandendriessche","","15' Transect","Ad",1,"Apidae","Hymenoptera",50.818477,4.672386,2023-09-06,"bees","DIGITAF_FLANDERS:9936a5d0990e3817"
"190","L1","crtl",2,"Pararge aegeria","","Jari Vandendriessche","","15' Transect","Ad",1,"Nymphalidae","Lepidoptera",50.818477,4.672386,2023-09-06,"butterflies","DIGITAF_FLANDERS:151e37300bc277be"
"191","L1","crtl",2,"Pieris rapae","Sonchus","Jari Vandendriessche","","15' Transect","Ad",2,"Pieridae","Lepidoptera",50.818477,4.672386,2023-09-06,"butterflies","DIGITAF_FLANDERS:6fd5aa2253f4366e"
"192","L1","tree",1,"Bombus hypnorum","Rubus","Jari Vandendriessche","","15' Transect","Ad",1,"Apidae","Hymenoptera",50.819168,4.673106,2023-06-10,"bees","DIGITAF_FLANDERS:ca71205fd6a4ea3b"
"193","L1","tree",1,"Bombus pratorum","Rubus","Jari Vandendriessche","","15' Transect","Ad",1,"Apidae","Hymenoptera",50.819168,4.673106,2023-06-10,"bees","DIGITAF_FLANDERS:fe114bfdc4b4eeb1"
"194","L1","tree",1,"Bombus terrestris/lucorum/magnus/cryptarum","Rubus","Jari Vandendriessche","","15' Transect","Ad",1,"Apidae","Hymenoptera",50.819168,4.673106,2023-06-10,"bees","DIGITAF_FLANDERS:c677a505eb46b306"
"195","L1","tree",1,"Lepidoptera indet.","",NA,"","15' Transect","Ad",1,NA,"Lepidoptera",50.819168,4.673106,2023-06-10,"butterflies","DIGITAF_FLANDERS:0639fd0b3d659be9"
"196","L1","tree",1,"Dioctria hyalipennis","","Jari Vandendriessche","","15' Transect","Ad",1,"Asilidae","Diptera",50.819168,4.673106,2023-06-10,"flies","DIGITAF_FLANDERS:840f66a662ccaec3"
"197","L1","tree",1,"Nemophora degeerella","","Jari Vandendriessche","","15' Transect","Ad",1,"Adelidae","Lepidoptera",50.819168,4.673106,2023-06-10,"butterflies","DIGITAF_FLANDERS:a4fe08c2b4a66b4b"
"198","L1","tree",1,"Eupeodes corollae","","Jari Vandendriessche & Astrid Van den Bossche","","15' Transect","Ad",1,"Syrphidae","Diptera",50.819168,4.673106,2023-06-10,"syrphids","DIGITAF_FLANDERS:e5238a910dd02feb"
"199","L1","tree",2,"Colletes hederae","","Jari Vandendriessche","","15' Transect","Ad",4,"Colletidae","Hymenoptera",50.819168,4.673106,2023-09-06,"bees","DIGITAF_FLANDERS:2b8a71ed187e1795"
"200","L1","tree",2,"Lindenius albilabris","","Augustijn De Ketelaere","F","15' Transect","Ad",1,"Crabronidae","Hymenoptera",50.819168,4.673106,2023-09-06,"wasps","DIGITAF_FLANDERS:5eb6933c4f54008d"
"201","L1","tree",2,"Eristalis tenax","","Jari Vandendriessche & Astrid Van den Bossche","","15' Transect","Ad",1,"Syrphidae","Diptera",50.819168,4.673106,2023-09-06,"syrphids","DIGITAF_FLANDERS:bbe46e78c17a2969"
"202","L1","tree",2,"Pararge aegeria","","Jari Vandendriessche","","15' Transect","Ad",2,"Nymphalidae","Lepidoptera",50.819168,4.673106,2023-09-06,"butterflies","DIGITAF_FLANDERS:f4600da0abd01dfa"
"203","L1","tree",2,"Pieris rapae","","Jari Vandendriessche","","15' Transect","Ad",2,"Pieridae","Lepidoptera",50.819168,4.673106,2023-09-06,"butterflies","DIGITAF_FLANDERS:c735eea785d3fc29"
"204","L1","tree",2,"Vanessa atalanta","","Jari Vandendriessche","","15' Transect","Ad",2,"Nymphalidae","Lepidoptera",50.819168,4.673106,2023-09-06,"butterflies","DIGITAF_FLANDERS:8583313d41fcc24d"
"205","L2","crtl",1,"Andrena bicolor","Matricaria","Jens D'Haeseleer","M","15' Transect","Ad",1,"Andrenidae","Hymenoptera",50.829258,4.671156,2023-06-10,"bees","DIGITAF_FLANDERS:be894d2a5c30f397"
"206","L2","crtl",1,"Apis mellifera","Matricaria","Jari Vandendriessche","","15' Transect","Ad",3,"Apidae","Hymenoptera",50.829258,4.671156,2023-06-10,"bees","DIGITAF_FLANDERS:62cfc29b91758d0b"
"207","L2","crtl",1,"Bombus lapidarius","Matricaria","Jari Vandendriessche","","15' Transect","Ad",1,"Apidae","Hymenoptera",50.829258,4.671156,2023-06-10,"bees","DIGITAF_FLANDERS:3aa4f9cbee020f48"
"208","L2","crtl",1,"Bombus vestalis","Matricaria","Jari Vandendriessche","","15' Transect","Ad",1,"Apidae","Hymenoptera",50.829258,4.671156,2023-06-10,"bees","DIGITAF_FLANDERS:4afc10df50a7d80a"
"209","L2","crtl",1,"Colletes daviesanus","Matricaria","Jens D'Haeseleer","F","15' Transect","Ad",2,"Colletidae","Hymenoptera",50.829258,4.671156,2023-06-10,"bees","DIGITAF_FLANDERS:9c50857f9a2582e8"
"210","L2","crtl",1,"Helophilus trivittatus","Matricaria","Jari Vandendriessche & Astrid Van den Bossche","","15' Transect","Ad",1,"Syrphidae","Diptera",50.829258,4.671156,2023-06-10,"syrphids","DIGITAF_FLANDERS:f92f6228fd1f8735"
"211","L2","crtl",1,"Lindenius albilabris","Matricaria","Augustijn De Ketelaere","F","15' Transect","Ad",1,"Crabronidae","Hymenoptera",50.829258,4.671156,2023-06-10,"wasps","DIGITAF_FLANDERS:66601c46ea0221c7"
"212","L2","crtl",2,"Aglais io","","Jari Vandendriessche","","15' Transect","Ad",2,"Nymphalidae","Lepidoptera",50.829258,4.671156,2023-09-06,"butterflies","DIGITAF_FLANDERS:b081de9c282a2848"
"213","L2","crtl",2,"Vanessa atalanta","","Jari Vandendriessche","","15' Transect","Ad",1,"Nymphalidae","Lepidoptera",50.829258,4.671156,2023-09-06,"butterflies","DIGITAF_FLANDERS:75620f1b82e7946c"
"214","L2","crtl",2,"Pieris napi","","Jari Vandendriessche","","15' Transect","Ad",1,"Pieridae","Lepidoptera",50.829258,4.671156,2023-09-06,"butterflies","DIGITAF_FLANDERS:c0a28fe8a0c84c00"
"215","L2","crtl",2,"Apis mellifera","Erigon","Jari Vandendriessche","","15' Transect","Ad",16,"Apidae","Hymenoptera",50.829258,4.671156,2023-09-06,"bees","DIGITAF_FLANDERS:53835501ac0da82a"
"216","L2","crtl",2,"Aricia agestis","","Jari Vandendriessche","","15' Transect","Ad",1,"Lycaenidae","Lepidoptera",50.829258,4.671156,2023-09-06,"butterflies","DIGITAF_FLANDERS:e116068607bc3cf1"
"217","L2","crtl",2,"Pieris rapae","","Jari Vandendriessche","","15' Transect","Ad",2,"Pieridae","Lepidoptera",50.829258,4.671156,2023-09-06,"butterflies","DIGITAF_FLANDERS:4e283ac6f195161d"
"218","L2","crtl",2,"Stictopleurus punctatonervosus","Erigon","Jari Vandendriessche","","15' Transect","Ad",1,"Rhopalidae","Hemiptera",50.829258,4.671156,2023-09-06,"other","DIGITAF_FLANDERS:53c5737846d179e2"
"219","L2","tree",1,"Apis mellifera","Rubus","Jari Vandendriessche","","15' Transect","Ad",2,"Apidae","Hymenoptera",50.830441,4.670732,2023-06-10,"bees","DIGITAF_FLANDERS:c65d2b5bf616befa"
"220","L2","tree",1,"Bombus terrestris/lucorum/magnus/cryptarum","Rubus","Jari Vandendriessche","","15' Transect","Ad",1,"Apidae","Hymenoptera",50.830441,4.670732,2023-06-10,"bees","DIGITAF_FLANDERS:d8ab14a076f1268e"
"221","L2","tree",1,"Bombus hypnorum","Rubus","Jari Vandendriessche","","15' Transect","Ad",2,"Apidae","Hymenoptera",50.830441,4.670732,2023-06-10,"bees","DIGITAF_FLANDERS:72f2399d7b454e5d"
"222","L2","tree",1,"Bombus lapidarius","Rubus","Jari Vandendriessche","","15' Transect","Ad",2,"Apidae","Hymenoptera",50.830441,4.670732,2023-06-10,"bees","DIGITAF_FLANDERS:9f2a7ea50e253119"
"223","L2","tree",1,"Eristalis tenax","Rubus","Jari Vandendriessche & Astrid Van den Bossche","","15' Transect","Ad",1,"Syrphidae","Diptera",50.830441,4.670732,2023-06-10,"syrphids","DIGITAF_FLANDERS:bf51a1a705c10e6d"
"224","L2","tree",2,"Aglais io","","Jari Vandendriessche","","15' Transect","Ad",2,"Nymphalidae","Lepidoptera",50.830441,4.670732,2023-09-06,"butterflies","DIGITAF_FLANDERS:da0827264dff64dd"
"225","L2","tree",2,"Eutolmus rufibarbis","","Jari Vandendriessche","","15' Transect","Ad",1,"Asilidae","Diptera",50.830441,4.670732,2023-09-06,"flies","DIGITAF_FLANDERS:94d2c211f5663eb4"
"226","L2","tree",2,"Colias croceus","","Jari Vandendriessche","","15' Transect","Ad",1,"Pieridae","Lepidoptera",50.830441,4.670732,2023-09-06,"butterflies","DIGITAF_FLANDERS:2432fe38bfa9372b"
"227","L2","tree",2,"Epicampocera succincta","","Jari Vandendriessche","","15' Transect","Ad",1,"Tachinidae","Diptera",50.830441,4.670732,2023-09-06,"flies","DIGITAF_FLANDERS:f044a30dce38703e"
"228","L2","tree",2,"Bombus pascuorum","Linaria, Urtica","Jari Vandendriessche","","15' Transect","Ad",3,"Apidae","Hymenoptera",50.830441,4.670732,2023-09-06,"bees","DIGITAF_FLANDERS:5e984e9d51b62385"
"229","L2","tree",2,"Panorpa vulgaris","","Jari Vandendriessche","","15' Transect","Ad",1,"Panorpidae","Mecoptera",50.830441,4.670732,2023-09-06,"other","DIGITAF_FLANDERS:06a1b863d08e5ea6"
"230","L2","tree",2,"Scathophaga stercoraria","Urtica","Jari Vandendriessche","","15' Transect","Ad",1,"Scathophagidae","Diptera",50.830441,4.670732,2023-09-06,"flies","DIGITAF_FLANDERS:d379e75d5d661d93"
"231","L2","tree",2,"Vanessa atalanta","","Jari Vandendriessche","","15' Transect","Ad",2,"Nymphalidae","Lepidoptera",50.830441,4.670732,2023-09-06,"butterflies","DIGITAF_FLANDERS:af7e190ab04a5076"
"232","Mb","crop",1,"Scathophaga stercoraria","","Jari Vandendriessche","","15' Transect","Ad",1,"Scathophagidae","Diptera",50.970043,3.755069,2023-06-14,"flies","DIGITAF_FLANDERS:a055bd50aaf398d0"
"233","Mb","crtl",1,"Aricia agestis","Matricaria","Jari Vandendriessche","","15' Transect","Ad",1,"Lycaenidae","Lepidoptera",50.969597,3.755234,2023-06-14,"butterflies","DIGITAF_FLANDERS:0176b76a458b6ae3"
"234","Mb","crtl",1,"Lindenius albilabris","Matricaria","Augustijn De Ketelaere","F","15' Transect","Ad",1,"Crabronidae","Hymenoptera",50.969597,3.755234,2023-06-14,"wasps","DIGITAF_FLANDERS:dc637cfbeb888bfe"
"235","Mb","crtl",1,"Dinera grisescens","Matricaria","Jari Vandendriessche","","15' Transect","Ad",1,"Tachinidae","Diptera",50.969597,3.755234,2023-06-14,"flies","DIGITAF_FLANDERS:1f5593abc04460cf"
"236","Mb","crtl",1,"Diptera indet.","Matricaria",NA,"","15' Transect","Ad",1,NA,"Diptera",50.969597,3.755234,2023-06-14,"flies","DIGITAF_FLANDERS:c7ad213646ca0543"
"237","Mb","crtl",1,"Stictoleptura rubra","Matricaria","Jari Vandendriessche","","15' Transect","Ad",2,"Cerambycidae","Coleoptera",50.969597,3.755234,2023-06-14,"beetles","DIGITAF_FLANDERS:4a6a47d989d482df"
"238","Mb","crtl",1,"Syritta pipiens","","Jari Vandendriessche & Astrid Van den Bossche","","15' Transect","Ad",1,"Syrphidae","Diptera",50.969597,3.755234,2023-06-14,"syrphids","DIGITAF_FLANDERS:2183a68e0edba6f8"
"239","Mb","crtl",2,"Lindenius albilabris","Achillea","Jari Vandendriessche","","15' Transect","Ad",6,"Crabronidae","Hymenoptera",50.969597,3.755234,2023-09-04,"wasps","DIGITAF_FLANDERS:20ad083c987e3c44"
"240","Mb","crtl",2,"Polygonia c-album","","Jari Vandendriessche","","15' Transect","Ad",1,"Nymphalidae","Lepidoptera",50.969597,3.755234,2023-09-04,"butterflies","DIGITAF_FLANDERS:9efa3ac7f4895dae"
"241","Mb","crtl",2,"Diptera indet.","Achillea",NA,"","15' Transect","Ad",1,NA,"Diptera",50.969597,3.755234,2023-09-04,"flies","DIGITAF_FLANDERS:3c3a219e1f5c3445"
"242","Mb","crtl",2,"Calliphora spec.","Achillea","Jari Vandendriessche","","15' Transect","Ad",2,"Calliphoridae","Diptera",50.969597,3.755234,2023-09-04,"flies","DIGITAF_FLANDERS:358ad5c956b1059b"
"243","Mb","crtl",2,"Syritta pipiens","Achillea","Jari Vandendriessche & Astrid Van den Bossche","","15' Transect","Ad",1,"Syrphidae","Diptera",50.969597,3.755234,2023-09-04,"syrphids","DIGITAF_FLANDERS:aa8c466aa86faee0"
"244","Mb","crtl",2,"Vanessa atalanta","","Jari Vandendriessche","","15' Transect","Ad",1,"Nymphalidae","Lepidoptera",50.969597,3.755234,2023-09-04,"butterflies","DIGITAF_FLANDERS:e89ff3f2e82a01ab"
"245","Mb","tree",1,"Apis mellifera","Vicia","Jari Vandendriessche","","15' Transect","Ad",1,"Apidae","Hymenoptera",50.970682,3.754116,2023-06-14,"bees","DIGITAF_FLANDERS:9b71f8d33cfd2739"
"246","Mb","tree",1,"Bombus pascuorum","","Jari Vandendriessche","","15' Transect","Ad",1,"Apidae","Hymenoptera",50.970682,3.754116,2023-06-14,"bees","DIGITAF_FLANDERS:3805be49b6a4ea3d"
"247","Mb","tree",1,"Maniola jurtina","","Jari Vandendriessche","","15' Transect","Ad",1,"Nymphalidae","Lepidoptera",50.970682,3.754116,2023-06-14,"butterflies","DIGITAF_FLANDERS:1f26a9a0e0f9d637"
"248","Mb","tree",1,"Pararge aegeria","","Jari Vandendriessche","","15' Transect","Ad",1,"Nymphalidae","Lepidoptera",50.970682,3.754116,2023-06-14,"butterflies","DIGITAF_FLANDERS:734873ff47ef2929"
"249","Mb","tree",1,"Sphaerophoria scripta","","Jari Vandendriessche & Astrid Van den Bossche","","15' Transect","Ad",2,"Syrphidae","Diptera",50.970682,3.754116,2023-06-14,"syrphids","DIGITAF_FLANDERS:37d73b92bff3b0a4"
"250","Mb","tree",2,"Hemichroa crocea","","Augustijn De Ketelaere","F","15' Transect","Ad",1,"Tenthredinidae","Hymenoptera",50.970682,3.754116,2023-09-04,"wasps","DIGITAF_FLANDERS:1f6934801adcddcf"
"251","Mb","tree",2,"Vanessa atalanta","","Jari Vandendriessche","","15' Transect","Ad",2,"Nymphalidae","Lepidoptera",50.970682,3.754116,2023-09-04,"butterflies","DIGITAF_FLANDERS:d07f261447587c29"
"252","Mb1","crtl",1,"Oedemera nobilis","Ranunculus","Jari Vandendriessche","","15' Transect","Ad",4,"Oedemeridae","Coleoptera",50.962509,3.764582,2023-05-23,"beetles","DIGITAF_FLANDERS:e543279d820a2a3b"
"253","Mb1","crtl",1,"Lasioglossum zonulum","","Jens D'Haeseleer","F","15' Transect","Ad",1,"Halictidae","Hymenoptera",50.962509,3.764582,2023-05-23,"bees","DIGITAF_FLANDERS:3dc10098483e5b10"
"254","Mb1","crtl",1,"Bombus pascuorum","","Jari Vandendriessche","","15' Transect","Ad",1,"Apidae","Hymenoptera",50.962509,3.764582,2023-05-23,"bees","DIGITAF_FLANDERS:7554af6eed19dd3f"
"255","Mb1","crtl",1,"Bombus pascuorum","Symphytum","Jari Vandendriessche","","15' Transect","Ad",2,"Apidae","Hymenoptera",50.962509,3.764582,2023-05-23,"bees","DIGITAF_FLANDERS:54a1ba547d9e6af0"
"256","Mb1","crtl",1,"Sarcophaga spec.","","Jari Vandendriessche","","15' Transect","Ad",1,"Sarcophagidae","Diptera",50.962509,3.764582,2023-05-23,"flies","DIGITAF_FLANDERS:ac1697fe1bbc4afe"
"257","Mb1","crtl",1,"Panemeria tenebrata","","Jari Vandendriessche","","15' Transect","Ad",1,"Noctuidae","Lepidoptera",50.962509,3.764582,2023-05-23,"butterflies","DIGITAF_FLANDERS:fcfe6307d66c2f59"
"258","Mb1","crtl",1,"Lissonota spec.","Ranunculus","Augustijn De Ketelaere","F","15' Transect","Ad",1,"Ichneumonidae","Hymenoptera",50.962509,3.764582,2023-05-23,"wasps","DIGITAF_FLANDERS:c5ec39e61ce870bc"
"259","Mb1","crtl",1,"Zophomyia temula","Ranunculus","Jari Vandendriessche","","15' Transect","Ad",1,"Tachinidae","Diptera",50.962509,3.764582,2023-05-23,"flies","DIGITAF_FLANDERS:e75d0105c58260a5"
"260","Mb1","crtl",2,"Aglais io","","Jari Vandendriessche","","15' Transect","Ad",1,"Nymphalidae","Lepidoptera",50.962509,3.764582,2023-09-04,"butterflies","DIGITAF_FLANDERS:008f95b47c24eb06"
"261","Mb1","crtl",2,"Pieris rapae","","Jari Vandendriessche","","15' Transect","Ad",1,"Pieridae","Lepidoptera",50.962509,3.764582,2023-09-04,"butterflies","DIGITAF_FLANDERS:43b1937230ffd166"
"262","Mb1","crtl",2,"Melanostoma mellinum","","Jari Vandendriessche & Astrid Van den Bossche","","15' Transect","Ad",1,"Syrphidae","Diptera",50.962509,3.764582,2023-09-04,"syrphids","DIGITAF_FLANDERS:20efffea061827f6"
"263","Mb1","crtl",2,"Cicadella viridis","","Jari Vandendriessche","","15' Transect","Ad",1,"Cicadellidae","Hemiptera",50.962509,3.764582,2023-09-04,"other","DIGITAF_FLANDERS:652d5b3143c33b39"
"264","Mb1","crtl",2,"Tolmerus atricapillus","","Jari Vandendriessche","","15' Transect","Ad",1,"Asilidae","Diptera",50.962509,3.764582,2023-09-04,"flies","DIGITAF_FLANDERS:a84287e881da4290"
"265","Mb1","crtl",2,"Vespa crabro","","Jari Vandendriessche","","15' Transect","Ad",1,"Vespidae","Hymenoptera",50.962509,3.764582,2023-09-04,"wasps","DIGITAF_FLANDERS:153df6ed424d4c97"
"266","Mb1","crtl",2,"Pimplinae indet.","Crepis","Jari Vandendriessche","","15' Transect","Ad",1,"Ichneumonidae","Hymenoptera",50.962509,3.764582,2023-09-04,"wasps","DIGITAF_FLANDERS:b006f265dd81546d"
"267","Mb1","tree",1,"Cantharis fusca","","Jari Vandendriessche","","15' Transect","Ad",2,"Cantharidae","Coleoptera",50.96162,3.764554,2023-05-23,"beetles","DIGITAF_FLANDERS:f763fdfb5e654c7e"
"268","Mb1","tree",1,"Bombus lapidarius","Ranunculus","Jari Vandendriessche","","15' Transect","Ad",1,"Apidae","Hymenoptera",50.96162,3.764554,2023-05-23,"bees","DIGITAF_FLANDERS:cf512ef284524ae2"
"269","Mb1","tree",1,"Calliphora spec.","","Jari Vandendriessche","","15' Transect","Ad",1,"Calliphoridae","Diptera",50.96162,3.764554,2023-05-23,"flies","DIGITAF_FLANDERS:44f24da386bab19c"
"270","Mb1","tree",1,"Scathophaga stercoraria","","Jari Vandendriessche","","15' Transect","Ad",1,"Scathophagidae","Diptera",50.96162,3.764554,2023-05-23,"flies","DIGITAF_FLANDERS:95446a4546062bb0"
"271","Mb1","tree",1,"Eristalis nemorum","Ranunculus","Jari Vandendriessche & Astrid Van den Bossche","","15' Transect","Ad",1,"Syrphidae","Diptera",50.96162,3.764554,2023-05-23,"syrphids","DIGITAF_FLANDERS:a24e164b4460eeae"
"272","Mb1","tree",1,"Melanostoma mellinum","","Jari Vandendriessche & Astrid Van den Bossche","","15' Transect","Ad",1,"Syrphidae","Diptera",50.96162,3.764554,2023-05-23,"syrphids","DIGITAF_FLANDERS:f64af224cb5b3e00"
"273","Mb1","tree",2,"Aglais io","","Jari Vandendriessche","","15' Transect","Ad",2,"Nymphalidae","Lepidoptera",50.96162,3.764554,2023-09-04,"butterflies","DIGITAF_FLANDERS:b86f8d7709896888"
"274","Mb1","tree",2,"Vespa crabro","","Jari Vandendriessche","","15' Transect","Ad",1,"Vespidae","Hymenoptera",50.96162,3.764554,2023-09-04,"wasps","DIGITAF_FLANDERS:8f432c25dc933e4b"
"275","Mb1","tree",2,"Pieris rapae","Trifolium","Jari Vandendriessche","","15' Transect","Ad",2,"Pieridae","Lepidoptera",50.96162,3.764554,2023-09-04,"butterflies","DIGITAF_FLANDERS:1530a24e65b80026"
"276","Mb1","tree",2,"Vanessa atalanta","","Jari Vandendriessche","","15' Transect","Ad",1,"Nymphalidae","Lepidoptera",50.96162,3.764554,2023-09-04,"butterflies","DIGITAF_FLANDERS:e4dca618e745fe0d"
"277","Me","crop",1,"Cercopis vulnerata","","Jari Vandendriessche","","15' Transect","Ad",1,"Cercopidae","Hemiptera",50.98959,3.828819,2023-05-24,"other","DIGITAF_FLANDERS:3ba1a649cf7ffae1"
"278","Me","crop",1,"Episyrphus balteatus","","Jari Vandendriessche & Astrid Van den Bossche","","15' Transect","Ad",1,"Syrphidae","Diptera",50.98959,3.828819,2023-05-24,"syrphids","DIGITAF_FLANDERS:6ec7278e411668bf"
"279","Me","crop",2,"Aglais io","","Jari Vandendriessche","","15' Transect","Ad",1,"Nymphalidae","Lepidoptera",50.98959,3.828819,2023-09-12,"butterflies","DIGITAF_FLANDERS:3cb984a9d926594e"
"280","Me","crop",2,"Pieris napi","","Jari Vandendriessche","","15' Transect","Ad",1,"Pieridae","Lepidoptera",50.98959,3.828819,2023-09-12,"butterflies","DIGITAF_FLANDERS:2b73239a53179767"
"281","Me","crop",2,"Sarcophaga spec.","","Jari Vandendriessche","","15' Transect","Ad",1,"Sarcophagidae","Diptera",50.98959,3.828819,2023-09-12,"flies","DIGITAF_FLANDERS:6e1788548ef09d5e"
"282","Me","crtl",1,"Athalia spec.","Ranunculus","Augustijn De Ketelaere","M","15' Transect","Ad",1,"Tenthredinidae","Hymenoptera",50.988918,3.828591,2023-05-24,"wasps","DIGITAF_FLANDERS:5ae6add8fb7aa9fb"
"283","Me","crtl",1,"Bombus pascuorum","Sympytum","Jari Vandendriessche","","15' Transect","Ad",1,"Apidae","Hymenoptera",50.988918,3.828591,2023-05-24,"bees","DIGITAF_FLANDERS:060c32e1961cb3f0"
"284","Me","crtl",1,"Scathophaga stercoraria","","Jari Vandendriessche","","15' Transect","Ad",1,"Scathophagidae","Diptera",50.988918,3.828591,2023-05-24,"flies","DIGITAF_FLANDERS:d2d118aa2033ce5a"
"285","Me","crtl",1,"Bombus terrestris/lucorum/magnus/cryptarum","Symphytum","Jari Vandendriessche","","15' Transect","Ad",3,"Apidae","Hymenoptera",50.988918,3.828591,2023-05-24,"bees","DIGITAF_FLANDERS:a1f8656fcde73fe0"
"286","Me","crtl",1,"Oedemera lurida/virescens","Ranunculus","Jari Vandendriessche","","15' Transect","Ad",1,"Oedemeridae","Coleoptera",50.988918,3.828591,2023-05-24,"beetles","DIGITAF_FLANDERS:897fb04874eca6a6"
"287","Me","crtl",2,"Bombus pratorum","","Jari Vandendriessche","","15' Transect","Ad",1,"Apidae","Hymenoptera",50.988918,3.828591,2023-09-12,"bees","DIGITAF_FLANDERS:53300d4e1dd241e4"
"288","Me","crtl",2,"Dasypoda hirtipes","Hypericum","Jari Vandendriessche","","15' Transect","Ad",1,"Melittidae","Hymenoptera",50.988918,3.828591,2023-09-12,"bees","DIGITAF_FLANDERS:1616430c65834c77"
"289","Me","crtl",2,"Bombus pascuorum","Symphytum, Hypericum","Jari Vandendriessche","","15' Transect","Ad",5,"Apidae","Hymenoptera",50.988918,3.828591,2023-09-12,"bees","DIGITAF_FLANDERS:eb2cb434235ac7cd"
"290","Me","crtl",2,"Lycaena phlaeas","","Jari Vandendriessche","","15' Transect","Ad",1,"Lycaenidae","Lepidoptera",50.988918,3.828591,2023-09-12,"butterflies","DIGITAF_FLANDERS:d160a30ea8261550"
"291","Me","crtl",2,"Polistes dominula","Symphytum","Jari Vandendriessche","","15' Transect","Ad",1,"Eumenidae","Hymenoptera",50.988918,3.828591,2023-09-12,"wasps","DIGITAF_FLANDERS:1504504c1f12b139"
"292","Me","crtl",2,"Dysmachus trigonus","Hypericum","Jari Vandendriessche","","15' Transect","Ad",1,"Asilidae","Diptera",50.988918,3.828591,2023-09-12,"flies","DIGITAF_FLANDERS:943d21a60b0d7b36"
"293","Me","crtl",2,"Vespula germanica","Symphytum","Jari Vandendriessche","","15' Transect","Ad",1,"Vespidae","Hymenoptera",50.988918,3.828591,2023-09-12,"wasps","DIGITAF_FLANDERS:cd258be6fba3c60f"
"294","Me","tree",1,"Bombus pratorum","Symphytum","Jari Vandendriessche","","15' Transect","Ad",1,"Apidae","Hymenoptera",50.989864,3.829628,2023-05-24,"bees","DIGITAF_FLANDERS:05fc310359a2309b"
"295","Me","tree",1,"Bombus hypnorum","Symphytum","Jari Vandendriessche","","15' Transect","Ad",2,"Apidae","Hymenoptera",50.989864,3.829628,2023-05-24,"bees","DIGITAF_FLANDERS:3f06858d2adf6619"
"296","Me","tree",1,"Mononychus punctumalbum","Ranunculus","Jari Vandendriessche","","15' Transect","Ad",1,"Curculionidae","Coleoptera",50.989864,3.829628,2023-05-24,"beetles","DIGITAF_FLANDERS:1509594ee5dc19df"
"297","Me","tree",1,"Pararge aegeria","","Jari Vandendriessche","","15' Transect","Ad",1,"Nymphalidae","Lepidoptera",50.989864,3.829628,2023-05-24,"butterflies","DIGITAF_FLANDERS:18f95812729525be"
"298","Me","tree",1,"Bombus terrestris/lucorum/magnus/cryptarum","Symphytum","Jari Vandendriessche","","15' Transect","Ad",2,"Apidae","Hymenoptera",50.989864,3.829628,2023-05-24,"bees","DIGITAF_FLANDERS:772f1bba908866a0"
"299","Me","tree",1,"Bombus pascuorum","Symphytum","Jari Vandendriessche","","15' Transect","Ad",3,"Apidae","Hymenoptera",50.989864,3.829628,2023-05-24,"bees","DIGITAF_FLANDERS:398ba0f4c26f3d58"
"300","Me","tree",1,"Pollenia spec.","Tripleuspermum","Jari Vandendriessche","","15' Transect","Ad",1,"Polleniidae","Diptera",50.989864,3.829628,2023-05-24,"flies","DIGITAF_FLANDERS:7ce644ef6b17ec1b"
"301","Me","tree",1,"Anthophora plumipes","Symphytum","Jari Vandendriessche","","15' Transect","Ad",1,"Apidae","Hymenoptera",50.989864,3.829628,2023-05-24,"bees","DIGITAF_FLANDERS:31200decd477fbe3"
"302","Me","tree",1,"Scathophaga stercoraria","","Jari Vandendriessche","","15' Transect","Ad",2,"Scathophagidae","Diptera",50.989864,3.829628,2023-05-24,"flies","DIGITAF_FLANDERS:a46d5c1b9d79f790"
"303","Me","tree",2,"Aglais io","Cirsium","Jari Vandendriessche","","15' Transect","Ad",1,"Nymphalidae","Lepidoptera",50.989864,3.829628,2023-09-12,"butterflies","DIGITAF_FLANDERS:3d41b9f8d4777c01"
"304","Me","tree",2,"Pollenia spec.","Cirsium","Jari Vandendriessche","","15' Transect","Ad",1,"Polleniidae","Diptera",50.989864,3.829628,2023-09-12,"flies","DIGITAF_FLANDERS:d8c36c422bceecbd"
"305","Me","tree",2,"Bellardia spec.","Cirsium","Jari Vandendriessche","","15' Transect","Ad",2,"Calliphoridae","Diptera",50.989864,3.829628,2023-09-12,"flies","DIGITAF_FLANDERS:6250cc8358b6db65"
"306","Me","tree",2,"Pararge aegeria","","Jari Vandendriessche","","15' Transect","Ad",1,"Nymphalidae","Lepidoptera",50.989864,3.829628,2023-09-12,"butterflies","DIGITAF_FLANDERS:cf76fc9659bba98c"
"307","Me","tree",2,"Lissonota spec.","Ca?","Augustijn De Ketelaere","M","15' Transect","Ad",1,"Ichneumonidae","Hymenoptera",50.989864,3.829628,2023-09-12,"wasps","DIGITAF_FLANDERS:bd5385a5134ad92f"
"308","Me","tree",2,"Bombus pascuorum","Symphytum","Jari Vandendriessche","","15' Transect","Ad",7,"Apidae","Hymenoptera",50.989864,3.829628,2023-09-12,"bees","DIGITAF_FLANDERS:429e751a0165c632"
"309","Me","tree",2,"Pieris rapae","","Jari Vandendriessche","","15' Transect","Ad",1,"Pieridae","Lepidoptera",50.989864,3.829628,2023-09-12,"butterflies","DIGITAF_FLANDERS:d324491986d4d02a"
"310","Me1","crtl",1,"Cercopis vulnerata","","Jari Vandendriessche","","15' Transect","Ad",1,"Cercopidae","Hemiptera",50.99086,3.820881,2023-05-24,"other","DIGITAF_FLANDERS:3e123e8044997e28"
"311","Me1","crtl",1,"Apis mellifera","Ranunculus","Jari Vandendriessche","","15' Transect","Ad",1,"Apidae","Hymenoptera",50.99086,3.820881,2023-05-24,"bees","DIGITAF_FLANDERS:d3df912b0c1b3fba"
"312","Me1","crtl",1,"Episyrphus balteatus","","Jari Vandendriessche & Astrid Van den Bossche","","15' Transect","Ad",3,"Syrphidae","Diptera",50.99086,3.820881,2023-05-24,"syrphids","DIGITAF_FLANDERS:50ae8bc7dd92c842"
"313","Me1","crtl",1,"Helophilus pendulus","","Jari Vandendriessche & Astrid Van den Bossche","","15' Transect","Ad",1,"Syrphidae","Diptera",50.99086,3.820881,2023-05-24,"syrphids","DIGITAF_FLANDERS:7e0f51578976fa78"
"314","Me1","crtl",1,"Empis tessellata","","Jari Vandendriessche","","15' Transect","Ad",2,"Empididae","Diptera",50.99086,3.820881,2023-05-24,"flies","DIGITAF_FLANDERS:d8026dbf51c7191a"
"315","Me1","crtl",1,"Scathophaga stercoraria","Anthriscus","Jari Vandendriessche","","15' Transect","Ad",3,"Scathophagidae","Diptera",50.99086,3.820881,2023-05-24,"flies","DIGITAF_FLANDERS:ff4b28718b07dcc9"
"316","Me1","crtl",1,"Triarthria setipennis","Ranunculus","Jari Vandendriessche","","15' Transect","Ad",1,"Tachinidae","Diptera",50.99086,3.820881,2023-05-24,"flies","DIGITAF_FLANDERS:93ff131c3540f943"
"317","Me1","crtl",1,"Chelostoma florisomne","Ranunculus","Augustijn De Ketelaere","F","15' Transect","Ad",1,"Megachilidae","Hymenoptera",50.99086,3.820881,2023-05-24,"bees","DIGITAF_FLANDERS:ddf14f53dc1d649e"
"318","Me1","crtl",1,"Melanogaster hirtella","Ranunculus","Jari Vandendriessche & Astrid Van den Bossche","","15' Transect","Ad",1,"Syrphidae","Diptera",50.99086,3.820881,2023-05-24,"syrphids","DIGITAF_FLANDERS:5063406e7c7bdc84"
"319","Me1","crtl",2,"Aglais io","","Jari Vandendriessche","","15' Transect","Ad",1,"Nymphalidae","Lepidoptera",50.99086,3.820881,2023-09-14,"butterflies","DIGITAF_FLANDERS:cc3bd06c7a193628"
"320","Me1","crtl",2,"Vespula vulgaris","","Jari Vandendriessche","","15' Transect","Ad",1,"Vespidae","Hymenoptera",50.99086,3.820881,2023-09-14,"wasps","DIGITAF_FLANDERS:cdb6095133d3dd1a"
"321","Me1","crtl",2,"Bombus pascuorum","Lamium","Jari Vandendriessche","","15' Transect","Ad",1,"Apidae","Hymenoptera",50.99086,3.820881,2023-09-14,"bees","DIGITAF_FLANDERS:0bad1cc48a891af9"
"322","Me1","crtl",2,"Helophilus pendulus","","Jari Vandendriessche & Astrid Van den Bossche","","15' Transect","Ad",1,"Syrphidae","Diptera",50.99086,3.820881,2023-09-14,"syrphids","DIGITAF_FLANDERS:66ad406f44620664"
"323","Me1","crtl",2,"Vanessa atalanta","","Jari Vandendriessche","","15' Transect","Ad",1,"Nymphalidae","Lepidoptera",50.99086,3.820881,2023-09-14,"butterflies","DIGITAF_FLANDERS:4a6b26581d2ef437"
"324","Me1","tree",1,"Diplazontinae indet.","","Jari Vandendriessche","","15' Transect","Ad",1,"Ichneumonidae","Hymenoptera",50.992008,3.820138,2023-05-24,"wasps","DIGITAF_FLANDERS:d64951ea4a584310"
"325","Me1","tree",1,"Andrena haemorrhoa","Ranunculus","Jens D'Haeseleer","M","15' Transect","Ad",1,"Andrenidae","Hymenoptera",50.992008,3.820138,2023-05-24,"bees","DIGITAF_FLANDERS:fc2345ae9fcaa5a7"
"326","Me1","tree",1,"Andrena nitida","Crataegus","Jari Vandendriessche","","15' Transect","Ad",1,"Andrenidae","Hymenoptera",50.992008,3.820138,2023-05-24,"bees","DIGITAF_FLANDERS:c90e8d59fbd61ab8"
"327","Me1","tree",1,"Andrena proxima","Anthriscus","Jens D'Haeseleer","F","15' Transect","Ad",1,"Andrenidae","Hymenoptera",50.992008,3.820138,2023-05-24,"bees","DIGITAF_FLANDERS:8291d8983c286844"
"328","Me1","tree",1,"Arge ochropus","","Jari Vandendriessche","","15' Transect","Ad",1,"Argidae","Hymenoptera",50.992008,3.820138,2023-05-24,"wasps","DIGITAF_FLANDERS:dfe9bf32a07961e1"
"329","Me1","tree",1,"Syrphophilus tricinctorius","Prunus","Augustijn De Ketelaere","F","15' Transect","Ad",1,"Ichneumonidae","Hymenoptera",50.992008,3.820138,2023-05-24,"wasps","DIGITAF_FLANDERS:f0f036c7afbd65df"
"330","Me1","tree",1,"Athalia spec.","Prunus","Augustijn De Ketelaere","F","15' Transect","Ad",1,"Tenthredinidae","Hymenoptera",50.992008,3.820138,2023-05-24,"wasps","DIGITAF_FLANDERS:3a53e2cb63e34965"
"331","Me1","tree",1,"Bombus hypnorum","Crataegus","Jari Vandendriessche","","15' Transect","Ad",1,"Apidae","Hymenoptera",50.992008,3.820138,2023-05-24,"bees","DIGITAF_FLANDERS:771a36761ba90e72"
"332","Me1","tree",1,"Scathophaga stercoraria","","Jari Vandendriessche","","15' Transect","Ad",1,"Scathophagidae","Diptera",50.992008,3.820138,2023-05-24,"flies","DIGITAF_FLANDERS:494ffb923c2c69e0"
"333","Me1","tree",1,"Cephus spinipes","Crataegus","Augustijn De Ketelaere","F","15' Transect","Ad",1,"Cephidae","Hymenoptera",50.992008,3.820138,2023-05-24,"wasps","DIGITAF_FLANDERS:c99a70e644592783"
"334","Me1","tree",2,"Aglais io","","Jari Vandendriessche","","15' Transect","Ad",1,"Nymphalidae","Lepidoptera",50.992008,3.820138,2023-09-14,"butterflies","DIGITAF_FLANDERS:e14d7e54cc97503c"
"335","Me1","tree",2,"Pararge aegeria","","Jari Vandendriessche","","15' Transect","Ad",2,"Nymphalidae","Lepidoptera",50.992008,3.820138,2023-09-14,"butterflies","DIGITAF_FLANDERS:159b49e8c93221a4"
"336","Me1","tree",2,"Pieris brassicae","","Jari Vandendriessche","","15' Transect","Ad",1,"Pieridae","Lepidoptera",50.992008,3.820138,2023-09-14,"butterflies","DIGITAF_FLANDERS:b9579b8d181a581b"
"337","Me1","tree",2,"Pieris rapae","","Jari Vandendriessche","","15' Transect","Ad",1,"Pieridae","Lepidoptera",50.992008,3.820138,2023-09-14,"butterflies","DIGITAF_FLANDERS:62f7aa489bcbc476"
"338","Me1","tree",2,"Apis mellifera","Taraxucum","Jari Vandendriessche","","15' Transect","Ad",3,"Apidae","Hymenoptera",50.992008,3.820138,2023-09-14,"bees","DIGITAF_FLANDERS:ae4ef4668d5205ea"
"339","Me1","tree",2,"Vespula germanica","Hedera","Jari Vandendriessche","","15' Transect","Ad",1,"Vespidae","Hymenoptera",50.992008,3.820138,2023-09-14,"wasps","DIGITAF_FLANDERS:4fe981b5e5ef8114"
"340","Me1","tree",2,"Timandra comae","","Jari Vandendriessche","","15' Transect","Ad",1,"Geometridae","Lepidoptera",50.992008,3.820138,2023-09-14,"butterflies","DIGITAF_FLANDERS:110320f6ad548552"
"341","Me1","tree",2,"Vanessa atalanta","","Jari Vandendriessche","","15' Transect","Ad",2,"Nymphalidae","Lepidoptera",50.992008,3.820138,2023-09-14,"butterflies","DIGITAF_FLANDERS:9a34dc84e2493ba6"
"342","Me1","tree",2,"Bombus pascuorum","Lonicera, Lamium, Taraxacum, Hedera","Jari Vandendriessche","","15' Transect","Ad",3,"Apidae","Hymenoptera",50.992008,3.820138,2023-09-14,"bees","DIGITAF_FLANDERS:c9e1b3032a78550a"
"343","Me1","tree",2,"Helophilus pendulus","Hedera","Jari Vandendriessche & Astrid Van den Bossche","","15' Transect","Ad",1,"Syrphidae","Diptera",50.992008,3.820138,2023-09-14,"syrphids","DIGITAF_FLANDERS:ae5f9e392a176071"
"344","Me1","tree",2,"Colletes hederae","Hedera","Jari Vandendriessche","","15' Transect","Ad",1,"Colletidae","Hymenoptera",50.992008,3.820138,2023-09-14,"bees","DIGITAF_FLANDERS:b17e9b2ab2f8e2b0"
"345","Me1","tree",2,"Eristalis tenax","Hedera","Jari Vandendriessche & Astrid Van den Bossche","","15' Transect","Ad",1,"Syrphidae","Diptera",50.992008,3.820138,2023-09-14,"syrphids","DIGITAF_FLANDERS:9fff8011de75dfba"
"346","Me1","tree",2,"Vespa crabro","Hedera","Jari Vandendriessche","","15' Transect","Ad",1,"Vespidae","Hymenoptera",50.992008,3.820138,2023-09-14,"wasps","DIGITAF_FLANDERS:67f6b82ecb40540c"
"347","Me2","crtl",1,"Anthrenus pimpinellae","Tripleurospermum","Jari Vandendriessche","","15' Transect","Ad",2,"Dermestidae","Coleoptera",50.988483,3.808303,2023-05-24,"beetles","DIGITAF_FLANDERS:e975d6da8c501dd7"
"348","Me2","crtl",1,"Bombus terrestris/lucorum/magnus/cryptarum","Ranunculus","Jari Vandendriessche","","15' Transect","Ad",1,"Apidae","Hymenoptera",50.988483,3.808303,2023-05-24,"bees","DIGITAF_FLANDERS:03d0f410c7b3bb5c"
"349","Me2","crtl",1,"Episyrphus balteatus","Tripleurospermum","Jari Vandendriessche & Astrid Van den Bossche","","15' Transect","Ad",1,"Syrphidae","Diptera",50.988483,3.808303,2023-05-24,"syrphids","DIGITAF_FLANDERS:3ae12e0d9e441d20"
"350","Me2","crtl",1,"Oxybelus uniglumis","Tripleurospermum","Augustijn De Ketelaere","M","15' Transect","Ad",1,"Crabronidae","Hymenoptera",50.988483,3.808303,2023-05-24,"wasps","DIGITAF_FLANDERS:8b367d6d35984e07"
"351","Me2","crtl",2,"Pieris rapae","","Jari Vandendriessche","","15' Transect","Ad",1,"Pieridae","Lepidoptera",50.988483,3.808303,2023-09-12,"butterflies","DIGITAF_FLANDERS:036778d660ba8a72"
"352","Me2","crtl",2,"Vanessa atalanta","","Jari Vandendriessche","","15' Transect","Ad",1,"Nymphalidae","Lepidoptera",50.988483,3.808303,2023-09-12,"butterflies","DIGITAF_FLANDERS:df721146d5135a67"
"353","Me2","tree",1,"Bombus pascuorum","Lamium, Vicia, Symphytum","Jari Vandendriessche","","15' Transect","Ad",3,"Apidae","Hymenoptera",50.988411,3.808989,2023-05-24,"bees","DIGITAF_FLANDERS:e7ccec0f094def76"
"354","Me2","tree",1,"Episyrphus balteatus","Ranunculus, Vicia, Anthriscus","Jari Vandendriessche & Astrid Van den Bossche","","15' Transect","Ad",8,"Syrphidae","Diptera",50.988411,3.808989,2023-05-24,"syrphids","DIGITAF_FLANDERS:f7739ddab1aaf9fa"
"355","Me2","tree",2,"Ectemnius lapidarius","","Augustijn De Ketelaere","F","15' Transect","Ad",1,"Crabronidae","Hymenoptera",50.988411,3.808989,2023-09-12,"wasps","DIGITAF_FLANDERS:93e1322f3e1f5437"
"356","Me2","tree",2,"Pieris rapae","Achillea","Jari Vandendriessche","","15' Transect","Ad",1,"Pieridae","Lepidoptera",50.988411,3.808989,2023-09-12,"butterflies","DIGITAF_FLANDERS:e4bae958be5d7328"
"357","Me2","tree",2,"Sarcophaga spec.","","Jari Vandendriessche","","15' Transect","Ad",1,"Sarcophagidae","Diptera",50.988411,3.808989,2023-09-12,"flies","DIGITAF_FLANDERS:e204bd9454ee2c48"
"358","Me2","tree",2,"Syritta pipiens","","Jari Vandendriessche & Astrid Van den Bossche","","15' Transect","Ad",1,"Syrphidae","Diptera",50.988411,3.808989,2023-09-12,"syrphids","DIGITAF_FLANDERS:22e11fe4ccf47a90"
"359","Me2","tree",2,"Vespula germanica","","Jari Vandendriessche","","15' Transect","Ad",1,"Vespidae","Hymenoptera",50.988411,3.808989,2023-09-12,"wasps","DIGITAF_FLANDERS:f425ce9b4e411f71"
"360","Oz","crop",1,"Andrena dorsata","","Jens D'Haeseleer","F","15' Transect","Ad",1,"Andrenidae","Hymenoptera",50.930752,3.833002,2023-05-23,"bees","DIGITAF_FLANDERS:45eb6159420a3a9f"
"361","Oz","crop",1,"Coleoptera indet.","",NA,"","15' Transect","Ad",1,NA,"Coleoptera",50.930752,3.833002,2023-05-23,"beetles","DIGITAF_FLANDERS:81c5510abb8e53c5"
"362","Oz","crop",1,"Dilophus febrilis","","Jari Vandendriessche","","15' Transect","Ad",2,"Bibionidae","Diptera",50.930752,3.833002,2023-05-23,"flies","DIGITAF_FLANDERS:d346e02ca30bec84"
"363","Oz","crop",1,"Diptera indet.","",NA,"","15' Transect","Ad",2,NA,"Diptera",50.930752,3.833002,2023-05-23,"flies","DIGITAF_FLANDERS:09ec6dd08f3c72b2"
"364","Oz","crop",1,"Sarcophaga spec.","","Jari Vandendriessche","","15' Transect","Ad",1,"Sarcophagidae","Diptera",50.930752,3.833002,2023-05-23,"flies","DIGITAF_FLANDERS:0ed6e9edb85da163"
"365","Oz","crop",2,"Anomaloninae indet.","","Jari Vandendriessche","","15' Transect","Ad",1,"Ichneumonidae","Hymenoptera",50.930752,3.833002,2023-09-05,"wasps","DIGITAF_FLANDERS:c9a8e0fc1aed19f4"
"366","Oz","crop",2,"Pieris rapae","","Jari Vandendriessche","","15' Transect","Ad",2,"Pieridae","Lepidoptera",50.930752,3.833002,2023-09-05,"butterflies","DIGITAF_FLANDERS:0d388d3266fb9fdb"
"367","Oz","crop",2,"Sphaerophoria scripta","Stellaria","Jari Vandendriessche & Astrid Van den Bossche","","15' Transect","Ad",3,"Syrphidae","Diptera",50.930752,3.833002,2023-09-05,"syrphids","DIGITAF_FLANDERS:67ff03bcfd21a3c0"
"368","Oz","crop",2,"Syritta pipiens","","Jari Vandendriessche & Astrid Van den Bossche","","15' Transect","Ad",1,"Syrphidae","Diptera",50.930752,3.833002,2023-09-05,"syrphids","DIGITAF_FLANDERS:99732dcee0ca3d13"
"369","Oz","crop",2,"Therion circumflexum","","Augustijn De Ketelaere","F","15' Transect","Ad",1,"Ichneumonidae","Hymenoptera",50.930752,3.833002,2023-09-05,"wasps","DIGITAF_FLANDERS:c410435e2e418f52"
"370","Oz","crop",2,"Vanessa atalanta","","Jari Vandendriessche","","15' Transect","Ad",1,"Nymphalidae","Lepidoptera",50.930752,3.833002,2023-09-05,"butterflies","DIGITAF_FLANDERS:fea1ff05a011951c"
"371","Oz","crtl",1,"Andrena flavipes","Capsella","Jens D'Haeseleer","F","15' Transect","Ad",1,"Andrenidae","Hymenoptera",50.930698,3.833295,2023-05-23,"bees","DIGITAF_FLANDERS:27061db03fc0ab6b"
"372","Oz","crtl",1,"Dilophus febrilis","","Jari Vandendriessche","","15' Transect","Ad",2,"Bibionidae","Diptera",50.930698,3.833295,2023-05-23,"flies","DIGITAF_FLANDERS:b1f2a1ec7fe269a9"
"373","Oz","crtl",1,"Eristalis tenax","Capsella","Jari Vandendriessche & Astrid Van den Bossche","","15' Transect","Ad",1,"Syrphidae","Diptera",50.930698,3.833295,2023-05-23,"syrphids","DIGITAF_FLANDERS:07e86dc123c933c5"
"374","Oz","crtl",2,"Pieris rapae","","Jari Vandendriessche","","15' Transect","Ad",1,"Pieridae","Lepidoptera",50.930698,3.833295,2023-09-05,"butterflies","DIGITAF_FLANDERS:0b4bc831851fd11b"
"375","Oz","crtl",2,"Platycheirus albimanus","Stellaria","Jari Vandendriessche & Astrid Van den Bossche","","15' Transect","Ad",1,"Syrphidae","Diptera",50.930698,3.833295,2023-09-05,"syrphids","DIGITAF_FLANDERS:638f9c590dbecd5d"
"376","Oz","crtl",2,"Sphaerophoria scripta","Stellaria","Jari Vandendriessche & Astrid Van den Bossche","","15' Transect","Ad",4,"Syrphidae","Diptera",50.930698,3.833295,2023-09-05,"syrphids","DIGITAF_FLANDERS:51715222b4e801fd"
"377","Oz","crtl",2,"Tachina fera/magnicornis","","Jari Vandendriessche","","15' Transect","Ad",1,"Tachinidae","Diptera",50.930698,3.833295,2023-09-05,"flies","DIGITAF_FLANDERS:9e95b18f350ae7e4"
"378","Oz","tree",1,"Bellardia spec.","","Jari Vandendriessche","","15' Transect","Ad",1,"Calliphoridae","Diptera",50.930286,3.833097,2023-05-23,"flies","DIGITAF_FLANDERS:2a079a6bd3cced0d"
"379","Oz","tree",1,"Bombus pascuorum","Lamium, Symphytum","Jari Vandendriessche","","15' Transect","Ad",2,"Apidae","Hymenoptera",50.930286,3.833097,2023-05-23,"bees","DIGITAF_FLANDERS:3f446e1d85c32d1c"
"380","Oz","tree",1,"Dilophus febrilis","","Jari Vandendriessche","","15' Transect","Ad",2,"Bibionidae","Diptera",50.930286,3.833097,2023-05-23,"flies","DIGITAF_FLANDERS:75f0de929bf382dd"
"381","Oz","tree",1,"Dilophus febrilis","Tripleurospermum","Jari Vandendriessche","","15' Transect","Ad",2,"Bibionidae","Diptera",50.930286,3.833097,2023-05-23,"flies","DIGITAF_FLANDERS:06702fdc27230177"
"382","Oz","tree",1,"Episyrphus balteatus","Ranunculus","Jari Vandendriessche & Astrid Van den Bossche","","15' Transect","Ad",3,"Syrphidae","Diptera",50.930286,3.833097,2023-05-23,"syrphids","DIGITAF_FLANDERS:373679f8b63fbb4d"
"383","Oz","tree",1,"Lucilia spec.","Anthriscus","Jari Vandendriessche","","15' Transect","Ad",1,"Calliphoridae","Diptera",50.930286,3.833097,2023-05-23,"flies","DIGITAF_FLANDERS:5919ae5970528cba"
"384","Oz","tree",1,"Syritta pipiens","Tripleurospermum","Jari Vandendriessche & Astrid Van den Bossche","","15' Transect","Ad",2,"Syrphidae","Diptera",50.930286,3.833097,2023-05-23,"syrphids","DIGITAF_FLANDERS:39a31e42320b9925"
"385","Oz","tree",1,"Vanessa atalanta","","Jari Vandendriessche","","15' Transect","Ad",1,"Nymphalidae","Lepidoptera",50.930286,3.833097,2023-05-23,"butterflies","DIGITAF_FLANDERS:a234c0519e6c89cf"
"386","Oz","tree",1,"Scathophaga stercoraria","Tripleurospermum","Jari Vandendriessche","","15' Transect","Ad",1,"Scathophagidae","Diptera",50.930286,3.833097,2023-05-23,"flies","DIGITAF_FLANDERS:a110d2dd57d8149a"
"387","Oz","tree",2,"Staphylinidae indet.","Matricaria","Jari Vandendriessche","","15' Transect","Ad",1,"Staphylinidae","Coleoptera",50.930286,3.833097,2023-09-05,"beetles","DIGITAF_FLANDERS:56678cdc1f027ca7"
"388","Oz","tree",2,"Pieris rapae","","Jari Vandendriessche","","15' Transect","Ad",1,"Pieridae","Lepidoptera",50.930286,3.833097,2023-09-05,"butterflies","DIGITAF_FLANDERS:285195a87b2623fd"
"389","Oz","tree",2,"Polistes dominula","","Jari Vandendriessche","","15' Transect","Ad",1,"Eumenidae","Hymenoptera",50.930286,3.833097,2023-09-05,"wasps","DIGITAF_FLANDERS:69844c026d8f84fa"
"390","Oz","tree",2,"Vespula vulgaris","Geranium","Jari Vandendriessche","","15' Transect","Ad",1,"Vespidae","Hymenoptera",50.930286,3.833097,2023-09-05,"wasps","DIGITAF_FLANDERS:8618056a92333f50"
"391","PL","crop",1,"Sarcophaga spec.","","Jari Vandendriessche","","15' Transect","Ad",1,"Sarcophagidae","Diptera",50.759422,4.036237,2023-06-14,"flies","DIGITAF_FLANDERS:31f14472b8f62df2"
"392","PL","crop",1,"Sphaerophoria scripta","","Jari Vandendriessche & Astrid Van den Bossche","","15' Transect","Ad",3,"Syrphidae","Diptera",50.759422,4.036237,2023-06-14,"syrphids","DIGITAF_FLANDERS:8eb65845d173f857"
"393","PL","crtl",1,"Episyrphus balteatus","Lapsana, Sonchus","Jari Vandendriessche & Astrid Van den Bossche","","15' Transect","Ad",2,"Syrphidae","Diptera",50.75819,4.03304,2023-06-14,"syrphids","DIGITAF_FLANDERS:8b1b1fa6a81e4672"
"394","PL","crtl",1,"Empis livida","Crepis","Jari Vandendriessche","","15' Transect","Ad",1,"Empididae","Diptera",50.75819,4.03304,2023-06-14,"flies","DIGITAF_FLANDERS:32dee09abafcf276"
"395","PL","crtl",1,"Episyrphus balteatus","Lapsana","Jari Vandendriessche & Astrid Van den Bossche","","15' Transect","Ad",1,"Syrphidae","Diptera",50.75819,4.03304,2023-06-14,"syrphids","DIGITAF_FLANDERS:e413242bee35af0b"
"396","PL","crtl",1,"Oedemera nobilis","","Jari Vandendriessche","","15' Transect","Ad",1,"Oedemeridae","Coleoptera",50.75819,4.03304,2023-06-14,"beetles","DIGITAF_FLANDERS:b08a560cb18dca7c"
"397","PL","crtl",1,"Eupeodes corollae","Lapsana","Jari Vandendriessche & Astrid Van den Bossche","","15' Transect","Ad",1,"Syrphidae","Diptera",50.75819,4.03304,2023-06-14,"syrphids","DIGITAF_FLANDERS:bc1d56718697d351"
"398","PL","crtl",1,"Lasioglossum villosulum","Sonchus","Jens D'Haeseleer","F","15' Transect","Ad",1,"Halictidae","Hymenoptera",50.75819,4.03304,2023-06-14,"bees","DIGITAF_FLANDERS:e32c098bf3628f78"
"399","PL","crtl",1,"Pseudovadonia livida","Matricaria","Jari Vandendriessche","","15' Transect","Ad",3,"Cerambycidae","Coleoptera",50.75819,4.03304,2023-06-14,"beetles","DIGITAF_FLANDERS:cc996b8112229814"
"400","PL","crtl",1,"Sphaerophoria scripta","","Jari Vandendriessche & Astrid Van den Bossche","","15' Transect","Ad",1,"Syrphidae","Diptera",50.75819,4.03304,2023-06-14,"syrphids","DIGITAF_FLANDERS:dd06ece12971c3d9"
"401","PL","crtl",2,"Aglais io","","Jari Vandendriessche","","15' Transect","Ad",1,"Nymphalidae","Lepidoptera",50.75819,4.03304,2023-09-13,"butterflies","DIGITAF_FLANDERS:18e2760f4174093d"
"402","PL","crtl",2,"Araschnia levana","","Jari Vandendriessche","","15' Transect","Ad",1,"Nymphalidae","Lepidoptera",50.75819,4.03304,2023-09-13,"butterflies","DIGITAF_FLANDERS:722c7be2ed12e87d"
"403","PL","crtl",2,"Polistes dominula","Urtica","Jari Vandendriessche","","15' Transect","Ad",1,"Eumenidae","Hymenoptera",50.75819,4.03304,2023-09-13,"wasps","DIGITAF_FLANDERS:083309337ea3d984"
"404","PL","crtl",2,"Lissonota spec.","","Augustijn De Ketelaere","F","15' Transect","Ad",1,"Ichneumonidae","Hymenoptera",50.75819,4.03304,2023-09-13,"wasps","DIGITAF_FLANDERS:9529508ee872a1cd"
"405","PL","crtl",2,"Pieris rapae","","Jari Vandendriessche","","15' Transect","Ad",2,"Pieridae","Lepidoptera",50.75819,4.03304,2023-09-13,"butterflies","DIGITAF_FLANDERS:68475d94d466c5cc"
"406","PL","tree",1,"Ferdinandea cuprea","Lapsana","Jari Vandendriessche & Astrid Van den Bossche","","15' Transect","Ad",1,"Syrphidae","Diptera",50.760017,4.03697,2023-06-14,"syrphids","DIGITAF_FLANDERS:4b8b470c6ff34dd1"
"407","PL","tree",1,"Chorosoma schillingii","","Jari Vandendriessche","","15' Transect","Ad",1,"Rhopalidae","Hemiptera",50.760017,4.03697,2023-06-14,"other","DIGITAF_FLANDERS:b14b837bcde220a6"
"408","PL","tree",1,"Eristalis arbustorum","","Jari Vandendriessche & Astrid Van den Bossche","","15' Transect","Ad",4,"Syrphidae","Diptera",50.760017,4.03697,2023-06-14,"syrphids","DIGITAF_FLANDERS:b221a641d8cad278"
"409","PL","tree",1,"Scathophaga stercoraria","","Jari Vandendriessche","","15' Transect","Ad",1,"Scathophagidae","Diptera",50.760017,4.03697,2023-06-14,"flies","DIGITAF_FLANDERS:1905090df4b7016f"
"410","PL","tree",1,"chrysoteuchia culmella","","Jari Vandendriessche","","15' Transect","Ad",1,"Crambidae","Lepidoptera",50.760017,4.03697,2023-06-14,"butterflies","DIGITAF_FLANDERS:ae08e87d2cea911c"
"411","PL","tree",2,"Aglais io","","Jari Vandendriessche","","15' Transect","Ad",2,"Nymphalidae","Lepidoptera",50.760017,4.03697,2023-09-13,"butterflies","DIGITAF_FLANDERS:9f3bf27004f131db"
"412","PL","tree",2,"Lygus spec.","Matricaria","Jari Vandendriessche","","15' Transect","Ad",1,"Miridae","Hemiptera",50.760017,4.03697,2023-09-13,"other","DIGITAF_FLANDERS:c13fe24db47f7135"
"413","PL","tree",2,"Pieris rapae","","Jari Vandendriessche","","15' Transect","Ad",1,"Pieridae","Lepidoptera",50.760017,4.03697,2023-09-13,"butterflies","DIGITAF_FLANDERS:25cfb199055ce66d"
"414","PL","tree",2,"Eristalis tenax","","Jari Vandendriessche & Astrid Van den Bossche","","15' Transect","Ad",2,"Syrphidae","Diptera",50.760017,4.03697,2023-09-13,"syrphids","DIGITAF_FLANDERS:b67732243c43f42f"
"415","Ti1","crtl",1,"Scathophaga stercoraria","Anthriscus","Jari Vandendriessche","","15' Transect","Ad",4,"Scathophagidae","Diptera",51.014877,3.473279,2023-05-18,"flies","DIGITAF_FLANDERS:2fd15dc2f5812ad8"
"416","Ti1","crtl",2,"Diptera indet.","",NA,"","15' Transect","Ad",1,NA,"Diptera",51.014877,3.473279,2023-09-11,"flies","DIGITAF_FLANDERS:29816399a7603137"
"417","Ti1","tree",1,"Dolerus spec.","","Augustijn De Ketelaere","M","15' Transect","Ad",1,"Tenthredinidae","Hymenoptera",51.017292,3.472148,2023-05-18,"wasps","DIGITAF_FLANDERS:26c33e78a7ddaa1e"
"418","Ti1","tree",1,"Empis opaca","Anthriscus","Jari Vandendriessche","","15' Transect","Ad",1,"Empididae","Diptera",51.017292,3.472148,2023-05-18,"flies","DIGITAF_FLANDERS:ff272ae1a0726a12"
"419","Ti1","tree",1,"Helophilus pendulus","","Jari Vandendriessche & Astrid Van den Bossche","","15' Transect","Ad",1,"Syrphidae","Diptera",51.017292,3.472148,2023-05-18,"syrphids","DIGITAF_FLANDERS:93d177db45442334"
"420","Ti1","tree",1,"Myathropa florea","","Jari Vandendriessche & Astrid Van den Bossche","","15' Transect","Ad",1,"Syrphidae","Diptera",51.017292,3.472148,2023-05-18,"syrphids","DIGITAF_FLANDERS:2fa671bdf2176cff"
"421","Ti1","tree",1,"Myathropa florea","Anthriscus","Jari Vandendriessche & Astrid Van den Bossche","","15' Transect","Ad",2,"Syrphidae","Diptera",51.017292,3.472148,2023-05-18,"syrphids","DIGITAF_FLANDERS:4a6cfae8d721e9fb"
"422","Ti1","tree",1,"Syritta pipiens","","Jari Vandendriessche & Astrid Van den Bossche","","15' Transect","Ad",1,"Syrphidae","Diptera",51.017292,3.472148,2023-05-18,"syrphids","DIGITAF_FLANDERS:2827baeacbe5ac4e"
"423","Ti1","tree",1,"Scathophaga stercoraria","","Jari Vandendriessche","","15' Transect","Ad",5,"Scathophagidae","Diptera",51.017292,3.472148,2023-05-18,"flies","DIGITAF_FLANDERS:ca776a937f875e0b"
"424","Ti1","tree",1,"Scathophaga stercoraria","Anthriscus","Jari Vandendriessche","","15' Transect","Ad",2,"Scathophagidae","Diptera",51.017292,3.472148,2023-05-18,"flies","DIGITAF_FLANDERS:2ce81d0d904cfd43"
"425","Ti1","tree",2,"Pieris rapae","","Jari Vandendriessche","","15' Transect","Ad",1,"Pieridae","Lepidoptera",51.017292,3.472148,2023-09-11,"butterflies","DIGITAF_FLANDERS:eac822167eddab78"
"426","Ti1","tree",2,"Pararge aegeria","","Jari Vandendriessche","","15' Transect","Ad",1,"Nymphalidae","Lepidoptera",51.017292,3.472148,2023-09-11,"butterflies","DIGITAF_FLANDERS:8096939bdb3a2ba3"
"427","TW","crop",1,"Andrena flavipes","","Jari Vandendriessche","","15' Transect","Ad",1,"Andrenidae","Hymenoptera",50.930634,4.915771,2023-06-28,"bees","DIGITAF_FLANDERS:63f85cd8c26e64de"
"428","TW","crop",1,"Eristalis tenax","","Jari Vandendriessche & Astrid Van den Bossche","","15' Transect","Ad",1,"Syrphidae","Diptera",50.930634,4.915771,2023-06-28,"syrphids","DIGITAF_FLANDERS:653ee5233442d64f"
"429","TW","crop",1,"Eupeodes corollae","","Jari Vandendriessche & Astrid Van den Bossche","","15' Transect","Ad",1,"Syrphidae","Diptera",50.930634,4.915771,2023-06-28,"syrphids","DIGITAF_FLANDERS:55035441ec0f0f56"
"430","TW","crop",1,"Leptogaster cylindrica","","Jari Vandendriessche","","15' Transect","Ad",1,"Asilidae","Diptera",50.930634,4.915771,2023-06-28,"flies","DIGITAF_FLANDERS:5ed6e64fb9a57c92"
"431","TW","crop",1,"Rhagonycha lutea","","Jari Vandendriessche","","15' Transect","Ad",1,"Cantharidae","Coleoptera",50.930634,4.915771,2023-06-28,"beetles","DIGITAF_FLANDERS:c85a4652fafe4bcc"
"432","TW","crop",1,"Sphaerophoria scripta","","Jari Vandendriessche & Astrid Van den Bossche","","15' Transect","Ad",3,"Syrphidae","Diptera",50.930634,4.915771,2023-06-28,"syrphids","DIGITAF_FLANDERS:a45ebd978a99c5d6"
"433","TW","crop",1,"Sphaerophoria spec.","","Jari Vandendriessche & Astrid Van den Bossche","","15' Transect","Ad",3,"Syrphidae","Diptera",50.930634,4.915771,2023-06-28,"syrphids","DIGITAF_FLANDERS:4e86d7b70e3b6c5e"
"434","TW","crop",2,"Pieris rapae","","Jari Vandendriessche","","15' Transect","Ad",1,"Pieridae","Lepidoptera",50.930634,4.915771,2023-09-05,"butterflies","DIGITAF_FLANDERS:8b1e8bc74686e6e5"
"435","TW","crop",2,"Vanessa atalanta","","Jari Vandendriessche","","15' Transect","Ad",1,"Nymphalidae","Lepidoptera",50.930634,4.915771,2023-09-05,"butterflies","DIGITAF_FLANDERS:0c56eef8add3f588"
"436","TW","crop",2,"Vespula vulgaris","","Jari Vandendriessche","","15' Transect","Ad",1,"Vespidae","Hymenoptera",50.930634,4.915771,2023-09-05,"wasps","DIGITAF_FLANDERS:e4b132110f0112b3"
"437","TW","crtl",1,"Episyrphus balteatus","","Jari Vandendriessche & Astrid Van den Bossche","","15' Transect","Ad",1,"Syrphidae","Diptera",50.92865,4.919942,2023-06-28,"syrphids","DIGITAF_FLANDERS:caa58b9d77191df3"
"438","TW","crtl",1,"Maniola jurtina","","Jari Vandendriessche","","15' Transect","Ad",1,"Nymphalidae","Lepidoptera",50.92865,4.919942,2023-06-28,"butterflies","DIGITAF_FLANDERS:ecdad39830b2d8d6"
"439","TW","crtl",1,"Oedemera lurida","Achillea","Jari Vandendriessche","","15' Transect","Ad",1,"Oedemeridae","Coleoptera",50.92865,4.919942,2023-06-28,"beetles","DIGITAF_FLANDERS:1d4a083de632b784"
"440","TW","crtl",1,"Oedemera lurida","Matricaria","Jari Vandendriessche","","15' Transect","Ad",2,"Oedemeridae","Coleoptera",50.92865,4.919942,2023-06-28,"beetles","DIGITAF_FLANDERS:663e3c8cfd4459e7"
"441","TW","crtl",1,"Paragus haemorrhous","Matricaria","Jari Vandendriessche & Astrid Van den Bossche","","15' Transect","Ad",5,"Syrphidae","Diptera",50.92865,4.919942,2023-06-28,"syrphids","DIGITAF_FLANDERS:5eebde810f3ed6e8"
"442","TW","crtl",1,"Sarcophaga spec.","","Jari Vandendriessche","","15' Transect","Ad",1,"Sarcophagidae","Diptera",50.92865,4.919942,2023-06-28,"flies","DIGITAF_FLANDERS:ce33d6e0636e3415"
"443","TW","crtl",1,"Pieris napi","","Jari Vandendriessche","","15' Transect","Ad",1,"Pieridae","Lepidoptera",50.92865,4.919942,2023-06-28,"butterflies","DIGITAF_FLANDERS:a040feefe3f44441"
"444","TW","crtl",2,"Pieris napi","Lamium","Jari Vandendriessche","","15' Transect","Ad",1,"Pieridae","Lepidoptera",50.92865,4.919942,2023-09-05,"butterflies","DIGITAF_FLANDERS:e4a41f26099747be"
"445","TW","crtl",2,"Pieris rapae","","Jari Vandendriessche","","15' Transect","Ad",1,"Pieridae","Lepidoptera",50.92865,4.919942,2023-09-05,"butterflies","DIGITAF_FLANDERS:ed53cf78d64d942e"
"446","TW","crtl",2,"Peleteria iavana","","Jari Vandendriessche","","15' Transect","Ad",1,"Tachinidae","Diptera",50.92865,4.919942,2023-09-05,"flies","DIGITAF_FLANDERS:7f3d5bedbcab87bd"
"447","TW","crtl",2,"Vespula germanica","","Jari Vandendriessche","","15' Transect","Ad",1,"Vespidae","Hymenoptera",50.92865,4.919942,2023-09-05,"wasps","DIGITAF_FLANDERS:86fb499e2a0ed3e0"
"448","TW","tree",1,"Closterotomus norwegicus","Aethusa","Jari Vandendriessche","","15' Transect","Ad",2,"Miridae","Hemiptera",50.931244,4.916273,2023-06-28,"other","DIGITAF_FLANDERS:e31df1116d67ca56"
"449","TW","tree",1,"Cratichneumon culex","","Augustijn De Ketelaere","M","15' Transect","Ad",1,"Ichneumonidae","Hymenoptera",50.931244,4.916273,2023-06-28,"wasps","DIGITAF_FLANDERS:c845cc801da3be3d"
"450","TW","tree",1,"Dirophanes callopus","","Augustijn De Ketelaere","M","15' Transect","Ad",1,"Ichneumonidae","Hymenoptera",50.931244,4.916273,2023-06-28,"wasps","DIGITAF_FLANDERS:a0a116d0b95b93a4"
"451","TW","tree",1,"Cantharis cryptica/pallida","Aethusa","Jari Vandendriessche","","15' Transect","Ad",2,"Cantharidae","Coleoptera",50.931244,4.916273,2023-06-28,"beetles","DIGITAF_FLANDERS:1814f6e69b84fa43"
"452","TW","tree",1,"Episyrphus balteatus","","Jari Vandendriessche & Astrid Van den Bossche","","15' Transect","Ad",1,"Syrphidae","Diptera",50.931244,4.916273,2023-06-28,"syrphids","DIGITAF_FLANDERS:1da9685f770a1d75"
"453","TW","tree",1,"Eristalis arbustorum","Aethusa","Jari Vandendriessche & Astrid Van den Bossche","","15' Transect","Ad",2,"Syrphidae","Diptera",50.931244,4.916273,2023-06-28,"syrphids","DIGITAF_FLANDERS:87df94203140f4b9"
"454","TW","tree",1,"Pieris rapae","","Jari Vandendriessche","","15' Transect","Ad",1,"Pieridae","Lepidoptera",50.931244,4.916273,2023-06-28,"butterflies","DIGITAF_FLANDERS:a07b4098b70caa33"
"455","TW","tree",1,"Graphosoma italicum","Aethusa","Jari Vandendriessche","","15' Transect","Ad",2,"Pentatomidae","Hemiptera",50.931244,4.916273,2023-06-28,"other","DIGITAF_FLANDERS:2382027d8f643684"
"456","TW","tree",1,"Pollenia spec.","","Jari Vandendriessche","","15' Transect","Ad",1,"Polleniidae","Diptera",50.931244,4.916273,2023-06-28,"flies","DIGITAF_FLANDERS:15a75d17f074910a"
"457","TW","tree",1,"Sphaerophoria scripta","Aethusa","Jari Vandendriessche & Astrid Van den Bossche","","15' Transect","Ad",2,"Syrphidae","Diptera",50.931244,4.916273,2023-06-28,"syrphids","DIGITAF_FLANDERS:423b31888cc16c36"
"458","TW","tree",1,"Sphaerophoria scripta","Brassica,Aethusa","Jari Vandendriessche & Astrid Van den Bossche","","15' Transect","Ad",2,"Syrphidae","Diptera",50.931244,4.916273,2023-06-28,"syrphids","DIGITAF_FLANDERS:77655de2b739f105"
"459","TW","tree",1,"Trichius gallicus","","Jari Vandendriessche","","15' Transect","Ad",1,"Scarabaeidae","Coleoptera",50.931244,4.916273,2023-06-28,"beetles","DIGITAF_FLANDERS:32aa172076aff28d"
"460","TW","tree",1,"Epistrophe eligans","","Jari Vandendriessche & Astrid Van den Bossche","","15' Transect","Ad",1,"Syrphidae","Diptera",50.931244,4.916273,2023-06-28,"syrphids","DIGITAF_FLANDERS:e2255a83ace77450"
"461","TW","tree",1,"maniola jurtina","","Jari Vandendriessche","","15' Transect","Ad",1,"Nymphalidae","Lepidoptera",50.931244,4.916273,2023-06-28,"butterflies","DIGITAF_FLANDERS:0506f879a82bf5b9"
"462","TW","tree",2,"Aglais io","","Jari Vandendriessche","","15' Transect","Ad",2,"Nymphalidae","Lepidoptera",50.931244,4.916273,2023-09-05,"butterflies","DIGITAF_FLANDERS:ab42069a3098d9ee"
"463","TW","tree",2,"Apis mellifera","","Jari Vandendriessche","","15' Transect","Ad",1,"Apidae","Hymenoptera",50.931244,4.916273,2023-09-05,"bees","DIGITAF_FLANDERS:320e846b7a4a2c07"
"464","TW","tree",2,"Apis mellifera","Hedera","Jari Vandendriessche","","15' Transect","Ad",8,"Apidae","Hymenoptera",50.931244,4.916273,2023-09-05,"bees","DIGITAF_FLANDERS:8aa6eed097340773"
"465","TW","tree",2,"Vanessa atalanta","","Jari Vandendriessche","","15' Transect","Ad",1,"Nymphalidae","Lepidoptera",50.931244,4.916273,2023-09-05,"butterflies","DIGITAF_FLANDERS:a6e37ccd6bcaf5d5"
"466","TW","tree",2,"Myathropa florea","Hedera","Jari Vandendriessche & Astrid Van den Bossche","","15' Transect","Ad",1,"Syrphidae","Diptera",50.931244,4.916273,2023-09-05,"syrphids","DIGITAF_FLANDERS:cf925b93e66f0d4a"
"467","TW","tree",2,"Pararge aegeria","","Jari Vandendriessche","","15' Transect","Ad",1,"Nymphalidae","Lepidoptera",50.931244,4.916273,2023-09-05,"butterflies","DIGITAF_FLANDERS:c044ba7b43c03632"
"468","TW","tree",2,"Eristalis tenax","Hedera","Jari Vandendriessche & Astrid Van den Bossche","","15' Transect","Ad",1,"Syrphidae","Diptera",50.931244,4.916273,2023-09-05,"syrphids","DIGITAF_FLANDERS:8b7ded95ac9b0c1c"
"469","TW","tree",2,"Pieris rapae","","Jari Vandendriessche","","15' Transect","Ad",2,"Pieridae","Lepidoptera",50.931244,4.916273,2023-09-05,"butterflies","DIGITAF_FLANDERS:e5f1fcd0230ddb5a"
"470","TW1","crop",1,"Lucilia spec.","","Jari Vandendriessche","","15' Transect","Ad",1,"Calliphoridae","Diptera",50.952758,4.725003,2023-06-28,"flies","DIGITAF_FLANDERS:a473faa36dc6a25d"
"471","TW1","crop",1,"Maniola jurtina","","Jari Vandendriessche","","15' Transect","Ad",1,"Nymphalidae","Lepidoptera",50.952758,4.725003,2023-06-28,"butterflies","DIGITAF_FLANDERS:6010992f217dbb54"
"472","TW1","crop",1,"Pieris napi","","Jari Vandendriessche","","15' Transect","Ad",1,"Pieridae","Lepidoptera",50.952758,4.725003,2023-06-28,"butterflies","DIGITAF_FLANDERS:9553ab59fbe7cb55"
"473","TW1","crop",2,"Melanostoma scalare","","Jari Vandendriessche & Astrid Van den Bossche","","15' Transect","Ad",1,"Syrphidae","Diptera",50.952758,4.725003,2023-09-05,"syrphids","DIGITAF_FLANDERS:6bccd943b42349ef"
"474","TW1","crtl",1,"Celastrina argiolus","","Jari Vandendriessche","","15' Transect","Ad",1,"Lycaenidae","Lepidoptera",50.952572,4.724937,2023-06-28,"butterflies","DIGITAF_FLANDERS:8b46492b1a8f83ef"
"475","TW1","crtl",1,"Lucilia spec.","","Jari Vandendriessche","","15' Transect","Ad",1,"Calliphoridae","Diptera",50.952572,4.724937,2023-06-28,"flies","DIGITAF_FLANDERS:35b34cf54f6bfd35"
"476","TW1","crtl",1,"Vespa crabro","","Jari Vandendriessche","","15' Transect","Ad",1,"Vespidae","Hymenoptera",50.952572,4.724937,2023-06-28,"wasps","DIGITAF_FLANDERS:9955704bec536a22"
"477","TW1","crtl",2,"Diptera indet.","",NA,"","15' Transect","Ad",1,NA,"Diptera",50.952572,4.724937,2023-09-05,"flies","DIGITAF_FLANDERS:a7338309bca920cd"
"478","TW1","crtl",2,"Helophilus pendulus","","Jari Vandendriessche & Astrid Van den Bossche","","15' Transect","Ad",1,"Syrphidae","Diptera",50.952572,4.724937,2023-09-05,"syrphids","DIGITAF_FLANDERS:5beba13bc5903c7d"
"479","TW1","crtl",2,"Pieris napi","","Jari Vandendriessche","","15' Transect","Ad",1,"Pieridae","Lepidoptera",50.952572,4.724937,2023-09-05,"butterflies","DIGITAF_FLANDERS:a0946a4c8120df95"
"480","TW1","crtl",2,"Rivula sericealis","","Jari Vandendriessche","","15' Transect","Ad",2,"Erebidae","Lepidoptera",50.952572,4.724937,2023-09-05,"butterflies","DIGITAF_FLANDERS:18bc1755220445fe"
"481","TW1","crtl",2,"Stomoxys calcitrans","","Jari Vandendriessche","","15' Transect","Ad",1,"Muscidae","Diptera",50.952572,4.724937,2023-09-05,"flies","DIGITAF_FLANDERS:66c97cbd4dd7f778"
"482","TW1","crtl",2,"Pieris brassicae","","Jari Vandendriessche","","15' Transect","Ad",1,"Pieridae","Lepidoptera",50.952572,4.724937,2023-09-05,"butterflies","DIGITAF_FLANDERS:b17b93050e7e3182"
"483","TW1","tree",1,"Apis mellifera","Rubus","Jari Vandendriessche","","15' Transect","Ad",1,"Apidae","Hymenoptera",50.953194,4.724807,2023-06-28,"bees","DIGITAF_FLANDERS:dfe5d5175d7aaafa"
"484","TW1","tree",1,"Bombus pratorum","Rubus","Jari Vandendriessche","","15' Transect","Ad",1,"Apidae","Hymenoptera",50.953194,4.724807,2023-06-28,"bees","DIGITAF_FLANDERS:e788ff6806b91450"
"485","TW1","tree",1,"Cheilosia pagana","","Jari Vandendriessche & Astrid Van den Bossche","","15' Transect","Ad",1,"Syrphidae","Diptera",50.953194,4.724807,2023-06-28,"syrphids","DIGITAF_FLANDERS:0a4d7ac4c2dd3352"
"486","TW1","tree",1,"Dioctria rufipes","","Jari Vandendriessche","","15' Transect","Ad",1,"Asilidae","Diptera",50.953194,4.724807,2023-06-28,"flies","DIGITAF_FLANDERS:1f3f544f2f5c4221"
"487","TW1","tree",1,"Episyrphus balteatus","","Jari Vandendriessche & Astrid Van den Bossche","","15' Transect","Ad",2,"Syrphidae","Diptera",50.953194,4.724807,2023-06-28,"syrphids","DIGITAF_FLANDERS:70fa0a3ec4bcc8b6"
"488","TW1","tree",1,"Neoascia podagrica","Rubus","Jari Vandendriessche & Astrid Van den Bossche","","15' Transect","Ad",1,"Syrphidae","Diptera",50.953194,4.724807,2023-06-28,"syrphids","DIGITAF_FLANDERS:b64b06ef874cbba0"
"489","TW1","tree",1,"Pseudovadonia livida","Rubus","Jari Vandendriessche","","15' Transect","Ad",1,"Cerambycidae","Coleoptera",50.953194,4.724807,2023-06-28,"beetles","DIGITAF_FLANDERS:b6cb798db69363e8"
"490","TW1","tree",1,"Pieris napi","","Jari Vandendriessche","","15' Transect","Ad",1,"Pieridae","Lepidoptera",50.953194,4.724807,2023-06-28,"butterflies","DIGITAF_FLANDERS:02e3bc54f4a6bcfa"
"491","TW1","tree",1,"Vespa crabro","Rubus","Jari Vandendriessche","","15' Transect","Ad",1,"Vespidae","Hymenoptera",50.953194,4.724807,2023-06-28,"wasps","DIGITAF_FLANDERS:33306e7acff82b89"
"492","TW1","tree",2,"Polygonia c-album","","Jari Vandendriessche","","15' Transect","Ad",1,"Nymphalidae","Lepidoptera",50.953194,4.724807,2023-09-05,"butterflies","DIGITAF_FLANDERS:d3bac67c5c5e59c1"
"493","TW1","tree",2,"Pararge aegeria","","Jari Vandendriessche","","15' Transect","Ad",3,"Nymphalidae","Lepidoptera",50.953194,4.724807,2023-09-05,"butterflies","DIGITAF_FLANDERS:38aa9c389e4b4d8b"
"494","TW1","tree",2,"Sargus bipunctatus","","Jari Vandendriessche","","15' Transect","Ad",1,"Stratiomyidae","Diptera",50.953194,4.724807,2023-09-05,"flies","DIGITAF_FLANDERS:1b8b24b5703888d2"
"495","TW1","tree",2,"Pieris rapae","","Jari Vandendriessche","","15' Transect","Ad",1,"Pieridae","Lepidoptera",50.953194,4.724807,2023-09-05,"butterflies","DIGITAF_FLANDERS:8e53141fbd0d1862"
"496","TW2","crtl",1,"Apis mellifera","Rubus","Jari Vandendriessche","","15' Transect","Ad",9,"Apidae","Hymenoptera",50.93,4.91899,2023-06-28,"bees","DIGITAF_FLANDERS:901d8af1dccac5dc"
"497","TW2","crtl",1,"Bombus pascuorum","Rubus","Jari Vandendriessche","","15' Transect","Ad",1,"Apidae","Hymenoptera",50.93,4.91899,2023-06-28,"bees","DIGITAF_FLANDERS:87f01862d22ad0d9"
"498","TW2","crtl",1,"Bombus terrestris/lucorum/magnus/cryptarum","Rubus","Jari Vandendriessche","","15' Transect","Ad",1,"Apidae","Hymenoptera",50.93,4.91899,2023-06-28,"bees","DIGITAF_FLANDERS:f5db5e21006d4625"
"499","TW2","crtl",1,"Episyrphus balteatus","Brassica,Rubus,Geranium","Jari Vandendriessche & Astrid Van den Bossche","","15' Transect","Ad",9,"Syrphidae","Diptera",50.93,4.91899,2023-06-28,"syrphids","DIGITAF_FLANDERS:1ff15d4852c9540f"
"500","TW2","crtl",1,"Pieris napi","","Jari Vandendriessche","","15' Transect","Ad",2,"Pieridae","Lepidoptera",50.93,4.91899,2023-06-28,"butterflies","DIGITAF_FLANDERS:e560c4022ef5e812"
"501","TW2","crtl",1,"Ochlodes sylvanus","","Jari Vandendriessche","","15' Transect","Ad",1,"Hesperiidae","Lepidoptera",50.93,4.91899,2023-06-28,"butterflies","DIGITAF_FLANDERS:708aaae50af28d41"
"502","TW2","crtl",1,"Pieris brassicae","","Jari Vandendriessche","","15' Transect","Ad",1,"Pieridae","Lepidoptera",50.93,4.91899,2023-06-28,"butterflies","DIGITAF_FLANDERS:7cf31b81d2be9df7"
"503","TW2","crtl",1,"Sarcophaga spec.","","Jari Vandendriessche","","15' Transect","Ad",1,"Sarcophagidae","Diptera",50.93,4.91899,2023-06-28,"flies","DIGITAF_FLANDERS:625c39a2fcac88ce"
"504","TW2","crtl",2,"Calliphora spec.","","Jari Vandendriessche","","15' Transect","Ad",1,"Calliphoridae","Diptera",50.93,4.91899,2023-09-05,"flies","DIGITAF_FLANDERS:4dcb43d462f06e4b"
"505","TW2","crtl",2,"Pararge aegeria","","Jari Vandendriessche","","15' Transect","Ad",1,"Nymphalidae","Lepidoptera",50.93,4.91899,2023-09-05,"butterflies","DIGITAF_FLANDERS:7877b568dc7d6dcb"
"506","TW2","crtl",2,"Nematus tibialis","","Jari Vandendriessche","","15' Transect","Ad",1,"Tenthredinidae","Hymenoptera",50.93,4.91899,2023-09-05,"wasps","DIGITAF_FLANDERS:14a63e5b03902c7b"
"507","TW2","crtl",2,"Pieris napi","","Jari Vandendriessche","","15' Transect","Ad",1,"Pieridae","Lepidoptera",50.93,4.91899,2023-09-05,"butterflies","DIGITAF_FLANDERS:68ce90dd2df48ccc"
"508","TW2","crtl",2,"Pieris rapae","","Jari Vandendriessche","","15' Transect","Ad",1,"Pieridae","Lepidoptera",50.93,4.91899,2023-09-05,"butterflies","DIGITAF_FLANDERS:d8cef64256581ab5"
"509","TW2","crtl",2,"Sarcophaga spec.","","Jari Vandendriessche","","15' Transect","Ad",1,"Sarcophagidae","Diptera",50.93,4.91899,2023-09-05,"flies","DIGITAF_FLANDERS:b34c627858b3a360"
"510","TW2","crtl",2,"Vanessa atalanta","","Jari Vandendriessche","","15' Transect","Ad",1,"Nymphalidae","Lepidoptera",50.93,4.91899,2023-09-05,"butterflies","DIGITAF_FLANDERS:da51f6858b461c3f"
"511","TW2","tree",1,"Autographa gamma","","Jari Vandendriessche","","15' Transect","Ad",1,"Noctuidae","Lepidoptera",50.929592,4.919866,2023-06-28,"butterflies","DIGITAF_FLANDERS:259cf743448266d0"
"512","TW2","tree",1,"Episyrphus balteatus","Rubus","Jari Vandendriessche & Astrid Van den Bossche","","15' Transect","Ad",8,"Syrphidae","Diptera",50.929592,4.919866,2023-06-28,"syrphids","DIGITAF_FLANDERS:8a7658414c87dcf4"
"513","TW2","tree",1,"Pieris brassicae","","Jari Vandendriessche","","15' Transect","Ad",1,"Pieridae","Lepidoptera",50.929592,4.919866,2023-06-28,"butterflies","DIGITAF_FLANDERS:af2659f6a4e5ee63"
"514","TW2","tree",1,"Pieris napi","","Jari Vandendriessche","","15' Transect","Ad",2,"Pieridae","Lepidoptera",50.929592,4.919866,2023-06-28,"butterflies","DIGITAF_FLANDERS:639911cb7d20a2f3"
"515","TW2","tree",1,"Bombus pascuorum","Rubus","Jari Vandendriessche","","15' Transect","Ad",1,"Apidae","Hymenoptera",50.929592,4.919866,2023-06-28,"bees","DIGITAF_FLANDERS:95673d19cf9950e6"
"516","TW2","tree",1,"Panurgus calcaratus","Brassica","Jari Vandendriessche","","15' Transect","Ad",1,"Andrenidae","Hymenoptera",50.929592,4.919866,2023-06-28,"bees","DIGITAF_FLANDERS:6c6e8757afa6997b"
"517","TW2","tree",1,"lasioglossum pauxillum","","Jens D'Haeseleer","F","15' Transect","Ad",1,"Halictidae","Hymenoptera",50.929592,4.919866,2023-06-28,"bees","DIGITAF_FLANDERS:696d468147b4d377"
"518","TW2","tree",2,"Apis mellifera","Hedera","Jari Vandendriessche","","15' Transect","Ad",7,"Apidae","Hymenoptera",50.929592,4.919866,2023-09-05,"bees","DIGITAF_FLANDERS:92a18103ddbdf4fc"
"519","TW2","tree",2,"Forficula auricularia","Hedera","Jari Vandendriessche","","15' Transect","Ad",1,"Forficulidae","Dermaptera",50.929592,4.919866,2023-09-05,"other","DIGITAF_FLANDERS:b34f633ec1d95de9"
"520","TW2","tree",2,"Melanostoma scalare","","Jari Vandendriessche & Astrid Van den Bossche","","15' Transect","Ad",1,"Syrphidae","Diptera",50.929592,4.919866,2023-09-05,"syrphids","DIGITAF_FLANDERS:9c48728331ee51ae"
"521","TW2","tree",2,"Vanessa atalanta","","Jari Vandendriessche","","15' Transect","Ad",1,"Nymphalidae","Lepidoptera",50.929592,4.919866,2023-09-05,"butterflies","DIGITAF_FLANDERS:f0e56abdec5c129f"
"522","TW2","tree",2,"Eristalis tenax","Hedera","Jari Vandendriessche & Astrid Van den Bossche","","15' Transect","Ad",9,"Syrphidae","Diptera",50.929592,4.919866,2023-09-05,"syrphids","DIGITAF_FLANDERS:38b37e2c91a431dc"
"523","TW2","tree",2,"Pieris rapae","","Jari Vandendriessche","","15' Transect","Ad",4,"Pieridae","Lepidoptera",50.929592,4.919866,2023-09-05,"butterflies","DIGITAF_FLANDERS:b19586fbc07c9e24"
"524","TW3","crtl",1,"Autographa gamma","","Jari Vandendriessche","","15' Transect","Ad",2,"Noctuidae","Lepidoptera",50.927067,4.925451,2023-06-28,"butterflies","DIGITAF_FLANDERS:400916558f629f10"
"525","TW3","crtl",1,"Chelostoma rapunculi","Campanula","Jens D'Haeseleer","M","15' Transect","Ad",1,"Megachilidae","Hymenoptera",50.927067,4.925451,2023-06-28,"bees","DIGITAF_FLANDERS:8e2f5cd1dc55becb"
"526","TW3","crtl",1,"Scaeva pyrastri","Convolvulus","Jari Vandendriessche & Astrid Van den Bossche","","15' Transect","Ad",2,"Syrphidae","Diptera",50.927067,4.925451,2023-06-28,"syrphids","DIGITAF_FLANDERS:b7faa4ddbf571995"
"527","TW3","crtl",1,"Pieris brassicae","","Jari Vandendriessche","","15' Transect","Ad",1,"Pieridae","Lepidoptera",50.927067,4.925451,2023-06-28,"butterflies","DIGITAF_FLANDERS:a1584cd55df8e3e3"
"528","TW3","crtl",1,"Eupeodes corollae","Convolvulus","Jari Vandendriessche & Astrid Van den Bossche","","15' Transect","Ad",1,"Syrphidae","Diptera",50.927067,4.925451,2023-06-28,"syrphids","DIGITAF_FLANDERS:b92b8009834c41c9"
"529","TW3","crtl",1,"Lasioglossum malachurum","Convolvulus","Jens D'Haeseleer","","15' Transect","Ad",2,"Halictidae","Hymenoptera",50.927067,4.925451,2023-06-28,"bees","DIGITAF_FLANDERS:6b953e64586da5c3"
"530","TW3","crtl",1,"Sphaerophoria scripta","","Jari Vandendriessche & Astrid Van den Bossche","","15' Transect","Ad",2,"Syrphidae","Diptera",50.927067,4.925451,2023-06-28,"syrphids","DIGITAF_FLANDERS:25c14984a12aa414"
"531","TW3","crtl",1,"Sphaerophoria scripta","Convolvulus","Jari Vandendriessche & Astrid Van den Bossche","","15' Transect","Ad",2,"Syrphidae","Diptera",50.927067,4.925451,2023-06-28,"syrphids","DIGITAF_FLANDERS:772b0597eed3c258"
"532","TW3","crtl",1,"Rhagonycha fulva","Achillea","Jari Vandendriessche","","15' Transect","Ad",2,"Cantharidae","Coleoptera",50.927067,4.925451,2023-06-28,"beetles","DIGITAF_FLANDERS:112a698f41226b6f"
"533","TW3","crtl",2,"Chrysoteuchia spec.","","Jari Vandendriessche","","15' Transect","Ad",1,"Crambidae","Lepidoptera",50.927067,4.925451,2023-09-05,"butterflies","DIGITAF_FLANDERS:b752cdcf0e5e3816"
"534","TW3","crtl",2,"Melanostoma mellinum","","Jari Vandendriessche & Astrid Van den Bossche","","15' Transect","Ad",1,"Syrphidae","Diptera",50.927067,4.925451,2023-09-05,"syrphids","DIGITAF_FLANDERS:d6bd57a57f1c3a31"
"535","TW3","crtl",2,"Dyspetes arrogator","","Augustijn De Ketelaere","M","15' Transect","Ad",1,"Ichneumonidae","Hymenoptera",50.927067,4.925451,2023-09-05,"wasps","DIGITAF_FLANDERS:595866a0ab90dca0"
"536","TW3","crtl",2,"Pieris rapae","","Jari Vandendriessche","","15' Transect","Ad",5,"Pieridae","Lepidoptera",50.927067,4.925451,2023-09-05,"butterflies","DIGITAF_FLANDERS:87fca9e6abd806be"
"537","TW3","tree",1,"Bombus pascuorum","Rubus","Jari Vandendriessche","","15' Transect","Ad",1,"Apidae","Hymenoptera",50.926302,4.92707,2023-06-28,"bees","DIGITAF_FLANDERS:d28b36fead19da28"
"538","TW3","tree",1,"Pieris brassicae","","Jari Vandendriessche","","15' Transect","Ad",1,"Pieridae","Lepidoptera",50.926302,4.92707,2023-06-28,"butterflies","DIGITAF_FLANDERS:4e62cb79d3b2954f"
"539","TW3","tree",1,"Pieris napi","","Jari Vandendriessche","","15' Transect","Ad",2,"Pieridae","Lepidoptera",50.926302,4.92707,2023-06-28,"butterflies","DIGITAF_FLANDERS:7a09d4fcf901997f"
"540","TW3","tree",1,"Ochlodes sylvanus","","Jari Vandendriessche","","15' Transect","Ad",2,"Hesperiidae","Lepidoptera",50.926302,4.92707,2023-06-28,"butterflies","DIGITAF_FLANDERS:884654aa24c35586"
"541","TW3","tree",1,"Paracorymbia fulva","Aethusa","Jari Vandendriessche","","15' Transect","Ad",1,"Cerambycidae","Coleoptera",50.926302,4.92707,2023-06-28,"beetles","DIGITAF_FLANDERS:f575711a1e35677a"
"542","TW3","tree",1,"Rhagonycha fulva","Aethusa","Jari Vandendriessche","","15' Transect","Ad",1,"Cantharidae","Coleoptera",50.926302,4.92707,2023-06-28,"beetles","DIGITAF_FLANDERS:1f22581af297e8a7"
"543","TW3","tree",1,"Stenodema laevigata","","Jari Vandendriessche","","15' Transect","Ad",1,"Miridae","Hemiptera",50.926302,4.92707,2023-06-28,"other","DIGITAF_FLANDERS:8d9a26a799f49aae"
"544","TW3","tree",1,"Zophomyia temula","Aethusa","Jari Vandendriessche","","15' Transect","Ad",1,"Tachinidae","Diptera",50.926302,4.92707,2023-06-28,"flies","DIGITAF_FLANDERS:bc3d68d76e4c7d56"
"545","TW3","tree",2,"Pieris napi","","Jari Vandendriessche","","15' Transect","Ad",1,"Pieridae","Lepidoptera",50.926302,4.92707,2023-09-05,"butterflies","DIGITAF_FLANDERS:5896c59899228680"
"546","TW3","tree",2,"Pieris rapae","","Jari Vandendriessche","","15' Transect","Ad",3,"Pieridae","Lepidoptera",50.926302,4.92707,2023-09-05,"butterflies","DIGITAF_FLANDERS:3d82663d3ab57952"
"547","TW3","tree",2,"Melanostoma mellinum","Hedera","Jari Vandendriessche & Astrid Van den Bossche","","15' Transect","Ad",1,"Syrphidae","Diptera",50.926302,4.92707,2023-09-05,"syrphids","DIGITAF_FLANDERS:77f1bd9dfbc91db5"
"548","TW3","tree",2,"Timandra comae","","Jari Vandendriessche","","15' Transect","Ad",1,"Geometridae","Lepidoptera",50.926302,4.92707,2023-09-05,"butterflies","DIGITAF_FLANDERS:7ea8c098d5f75996"
"549","TW3","tree",2,"Vanessa atalanta","","Jari Vandendriessche","","15' Transect","Ad",2,"Nymphalidae","Lepidoptera",50.926302,4.92707,2023-09-05,"butterflies","DIGITAF_FLANDERS:a95c58b9aba52df5"
"550","TW3","tree",2,"Limnephilus spec.","","Jari Vandendriessche","","15' Transect","Ad",1,"Limnephilidae","Trichoptera",50.926302,4.92707,2023-09-05,"other","DIGITAF_FLANDERS:e60a529947301598"
"551","Zo","crop",1,"Scathophaga stercoraria","","Jari Vandendriessche","","15' Transect","Ad",7,"Scathophagidae","Diptera",51.106331,3.55805,2023-05-19,"flies","DIGITAF_FLANDERS:d169a9977c922733"
"552","Zo","crop",2,"Calliphora vicina","","Jari Vandendriessche","","15' Transect","Ad",1,"Calliphoridae","Diptera",51.106331,3.55805,2023-09-11,"flies","DIGITAF_FLANDERS:9c4a1456bc53d1eb"
"553","Zo","crop",2,"Pieris rapae","","Jari Vandendriessche","","15' Transect","Ad",2,"Pieridae","Lepidoptera",51.106331,3.55805,2023-09-11,"butterflies","DIGITAF_FLANDERS:59d28ea3ad45b0c8"
"554","Zo","crtl",1,"Scathophaga stercoraria","","Jari Vandendriessche","","15' Transect","Ad",2,"Scathophagidae","Diptera",51.106567,3.557371,2023-05-19,"flies","DIGITAF_FLANDERS:d3c263e76934e247"
"555","Zo","crtl",2,"Bellardia spec.","Cirsium","Jari Vandendriessche","","15' Transect","Ad",1,"Calliphoridae","Diptera",51.106567,3.557371,2023-09-11,"flies","DIGITAF_FLANDERS:a92bbad9bbd55dc4"
"556","Zo","crtl",2,"Coenosia spec.","","Jari Vandendriessche","","15' Transect","Ad",1,"Muscidae","Diptera",51.106567,3.557371,2023-09-11,"flies","DIGITAF_FLANDERS:03502140ecb70878"
"557","Zo","crtl",2,"Eristalis tenax","Lamium","Jari Vandendriessche & Astrid Van den Bossche","","15' Transect","Ad",1,"Syrphidae","Diptera",51.106567,3.557371,2023-09-11,"syrphids","DIGITAF_FLANDERS:d5904ff3bbbe30b1"
"558","Zo","crtl",2,"Pieris rapae","","Jari Vandendriessche","","15' Transect","Ad",1,"Pieridae","Lepidoptera",51.106567,3.557371,2023-09-11,"butterflies","DIGITAF_FLANDERS:82ad20f7205387fd"
"559","Zo","crtl",2,"Platycheirus angustatus","Cirsium","Jari Vandendriessche & Astrid Van den Bossche","","15' Transect","Ad",1,"Syrphidae","Diptera",51.106567,3.557371,2023-09-11,"syrphids","DIGITAF_FLANDERS:2d96049833826185"
"560","Zo","crtl",2,"Sarcophaga spec.","Lamium","Jari Vandendriessche","","15' Transect","Ad",1,"Sarcophagidae","Diptera",51.106567,3.557371,2023-09-11,"flies","DIGITAF_FLANDERS:e65dde49f3f43ac3"
"561","Zo","crtl",2,"Tolmerus atricapillus","","Jari Vandendriessche","","15' Transect","Ad",1,"Asilidae","Diptera",51.106567,3.557371,2023-09-11,"flies","DIGITAF_FLANDERS:ea5163993c0c989e"
"562","Zo","crtl",2,"Vespula germanica","Achillea","Jari Vandendriessche","","15' Transect","Ad",1,"Vespidae","Hymenoptera",51.106567,3.557371,2023-09-11,"wasps","DIGITAF_FLANDERS:691e77a5da1116a8"
"563","Zo","tree",1,"Myathropa florea","Anthriscus","Jari Vandendriessche & Astrid Van den Bossche","","15' Transect","Ad",1,"Syrphidae","Diptera",51.105865,3.556603,2023-05-19,"syrphids","DIGITAF_FLANDERS:3e27875eda241afd"
"564","Zo","tree",1,"Scathophaga stercoraria","Anthriscus","Jari Vandendriessche","","15' Transect","Ad",2,"Scathophagidae","Diptera",51.105865,3.556603,2023-05-19,"flies","DIGITAF_FLANDERS:7549c0990cd75998"
"565","Zo","tree",1,"Episyrphus balteatus","Vicia","Jari Vandendriessche & Astrid Van den Bossche","","15' Transect","Ad",1,"Syrphidae","Diptera",51.105865,3.556603,2023-05-19,"syrphids","DIGITAF_FLANDERS:637fddf8bb28b5ca"
"566","Zo","tree",1,"Rhingia campestris","Anthriscus","Jari Vandendriessche & Astrid Van den Bossche","","15' Transect","Ad",1,"Syrphidae","Diptera",51.105865,3.556603,2023-05-19,"syrphids","DIGITAF_FLANDERS:f8cb4990e8981de1"
"567","Zo","tree",1,"Diptera indet.","Anthriscus",NA,"","15' Transect","Ad",5,NA,"Diptera",51.105865,3.556603,2023-05-19,"flies","DIGITAF_FLANDERS:75ac67887b5da1c9"
"568","Zo","tree",2,"Aglais io","","Jari Vandendriessche","","15' Transect","Ad",1,"Nymphalidae","Lepidoptera",51.105865,3.556603,2023-09-11,"butterflies","DIGITAF_FLANDERS:f068eef7001da848"
"569","Zo","tree",2,"Bombus pascuorum","","Jari Vandendriessche","","15' Transect","Ad",1,"Apidae","Hymenoptera",51.105865,3.556603,2023-09-11,"bees","DIGITAF_FLANDERS:cd98ab611faa1cd4"
"570","Zo","tree",2,"Calliphora spec.","","Jari Vandendriessche","","15' Transect","Ad",1,"Calliphoridae","Diptera",51.105865,3.556603,2023-09-11,"flies","DIGITAF_FLANDERS:13044af672d7bf7d"
"571","Zo","tree",2,"Colletes cunicularius","","Jari Vandendriessche","","15' Transect","Ad",1,"Colletidae","Hymenoptera",51.105865,3.556603,2023-09-11,"bees","DIGITAF_FLANDERS:0f0d7184f33d2be6"
"572","Zo","tree",2,"Colletes daviesanus","","Jens D'Haeseleer","F","15' Transect","Ad",1,"Colletidae","Hymenoptera",51.105865,3.556603,2023-09-11,"bees","DIGITAF_FLANDERS:ab9f46060236f0e0"
"573","Zo","tree",2,"Ichneumon spec.","","Augustijn De Ketelaere","M","15' Transect","Ad",1,"Ichneumonidae","Hymenoptera",51.105865,3.556603,2023-09-11,"wasps","DIGITAF_FLANDERS:f79ed8b21fa82172"
"574","Zo","tree",2,"Vespa crabro","","Jari Vandendriessche","","15' Transect","Ad",4,"Vespidae","Hymenoptera",51.105865,3.556603,2023-09-11,"wasps","DIGITAF_FLANDERS:0b0260823ed36286"
"575","Zo","tree",2,"Episyrphus balteatus","","Jari Vandendriessche & Astrid Van den Bossche","","15' Transect","Ad",2,"Syrphidae","Diptera",51.105865,3.556603,2023-09-11,"syrphids","DIGITAF_FLANDERS:6e7e9ae7c8a83ee1"
"576","Zo","tree",2,"Eristalis tenax","","Jari Vandendriessche & Astrid Van den Bossche","","15' Transect","Ad",1,"Syrphidae","Diptera",51.105865,3.556603,2023-09-11,"syrphids","DIGITAF_FLANDERS:98f896aebf335396"
"577","Zo","tree",2,"Myathropa florea","","Jari Vandendriessche & Astrid Van den Bossche","","15' Transect","Ad",1,"Syrphidae","Diptera",51.105865,3.556603,2023-09-11,"syrphids","DIGITAF_FLANDERS:d210faf4bb0da613"
"578","Zo","tree",2,"Ichneumon xanthorius","","Jari Vandendriessche","","15' Transect","Ad",1,"Ichneumonidae","Hymenoptera",51.105865,3.556603,2023-09-11,"wasps","DIGITAF_FLANDERS:b8b5934778c41c17"
"579","Zo","tree",2,"Mesembrina meridiana","","Jari Vandendriessche","","15' Transect","Ad",1,"Muscidae","Diptera",51.105865,3.556603,2023-09-11,"flies","DIGITAF_FLANDERS:c73a1c7d7681c0b5"
"580","Zo","tree",2,"Vespula germanica","","Jari Vandendriessche","","15' Transect","Ad",5,"Vespidae","Hymenoptera",51.105865,3.556603,2023-09-11,"wasps","DIGITAF_FLANDERS:61952123c0f2ec4c"
"581","Zo","tree",2,"Rhingia campestris","","Jari Vandendriessche & Astrid Van den Bossche","","15' Transect","Ad",2,"Syrphidae","Diptera",51.105865,3.556603,2023-09-11,"syrphids","DIGITAF_FLANDERS:6def961f27c50df7"
"582","Zo","tree",2,"Pararge aegeria","","Jari Vandendriessche","","15' Transect","Ad",3,"Nymphalidae","Lepidoptera",51.105865,3.556603,2023-09-11,"butterflies","DIGITAF_FLANDERS:5beff51f8ba0e87a"
"583","Zo","tree",2,"Pieris rapae","","Jari Vandendriessche","","15' Transect","Ad",1,"Pieridae","Lepidoptera",51.105865,3.556603,2023-09-11,"butterflies","DIGITAF_FLANDERS:ba54081fe26ea2bc"
"584","Zo","tree",2,"Vespula vulgaris","","Jari Vandendriessche","","15' Transect","Ad",1,"Vespidae","Hymenoptera",51.105865,3.556603,2023-09-11,"wasps","DIGITAF_FLANDERS:e042be4239953115"
"585","Zo1","crtl",1,"Aglais io","","Jari Vandendriessche","","15' Transect","Ad",1,"Nymphalidae","Lepidoptera",51.107437,3.567569,2023-05-18,"butterflies","DIGITAF_FLANDERS:8291a61aa9a2a628"
"586","Zo1","crtl",1,"Bombus lapidarius","Ranunculus","Jari Vandendriessche","","15' Transect","Ad",1,"Apidae","Hymenoptera",51.107437,3.567569,2023-05-18,"bees","DIGITAF_FLANDERS:e6e5c4b14e839d7c"
"587","Zo1","crtl",1,"Andrena humilis","Brassica","Jens D'Haeseleer","F","15' Transect","Ad",1,"Andrenidae","Hymenoptera",51.107437,3.567569,2023-05-18,"bees","DIGITAF_FLANDERS:a205960b94d89bf4"
"588","Zo1","crtl",1,"Tenthredo koehleri","Ranunculus","Augustijn De Ketelaere","F","15' Transect","Ad",1,"Tenthredinidae","Hymenoptera",51.107437,3.567569,2023-05-18,"wasps","DIGITAF_FLANDERS:5437f8a2d2eced91"
"589","Zo1","crtl",1,"Bombus lapidarius","Brassica","Jari Vandendriessche","","15' Transect","Ad",1,"Apidae","Hymenoptera",51.107437,3.567569,2023-05-18,"bees","DIGITAF_FLANDERS:b80b3c7c128a7736"
"590","Zo1","crtl",1,"Euclidia glyphica","Geranium","Jari Vandendriessche","","15' Transect","Ad",1,"Erebidae","Lepidoptera",51.107437,3.567569,2023-05-18,"butterflies","DIGITAF_FLANDERS:cabfa75743d583c6"
"591","Zo1","crtl",1,"Lasioglossum malachurum","Ranunculus","Jens D'Haeseleer","F","15' Transect","Ad",1,"Halictidae","Hymenoptera",51.107437,3.567569,2023-05-18,"bees","DIGITAF_FLANDERS:47ab3ddb1157d0d9"
"592","Zo1","crtl",1,"Eristalis tenax","Brassica","Jari Vandendriessche & Astrid Van den Bossche","","15' Transect","Ad",2,"Syrphidae","Diptera",51.107437,3.567569,2023-05-18,"syrphids","DIGITAF_FLANDERS:2dde1fe340c7b55a"
"593","Zo1","crtl",1,"Rhingia campestris","Brassica","Jari Vandendriessche & Astrid Van den Bossche","","15' Transect","Ad",1,"Syrphidae","Diptera",51.107437,3.567569,2023-05-18,"syrphids","DIGITAF_FLANDERS:df25595de17b0e48"
"594","Zo1","crtl",1,"Pieris napi","Brassica,Alliaria","Jari Vandendriessche","","15' Transect","Ad",2,"Pieridae","Lepidoptera",51.107437,3.567569,2023-05-18,"butterflies","DIGITAF_FLANDERS:405c519967760568"
"595","Zo1","crtl",2,"Eristalis tenax","Sinapis","Jari Vandendriessche & Astrid Van den Bossche","","15' Transect","Ad",1,"Syrphidae","Diptera",51.107437,3.567569,2023-09-11,"syrphids","DIGITAF_FLANDERS:ccc7bedc7ce6da21"
"596","Zo1","crtl",2,"Episyrphus balteatus","Sinapis","Jari Vandendriessche & Astrid Van den Bossche","","15' Transect","Ad",2,"Syrphidae","Diptera",51.107437,3.567569,2023-09-11,"syrphids","DIGITAF_FLANDERS:9e4ee7900f0d4cc9"
"597","Zo1","crtl",2,"Pieris rapae","Sinapis","Jari Vandendriessche","","15' Transect","Ad",5,"Pieridae","Lepidoptera",51.107437,3.567569,2023-09-11,"butterflies","DIGITAF_FLANDERS:9e8c61f0820cfea3"
"598","Zo1","crtl",2,"Aglais io","Sinapis","Jari Vandendriessche","","15' Transect","Ad",2,"Nymphalidae","Lepidoptera",51.107437,3.567569,2023-09-11,"butterflies","DIGITAF_FLANDERS:abbfab0c7af5bac7"
"599","Zo1","crtl",2,"Rhingia campestris","Sinapis","Jari Vandendriessche & Astrid Van den Bossche","","15' Transect","Ad",3,"Syrphidae","Diptera",51.107437,3.567569,2023-09-11,"syrphids","DIGITAF_FLANDERS:3b3b622f8ae8f525"
"600","Zo1","crtl",2,"Sphaerophoria scripta","Sinapis","Jari Vandendriessche & Astrid Van den Bossche","","15' Transect","Ad",2,"Syrphidae","Diptera",51.107437,3.567569,2023-09-11,"syrphids","DIGITAF_FLANDERS:aa9f303089660d60"
"601","Zo1","crtl",2,"Apis mellifera","Sinapis","Jari Vandendriessche","","15' Transect","Ad",5,"Apidae","Hymenoptera",51.107437,3.567569,2023-09-11,"bees","DIGITAF_FLANDERS:c8be641d8f282096"
"602","Zo1","crtl",2,"Vanessa atalanta","Sinapis","Jari Vandendriessche","","15' Transect","Ad",1,"Nymphalidae","Lepidoptera",51.107437,3.567569,2023-09-11,"butterflies","DIGITAF_FLANDERS:d67a6152dfd0776c"
"603","Zo1","tree",1,"Andrena flavipes","","Jens D'Haeseleer","F","15' Transect","Ad",1,"Andrenidae","Hymenoptera",51.107109,3.566462,2023-05-18,"bees","DIGITAF_FLANDERS:e059f933a27e0d9e"
"604","Zo1","tree",1,"Syritta pipiens","","Jari Vandendriessche & Astrid Van den Bossche","","15' Transect","Ad",1,"Syrphidae","Diptera",51.107109,3.566462,2023-05-18,"syrphids","DIGITAF_FLANDERS:e8bb79bb531cb407"
"605","Zo1","tree",1,"Dasysyrphus albostriatus","Sambucus","Jari Vandendriessche & Astrid Van den Bossche","","15' Transect","Ad",1,"Syrphidae","Diptera",51.107109,3.566462,2023-05-18,"syrphids","DIGITAF_FLANDERS:a91b3fd8f92144eb"
"606","Zo1","tree",1,"Araschnia levana","Ranunculus","Jari Vandendriessche","","15' Transect","Ad",1,"Nymphalidae","Lepidoptera",51.107109,3.566462,2023-05-18,"butterflies","DIGITAF_FLANDERS:bfcb76c6566c25ca"
"607","Zo1","tree",1,"Tropidia scita","Stellaria","Jari Vandendriessche & Astrid Van den Bossche","","15' Transect","Ad",1,"Syrphidae","Diptera",51.107109,3.566462,2023-05-18,"syrphids","DIGITAF_FLANDERS:8741fbb46285d7e5"
"608","Zo1","tree",1,"Vanessa atalanta","Lamium","Jari Vandendriessche","","15' Transect","Ad",1,"Nymphalidae","Lepidoptera",51.107109,3.566462,2023-05-18,"butterflies","DIGITAF_FLANDERS:e5c6941fe9761019"
"609","Zo1","tree",1,"Pararge aegeria","","Jari Vandendriessche","","15' Transect","Ad",1,"Nymphalidae","Lepidoptera",51.107109,3.566462,2023-05-18,"butterflies","DIGITAF_FLANDERS:bc8ee338a7409560"
"610","Zo1","tree",1,"Episyrphus balteatus","","Jari Vandendriessche & Astrid Van den Bossche","","15' Transect","Ad",1,"Syrphidae","Diptera",51.107109,3.566462,2023-05-18,"syrphids","DIGITAF_FLANDERS:3edf81336dbd546e"
"611","Zo1","tree",2,"Aglais io","Sinapis","Jari Vandendriessche","","15' Transect","Ad",2,"Nymphalidae","Lepidoptera",51.107109,3.566462,2023-09-11,"butterflies","DIGITAF_FLANDERS:0be49283f99d824d"
"612","Zo1","tree",2,"Vanessa atalanta","","Jari Vandendriessche","","15' Transect","Ad",1,"Nymphalidae","Lepidoptera",51.107109,3.566462,2023-09-11,"butterflies","DIGITAF_FLANDERS:a716bc1fa4b7d3b8"
"613","Zo1","tree",2,"Apis mellifera","Sinapis","Jari Vandendriessche","","15' Transect","Ad",2,"Apidae","Hymenoptera",51.107109,3.566462,2023-09-11,"bees","DIGITAF_FLANDERS:a827729820eb93ae"
"614","Zo1","tree",2,"Pieris rapae","Sinapis","Jari Vandendriessche","","15' Transect","Ad",2,"Pieridae","Lepidoptera",51.107109,3.566462,2023-09-11,"butterflies","DIGITAF_FLANDERS:05dd33f9b587c725"
"615","Zo1","tree",2,"Cydalima perspectalis","","Jari Vandendriessche","","15' Transect","Ad",1,"Crambidae","Lepidoptera",51.107109,3.566462,2023-09-11,"butterflies","DIGITAF_FLANDERS:f5727293e00dd7c3"
"616","Zo1","tree",2,"Platycheirus albimanus","Sinapis","Jari Vandendriessche & Astrid Van den Bossche","","15' Transect","Ad",1,"Syrphidae","Diptera",51.107109,3.566462,2023-09-11,"syrphids","DIGITAF_FLANDERS:1e76d51ed54fea9c"
"617","Zo1","tree",2,"Dyspetes arrogator","","Augustijn De Ketelaere","M","15' Transect","Ad",1,"Ichneumonidae","Hymenoptera",51.107109,3.566462,2023-09-11,"wasps","DIGITAF_FLANDERS:a88fddd8a656b37c"
"618","Zo1","tree",2,"Rhingia campestris","Persicaria","Jari Vandendriessche & Astrid Van den Bossche","","15' Transect","Ad",1,"Syrphidae","Diptera",51.107109,3.566462,2023-09-11,"syrphids","DIGITAF_FLANDERS:d46a8a2d27917b43"
"619","Zo1","tree",2,"Episyrphus balteatus","Sinapis","Jari Vandendriessche & Astrid Van den Bossche","","15' Transect","Ad",1,"Syrphidae","Diptera",51.107109,3.566462,2023-09-11,"syrphids","DIGITAF_FLANDERS:4a422024aada8bea"
"620","Zo1","tree",2,"Eristalis tenax","Sinapis","Jari Vandendriessche & Astrid Van den Bossche","","15' Transect","Ad",2,"Syrphidae","Diptera",51.107109,3.566462,2023-09-11,"syrphids","DIGITAF_FLANDERS:bd16dc7e9c723071"
"621","Zo1","tree",2,"Hypena proboscidalis","","Jari Vandendriessche","","15' Transect","Ad",1,"Erebidae","Lepidoptera",51.107109,3.566462,2023-09-11,"butterflies","DIGITAF_FLANDERS:9bfe5fdfdbbedc75"
"622","Zo1","tree",2,"Linnaemya spec.","Sinapis","Jari Vandendriessche","","15' Transect","Ad",1,"Tachinidae","Diptera",51.107109,3.566462,2023-09-11,"flies","DIGITAF_FLANDERS:a899e669a1513f64"
"623","Zo1","tree",2,"Melanostoma mellinum","Persicaria","Jari Vandendriessche & Astrid Van den Bossche","","15' Transect","Ad",1,"Syrphidae","Diptera",51.107109,3.566462,2023-09-11,"syrphids","DIGITAF_FLANDERS:096b976229d2ebb3"
"624","Zo1","tree",2,"Nemorilla floralis","Sinapis","Jari Vandendriessche","","15' Transect","Ad",1,"Tachinidae","Diptera",51.107109,3.566462,2023-09-11,"flies","DIGITAF_FLANDERS:b28fe00ed506d2d3"
"625","Zo1","tree",2,"Syritta pipiens","Persicaria","Jari Vandendriessche & Astrid Van den Bossche","","15' Transect","Ad",1,"Syrphidae","Diptera",51.107109,3.566462,2023-09-11,"syrphids","DIGITAF_FLANDERS:f958fa77da8e863b"
"626","Zo1","tree",2,"Pararge aegeria","","Jari Vandendriessche","","15' Transect","Ad",3,"Nymphalidae","Lepidoptera",51.107109,3.566462,2023-09-11,"butterflies","DIGITAF_FLANDERS:8eb20574b26c7186"
"627","Zo1","tree",2,"Syrphus ribesii","Sinapis","Jari Vandendriessche & Astrid Van den Bossche","","15' Transect","Ad",2,"Syrphidae","Diptera",51.107109,3.566462,2023-09-11,"syrphids","DIGITAF_FLANDERS:7d67fbc658627ee1"
"628","Zo1","tree",2,"Pimpla rufipes","Sinapis","Augustijn De Ketelaere","M","15' Transect","Ad",1,"Ichneumonidae","Hymenoptera",51.107109,3.566462,2023-09-11,"wasps","DIGITAF_FLANDERS:ff2c983990b1f7b9"
"629","Zo1","tree",2,"Polistes dominula","","Jari Vandendriessche","","15' Transect","Ad",1,"Eumenidae","Hymenoptera",51.107109,3.566462,2023-09-11,"wasps","DIGITAF_FLANDERS:2e88a553783ef677"
"630","Zo1","tree",2,"Vespula vulgaris","","Jari Vandendriessche","","15' Transect","Ad",1,"Vespidae","Hymenoptera",51.107109,3.566462,2023-09-11,"wasps","DIGITAF_FLANDERS:abc7cbf1be8fe4eb"
"631","Zo1","tree",2,"Syritta pipiens","Sinapis","Jari Vandendriessche & Astrid Van den Bossche","","15' Transect","Ad",1,"Syrphidae","Diptera",51.107109,3.566462,2023-09-11,"syrphids","DIGITAF_FLANDERS:6b936bd3db5f1c4e"
"632","Zo2","crtl",1,"Bibio marci","Anthriscus","Jari Vandendriessche","","15' Transect","Ad",2,"Bibionidae","Diptera",51.113503,3.537224,2023-05-19,"flies","DIGITAF_FLANDERS:ccad3a8cea510175"
"633","Zo2","crtl",1,"Brachypalpoides lentus","","Jari Vandendriessche & Astrid Van den Bossche","","15' Transect","Ad",2,"Syrphidae","Diptera",51.113503,3.537224,2023-05-19,"syrphids","DIGITAF_FLANDERS:cf9cf92feac6b244"
"634","Zo2","crtl",1,"Valgus hemipterus","Anthriscus","Jari Vandendriessche","","15' Transect","Ad",1,"Scarabaeidae","Coleoptera",51.113503,3.537224,2023-05-19,"beetles","DIGITAF_FLANDERS:6501a84d29d5e7a9"
"635","Zo2","crtl",1,"Scaeva selenitica","Anthriscus","Jari Vandendriessche & Astrid Van den Bossche","","15' Transect","Ad",1,"Syrphidae","Diptera",51.113503,3.537224,2023-05-19,"syrphids","DIGITAF_FLANDERS:18c0d290286f9354"
"636","Zo2","crtl",1,"Scathophaga stercoraria","Anthriscus","Jari Vandendriessche","","15' Transect","Ad",2,"Scathophagidae","Diptera",51.113503,3.537224,2023-05-19,"flies","DIGITAF_FLANDERS:56ad4f1b84fd1926"
"637","Zo2","crtl",1,"Andrena haemorrhoa","","Jari Vandendriessche","","15' Transect","Ad",1,"Andrenidae","Hymenoptera",51.113503,3.537224,2023-05-19,"bees","DIGITAF_FLANDERS:1e78cabf1ebfdbfc"
"638","Zo2","crtl",2,"Aglais io","","Jari Vandendriessche","","15' Transect","Ad",1,"Nymphalidae","Lepidoptera",51.113503,3.537224,2023-09-11,"butterflies","DIGITAF_FLANDERS:73e474983e510e3c"
"639","Zo2","crtl",2,"Pieris napi","","Jari Vandendriessche","","15' Transect","Ad",1,"Pieridae","Lepidoptera",51.113503,3.537224,2023-09-11,"butterflies","DIGITAF_FLANDERS:bb2615a5621bec76"
"640","Zo2","crtl",2,"Apis mellifera","","Jari Vandendriessche","","15' Transect","Ad",2,"Apidae","Hymenoptera",51.113503,3.537224,2023-09-11,"bees","DIGITAF_FLANDERS:5281d9ed99ed8ffc"
"641","Zo2","crtl",2,"Vanessa atalanta","","Jari Vandendriessche","","15' Transect","Ad",1,"Nymphalidae","Lepidoptera",51.113503,3.537224,2023-09-11,"butterflies","DIGITAF_FLANDERS:5206c9499952d8f9"
"642","Zo2","crtl",2,"Vespa crabro","","Jari Vandendriessche","","15' Transect","Ad",1,"Vespidae","Hymenoptera",51.113503,3.537224,2023-09-11,"wasps","DIGITAF_FLANDERS:6a4fa8f56ebb0e5d"
"643","Zo2","crtl",2,"Scathophaga stercoraria","","Jari Vandendriessche","","15' Transect","Ad",1,"Scathophagidae","Diptera",51.113503,3.537224,2023-09-11,"flies","DIGITAF_FLANDERS:0d272333109aea2e"
"644","Zo2","crtl",2,"Pieris rapae","","Jari Vandendriessche","","15' Transect","Ad",5,"Pieridae","Lepidoptera",51.113503,3.537224,2023-09-11,"butterflies","DIGITAF_FLANDERS:87351e1c1c2c0ed2"
"645","Zo2","crtl",2,"Vespula vulgaris","","Jari Vandendriessche","","15' Transect","Ad",1,"Vespidae","Hymenoptera",51.113503,3.537224,2023-09-11,"wasps","DIGITAF_FLANDERS:fd4322ebe0b4fb47"
"646","Zo2","tree",1,"Aglaostigma fulvipes","","Augustijn De Ketelaere","M","15' Transect","Ad",1,"Tenthredinidae","Hymenoptera",51.112732,3.537079,2023-05-19,"wasps","DIGITAF_FLANDERS:da5dc8658a923605"
"647","Zo2","tree",1,"Bibio hortulanus","","Jari Vandendriessche","","15' Transect","Ad",3,"Bibionidae","Diptera",51.112732,3.537079,2023-05-19,"flies","DIGITAF_FLANDERS:5ebae71faa90b0de"
"648","Zo2","tree",1,"Pieris rapae","","Jari Vandendriessche","","15' Transect","Ad",1,"Pieridae","Lepidoptera",51.112732,3.537079,2023-05-19,"butterflies","DIGITAF_FLANDERS:dcd28ffe23f2632d"
"649","Zo2","tree",1,"Scathophaga stercoraria","","Jari Vandendriessche","","15' Transect","Ad",7,"Scathophagidae","Diptera",51.112732,3.537079,2023-05-19,"flies","DIGITAF_FLANDERS:80811759c2536b70"
"650","Zo2","tree",1,"Vanessa atalanta","","Jari Vandendriessche","","15' Transect","Ad",1,"Nymphalidae","Lepidoptera",51.112732,3.537079,2023-05-19,"butterflies","DIGITAF_FLANDERS:b678e2f4ace36ba8"
"651","Zo2","tree",2,"Ctenopelmatinae indet.","","Augustijn De Ketelaere","M","15' Transect","Ad",1,"Ichneumonidae","Hymenoptera",51.112732,3.537079,2023-09-11,"wasps","DIGITAF_FLANDERS:e214c122091c3ae0"
"652","Zo2","tree",2,"Melanostoma mellinum","Convolvulus","Jari Vandendriessche & Astrid Van den Bossche","","15' Transect","Ad",1,"Syrphidae","Diptera",51.112732,3.537079,2023-09-11,"syrphids","DIGITAF_FLANDERS:8b75a8460f6bd22e"
"653","Zo2","tree",2,"Pieris rapae","","Jari Vandendriessche","","15' Transect","Ad",1,"Pieridae","Lepidoptera",51.112732,3.537079,2023-09-11,"butterflies","DIGITAF_FLANDERS:91f432eb6c64f34d"
"654","Zo2","tree",2,"Eristalis tenax","","Jari Vandendriessche & Astrid Van den Bossche","","15' Transect","Ad",1,"Syrphidae","Diptera",51.112732,3.537079,2023-09-11,"syrphids","DIGITAF_FLANDERS:1710d5a0af9acf2d"
"655","Zo2","tree",2,"Syrphus ribesii","","Jari Vandendriessche & Astrid Van den Bossche","","15' Transect","Ad",1,"Syrphidae","Diptera",51.112732,3.537079,2023-09-11,"syrphids","DIGITAF_FLANDERS:263ffe1ffbbf8ebe"
"656","Zo2","tree",2,"Bombus pascuorum","Convolvulus","Jari Vandendriessche","","15' Transect","Ad",1,"Apidae","Hymenoptera",51.112732,3.537079,2023-09-11,"bees","DIGITAF_FLANDERS:b87ea0aa902cd44d"
"657","Zo2","tree",2,"Vanessa atalanta","","Jari Vandendriessche","","15' Transect","Ad",1,"Nymphalidae","Lepidoptera",51.112732,3.537079,2023-09-11,"butterflies","DIGITAF_FLANDERS:5e69b61f9e40ba00"
"658","Zo2","tree",2,"Vespula germanica","","Jari Vandendriessche","","15' Transect","Ad",1,"Vespidae","Hymenoptera",51.112732,3.537079,2023-09-11,"wasps","DIGITAF_FLANDERS:774eba547eb17615"
"659","Zw","crop",1,"Anthomyiidae indet.","","Jari Vandendriessche","","15' Transect","Ad",3,"Anthomyiidae","Diptera",50.850731,3.71571,2023-06-02,"flies","DIGITAF_FLANDERS:aca8c48c412ac826"
"660","Zw","crop",2,"Araschnia levana","","Jari Vandendriessche","","15' Transect","Ad",1,"Nymphalidae","Lepidoptera",50.850731,3.71571,2023-09-05,"butterflies","DIGITAF_FLANDERS:be99c8833f974ea0"
"661","Zw","crop",2,"Pieris rapae","","Jari Vandendriessche","","15' Transect","Ad",2,"Pieridae","Lepidoptera",50.850731,3.71571,2023-09-05,"butterflies","DIGITAF_FLANDERS:fc02fd5fc04225dc"
"662","Zw","crtl",2,"Bombus pascuorum","Lamium","Jari Vandendriessche","","15' Transect","Ad",1,"Apidae","Hymenoptera",50.850586,3.71506,2023-09-05,"bees","DIGITAF_FLANDERS:404494c511f26309"
"663","Zw","crtl",2,"Pieris rapae","","Jari Vandendriessche","","15' Transect","Ad",2,"Pieridae","Lepidoptera",50.850586,3.71506,2023-09-05,"butterflies","DIGITAF_FLANDERS:d1497546ce2c395e"
"664","Zw","crtl",2,"Sphaerophoria scripta","","Jari Vandendriessche & Astrid Van den Bossche","","15' Transect","Ad",1,"Syrphidae","Diptera",50.850586,3.71506,2023-09-05,"syrphids","DIGITAF_FLANDERS:f85eeb5b997e60cd"
"665","Zw","crtl",2,"Syritta pipiens","Crepis","Jari Vandendriessche & Astrid Van den Bossche","","15' Transect","Ad",1,"Syrphidae","Diptera",50.850586,3.71506,2023-09-05,"syrphids","DIGITAF_FLANDERS:41d21c386115c211"
"666","Zw","crtl",2,"Vanessa atalanta","","Jari Vandendriessche","","15' Transect","Ad",3,"Nymphalidae","Lepidoptera",50.850586,3.71506,2023-09-05,"butterflies","DIGITAF_FLANDERS:cf036b78914f6e22"
"667","Zw","crtl",2,"Vanessa cardui","","Jari Vandendriessche","","15' Transect","Ad",1,"Nymphalidae","Lepidoptera",50.850586,3.71506,2023-09-05,"butterflies","DIGITAF_FLANDERS:500921acbe1316da"
"668","Zw","tree",1,"Bombus pratorum","Vicia","Jari Vandendriessche","","15' Transect","Ad",1,"Apidae","Hymenoptera",50.85034873,3.71592082647387,2023-06-02,"bees","DIGITAF_FLANDERS:0497235816f80122"
"669","Zw","tree",1,"Scathophaga stercoraria","","Jari Vandendriessche","","15' Transect","Ad",5,"Scathophagidae","Diptera",50.85034873,3.71592082647387,2023-06-02,"flies","DIGITAF_FLANDERS:5cf94cbed3392b5a"
"670","Zw","tree",2,"Apis mellifera","Tanacetum","Jari Vandendriessche","","15' Transect","Ad",2,"Apidae","Hymenoptera",50.85034873,3.71592082647387,2023-09-05,"bees","DIGITAF_FLANDERS:4c297b4407cbb012"
"671","Zw","tree",2,"Araschnia levana","","Jari Vandendriessche","","15' Transect","Ad",1,"Nymphalidae","Lepidoptera",50.85034873,3.71592082647387,2023-09-05,"butterflies","DIGITAF_FLANDERS:8656c0b6bbd09308"
"672","Zw","tree",2,"Eristalis nemorum","Tanacetum","Jari Vandendriessche & Astrid Van den Bossche","","15' Transect","Ad",1,"Syrphidae","Diptera",50.85034873,3.71592082647387,2023-09-05,"syrphids","DIGITAF_FLANDERS:acbc52f002e125ed"
"673","Zw","tree",2,"Calliphora spec.","","Jari Vandendriessche","","15' Transect","Ad",1,"Calliphoridae","Diptera",50.85034873,3.71592082647387,2023-09-05,"flies","DIGITAF_FLANDERS:9204d16d162a021e"
"674","Zw","tree",2,"Cheilosia canicularis","Achillea","Jari Vandendriessche & Astrid Van den Bossche","","15' Transect","Ad",1,"Syrphidae","Diptera",50.85034873,3.71592082647387,2023-09-05,"syrphids","DIGITAF_FLANDERS:0fd7a1fe07cb9b5d"
"675","Zw","tree",2,"Colletes daviesanus/fodiens/similis","Tanacetum","Jari Vandendriessche","","15' Transect","Ad",1,"Colletidae","Hymenoptera",50.85034873,3.71592082647387,2023-09-05,"bees","DIGITAF_FLANDERS:c67eac9e37de93e7"
"676","Zw","tree",2,"Pieris rapae","","Jari Vandendriessche","","15' Transect","Ad",2,"Pieridae","Lepidoptera",50.85034873,3.71592082647387,2023-09-05,"butterflies","DIGITAF_FLANDERS:2515ce909c0e1cfd"
"677","Zw","tree",2,"Pollenia spec.","","Jari Vandendriessche","","15' Transect","Ad",1,"Polleniidae","Diptera",50.85034873,3.71592082647387,2023-09-05,"flies","DIGITAF_FLANDERS:4182e285654816e5"
"678","Zw1","crtl",1,"Monalocoris filicis","Tripleurospermum","Jari Vandendriessche","","15' Transect","Ad",1,"Miridae","Hemiptera",50.876247,3.759652,2023-06-02,"other","DIGITAF_FLANDERS:692614ff10960684"
"679","Zw1","crtl",1,"Oedemera lurida","Tripleurospermum","Jari Vandendriessche","","15' Transect","Ad",1,"Oedemeridae","Coleoptera",50.876247,3.759652,2023-06-02,"beetles","DIGITAF_FLANDERS:e6719851483a3af9"
"680","Zw1","crtl",2,"Bombus pascuorum","Lamium, Cirsium","Jari Vandendriessche","","15' Transect","Ad",2,"Apidae","Hymenoptera",50.876247,3.759652,2023-09-05,"bees","DIGITAF_FLANDERS:e609ccbcf99584bf"
"681","Zw1","crtl",2,"Lycaena phlaeas","","Jari Vandendriessche","","15' Transect","Ad",1,"Lycaenidae","Lepidoptera",50.876247,3.759652,2023-09-05,"butterflies","DIGITAF_FLANDERS:6e4f7f2b15845a96"
"682","Zw1","tree",1,"Bombus pascuorum","Vicia","Jari Vandendriessche","","15' Transect","Ad",1,"Apidae","Hymenoptera",50.875347,3.7624,2023-06-02,"bees","DIGITAF_FLANDERS:049e89f596478289"
"683","Zw1","tree",1,"Osmia caerulescens","Vicia","Jari Vandendriessche","","15' Transect","Ad",1,"Megachilidae","Hymenoptera",50.875347,3.7624,2023-06-02,"bees","DIGITAF_FLANDERS:19698428410b5720"
"684","Zw1","tree",1,"Lasioglossum villosulum","Ranunculus","Jens D'Haeseleer","F","15' Transect","Ad",1,"Halictidae","Hymenoptera",50.875347,3.7624,2023-06-02,"bees","DIGITAF_FLANDERS:c7a5f2bf251d2fe4"
"685","Zw1","tree",1,"Episyrphus balteatus","Ranunculus","Jari Vandendriessche & Astrid Van den Bossche","","15' Transect","Ad",3,"Syrphidae","Diptera",50.875347,3.7624,2023-06-02,"syrphids","DIGITAF_FLANDERS:cdb55b14452f5318"
"686","Zw1","tree",1,"Oedemera nobilis","Ranunculus","Jari Vandendriessche","","15' Transect","Ad",2,"Oedemeridae","Coleoptera",50.875347,3.7624,2023-06-02,"beetles","DIGITAF_FLANDERS:5fb4087b0ac0ac1d"
"687","Zw1","tree",2,"Bombus pascuorum","Lamium","Jari Vandendriessche","","15' Transect","Ad",1,"Apidae","Hymenoptera",50.875347,3.7624,2023-09-05,"bees","DIGITAF_FLANDERS:eea6709853cad7bf"
"688","Zw1","tree",2,"Diptera indet.","",NA,"","15' Transect","Ad",1,NA,"Diptera",50.875347,3.7624,2023-09-05,"flies","DIGITAF_FLANDERS:4a2df927f3a15ce1"
"689","Zw1","tree",2,"Myathropa florea","Lamium","Jari Vandendriessche & Astrid Van den Bossche","","15' Transect","Ad",1,"Syrphidae","Diptera",50.875347,3.7624,2023-09-05,"syrphids","DIGITAF_FLANDERS:24e110080b321a49"
"690","Zw1","tree",2,"Eristalis nemorum","","Jari Vandendriessche & Astrid Van den Bossche","","15' Transect","Ad",1,"Syrphidae","Diptera",50.875347,3.7624,2023-09-05,"syrphids","DIGITAF_FLANDERS:5e2ee6c67ea58eb8"
"691","Zw1","tree",2,"Harmonia axyridis","Pulicaria","Jari Vandendriessche","","15' Transect","Ad",1,"Coccinellidae","Coleoptera",50.875347,3.7624,2023-09-05,"beetles","DIGITAF_FLANDERS:8727de09225d57dc"
"692","Zw1","tree",2,"Pieris rapae","Pulicaria","Jari Vandendriessche","","15' Transect","Ad",3,"Pieridae","Lepidoptera",50.875347,3.7624,2023-09-05,"butterflies","DIGITAF_FLANDERS:fc43d83bad787bdd"
"693","Zw1","tree",2,"Polistes dominula","","Jari Vandendriessche","","15' Transect","Ad",1,"Eumenidae","Hymenoptera",50.875347,3.7624,2023-09-05,"wasps","DIGITAF_FLANDERS:099093a0cad0a106"
"694","Zw1","tree",2,"Vanessa atalanta","","Jari Vandendriessche","","15' Transect","Ad",1,"Nymphalidae","Lepidoptera",50.875347,3.7624,2023-09-05,"butterflies","DIGITAF_FLANDERS:a5cc28f4b0923de3"
"695","Zw1","tree",2,"Vespula germanica","","Jari Vandendriessche","","15' Transect","Ad",1,"Vespidae","Hymenoptera",50.875347,3.7624,2023-09-05,"wasps","DIGITAF_FLANDERS:12fe02d8906d42ca"
"696","Zw1","tree",2,"Vespula vulgaris","","Jari Vandendriessche","","15' Transect","Ad",1,"Vespidae","Hymenoptera",50.875347,3.7624,2023-09-05,"wasps","DIGITAF_FLANDERS:988ff440f40123c8"
"697","Zw2","crtl",1,"Bombus lapidarius","Vicia","Jari Vandendriessche","","15' Transect","Ad",1,"Apidae","Hymenoptera",50.841705,3.746366,2023-06-02,"bees","DIGITAF_FLANDERS:9d68f6cd4d4f8037"
"698","Zw2","crtl",1,"Eristalis tenax","","Jari Vandendriessche & Astrid Van den Bossche","","15' Transect","Ad",1,"Syrphidae","Diptera",50.841705,3.746366,2023-06-02,"syrphids","DIGITAF_FLANDERS:e63a308bec06bf42"
"699","Zw2","crtl",1,"Bombus pratorum","Vicia","Jari Vandendriessche","","15' Transect","Ad",1,"Apidae","Hymenoptera",50.841705,3.746366,2023-06-02,"bees","DIGITAF_FLANDERS:4d3082c2c3ed454b"
"700","Zw2","crtl",1,"Bombus terrestris/lucorum/magnus/cryptarum","Vicia","Jari Vandendriessche","","15' Transect","Ad",2,"Apidae","Hymenoptera",50.841705,3.746366,2023-06-02,"bees","DIGITAF_FLANDERS:ffa03fcd9a0e8bda"
"701","Zw2","crtl",2,"Arge ochropus","","Jari Vandendriessche","","15' Transect","Ad",1,"Argidae","Hymenoptera",50.841705,3.746366,2023-09-05,"wasps","DIGITAF_FLANDERS:5788f72ebb1d549e"
"702","Zw2","crtl",2,"Eristalis tenax","Taraxacum","Jari Vandendriessche & Astrid Van den Bossche","","15' Transect","Ad",1,"Syrphidae","Diptera",50.841705,3.746366,2023-09-05,"syrphids","DIGITAF_FLANDERS:ee73179f1cc1ee18"
"703","Zw2","crtl",2,"Myathropa florea","","Jari Vandendriessche & Astrid Van den Bossche","","15' Transect","Ad",1,"Syrphidae","Diptera",50.841705,3.746366,2023-09-05,"syrphids","DIGITAF_FLANDERS:b9519b6173b78538"
"704","Zw2","crtl",2,"Episyrphus balteatus","","Jari Vandendriessche & Astrid Van den Bossche","","15' Transect","Ad",1,"Syrphidae","Diptera",50.841705,3.746366,2023-09-05,"syrphids","DIGITAF_FLANDERS:f73986d51f46e597"
"705","Zw2","crtl",2,"Pieris rapae","","Jari Vandendriessche","","15' Transect","Ad",1,"Pieridae","Lepidoptera",50.841705,3.746366,2023-09-05,"butterflies","DIGITAF_FLANDERS:9a64939a2edde84d"
"706","Zw2","tree",1,"Anthophora plumipes","","Jari Vandendriessche","","15' Transect","Ad",2,"Apidae","Hymenoptera",50.842518,3.745591,2023-06-02,"bees","DIGITAF_FLANDERS:ba97a1cfc2d4ca08"
"707","Zw2","tree",1,"Bombus hortorum","","Jari Vandendriessche","","15' Transect","Ad",1,"Apidae","Hymenoptera",50.842518,3.745591,2023-06-02,"bees","DIGITAF_FLANDERS:bbd8695bc921408e"
"708","Zw2","tree",1,"Bombus pascuorum","Symphytum","Jari Vandendriessche","","15' Transect","Ad",1,"Apidae","Hymenoptera",50.842518,3.745591,2023-06-02,"bees","DIGITAF_FLANDERS:fb88f0dd82070d04"
"709","Zw2","tree",1,"Bombus pascuorum","Symphytum, Lamium","Jari Vandendriessche","","15' Transect","Ad",8,"Apidae","Hymenoptera",50.842518,3.745591,2023-06-02,"bees","DIGITAF_FLANDERS:051e48e54ae81772"
"710","Zw2","tree",1,"Macrophya montana","","Augustijn De Ketelaere","F","15' Transect","Ad",1,"Tenthredinidae","Hymenoptera",50.842518,3.745591,2023-06-02,"wasps","DIGITAF_FLANDERS:7a3970b568932c81"
"711","Zw2","tree",2,"Bombus pascuorum","Symphytum","Jari Vandendriessche","","15' Transect","Ad",5,"Apidae","Hymenoptera",50.842518,3.745591,2023-09-05,"bees","DIGITAF_FLANDERS:5f78f24748152638"
"712","Zw2","tree",2,"Eristalis nemorum","","Jari Vandendriessche & Astrid Van den Bossche","","15' Transect","Ad",1,"Syrphidae","Diptera",50.842518,3.745591,2023-09-05,"syrphids","DIGITAF_FLANDERS:b78acc172dae2ec6"
"713","Zw2","tree",2,"Eristalis tenax","","Jari Vandendriessche & Astrid Van den Bossche","","15' Transect","Ad",1,"Syrphidae","Diptera",50.842518,3.745591,2023-09-05,"syrphids","DIGITAF_FLANDERS:7b3daeb669350467"
"714","Zw2","tree",2,"Eristalis tenax","Taraxacum","Jari Vandendriessche & Astrid Van den Bossche","","15' Transect","Ad",1,"Syrphidae","Diptera",50.842518,3.745591,2023-09-05,"syrphids","DIGITAF_FLANDERS:4f67695fb87e91a5"
"715","Zw2","tree",2,"Ectemnius fossorius","Taraxacum","Augustijn De Ketelaere","F","15' Transect","Ad",1,"Crabronidae","Hymenoptera",50.842518,3.745591,2023-09-05,"wasps","DIGITAF_FLANDERS:f7768959bc66a544"
"716","Zw2","tree",2,"Pieris rapae","Taraxacum","Jari Vandendriessche","","15' Transect","Ad",3,"Pieridae","Lepidoptera",50.842518,3.745591,2023-09-05,"butterflies","DIGITAF_FLANDERS:8b43b0d1b3d1434f"
"717","Zw2","tree",2,"Sphaerophoria scripta","","Jari Vandendriessche & Astrid Van den Bossche","","15' Transect","Ad",1,"Syrphidae","Diptera",50.842518,3.745591,2023-09-05,"syrphids","DIGITAF_FLANDERS:dbd3c7de352a170d"
"718","Zw2","tree",2,"Sphaerophoria scripta","Taraxacum","Jari Vandendriessche & Astrid Van den Bossche","","15' Transect","Ad",1,"Syrphidae","Diptera",50.842518,3.745591,2023-09-05,"syrphids","DIGITAF_FLANDERS:5ebddd1161cd136c"
"719","Zw2","tree",2,"Vanessa atalanta","","Jari Vandendriessche","","15' Transect","Ad",1,"Nymphalidae","Lepidoptera",50.842518,3.745591,2023-09-05,"butterflies","DIGITAF_FLANDERS:0a22a672bb2796d0"
