"","Loc","Type","Spec","Trapnr","Sex","Comments","Method","Det","Stage","Number","Family","Order","Spec_group","lat","lng","date","occurrenceID"
"1","Bo","crop","Trechus quadristriatus",2,"M","","Pitfall","Marc Vankerckvoorde","Ad",1,"Carabidae","Coleoptera","carabid beetles",50.799289554817,4.81360686265912,2023-06-13,"DIGITAF_BIODIVERSITY_FLEMISH_TREEROWS:OCCURRENCE:carabid beetles:Pitfall:Bo:crop:2023-06-13:1"
"2","Bo","crop","Bembidion tetracolum",2,"F","","Pitfall","Marc Vankerckvoorde","Ad",2,"Carabidae","Coleoptera","carabid beetles",50.799289554817,4.81360686265912,2023-06-13,"DIGITAF_BIODIVERSITY_FLEMISH_TREEROWS:OCCURRENCE:carabid beetles:Pitfall:Bo:crop:2023-06-13:2"
"3","Bo","crop","Lasius niger",2,"F","","Pitfall","Wouter Dekoninck","Ad",1,"Formicidae","Hymenoptera","ants",50.799289554817,4.81360686265912,2023-06-13,"DIGITAF_BIODIVERSITY_FLEMISH_TREEROWS:OCCURRENCE:ants:Pitfall:Bo:crop:2023-06-13:3"
"4","Bo","crop","Bembidion lampros",2,"M","","Pitfall","Marc Vankerckvoorde","Ad",2,"Carabidae","Coleoptera","carabid beetles",50.799289554817,4.81360686265912,2023-06-13,"DIGITAF_BIODIVERSITY_FLEMISH_TREEROWS:OCCURRENCE:carabid beetles:Pitfall:Bo:crop:2023-06-13:4"
"5","Bo","crop","Drassyllus lutetianus",1,"M","","Pitfall","Johan Van Keer","Ad",1,"Gnaphosidae","Araneae","spiders",50.799289554817,4.81360686265912,2023-06-13,"DIGITAF_BIODIVERSITY_FLEMISH_TREEROWS:OCCURRENCE:spiders:Pitfall:Bo:crop:2023-06-13:5"
"6","Bo","crop","Aleocharinae spec.",1,"","","Pitfall","Marc Vankerckvoorde","Ad",6,"Staphylinidae","Coleoptera","staphylinid beetles",50.799289554817,4.81360686265912,2023-06-13,"DIGITAF_BIODIVERSITY_FLEMISH_TREEROWS:OCCURRENCE:staphylinid beetles:Pitfall:Bo:crop:2023-06-13:6"
"7","Bo","crop","Tachinus rufipes",2,"","","Pitfall","Marc Vankerckvoorde","Ad",1,"Staphylinidae","Coleoptera","staphylinid beetles",50.799289554817,4.81360686265912,2023-06-13,"DIGITAF_BIODIVERSITY_FLEMISH_TREEROWS:OCCURRENCE:staphylinid beetles:Pitfall:Bo:crop:2023-06-13:7"
"8","Bo","crop","Polydesmus inconstans",2,"M","","Pitfall","Pallieter De Smedt","Ad",1,"Polydesmidae","Polydesmida","millipedes",50.799289554817,4.81360686265912,2023-06-13,"DIGITAF_BIODIVERSITY_FLEMISH_TREEROWS:OCCURRENCE:millipedes:Pitfall:Bo:crop:2023-06-13:8"
"9","Bo","crop","Gabrius spec.",2,"F","","Pitfall","Marc Vankerckvoorde","Ad",1,"Staphylinidae","Coleoptera","staphylinid beetles",50.799289554817,4.81360686265912,2023-06-13,"DIGITAF_BIODIVERSITY_FLEMISH_TREEROWS:OCCURRENCE:staphylinid beetles:Pitfall:Bo:crop:2023-06-13:9"
"10","Bo","crop","Pachygnatha degeeri",2,"M","","Pitfall","Johan Van Keer","Ad",1,"Tetragnathidae","Araneae","spiders",50.799289554817,4.81360686265912,2023-06-13,"DIGITAF_BIODIVERSITY_FLEMISH_TREEROWS:OCCURRENCE:spiders:Pitfall:Bo:crop:2023-06-13:10"
"11","Bo","crop","Tenuiphantes tenuis",2,"M","","Pitfall","Johan Van Keer","Ad",2,"Linyphiidae","Araneae","spiders",50.799289554817,4.81360686265912,2023-06-13,"DIGITAF_BIODIVERSITY_FLEMISH_TREEROWS:OCCURRENCE:spiders:Pitfall:Bo:crop:2023-06-13:11"
"12","Bo","crop","Aleochara bipustulata",1,"","","Pitfall","Marc Vankerckvoorde","Ad",1,"Staphylinidae","Coleoptera","staphylinid beetles",50.799289554817,4.81360686265912,2023-06-13,"DIGITAF_BIODIVERSITY_FLEMISH_TREEROWS:OCCURRENCE:staphylinid beetles:Pitfall:Bo:crop:2023-06-13:12"
"13","Bo","crop","Lasius fuliginosus",2,"F","","Pitfall","Wouter Dekoninck","Ad",3,"Formicidae","Hymenoptera","ants",50.799289554817,4.81360686265912,2023-06-13,"DIGITAF_BIODIVERSITY_FLEMISH_TREEROWS:OCCURRENCE:ants:Pitfall:Bo:crop:2023-06-13:13"
"14","Bo","crop","Polydesmus coriaceus",1,"F","","Pitfall","Pallieter De Smedt","Ad",1,"Polydesmidae","Polydesmida","millipedes",50.799289554817,4.81360686265912,2023-06-13,"DIGITAF_BIODIVERSITY_FLEMISH_TREEROWS:OCCURRENCE:millipedes:Pitfall:Bo:crop:2023-06-13:14"
"15","Bo","crop","Loricera pilicornis",2,"M","","Pitfall","Marc Vankerckvoorde","Ad",1,"Carabidae","Coleoptera","carabid beetles",50.799289554817,4.81360686265912,2023-06-13,"DIGITAF_BIODIVERSITY_FLEMISH_TREEROWS:OCCURRENCE:carabid beetles:Pitfall:Bo:crop:2023-06-13:15"
"16","Bo","crop","Tachyporus hypnorum",1,"","","Pitfall","Marc Vankerckvoorde","Ad",2,"Staphylinidae","Coleoptera","staphylinid beetles",50.799289554817,4.81360686265912,2023-06-13,"DIGITAF_BIODIVERSITY_FLEMISH_TREEROWS:OCCURRENCE:staphylinid beetles:Pitfall:Bo:crop:2023-06-13:16"
"17","Bo","crop","Tenuiphantes tenuis",1,"F","","Pitfall","Johan Van Keer","Ad",1,"Linyphiidae","Araneae","spiders",50.799289554817,4.81360686265912,2023-06-13,"DIGITAF_BIODIVERSITY_FLEMISH_TREEROWS:OCCURRENCE:spiders:Pitfall:Bo:crop:2023-06-13:17"
"18","Bo","crop","Philonthus splendens",2,"","","Pitfall","Marc Vankerckvoorde","Ad",1,"Staphylinidae","Coleoptera","staphylinid beetles",50.799289554817,4.81360686265912,2023-06-13,"DIGITAF_BIODIVERSITY_FLEMISH_TREEROWS:OCCURRENCE:staphylinid beetles:Pitfall:Bo:crop:2023-06-13:18"
"19","Bo","crop","Diplocephalus graecus",2,"M","","Pitfall","Johan Van Keer","Ad",1,"Linyphiidae","Araneae","spiders",50.799289554817,4.81360686265912,2023-06-13,"DIGITAF_BIODIVERSITY_FLEMISH_TREEROWS:OCCURRENCE:spiders:Pitfall:Bo:crop:2023-06-13:19"
"20","Bo","crop","Bembidion obtusum",2,"M","","Pitfall","Marc Vankerckvoorde","Ad",1,"Carabidae","Coleoptera","carabid beetles",50.799289554817,4.81360686265912,2023-06-13,"DIGITAF_BIODIVERSITY_FLEMISH_TREEROWS:OCCURRENCE:carabid beetles:Pitfall:Bo:crop:2023-06-13:20"
"21","Bo","crop","Trechus quadristriatus",2,"F","","Pitfall","Marc Vankerckvoorde","Ad",1,"Carabidae","Coleoptera","carabid beetles",50.799289554817,4.81360686265912,2023-06-13,"DIGITAF_BIODIVERSITY_FLEMISH_TREEROWS:OCCURRENCE:carabid beetles:Pitfall:Bo:crop:2023-06-13:21"
"22","Bo","crop","Anotylus insecatus",1,"","","Pitfall","Marc Vankerckvoorde","Ad",1,"Staphylinidae","Coleoptera","staphylinid beetles",50.799289554817,4.81360686265912,2023-06-13,"DIGITAF_BIODIVERSITY_FLEMISH_TREEROWS:OCCURRENCE:staphylinid beetles:Pitfall:Bo:crop:2023-06-13:22"
"23","Bo","crop","Demetrias atricapillus",2,"F","","Pitfall","Marc Vankerckvoorde","Ad",3,"Carabidae","Coleoptera","carabid beetles",50.799289554817,4.81360686265912,2023-06-13,"DIGITAF_BIODIVERSITY_FLEMISH_TREEROWS:OCCURRENCE:carabid beetles:Pitfall:Bo:crop:2023-06-13:23"
"24","Bo","crop","Xantholinus longiventris",2,"","","Pitfall","Marc Vankerckvoorde","Ad",2,"Staphylinidae","Coleoptera","staphylinid beetles",50.799289554817,4.81360686265912,2023-06-13,"DIGITAF_BIODIVERSITY_FLEMISH_TREEROWS:OCCURRENCE:staphylinid beetles:Pitfall:Bo:crop:2023-06-13:24"
"25","Bo","crop","Aleocharinae spec.",2,"","","Pitfall","Marc Vankerckvoorde","Ad",9,"Staphylinidae","Coleoptera","staphylinid beetles",50.799289554817,4.81360686265912,2023-06-13,"DIGITAF_BIODIVERSITY_FLEMISH_TREEROWS:OCCURRENCE:staphylinid beetles:Pitfall:Bo:crop:2023-06-13:25"
"26","Bo","crop","Tenuiphantes tenuis",2,"F","","Pitfall","Johan Van Keer","Ad",2,"Linyphiidae","Araneae","spiders",50.799289554817,4.81360686265912,2023-06-13,"DIGITAF_BIODIVERSITY_FLEMISH_TREEROWS:OCCURRENCE:spiders:Pitfall:Bo:crop:2023-06-13:26"
"27","Bo","crop","Polydesmus inconstans",2,"F","","Pitfall","Pallieter De Smedt","Ad",2,"Polydesmidae","Polydesmida","millipedes",50.799289554817,4.81360686265912,2023-06-13,"DIGITAF_BIODIVERSITY_FLEMISH_TREEROWS:OCCURRENCE:millipedes:Pitfall:Bo:crop:2023-06-13:27"
"28","Bo","crop","Brachyiulus pusillus",2,"F","","Pitfall","Pallieter De Smedt","Ad",1,"Julidae","Julida","millipedes",50.799289554817,4.81360686265912,2023-06-13,"DIGITAF_BIODIVERSITY_FLEMISH_TREEROWS:OCCURRENCE:millipedes:Pitfall:Bo:crop:2023-06-13:28"
"29","Bo","crop","Anotylus rugosus",2,"","","Pitfall","Marc Vankerckvoorde","Ad",5,"Staphylinidae","Coleoptera","staphylinid beetles",50.799289554817,4.81360686265912,2023-06-13,"DIGITAF_BIODIVERSITY_FLEMISH_TREEROWS:OCCURRENCE:staphylinid beetles:Pitfall:Bo:crop:2023-06-13:29"
"30","Bo","crop","Coprophilus striatulus",2,"","","Pitfall","Marc Vankerckvoorde","Ad",1,"Staphylinidae","Coleoptera","staphylinid beetles",50.799289554817,4.81360686265912,2023-06-13,"DIGITAF_BIODIVERSITY_FLEMISH_TREEROWS:OCCURRENCE:staphylinid beetles:Pitfall:Bo:crop:2023-06-13:30"
"31","Bo","crop","Anotylus insecatus",2,"","","Pitfall","Marc Vankerckvoorde","Ad",3,"Staphylinidae","Coleoptera","staphylinid beetles",50.799289554817,4.81360686265912,2023-06-13,"DIGITAF_BIODIVERSITY_FLEMISH_TREEROWS:OCCURRENCE:staphylinid beetles:Pitfall:Bo:crop:2023-06-13:31"
"32","Bo","crop","Amara aenea",2,"F","","Pitfall","Marc Vankerckvoorde","Ad",1,"Carabidae","Coleoptera","carabid beetles",50.799289554817,4.81360686265912,2023-06-13,"DIGITAF_BIODIVERSITY_FLEMISH_TREEROWS:OCCURRENCE:carabid beetles:Pitfall:Bo:crop:2023-06-13:32"
"33","Bo","crop","Demetrias atricapillus",2,"M","","Pitfall","Marc Vankerckvoorde","Ad",1,"Carabidae","Coleoptera","carabid beetles",50.799289554817,4.81360686265912,2023-06-13,"DIGITAF_BIODIVERSITY_FLEMISH_TREEROWS:OCCURRENCE:carabid beetles:Pitfall:Bo:crop:2023-06-13:33"
"34","Bo","crop","Philonthus laminatus",2,"","","Pitfall","Marc Vankerckvoorde","Ad",2,"Staphylinidae","Coleoptera","staphylinid beetles",50.799289554817,4.81360686265912,2023-06-13,"DIGITAF_BIODIVERSITY_FLEMISH_TREEROWS:OCCURRENCE:staphylinid beetles:Pitfall:Bo:crop:2023-06-13:34"
"35","Bo","crop","Anotylus sculpturatus",2,"","","Pitfall","Marc Vankerckvoorde","Ad",2,"Staphylinidae","Coleoptera","staphylinid beetles",50.799289554817,4.81360686265912,2023-06-13,"DIGITAF_BIODIVERSITY_FLEMISH_TREEROWS:OCCURRENCE:staphylinid beetles:Pitfall:Bo:crop:2023-06-13:35"
"36","Bo","crop","Loricera pilicornis",1,"F","","Pitfall","Marc Vankerckvoorde","Ad",1,"Carabidae","Coleoptera","carabid beetles",50.799289554817,4.81360686265912,2023-06-13,"DIGITAF_BIODIVERSITY_FLEMISH_TREEROWS:OCCURRENCE:carabid beetles:Pitfall:Bo:crop:2023-06-13:36"
"37","Bo","crop","Philonthus carbonarius",2,"","","Pitfall","Marc Vankerckvoorde","Ad",1,"Staphylinidae","Coleoptera","staphylinid beetles",50.799289554817,4.81360686265912,2023-06-13,"DIGITAF_BIODIVERSITY_FLEMISH_TREEROWS:OCCURRENCE:staphylinid beetles:Pitfall:Bo:crop:2023-06-13:37"
"38","Bo","crop","Porrhomma microphthalmum",1,"F","","Pitfall","Johan Van Keer","Ad",1,"Linyphiidae","Araneae","spiders",50.799289554817,4.81360686265912,2023-06-13,"DIGITAF_BIODIVERSITY_FLEMISH_TREEROWS:OCCURRENCE:spiders:Pitfall:Bo:crop:2023-06-13:38"
"39","Bo","crop","Philonthus spec.",2,"F","","Pitfall","Marc Vankerckvoorde","Ad",1,"Staphylinidae","Coleoptera","staphylinid beetles",50.799289554817,4.81360686265912,2023-06-13,"DIGITAF_BIODIVERSITY_FLEMISH_TREEROWS:OCCURRENCE:staphylinid beetles:Pitfall:Bo:crop:2023-06-13:39"
"40","Bo","crop","Lasius brunneus",1,"F","","Pitfall","Wouter Dekoninck","Ad",3,"Formicidae","Hymenoptera","ants",50.799289554817,4.81360686265912,2023-06-13,"DIGITAF_BIODIVERSITY_FLEMISH_TREEROWS:OCCURRENCE:ants:Pitfall:Bo:crop:2023-06-13:40"
"41","Bo","crop","Xysticus cristatus",2,"M","","Pitfall","Johan Van Keer","Ad",1,"Thomisidae","Araneae","spiders",50.799289554817,4.81360686265912,2023-06-13,"DIGITAF_BIODIVERSITY_FLEMISH_TREEROWS:OCCURRENCE:spiders:Pitfall:Bo:crop:2023-06-13:41"
"42","Bo","crop","Pterostichus vernalis",1,"F","","Pitfall","Marc Vankerckvoorde","Ad",1,"Carabidae","Coleoptera","carabid beetles",50.799289554817,4.81360686265912,2023-06-13,"DIGITAF_BIODIVERSITY_FLEMISH_TREEROWS:OCCURRENCE:carabid beetles:Pitfall:Bo:crop:2023-06-13:42"
"43","Bo","crop","Philonthus laminatus",1,"","","Pitfall","Marc Vankerckvoorde","Ad",1,"Staphylinidae","Coleoptera","staphylinid beetles",50.799289554817,4.81360686265912,2023-06-13,"DIGITAF_BIODIVERSITY_FLEMISH_TREEROWS:OCCURRENCE:staphylinid beetles:Pitfall:Bo:crop:2023-06-13:43"
"44","Bo","crop","Tachyporus nitidulus",2,"","","Pitfall","Marc Vankerckvoorde","Ad",1,"Staphylinidae","Coleoptera","staphylinid beetles",50.799289554817,4.81360686265912,2023-06-13,"DIGITAF_BIODIVERSITY_FLEMISH_TREEROWS:OCCURRENCE:staphylinid beetles:Pitfall:Bo:crop:2023-06-13:44"
"45","Bo","crop","Anchomenus dorsalis",2,"M","","Pitfall","Marc Vankerckvoorde","Ad",2,"Carabidae","Coleoptera","carabid beetles",50.799289554817,4.81360686265912,2023-06-13,"DIGITAF_BIODIVERSITY_FLEMISH_TREEROWS:OCCURRENCE:carabid beetles:Pitfall:Bo:crop:2023-06-13:45"
"46","Bo","crtl","Lasius brunneus",2,"F","","Pitfall","Wouter Dekoninck","Ad",1,"Formicidae","Hymenoptera","ants",50.80072,4.812192,2023-06-13,"DIGITAF_BIODIVERSITY_FLEMISH_TREEROWS:OCCURRENCE:ants:Pitfall:Bo:crtl:2023-06-13:46"
"47","Bo","crtl","Philoscia muscorum",1,"","","Pitfall","Pallieter De Smedt","Ad",1,"Philosciidae","Isopoda","woodlice",50.80072,4.812192,2023-06-13,"DIGITAF_BIODIVERSITY_FLEMISH_TREEROWS:OCCURRENCE:woodlice:Pitfall:Bo:crtl:2023-06-13:47"
"48","Bo","crtl","Badister bullatus",2,"F","","Pitfall","Marc Vankerckvoorde","Ad",1,"Carabidae","Coleoptera","carabid beetles",50.80072,4.812192,2023-06-13,"DIGITAF_BIODIVERSITY_FLEMISH_TREEROWS:OCCURRENCE:carabid beetles:Pitfall:Bo:crtl:2023-06-13:48"
"49","Bo","crtl","Drassyllus pusillus",2,"F","","Pitfall","Johan Van Keer","Ad",2,"Gnaphosidae","Araneae","spiders",50.80072,4.812192,2023-06-13,"DIGITAF_BIODIVERSITY_FLEMISH_TREEROWS:OCCURRENCE:spiders:Pitfall:Bo:crtl:2023-06-13:49"
"50","Bo","crtl","Lasius niger",1,"F","","Pitfall","Wouter Dekoninck","Ad",12,"Formicidae","Hymenoptera","ants",50.80072,4.812192,2023-06-13,"DIGITAF_BIODIVERSITY_FLEMISH_TREEROWS:OCCURRENCE:ants:Pitfall:Bo:crtl:2023-06-13:50"
"51","Bo","crtl","Pardosa palustris",2,"F","","Pitfall","Johan Van Keer","Ad",1,"Lycosidae","Araneae","spiders",50.80072,4.812192,2023-06-13,"DIGITAF_BIODIVERSITY_FLEMISH_TREEROWS:OCCURRENCE:spiders:Pitfall:Bo:crtl:2023-06-13:51"
"52","Bo","crtl","Diplostyla concolor",2,"F","","Pitfall","Johan Van Keer","Ad",1,"Linyphiidae","Araneae","spiders",50.80072,4.812192,2023-06-13,"DIGITAF_BIODIVERSITY_FLEMISH_TREEROWS:OCCURRENCE:spiders:Pitfall:Bo:crtl:2023-06-13:52"
"53","Bo","crtl","Diplocephalus graecus",1,"M","","Pitfall","Johan Van Keer","Ad",1,"Linyphiidae","Araneae","spiders",50.80072,4.812192,2023-06-13,"DIGITAF_BIODIVERSITY_FLEMISH_TREEROWS:OCCURRENCE:spiders:Pitfall:Bo:crtl:2023-06-13:53"
"54","Bo","crtl","Trachyzelotes pedestris",1,"F","","Pitfall","Johan Van Keer","Ad",2,"Gnaphosidae","Araneae","spiders",50.80072,4.812192,2023-06-13,"DIGITAF_BIODIVERSITY_FLEMISH_TREEROWS:OCCURRENCE:spiders:Pitfall:Bo:crtl:2023-06-13:54"
"55","Bo","crtl","Tenuiphantes tenuis",2,"M","","Pitfall","Johan Van Keer","Ad",2,"Linyphiidae","Araneae","spiders",50.80072,4.812192,2023-06-13,"DIGITAF_BIODIVERSITY_FLEMISH_TREEROWS:OCCURRENCE:spiders:Pitfall:Bo:crtl:2023-06-13:55"
"56","Bo","crtl","Trachyzelotes pedestris",1,"M","","Pitfall","Johan Van Keer","Ad",11,"Gnaphosidae","Araneae","spiders",50.80072,4.812192,2023-06-13,"DIGITAF_BIODIVERSITY_FLEMISH_TREEROWS:OCCURRENCE:spiders:Pitfall:Bo:crtl:2023-06-13:56"
"57","Bo","crtl","Homalenotus quadridentatus",1,"","","Pitfall","Pallieter De Smedt","Juv",1,"Sclerosomatidae","Opiliones","harvestmen",50.80072,4.812192,2023-06-13,"DIGITAF_BIODIVERSITY_FLEMISH_TREEROWS:OCCURRENCE:harvestmen:Pitfall:Bo:crtl:2023-06-13:57"
"58","Bo","crtl","Harpalus affinis",2,"M","","Pitfall","Marc Vankerckvoorde","Ad",1,"Carabidae","Coleoptera","carabid beetles",50.80072,4.812192,2023-06-13,"DIGITAF_BIODIVERSITY_FLEMISH_TREEROWS:OCCURRENCE:carabid beetles:Pitfall:Bo:crtl:2023-06-13:58"
"59","Bo","crtl","Nebria salina",2,"F","","Pitfall","Marc Vankerckvoorde","Ad",1,"Carabidae","Coleoptera","carabid beetles",50.80072,4.812192,2023-06-13,"DIGITAF_BIODIVERSITY_FLEMISH_TREEROWS:OCCURRENCE:carabid beetles:Pitfall:Bo:crtl:2023-06-13:59"
"60","Bo","crtl","Nebria salina",2,"M","","Pitfall","Marc Vankerckvoorde","Ad",1,"Carabidae","Coleoptera","carabid beetles",50.80072,4.812192,2023-06-13,"DIGITAF_BIODIVERSITY_FLEMISH_TREEROWS:OCCURRENCE:carabid beetles:Pitfall:Bo:crtl:2023-06-13:60"
"61","Bo","crtl","Drassyllus lutetianus",1,"M","","Pitfall","Johan Van Keer","Ad",1,"Gnaphosidae","Araneae","spiders",50.80072,4.812192,2023-06-13,"DIGITAF_BIODIVERSITY_FLEMISH_TREEROWS:OCCURRENCE:spiders:Pitfall:Bo:crtl:2023-06-13:61"
"62","Bo","crtl","Trachyzelotes pedestris",2,"F","","Pitfall","Johan Van Keer","Ad",2,"Gnaphosidae","Araneae","spiders",50.80072,4.812192,2023-06-13,"DIGITAF_BIODIVERSITY_FLEMISH_TREEROWS:OCCURRENCE:spiders:Pitfall:Bo:crtl:2023-06-13:62"
"63","Bo","crtl","Lasius brunneus",2,"M","","Pitfall","Wouter Dekoninck","Ad",1,"Formicidae","Hymenoptera","ants",50.80072,4.812192,2023-06-13,"DIGITAF_BIODIVERSITY_FLEMISH_TREEROWS:OCCURRENCE:ants:Pitfall:Bo:crtl:2023-06-13:63"
"64","Bo","crtl","Lasius fuliginosus",2,"F","","Pitfall","Wouter Dekoninck","Ad",1,"Formicidae","Hymenoptera","ants",50.80072,4.812192,2023-06-13,"DIGITAF_BIODIVERSITY_FLEMISH_TREEROWS:OCCURRENCE:ants:Pitfall:Bo:crtl:2023-06-13:64"
"65","Bo","crtl","Drassyllus pusillus",2,"M","","Pitfall","Johan Van Keer","Ad",3,"Gnaphosidae","Araneae","spiders",50.80072,4.812192,2023-06-13,"DIGITAF_BIODIVERSITY_FLEMISH_TREEROWS:OCCURRENCE:spiders:Pitfall:Bo:crtl:2023-06-13:65"
"66","Bo","crtl","Diplostyla concolor",1,"M","","Pitfall","Johan Van Keer","Ad",1,"Linyphiidae","Araneae","spiders",50.80072,4.812192,2023-06-13,"DIGITAF_BIODIVERSITY_FLEMISH_TREEROWS:OCCURRENCE:spiders:Pitfall:Bo:crtl:2023-06-13:66"
"67","Bo","crtl","Trachyzelotes pedestris",2,"M","","Pitfall","Johan Van Keer","Ad",9,"Gnaphosidae","Araneae","spiders",50.80072,4.812192,2023-06-13,"DIGITAF_BIODIVERSITY_FLEMISH_TREEROWS:OCCURRENCE:spiders:Pitfall:Bo:crtl:2023-06-13:67"
"68","Bo","crtl","Euophrys frontalis",2,"M","","Pitfall","Johan Van Keer","Ad",1,"Salticidae","Araneae","spiders",50.80072,4.812192,2023-06-13,"DIGITAF_BIODIVERSITY_FLEMISH_TREEROWS:OCCURRENCE:spiders:Pitfall:Bo:crtl:2023-06-13:68"
"69","Bo","crtl","Armadillidium vulgare",2,"","","Pitfall","Pallieter De Smedt","Ad",29,"Armadillidiidae","Isopoda","woodlice",50.80072,4.812192,2023-06-13,"DIGITAF_BIODIVERSITY_FLEMISH_TREEROWS:OCCURRENCE:woodlice:Pitfall:Bo:crtl:2023-06-13:69"
"70","Bo","crtl","Drassyllus pusillus",1,"M","","Pitfall","Johan Van Keer","Ad",1,"Gnaphosidae","Araneae","spiders",50.80072,4.812192,2023-06-13,"DIGITAF_BIODIVERSITY_FLEMISH_TREEROWS:OCCURRENCE:spiders:Pitfall:Bo:crtl:2023-06-13:70"
"71","Bo","crtl","Anchomenus dorsalis",2,"F","","Pitfall","Marc Vankerckvoorde","Ad",1,"Carabidae","Coleoptera","carabid beetles",50.80072,4.812192,2023-06-13,"DIGITAF_BIODIVERSITY_FLEMISH_TREEROWS:OCCURRENCE:carabid beetles:Pitfall:Bo:crtl:2023-06-13:71"
"72","Bo","crtl","Drassyllus lutetianus",2,"F","","Pitfall","Johan Van Keer","Ad",1,"Gnaphosidae","Araneae","spiders",50.80072,4.812192,2023-06-13,"DIGITAF_BIODIVERSITY_FLEMISH_TREEROWS:OCCURRENCE:spiders:Pitfall:Bo:crtl:2023-06-13:72"
"73","Bo","crtl","Anotylus insecatus",2,"","","Pitfall","Marc Vankerckvoorde","Ad",1,"Staphylinidae","Coleoptera","staphylinid beetles",50.80072,4.812192,2023-06-13,"DIGITAF_BIODIVERSITY_FLEMISH_TREEROWS:OCCURRENCE:staphylinid beetles:Pitfall:Bo:crtl:2023-06-13:73"
"74","Bo","crtl","Phrurolithus festivus",1,"M","","Pitfall","Johan Van Keer","Ad",2,"Phrurolithidae","Araneae","spiders",50.80072,4.812192,2023-06-13,"DIGITAF_BIODIVERSITY_FLEMISH_TREEROWS:OCCURRENCE:spiders:Pitfall:Bo:crtl:2023-06-13:74"
"75","Bo","crtl","Armadillidium vulgare",1,"","","Pitfall","Pallieter De Smedt","Ad",8,"Armadillidiidae","Isopoda","woodlice",50.80072,4.812192,2023-06-13,"DIGITAF_BIODIVERSITY_FLEMISH_TREEROWS:OCCURRENCE:woodlice:Pitfall:Bo:crtl:2023-06-13:75"
"76","Bo","crtl","Lasius niger",2,"F","","Pitfall","Wouter Dekoninck","Ad",1,"Formicidae","Hymenoptera","ants",50.80072,4.812192,2023-06-13,"DIGITAF_BIODIVERSITY_FLEMISH_TREEROWS:OCCURRENCE:ants:Pitfall:Bo:crtl:2023-06-13:76"
"77","Bo","crtl","Phalangium opilio",2,"","","Pitfall","Pallieter De Smedt","Juv",1,"Phalangiidae","Opiliones","harvestmen",50.80072,4.812192,2023-06-13,"DIGITAF_BIODIVERSITY_FLEMISH_TREEROWS:OCCURRENCE:harvestmen:Pitfall:Bo:crtl:2023-06-13:77"
"78","Bo","crtl","Piratula latitans",2,"F","","Pitfall","Johan Van Keer","Ad",1,"Lycosidae","Araneae","spiders",50.80072,4.812192,2023-06-13,"DIGITAF_BIODIVERSITY_FLEMISH_TREEROWS:OCCURRENCE:spiders:Pitfall:Bo:crtl:2023-06-13:78"
"79","Bo","crtl","Tenuiphantes tenuis",2,"F","","Pitfall","Léon Baert","Ad",1,"Linyphiidae","Araneae","spiders",50.80072,4.812192,2023-06-13,"DIGITAF_BIODIVERSITY_FLEMISH_TREEROWS:OCCURRENCE:spiders:Pitfall:Bo:crtl:2023-06-13:79"
"80","Bo","tree","Philoscia muscorum",2,"","","Pitfall","Pallieter De Smedt","Ad",65,"Philosciidae","Isopoda","woodlice",50.798534,4.814494,2023-06-13,"DIGITAF_BIODIVERSITY_FLEMISH_TREEROWS:OCCURRENCE:woodlice:Pitfall:Bo:tree:2023-06-13:80"
"81","Bo","tree","Lasius brunneus",2,"F","","Pitfall","Wouter Dekoninck","Ad",1,"Formicidae","Hymenoptera","ants",50.798534,4.814494,2023-06-13,"DIGITAF_BIODIVERSITY_FLEMISH_TREEROWS:OCCURRENCE:ants:Pitfall:Bo:tree:2023-06-13:81"
"82","Bo","tree","Porcellio scaber",2,"","","Pitfall","Pallieter De Smedt","Ad",13,"Porcellionidae","Isopoda","woodlice",50.798534,4.814494,2023-06-13,"DIGITAF_BIODIVERSITY_FLEMISH_TREEROWS:OCCURRENCE:woodlice:Pitfall:Bo:tree:2023-06-13:82"
"83","Bo","tree","Phrurolithus festivus",2,"M","","Pitfall","Léon Baert","Ad",1,"Phrurolithidae","Araneae","spiders",50.798534,4.814494,2023-06-13,"DIGITAF_BIODIVERSITY_FLEMISH_TREEROWS:OCCURRENCE:spiders:Pitfall:Bo:tree:2023-06-13:83"
"84","Bo","tree","Phrurolithus festivus",2,"F","","Pitfall","Johan Van Keer","Ad",1,"Phrurolithidae","Araneae","spiders",50.798534,4.814494,2023-06-13,"DIGITAF_BIODIVERSITY_FLEMISH_TREEROWS:OCCURRENCE:spiders:Pitfall:Bo:tree:2023-06-13:84"
"85","Bo","tree","Phrurolithus festivus",2,"M","","Pitfall","Johan Van Keer","Ad",1,"Phrurolithidae","Araneae","spiders",50.798534,4.814494,2023-06-13,"DIGITAF_BIODIVERSITY_FLEMISH_TREEROWS:OCCURRENCE:spiders:Pitfall:Bo:tree:2023-06-13:85"
"86","Bo","tree","Pardosa pullata",2,"F","","Pitfall","Johan Van Keer","Ad",1,"Lycosidae","Araneae","spiders",50.798534,4.814494,2023-06-13,"DIGITAF_BIODIVERSITY_FLEMISH_TREEROWS:OCCURRENCE:spiders:Pitfall:Bo:tree:2023-06-13:86"
"87","Bo","tree","Phrurolithus festivus",1,"M","","Pitfall","Johan Van Keer","Ad",3,"Phrurolithidae","Araneae","spiders",50.798534,4.814494,2023-06-13,"DIGITAF_BIODIVERSITY_FLEMISH_TREEROWS:OCCURRENCE:spiders:Pitfall:Bo:tree:2023-06-13:87"
"88","Bo","tree","Rugilus subtilis",1,"","","Pitfall","Marc Vankerckvoorde","Ad",1,"Staphylinidae","Coleoptera","staphylinid beetles",50.798534,4.814494,2023-06-13,"DIGITAF_BIODIVERSITY_FLEMISH_TREEROWS:OCCURRENCE:staphylinid beetles:Pitfall:Bo:tree:2023-06-13:88"
"89","Bo","tree","Ozyptila praticola",2,"M","","Pitfall","Johan Van Keer","Ad",2,"Thomisidae","Araneae","spiders",50.798534,4.814494,2023-06-13,"DIGITAF_BIODIVERSITY_FLEMISH_TREEROWS:OCCURRENCE:spiders:Pitfall:Bo:tree:2023-06-13:89"
"90","Bo","tree","Anchomenus dorsalis",2,"F","","Pitfall","Marc Vankerckvoorde","Ad",1,"Carabidae","Coleoptera","carabid beetles",50.798534,4.814494,2023-06-13,"DIGITAF_BIODIVERSITY_FLEMISH_TREEROWS:OCCURRENCE:carabid beetles:Pitfall:Bo:tree:2023-06-13:90"
"91","Bo","tree","Bembidion tetracolum",1,"F","","Pitfall","Marc Vankerckvoorde","Ad",2,"Carabidae","Coleoptera","carabid beetles",50.798534,4.814494,2023-06-13,"DIGITAF_BIODIVERSITY_FLEMISH_TREEROWS:OCCURRENCE:carabid beetles:Pitfall:Bo:tree:2023-06-13:91"
"92","Bo","tree","Ballus chalybeius",2,"F","","Pitfall","Johan Van Keer","Ad",1,"Salticidae","Araneae","spiders",50.798534,4.814494,2023-06-13,"DIGITAF_BIODIVERSITY_FLEMISH_TREEROWS:OCCURRENCE:spiders:Pitfall:Bo:tree:2023-06-13:92"
"93","Bo","tree","Lasius fuliginosus",2,"F","","Pitfall","Wouter Dekoninck","Ad",1,"Formicidae","Hymenoptera","ants",50.798534,4.814494,2023-06-13,"DIGITAF_BIODIVERSITY_FLEMISH_TREEROWS:OCCURRENCE:ants:Pitfall:Bo:tree:2023-06-13:93"
"94","Bo","tree","Phrurolithus festivus",1,"F","","Pitfall","Johan Van Keer","Ad",3,"Phrurolithidae","Araneae","spiders",50.798534,4.814494,2023-06-13,"DIGITAF_BIODIVERSITY_FLEMISH_TREEROWS:OCCURRENCE:spiders:Pitfall:Bo:tree:2023-06-13:94"
"95","Bo","tree","Polydesmus coriaceus",1,"F","","Pitfall","Pallieter De Smedt","Ad",1,"Polydesmidae","Polydesmida","millipedes",50.798534,4.814494,2023-06-13,"DIGITAF_BIODIVERSITY_FLEMISH_TREEROWS:OCCURRENCE:millipedes:Pitfall:Bo:tree:2023-06-13:95"
"96","Bo","tree","Lithobius forficatus",2,"","","Pitfall","Koen Lock","Ad",1,"Lithobiidae","Lithobiomorpha","centipedes",50.798534,4.814494,2023-06-13,"DIGITAF_BIODIVERSITY_FLEMISH_TREEROWS:OCCURRENCE:centipedes:Pitfall:Bo:tree:2023-06-13:96"
"97","Bo","tree","Armadillidium vulgare",2,"","","Pitfall","Pallieter De Smedt","Ad",18,"Armadillidiidae","Isopoda","woodlice",50.798534,4.814494,2023-06-13,"DIGITAF_BIODIVERSITY_FLEMISH_TREEROWS:OCCURRENCE:woodlice:Pitfall:Bo:tree:2023-06-13:97"
"98","Bo","tree","Lasius brunneus",1,"F","","Pitfall","Wouter Dekoninck","Ad",1,"Formicidae","Hymenoptera","ants",50.798534,4.814494,2023-06-13,"DIGITAF_BIODIVERSITY_FLEMISH_TREEROWS:OCCURRENCE:ants:Pitfall:Bo:tree:2023-06-13:98"
"99","Bo","tree","Lasius fuliginosus",1,"F","","Pitfall","Wouter Dekoninck","Ad",1,"Formicidae","Hymenoptera","ants",50.798534,4.814494,2023-06-13,"DIGITAF_BIODIVERSITY_FLEMISH_TREEROWS:OCCURRENCE:ants:Pitfall:Bo:tree:2023-06-13:99"
"100","Bo","tree","Trachyzelotes pedestris",1,"M","","Pitfall","Johan Van Keer","Ad",8,"Gnaphosidae","Araneae","spiders",50.798534,4.814494,2023-06-13,"DIGITAF_BIODIVERSITY_FLEMISH_TREEROWS:OCCURRENCE:spiders:Pitfall:Bo:tree:2023-06-13:100"
"101","Bo","tree","Lasius niger",2,"F","","Pitfall","Wouter Dekoninck","Ad",17,"Formicidae","Hymenoptera","ants",50.798534,4.814494,2023-06-13,"DIGITAF_BIODIVERSITY_FLEMISH_TREEROWS:OCCURRENCE:ants:Pitfall:Bo:tree:2023-06-13:101"
"102","Bo","tree","Lasius platythorax",1,"F","","Pitfall","Wouter Dekoninck","Ad",1,"Formicidae","Hymenoptera","ants",50.798534,4.814494,2023-06-13,"DIGITAF_BIODIVERSITY_FLEMISH_TREEROWS:OCCURRENCE:ants:Pitfall:Bo:tree:2023-06-13:102"
"103","Bo","tree","Lasius niger",1,"F","","Pitfall","Wouter Dekoninck","Ad",29,"Formicidae","Hymenoptera","ants",50.798534,4.814494,2023-06-13,"DIGITAF_BIODIVERSITY_FLEMISH_TREEROWS:OCCURRENCE:ants:Pitfall:Bo:tree:2023-06-13:103"
"104","Bo","tree","Trochosa terricola",2,"F","","Pitfall","Johan Van Keer","Ad",1,"Lycosidae","Araneae","spiders",50.798534,4.814494,2023-06-13,"DIGITAF_BIODIVERSITY_FLEMISH_TREEROWS:OCCURRENCE:spiders:Pitfall:Bo:tree:2023-06-13:104"
"105","Bo","tree","Poecilus versicolor",2,"F","","Pitfall","Marc Vankerckvoorde","Ad",1,"Carabidae","Coleoptera","carabid beetles",50.798534,4.814494,2023-06-13,"DIGITAF_BIODIVERSITY_FLEMISH_TREEROWS:OCCURRENCE:carabid beetles:Pitfall:Bo:tree:2023-06-13:105"
"106","Bo","tree","Anchomenus dorsalis",1,"F","","Pitfall","Marc Vankerckvoorde","Ad",4,"Carabidae","Coleoptera","carabid beetles",50.798534,4.814494,2023-06-13,"DIGITAF_BIODIVERSITY_FLEMISH_TREEROWS:OCCURRENCE:carabid beetles:Pitfall:Bo:tree:2023-06-13:106"
"107","Bo","tree","Amara similata",1,"F","","Pitfall","Marc Vankerckvoorde","Ad",1,"Carabidae","Coleoptera","carabid beetles",50.798534,4.814494,2023-06-13,"DIGITAF_BIODIVERSITY_FLEMISH_TREEROWS:OCCURRENCE:carabid beetles:Pitfall:Bo:tree:2023-06-13:107"
"108","Bo","tree","Trachyzelotes pedestris",1,"F","","Pitfall","Johan Van Keer","Ad",4,"Gnaphosidae","Araneae","spiders",50.798534,4.814494,2023-06-13,"DIGITAF_BIODIVERSITY_FLEMISH_TREEROWS:OCCURRENCE:spiders:Pitfall:Bo:tree:2023-06-13:108"
"109","Bo","tree","Haplodrassus silvestris",1,"F","","Pitfall","Johan Van Keer","Ad",1,"Gnaphosidae","Araneae","spiders",50.798534,4.814494,2023-06-13,"DIGITAF_BIODIVERSITY_FLEMISH_TREEROWS:OCCURRENCE:spiders:Pitfall:Bo:tree:2023-06-13:109"
"110","Bo","tree","Lithobius microps",2,"","","Pitfall","Koen Lock","Ad",1,"Lithobiidae","Lithobiomorpha","centipedes",50.798534,4.814494,2023-06-13,"DIGITAF_BIODIVERSITY_FLEMISH_TREEROWS:OCCURRENCE:centipedes:Pitfall:Bo:tree:2023-06-13:110"
"111","Bo","tree","Polydesmus inconstans",2,"M","","Pitfall","Pallieter De Smedt","Ad",2,"Polydesmidae","Polydesmida","millipedes",50.798534,4.814494,2023-06-13,"DIGITAF_BIODIVERSITY_FLEMISH_TREEROWS:OCCURRENCE:millipedes:Pitfall:Bo:tree:2023-06-13:111"
"112","Bo","tree","Brachydesmus superus",2,"F","","Pitfall","Pallieter De Smedt","Ad",1,"Polydesmidae","Polydesmida","millipedes",50.798534,4.814494,2023-06-13,"DIGITAF_BIODIVERSITY_FLEMISH_TREEROWS:OCCURRENCE:millipedes:Pitfall:Bo:tree:2023-06-13:112"
"113","Bo","tree","Panagaeus cruxmajor",1,"M","","Pitfall","Marc Vankerckvoorde","Ad",1,"Carabidae","Coleoptera","carabid beetles",50.798534,4.814494,2023-06-13,"DIGITAF_BIODIVERSITY_FLEMISH_TREEROWS:OCCURRENCE:carabid beetles:Pitfall:Bo:tree:2023-06-13:113"
"114","Bo1","crtl","Pterostichus melanarius",2,"M","","Pitfall","Marc Vankerckvoorde","Ad",1,"Carabidae","Coleoptera","carabid beetles",50.830734,4.813417,2023-06-13,"DIGITAF_BIODIVERSITY_FLEMISH_TREEROWS:OCCURRENCE:carabid beetles:Pitfall:Bo1:crtl:2023-06-13:114"
"115","Bo1","crtl","Polydesmus coriaceus",2,"F","","Pitfall","Pallieter De Smedt","Ad",2,"Polydesmidae","Polydesmida","millipedes",50.830734,4.813417,2023-06-13,"DIGITAF_BIODIVERSITY_FLEMISH_TREEROWS:OCCURRENCE:millipedes:Pitfall:Bo1:crtl:2023-06-13:115"
"116","Bo1","crtl","Poecilus cupreus",1,"F","","Pitfall","Marc Vankerckvoorde","Ad",10,"Carabidae","Coleoptera","carabid beetles",50.830734,4.813417,2023-06-13,"DIGITAF_BIODIVERSITY_FLEMISH_TREEROWS:OCCURRENCE:carabid beetles:Pitfall:Bo1:crtl:2023-06-13:116"
"117","Bo1","crtl","Poecilus versicolor",1,"M","","Pitfall","Marc Vankerckvoorde","Ad",2,"Carabidae","Coleoptera","carabid beetles",50.830734,4.813417,2023-06-13,"DIGITAF_BIODIVERSITY_FLEMISH_TREEROWS:OCCURRENCE:carabid beetles:Pitfall:Bo1:crtl:2023-06-13:117"
"118","Bo1","crtl","Amara communis",1,"M","","Pitfall","Marc Vankerckvoorde","Ad",1,"Carabidae","Coleoptera","carabid beetles",50.830734,4.813417,2023-06-13,"DIGITAF_BIODIVERSITY_FLEMISH_TREEROWS:OCCURRENCE:carabid beetles:Pitfall:Bo1:crtl:2023-06-13:118"
"119","Bo1","crtl","Poecilus cupreus",2,"M","","Pitfall","Marc Vankerckvoorde","Ad",8,"Carabidae","Coleoptera","carabid beetles",50.830734,4.813417,2023-06-13,"DIGITAF_BIODIVERSITY_FLEMISH_TREEROWS:OCCURRENCE:carabid beetles:Pitfall:Bo1:crtl:2023-06-13:119"
"120","Bo1","crtl","Polydesmus coriaceus",2,"M","","Pitfall","Pallieter De Smedt","Ad",3,"Polydesmidae","Polydesmida","millipedes",50.830734,4.813417,2023-06-13,"DIGITAF_BIODIVERSITY_FLEMISH_TREEROWS:OCCURRENCE:millipedes:Pitfall:Bo1:crtl:2023-06-13:120"
"121","Bo1","crtl","Drassyllus lutetianus",1,"F","","Pitfall","Johan Van Keer","Ad",1,"Gnaphosidae","Araneae","spiders",50.830734,4.813417,2023-06-13,"DIGITAF_BIODIVERSITY_FLEMISH_TREEROWS:OCCURRENCE:spiders:Pitfall:Bo1:crtl:2023-06-13:121"
"122","Bo1","crtl","Pardosa palustris",2,"F","","Pitfall","Johan Van Keer","Ad",1,"Lycosidae","Araneae","spiders",50.830734,4.813417,2023-06-13,"DIGITAF_BIODIVERSITY_FLEMISH_TREEROWS:OCCURRENCE:spiders:Pitfall:Bo1:crtl:2023-06-13:122"
"123","Bo1","crtl","Oedothorax apicatus",2,"M","","Pitfall","Johan Van Keer","Ad",1,"Linyphiidae","Araneae","spiders",50.830734,4.813417,2023-06-13,"DIGITAF_BIODIVERSITY_FLEMISH_TREEROWS:OCCURRENCE:spiders:Pitfall:Bo1:crtl:2023-06-13:123"
"124","Bo1","crtl","Loricera pilicornis",1,"F","","Pitfall","Marc Vankerckvoorde","Ad",2,"Carabidae","Coleoptera","carabid beetles",50.830734,4.813417,2023-06-13,"DIGITAF_BIODIVERSITY_FLEMISH_TREEROWS:OCCURRENCE:carabid beetles:Pitfall:Bo1:crtl:2023-06-13:124"
"125","Bo1","crtl","Anisodactylus signatus",1,"F","","Pitfall","Marc Vankerckvoorde","Ad",1,"Carabidae","Coleoptera","carabid beetles",50.830734,4.813417,2023-06-13,"DIGITAF_BIODIVERSITY_FLEMISH_TREEROWS:OCCURRENCE:carabid beetles:Pitfall:Bo1:crtl:2023-06-13:125"
"126","Bo1","crtl","Harpalus rufipes",2,"M","","Pitfall","Marc Vankerckvoorde","Ad",2,"Carabidae","Coleoptera","carabid beetles",50.830734,4.813417,2023-06-13,"DIGITAF_BIODIVERSITY_FLEMISH_TREEROWS:OCCURRENCE:carabid beetles:Pitfall:Bo1:crtl:2023-06-13:126"
"127","Bo1","crtl","Trachyzelotes pedestris",2,"F","","Pitfall","Johan Van Keer","Ad",2,"Gnaphosidae","Araneae","spiders",50.830734,4.813417,2023-06-13,"DIGITAF_BIODIVERSITY_FLEMISH_TREEROWS:OCCURRENCE:spiders:Pitfall:Bo1:crtl:2023-06-13:127"
"128","Bo1","crtl","Oedothorax apicatus",1,"F","","Pitfall","Johan Van Keer","Ad",1,"Linyphiidae","Araneae","spiders",50.830734,4.813417,2023-06-13,"DIGITAF_BIODIVERSITY_FLEMISH_TREEROWS:OCCURRENCE:spiders:Pitfall:Bo1:crtl:2023-06-13:128"
"129","Bo1","crtl","Poecilus versicolor",1,"F","","Pitfall","Marc Vankerckvoorde","Ad",1,"Carabidae","Coleoptera","carabid beetles",50.830734,4.813417,2023-06-13,"DIGITAF_BIODIVERSITY_FLEMISH_TREEROWS:OCCURRENCE:carabid beetles:Pitfall:Bo1:crtl:2023-06-13:129"
"130","Bo1","crtl","Brachyiulus pusillus",1,"M","","Pitfall","Pallieter De Smedt","Ad",1,"Julidae","Julida","millipedes",50.830734,4.813417,2023-06-13,"DIGITAF_BIODIVERSITY_FLEMISH_TREEROWS:OCCURRENCE:millipedes:Pitfall:Bo1:crtl:2023-06-13:130"
"131","Bo1","crtl","Nebria brevicollis",1,"F","","Pitfall","Marc Vankerckvoorde","Ad",1,"Carabidae","Coleoptera","carabid beetles",50.830734,4.813417,2023-06-13,"DIGITAF_BIODIVERSITY_FLEMISH_TREEROWS:OCCURRENCE:carabid beetles:Pitfall:Bo1:crtl:2023-06-13:131"
"132","Bo1","crtl","Drassyllus lutetianus",1,"M","","Pitfall","Johan Van Keer","Ad",6,"Gnaphosidae","Araneae","spiders",50.830734,4.813417,2023-06-13,"DIGITAF_BIODIVERSITY_FLEMISH_TREEROWS:OCCURRENCE:spiders:Pitfall:Bo1:crtl:2023-06-13:132"
"133","Bo1","crtl","Polydesmus inconstans",1,"M","","Pitfall","Pallieter De Smedt","Ad",1,"Polydesmidae","Polydesmida","millipedes",50.830734,4.813417,2023-06-13,"DIGITAF_BIODIVERSITY_FLEMISH_TREEROWS:OCCURRENCE:millipedes:Pitfall:Bo1:crtl:2023-06-13:133"
"134","Bo1","crtl","Pardosa palustris",1,"F","","Pitfall","Johan Van Keer","Ad",1,"Lycosidae","Araneae","spiders",50.830734,4.813417,2023-06-13,"DIGITAF_BIODIVERSITY_FLEMISH_TREEROWS:OCCURRENCE:spiders:Pitfall:Bo1:crtl:2023-06-13:134"
"135","Bo1","crtl","Bathyphantes gracilis",1,"F","","Pitfall","Johan Van Keer","Ad",1,"Linyphiidae","Araneae","spiders",50.830734,4.813417,2023-06-13,"DIGITAF_BIODIVERSITY_FLEMISH_TREEROWS:OCCURRENCE:spiders:Pitfall:Bo1:crtl:2023-06-13:135"
"136","Bo1","crtl","Brachyiulus pusillus",1,"F","","Pitfall","Pallieter De Smedt","Ad",1,"Julidae","Julida","millipedes",50.830734,4.813417,2023-06-13,"DIGITAF_BIODIVERSITY_FLEMISH_TREEROWS:OCCURRENCE:millipedes:Pitfall:Bo1:crtl:2023-06-13:136"
"137","Bo1","crtl","Lasius niger",1,"F","","Pitfall","Wouter Dekoninck","Ad",1,"Formicidae","Hymenoptera","ants",50.830734,4.813417,2023-06-13,"DIGITAF_BIODIVERSITY_FLEMISH_TREEROWS:OCCURRENCE:ants:Pitfall:Bo1:crtl:2023-06-13:137"
"138","Bo1","crtl","Trachyzelotes pedestris",2,"M","","Pitfall","Johan Van Keer","Ad",2,"Gnaphosidae","Araneae","spiders",50.830734,4.813417,2023-06-13,"DIGITAF_BIODIVERSITY_FLEMISH_TREEROWS:OCCURRENCE:spiders:Pitfall:Bo1:crtl:2023-06-13:138"
"139","Bo1","crtl","Pardosa prativaga",2,"M","","Pitfall","Johan Van Keer","Ad",1,"Lycosidae","Araneae","spiders",50.830734,4.813417,2023-06-13,"DIGITAF_BIODIVERSITY_FLEMISH_TREEROWS:OCCURRENCE:spiders:Pitfall:Bo1:crtl:2023-06-13:139"
"140","Bo1","crtl","Harpalus rufipes",1,"F","","Pitfall","Marc Vankerckvoorde","Ad",2,"Carabidae","Coleoptera","carabid beetles",50.830734,4.813417,2023-06-13,"DIGITAF_BIODIVERSITY_FLEMISH_TREEROWS:OCCURRENCE:carabid beetles:Pitfall:Bo1:crtl:2023-06-13:140"
"141","Bo1","crtl","Harpalus rufipes",2,"F","","Pitfall","Marc Vankerckvoorde","Ad",1,"Carabidae","Coleoptera","carabid beetles",50.830734,4.813417,2023-06-13,"DIGITAF_BIODIVERSITY_FLEMISH_TREEROWS:OCCURRENCE:carabid beetles:Pitfall:Bo1:crtl:2023-06-13:141"
"142","Bo1","crtl","Amara aenea",2,"F","","Pitfall","Marc Vankerckvoorde","Ad",3,"Carabidae","Coleoptera","carabid beetles",50.830734,4.813417,2023-06-13,"DIGITAF_BIODIVERSITY_FLEMISH_TREEROWS:OCCURRENCE:carabid beetles:Pitfall:Bo1:crtl:2023-06-13:142"
"143","Bo1","crtl","Nebria salina",1,"F","","Pitfall","Marc Vankerckvoorde","Ad",1,"Carabidae","Coleoptera","carabid beetles",50.830734,4.813417,2023-06-13,"DIGITAF_BIODIVERSITY_FLEMISH_TREEROWS:OCCURRENCE:carabid beetles:Pitfall:Bo1:crtl:2023-06-13:143"
"144","Bo1","crtl","Aleocharinae spec.",1,"","","Pitfall","Marc Vankerckvoorde","Ad",1,"Staphylinidae","Coleoptera","staphylinid beetles",50.830734,4.813417,2023-06-13,"DIGITAF_BIODIVERSITY_FLEMISH_TREEROWS:OCCURRENCE:staphylinid beetles:Pitfall:Bo1:crtl:2023-06-13:144"
"145","Bo1","crtl","Lasius fuliginosus",1,"F","","Pitfall","Wouter Dekoninck","Ad",1,"Formicidae","Hymenoptera","ants",50.830734,4.813417,2023-06-13,"DIGITAF_BIODIVERSITY_FLEMISH_TREEROWS:OCCURRENCE:ants:Pitfall:Bo1:crtl:2023-06-13:145"
"146","Bo1","crtl","Poecilus cupreus",1,"M","","Pitfall","Marc Vankerckvoorde","Ad",5,"Carabidae","Coleoptera","carabid beetles",50.830734,4.813417,2023-06-13,"DIGITAF_BIODIVERSITY_FLEMISH_TREEROWS:OCCURRENCE:carabid beetles:Pitfall:Bo1:crtl:2023-06-13:146"
"147","Bo1","crtl","Phrurolithus festivus",2,"M","","Pitfall","Johan Van Keer","Ad",1,"Phrurolithidae","Araneae","spiders",50.830734,4.813417,2023-06-13,"DIGITAF_BIODIVERSITY_FLEMISH_TREEROWS:OCCURRENCE:spiders:Pitfall:Bo1:crtl:2023-06-13:147"
"148","Bo1","crtl","Poecilus versicolor",2,"M","","Pitfall","Marc Vankerckvoorde","Ad",1,"Carabidae","Coleoptera","carabid beetles",50.830734,4.813417,2023-06-13,"DIGITAF_BIODIVERSITY_FLEMISH_TREEROWS:OCCURRENCE:carabid beetles:Pitfall:Bo1:crtl:2023-06-13:148"
"149","Bo1","crtl","Xysticus cristatus",2,"M","","Pitfall","Johan Van Keer","Ad",1,"Thomisidae","Araneae","spiders",50.830734,4.813417,2023-06-13,"DIGITAF_BIODIVERSITY_FLEMISH_TREEROWS:OCCURRENCE:spiders:Pitfall:Bo1:crtl:2023-06-13:149"
"150","Bo1","crtl","Philonthus cognatus",2,"","","Pitfall","Marc Vankerckvoorde","Ad",2,"Staphylinidae","Coleoptera","staphylinid beetles",50.830734,4.813417,2023-06-13,"DIGITAF_BIODIVERSITY_FLEMISH_TREEROWS:OCCURRENCE:staphylinid beetles:Pitfall:Bo1:crtl:2023-06-13:150"
"151","Bo1","crtl","Polydesmus coriaceus",1,"M","","Pitfall","Pallieter De Smedt","Ad",2,"Polydesmidae","Polydesmida","millipedes",50.830734,4.813417,2023-06-13,"DIGITAF_BIODIVERSITY_FLEMISH_TREEROWS:OCCURRENCE:millipedes:Pitfall:Bo1:crtl:2023-06-13:151"
"152","Bo1","crtl","Trochosa ruricola",2,"M","","Pitfall","Johan Van Keer","Ad",2,"Lycosidae","Araneae","spiders",50.830734,4.813417,2023-06-13,"DIGITAF_BIODIVERSITY_FLEMISH_TREEROWS:OCCURRENCE:spiders:Pitfall:Bo1:crtl:2023-06-13:152"
"153","Bo1","crtl","Harpalus rufipes",1,"M","","Pitfall","Marc Vankerckvoorde","Ad",1,"Carabidae","Coleoptera","carabid beetles",50.830734,4.813417,2023-06-13,"DIGITAF_BIODIVERSITY_FLEMISH_TREEROWS:OCCURRENCE:carabid beetles:Pitfall:Bo1:crtl:2023-06-13:153"
"154","Bo1","crtl","Polydesmus inconstans",2,"F","","Pitfall","Pallieter De Smedt","Ad",1,"Polydesmidae","Polydesmida","millipedes",50.830734,4.813417,2023-06-13,"DIGITAF_BIODIVERSITY_FLEMISH_TREEROWS:OCCURRENCE:millipedes:Pitfall:Bo1:crtl:2023-06-13:154"
"155","Bo1","crtl","Polydesmus inconstans",1,"F","","Pitfall","Pallieter De Smedt","Ad",1,"Polydesmidae","Polydesmida","millipedes",50.830734,4.813417,2023-06-13,"DIGITAF_BIODIVERSITY_FLEMISH_TREEROWS:OCCURRENCE:millipedes:Pitfall:Bo1:crtl:2023-06-13:155"
"156","Bo1","crtl","Trochosa ruricola",1,"M","","Pitfall","Johan Van Keer","Ad",11,"Lycosidae","Araneae","spiders",50.830734,4.813417,2023-06-13,"DIGITAF_BIODIVERSITY_FLEMISH_TREEROWS:OCCURRENCE:spiders:Pitfall:Bo1:crtl:2023-06-13:156"
"157","Bo1","crtl","Polydesmus coriaceus",1,"F","","Pitfall","Pallieter De Smedt","Ad",2,"Polydesmidae","Polydesmida","millipedes",50.830734,4.813417,2023-06-13,"DIGITAF_BIODIVERSITY_FLEMISH_TREEROWS:OCCURRENCE:millipedes:Pitfall:Bo1:crtl:2023-06-13:157"
"158","Bo1","crtl","Pardosa prativaga",1,"M","","Pitfall","Johan Van Keer","Ad",1,"Lycosidae","Araneae","spiders",50.830734,4.813417,2023-06-13,"DIGITAF_BIODIVERSITY_FLEMISH_TREEROWS:OCCURRENCE:spiders:Pitfall:Bo1:crtl:2023-06-13:158"
"159","Bo1","crtl","Pardosa tenuipes",1,"F","","Pitfall","Johan Van Keer","Ad",8,"Lycosidae","Araneae","spiders",50.830734,4.813417,2023-06-13,"DIGITAF_BIODIVERSITY_FLEMISH_TREEROWS:OCCURRENCE:spiders:Pitfall:Bo1:crtl:2023-06-13:159"
"160","Bo1","crtl","Pachygnatha clercki",1,"M","","Pitfall","Johan Van Keer","Ad",1,"Tetragnathidae","Araneae","spiders",50.830734,4.813417,2023-06-13,"DIGITAF_BIODIVERSITY_FLEMISH_TREEROWS:OCCURRENCE:spiders:Pitfall:Bo1:crtl:2023-06-13:160"
"161","Bo1","crtl","Anchomenus dorsalis",1,"F","","Pitfall","Marc Vankerckvoorde","Ad",1,"Carabidae","Coleoptera","carabid beetles",50.830734,4.813417,2023-06-13,"DIGITAF_BIODIVERSITY_FLEMISH_TREEROWS:OCCURRENCE:carabid beetles:Pitfall:Bo1:crtl:2023-06-13:161"
"162","Bo1","crtl","Tenuiphantes tenuis",1,"F","","Pitfall","Johan Van Keer","Ad",1,"Linyphiidae","Araneae","spiders",50.830734,4.813417,2023-06-13,"DIGITAF_BIODIVERSITY_FLEMISH_TREEROWS:OCCURRENCE:spiders:Pitfall:Bo1:crtl:2023-06-13:162"
"163","Bo1","crtl","Anchomenus dorsalis",1,"M","","Pitfall","Marc Vankerckvoorde","Ad",1,"Carabidae","Coleoptera","carabid beetles",50.830734,4.813417,2023-06-13,"DIGITAF_BIODIVERSITY_FLEMISH_TREEROWS:OCCURRENCE:carabid beetles:Pitfall:Bo1:crtl:2023-06-13:163"
"164","Bo1","crtl","Trochosa ruricola",2,"F","","Pitfall","Johan Van Keer","Ad",1,"Lycosidae","Araneae","spiders",50.830734,4.813417,2023-06-13,"DIGITAF_BIODIVERSITY_FLEMISH_TREEROWS:OCCURRENCE:spiders:Pitfall:Bo1:crtl:2023-06-13:164"
"165","Bo1","crtl","Cylindroiulus caeruleocinctus",1,"M","","Pitfall","Pallieter De Smedt","Ad",2,"Julidae","Julida","millipedes",50.830734,4.813417,2023-06-13,"DIGITAF_BIODIVERSITY_FLEMISH_TREEROWS:OCCURRENCE:millipedes:Pitfall:Bo1:crtl:2023-06-13:165"
"166","Bo1","crtl","Poecilus cupreus",2,"F","","Pitfall","Marc Vankerckvoorde","Ad",8,"Carabidae","Coleoptera","carabid beetles",50.830734,4.813417,2023-06-13,"DIGITAF_BIODIVERSITY_FLEMISH_TREEROWS:OCCURRENCE:carabid beetles:Pitfall:Bo1:crtl:2023-06-13:166"
"167","Bo1","crtl","Pardosa tenuipes",2,"F","","Pitfall","Johan Van Keer","Ad",6,"Lycosidae","Araneae","spiders",50.830734,4.813417,2023-06-13,"DIGITAF_BIODIVERSITY_FLEMISH_TREEROWS:OCCURRENCE:spiders:Pitfall:Bo1:crtl:2023-06-13:167"
"168","Bo1","crtl","Cylindroiulus caeruleocinctus",1,"","","Pitfall","Pallieter De Smedt","Juv",1,"Julidae","Julida","millipedes",50.830734,4.813417,2023-06-13,"DIGITAF_BIODIVERSITY_FLEMISH_TREEROWS:OCCURRENCE:millipedes:Pitfall:Bo1:crtl:2023-06-13:168"
"169","Bo1","crtl","Pardosa palustris",2,"M","","Pitfall","Johan Van Keer","Ad",1,"Lycosidae","Araneae","spiders",50.830734,4.813417,2023-06-13,"DIGITAF_BIODIVERSITY_FLEMISH_TREEROWS:OCCURRENCE:spiders:Pitfall:Bo1:crtl:2023-06-13:169"
"170","Bo1","crtl","Pardosa prativaga",1,"F","","Pitfall","Johan Van Keer","Ad",4,"Lycosidae","Araneae","spiders",50.830734,4.813417,2023-06-13,"DIGITAF_BIODIVERSITY_FLEMISH_TREEROWS:OCCURRENCE:spiders:Pitfall:Bo1:crtl:2023-06-13:170"
"171","Bo1","crtl","Pardosa pullata",1,"M","","Pitfall","Johan Van Keer","Ad",1,"Lycosidae","Araneae","spiders",50.830734,4.813417,2023-06-13,"DIGITAF_BIODIVERSITY_FLEMISH_TREEROWS:OCCURRENCE:spiders:Pitfall:Bo1:crtl:2023-06-13:171"
"172","Bo1","crtl","Pardosa pullata",1,"F","","Pitfall","Johan Van Keer","Ad",2,"Lycosidae","Araneae","spiders",50.830734,4.813417,2023-06-13,"DIGITAF_BIODIVERSITY_FLEMISH_TREEROWS:OCCURRENCE:spiders:Pitfall:Bo1:crtl:2023-06-13:172"
"173","Bo1","crtl","Brachyiulus pusillus",2,"M","","Pitfall","Pallieter De Smedt","Ad",2,"Julidae","Julida","millipedes",50.830734,4.813417,2023-06-13,"DIGITAF_BIODIVERSITY_FLEMISH_TREEROWS:OCCURRENCE:millipedes:Pitfall:Bo1:crtl:2023-06-13:173"
"174","Bo1","crtl","Porcellio scaber",1,"","","Pitfall","Pallieter De Smedt","Ad",1,"Porcellionidae","Isopoda","woodlice",50.830734,4.813417,2023-06-13,"DIGITAF_BIODIVERSITY_FLEMISH_TREEROWS:OCCURRENCE:woodlice:Pitfall:Bo1:crtl:2023-06-13:174"
"175","Bo1","tree","Clubiona terrestris",2,"M","","Pitfall","Johan Van Keer","Ad",1,"Clubionidae","Araneae","spiders",50.831448,4.813626,2023-06-13,"DIGITAF_BIODIVERSITY_FLEMISH_TREEROWS:OCCURRENCE:spiders:Pitfall:Bo1:tree:2023-06-13:175"
"176","Bo1","tree","Histopona torpida",2,"M","","Pitfall","Johan Van Keer","Ad",1,"Agelenidae","Araneae","spiders",50.831448,4.813626,2023-06-13,"DIGITAF_BIODIVERSITY_FLEMISH_TREEROWS:OCCURRENCE:spiders:Pitfall:Bo1:tree:2023-06-13:176"
"177","Bo1","tree","Aleocharinae spec.",1,"","","Pitfall","Marc Vankerckvoorde","Ad",1,"Staphylinidae","Coleoptera","staphylinid beetles",50.831448,4.813626,2023-06-13,"DIGITAF_BIODIVERSITY_FLEMISH_TREEROWS:OCCURRENCE:staphylinid beetles:Pitfall:Bo1:tree:2023-06-13:177"
"178","Bo1","tree","Trachyzelotes pedestris",1,"F","","Pitfall","Johan Van Keer","Ad",1,"Gnaphosidae","Araneae","spiders",50.831448,4.813626,2023-06-13,"DIGITAF_BIODIVERSITY_FLEMISH_TREEROWS:OCCURRENCE:spiders:Pitfall:Bo1:tree:2023-06-13:178"
"179","Bo1","tree","Badister bullatus",1,"F","","Pitfall","Marc Vankerckvoorde","Ad",1,"Carabidae","Coleoptera","carabid beetles",50.831448,4.813626,2023-06-13,"DIGITAF_BIODIVERSITY_FLEMISH_TREEROWS:OCCURRENCE:carabid beetles:Pitfall:Bo1:tree:2023-06-13:179"
"180","Bo1","tree","Diplostyla concolor",2,"M","","Pitfall","Johan Van Keer","Ad",1,"Linyphiidae","Araneae","spiders",50.831448,4.813626,2023-06-13,"DIGITAF_BIODIVERSITY_FLEMISH_TREEROWS:OCCURRENCE:spiders:Pitfall:Bo1:tree:2023-06-13:180"
"181","Bo1","tree","Poecilus versicolor",1,"F","","Pitfall","Marc Vankerckvoorde","Ad",1,"Carabidae","Coleoptera","carabid beetles",50.831448,4.813626,2023-06-13,"DIGITAF_BIODIVERSITY_FLEMISH_TREEROWS:OCCURRENCE:carabid beetles:Pitfall:Bo1:tree:2023-06-13:181"
"182","Bo1","tree","Trachyzelotes pedestris",1,"F","","Pitfall","Léon Baert","Ad",2,"Gnaphosidae","Araneae","spiders",50.831448,4.813626,2023-06-13,"DIGITAF_BIODIVERSITY_FLEMISH_TREEROWS:OCCURRENCE:spiders:Pitfall:Bo1:tree:2023-06-13:182"
"183","Bo1","tree","Lasius brunneus",2,"F","","Pitfall","Wouter Dekoninck","Ad",1,"Formicidae","Hymenoptera","ants",50.831448,4.813626,2023-06-13,"DIGITAF_BIODIVERSITY_FLEMISH_TREEROWS:OCCURRENCE:ants:Pitfall:Bo1:tree:2023-06-13:183"
"184","Bo1","tree","Harpalus rufipes",1,"M","","Pitfall","Marc Vankerckvoorde","Ad",1,"Carabidae","Coleoptera","carabid beetles",50.831448,4.813626,2023-06-13,"DIGITAF_BIODIVERSITY_FLEMISH_TREEROWS:OCCURRENCE:carabid beetles:Pitfall:Bo1:tree:2023-06-13:184"
"185","Bo1","tree","Histopona torpida",2,"F","","Pitfall","Johan Van Keer","Ad",1,"Agelenidae","Araneae","spiders",50.831448,4.813626,2023-06-13,"DIGITAF_BIODIVERSITY_FLEMISH_TREEROWS:OCCURRENCE:spiders:Pitfall:Bo1:tree:2023-06-13:185"
"186","Bo1","tree","Philoscia muscorum",2,"","","Pitfall","Pallieter De Smedt","Ad",34,"Philosciidae","Isopoda","woodlice",50.831448,4.813626,2023-06-13,"DIGITAF_BIODIVERSITY_FLEMISH_TREEROWS:OCCURRENCE:woodlice:Pitfall:Bo1:tree:2023-06-13:186"
"187","Bo1","tree","Harpalus affinis",1,"F","","Pitfall","Marc Vankerckvoorde","Ad",1,"Carabidae","Coleoptera","carabid beetles",50.831448,4.813626,2023-06-13,"DIGITAF_BIODIVERSITY_FLEMISH_TREEROWS:OCCURRENCE:carabid beetles:Pitfall:Bo1:tree:2023-06-13:187"
"188","Bo1","tree","Lasius fuliginosus",1,"F","","Pitfall","Wouter Dekoninck","Ad",1,"Formicidae","Hymenoptera","ants",50.831448,4.813626,2023-06-13,"DIGITAF_BIODIVERSITY_FLEMISH_TREEROWS:OCCURRENCE:ants:Pitfall:Bo1:tree:2023-06-13:188"
"189","Bo1","tree","Lithobius forficatus",2,"","","Pitfall","Koen Lock","Ad",1,"Lithobiidae","Lithobiomorpha","centipedes",50.831448,4.813626,2023-06-13,"DIGITAF_BIODIVERSITY_FLEMISH_TREEROWS:OCCURRENCE:centipedes:Pitfall:Bo1:tree:2023-06-13:189"
"190","Bo1","tree","Ozyptila praticola",2,"M","","Pitfall","Johan Van Keer","Ad",2,"Thomisidae","Araneae","spiders",50.831448,4.813626,2023-06-13,"DIGITAF_BIODIVERSITY_FLEMISH_TREEROWS:OCCURRENCE:spiders:Pitfall:Bo1:tree:2023-06-13:190"
"191","Bo1","tree","Drassyllus pusillus",1,"M","","Pitfall","Johan Van Keer","Ad",1,"Gnaphosidae","Araneae","spiders",50.831448,4.813626,2023-06-13,"DIGITAF_BIODIVERSITY_FLEMISH_TREEROWS:OCCURRENCE:spiders:Pitfall:Bo1:tree:2023-06-13:191"
"192","Bo1","tree","Polydesmus coriaceus",1,"M","","Pitfall","Pallieter De Smedt","Ad",1,"Polydesmidae","Polydesmida","millipedes",50.831448,4.813626,2023-06-13,"DIGITAF_BIODIVERSITY_FLEMISH_TREEROWS:OCCURRENCE:millipedes:Pitfall:Bo1:tree:2023-06-13:192"
"193","Bo1","tree","Polydesmus indet.",2,"","","Pitfall","Pallieter De Smedt","Ad",1,"Polydesmidae","Polydesmida","millipedes",50.831448,4.813626,2023-06-13,"DIGITAF_BIODIVERSITY_FLEMISH_TREEROWS:OCCURRENCE:millipedes:Pitfall:Bo1:tree:2023-06-13:193"
"194","Bo1","tree","Phrurolithus festivus",1,"F","","Pitfall","Léon Baert","Ad",1,"Phrurolithidae","Araneae","spiders",50.831448,4.813626,2023-06-13,"DIGITAF_BIODIVERSITY_FLEMISH_TREEROWS:OCCURRENCE:spiders:Pitfall:Bo1:tree:2023-06-13:194"
"195","Bo1","tree","Polydesmus coriaceus",2,"F","","Pitfall","Pallieter De Smedt","Ad",2,"Polydesmidae","Polydesmida","millipedes",50.831448,4.813626,2023-06-13,"DIGITAF_BIODIVERSITY_FLEMISH_TREEROWS:OCCURRENCE:millipedes:Pitfall:Bo1:tree:2023-06-13:195"
"196","Bo1","tree","Armadillidium vulgare",2,"","","Pitfall","Pallieter De Smedt","Ad",1,"Armadillidiidae","Isopoda","woodlice",50.831448,4.813626,2023-06-13,"DIGITAF_BIODIVERSITY_FLEMISH_TREEROWS:OCCURRENCE:woodlice:Pitfall:Bo1:tree:2023-06-13:196"
"197","Bo1","tree","Lasius brunneus",1,"F","","Pitfall","Wouter Dekoninck","Ad",1,"Formicidae","Hymenoptera","ants",50.831448,4.813626,2023-06-13,"DIGITAF_BIODIVERSITY_FLEMISH_TREEROWS:OCCURRENCE:ants:Pitfall:Bo1:tree:2023-06-13:197"
"198","Bo1","tree","Eratigena picta",2,"F","","Pitfall","Johan Van Keer","Ad",1,"Agelenidae","Araneae","spiders",50.831448,4.813626,2023-06-13,"DIGITAF_BIODIVERSITY_FLEMISH_TREEROWS:OCCURRENCE:spiders:Pitfall:Bo1:tree:2023-06-13:198"
"199","Bo1","tree","Polydesmus indet.",1,"","","Pitfall","Pallieter De Smedt","Ad",1,"Polydesmidae","Polydesmida","millipedes",50.831448,4.813626,2023-06-13,"DIGITAF_BIODIVERSITY_FLEMISH_TREEROWS:OCCURRENCE:millipedes:Pitfall:Bo1:tree:2023-06-13:199"
"200","Bo1","tree","Enoplognatha thoracica",2,"M","","Pitfall","Johan Van Keer","Ad",1,"Theridiidae","Araneae","spiders",50.831448,4.813626,2023-06-13,"DIGITAF_BIODIVERSITY_FLEMISH_TREEROWS:OCCURRENCE:spiders:Pitfall:Bo1:tree:2023-06-13:200"
"201","Bo1","tree","Philoscia muscorum",1,"","","Pitfall","Pallieter De Smedt","Ad",29,"Philosciidae","Isopoda","woodlice",50.831448,4.813626,2023-06-13,"DIGITAF_BIODIVERSITY_FLEMISH_TREEROWS:OCCURRENCE:woodlice:Pitfall:Bo1:tree:2023-06-13:201"
"202","Bo1","tree","Trachyzelotes pedestris",2,"F","","Pitfall","Johan Van Keer","Ad",2,"Gnaphosidae","Araneae","spiders",50.831448,4.813626,2023-06-13,"DIGITAF_BIODIVERSITY_FLEMISH_TREEROWS:OCCURRENCE:spiders:Pitfall:Bo1:tree:2023-06-13:202"
"203","Bo1","tree","Eratigena picta",2,"M","","Pitfall","Johan Van Keer","Ad",2,"Agelenidae","Araneae","spiders",50.831448,4.813626,2023-06-13,"DIGITAF_BIODIVERSITY_FLEMISH_TREEROWS:OCCURRENCE:spiders:Pitfall:Bo1:tree:2023-06-13:203"
"204","Bo1","tree","Quedius levicollis",1,"","","Pitfall","Marc Vankerckvoorde","Ad",1,"Staphylinidae","Coleoptera","staphylinid beetles",50.831448,4.813626,2023-06-13,"DIGITAF_BIODIVERSITY_FLEMISH_TREEROWS:OCCURRENCE:staphylinid beetles:Pitfall:Bo1:tree:2023-06-13:204"
"205","Bo1","tree","Porcellio scaber",1,"","","Pitfall","Pallieter De Smedt","Ad",4,"Porcellionidae","Isopoda","woodlice",50.831448,4.813626,2023-06-13,"DIGITAF_BIODIVERSITY_FLEMISH_TREEROWS:OCCURRENCE:woodlice:Pitfall:Bo1:tree:2023-06-13:205"
"206","Bo1","tree","Eratigena picta",1,"M","","Pitfall","Johan Van Keer","Ad",1,"Agelenidae","Araneae","spiders",50.831448,4.813626,2023-06-13,"DIGITAF_BIODIVERSITY_FLEMISH_TREEROWS:OCCURRENCE:spiders:Pitfall:Bo1:tree:2023-06-13:206"
"207","Bo1","tree","Lasius fuliginosus",2,"F","","Pitfall","Wouter Dekoninck","Ad",2,"Formicidae","Hymenoptera","ants",50.831448,4.813626,2023-06-13,"DIGITAF_BIODIVERSITY_FLEMISH_TREEROWS:OCCURRENCE:ants:Pitfall:Bo1:tree:2023-06-13:207"
"208","Bo1","tree","Lasius niger",2,"F","","Pitfall","Wouter Dekoninck","Ad",1,"Formicidae","Hymenoptera","ants",50.831448,4.813626,2023-06-13,"DIGITAF_BIODIVERSITY_FLEMISH_TREEROWS:OCCURRENCE:ants:Pitfall:Bo1:tree:2023-06-13:208"
"209","Bo1","tree","Lasius niger",1,"F","","Pitfall","Wouter Dekoninck","Ad",1,"Formicidae","Hymenoptera","ants",50.831448,4.813626,2023-06-13,"DIGITAF_BIODIVERSITY_FLEMISH_TREEROWS:OCCURRENCE:ants:Pitfall:Bo1:tree:2023-06-13:209"
"210","Bo1","tree","Cylindroiulus caeruleocinctus",1,"F","","Pitfall","Pallieter De Smedt","Ad",1,"Julidae","Julida","millipedes",50.831448,4.813626,2023-06-13,"DIGITAF_BIODIVERSITY_FLEMISH_TREEROWS:OCCURRENCE:millipedes:Pitfall:Bo1:tree:2023-06-13:210"
"211","Bo1","tree","Trachyzelotes pedestris",1,"M","","Pitfall","Johan Van Keer","Ad",2,"Gnaphosidae","Araneae","spiders",50.831448,4.813626,2023-06-13,"DIGITAF_BIODIVERSITY_FLEMISH_TREEROWS:OCCURRENCE:spiders:Pitfall:Bo1:tree:2023-06-13:211"
"212","Bo1","tree","Polydesmus coriaceus",2,"M","","Pitfall","Pallieter De Smedt","Ad",1,"Polydesmidae","Polydesmida","millipedes",50.831448,4.813626,2023-06-13,"DIGITAF_BIODIVERSITY_FLEMISH_TREEROWS:OCCURRENCE:millipedes:Pitfall:Bo1:tree:2023-06-13:212"
"213","Bo1","tree","Trachyzelotes pedestris",2,"M","","Pitfall","Johan Van Keer","Ad",4,"Gnaphosidae","Araneae","spiders",50.831448,4.813626,2023-06-13,"DIGITAF_BIODIVERSITY_FLEMISH_TREEROWS:OCCURRENCE:spiders:Pitfall:Bo1:tree:2023-06-13:213"
"214","Bo1","tree","Armadillidium vulgare",1,"","","Pitfall","Pallieter De Smedt","Ad",47,"Armadillidiidae","Isopoda","woodlice",50.831448,4.813626,2023-06-13,"DIGITAF_BIODIVERSITY_FLEMISH_TREEROWS:OCCURRENCE:woodlice:Pitfall:Bo1:tree:2023-06-13:214"
"215","Bo2","crtl","Xysticus cristatus",2,"M","","Pitfall","Johan Van Keer","Ad",1,"Thomisidae","Araneae","spiders",50.804672,5.00229,2023-06-13,"DIGITAF_BIODIVERSITY_FLEMISH_TREEROWS:OCCURRENCE:spiders:Pitfall:Bo2:crtl:2023-06-13:215"
"216","Bo2","crtl","Tenuiphantes tenuis",2,"F","","Pitfall","Johan Van Keer","Ad",1,"Linyphiidae","Araneae","spiders",50.804672,5.00229,2023-06-13,"DIGITAF_BIODIVERSITY_FLEMISH_TREEROWS:OCCURRENCE:spiders:Pitfall:Bo2:crtl:2023-06-13:216"
"217","Bo2","crtl","Harpalus rufipes",2,"F","","Pitfall","Marc Vankerckvoorde","Ad",1,"Carabidae","Coleoptera","carabid beetles",50.804672,5.00229,2023-06-13,"DIGITAF_BIODIVERSITY_FLEMISH_TREEROWS:OCCURRENCE:carabid beetles:Pitfall:Bo2:crtl:2023-06-13:217"
"218","Bo2","crtl","Phalangium opilio",2,"F","","Pitfall","Pallieter De Smedt","Ad",1,"Phalangiidae","Opiliones","harvestmen",50.804672,5.00229,2023-06-13,"DIGITAF_BIODIVERSITY_FLEMISH_TREEROWS:OCCURRENCE:harvestmen:Pitfall:Bo2:crtl:2023-06-13:218"
"219","Bo2","crtl","Pardosa agrestis",1,"M","CJVK","Pitfall","Johan Van Keer","Ad",1,"Lycosidae","Araneae","spiders",50.804672,5.00229,2023-06-13,"DIGITAF_BIODIVERSITY_FLEMISH_TREEROWS:OCCURRENCE:spiders:Pitfall:Bo2:crtl:2023-06-13:219"
"220","Bo2","crtl","Lasius niger",1,"F","","Pitfall","Wouter Dekoninck","Ad",6,"Formicidae","Hymenoptera","ants",50.804672,5.00229,2023-06-13,"DIGITAF_BIODIVERSITY_FLEMISH_TREEROWS:OCCURRENCE:ants:Pitfall:Bo2:crtl:2023-06-13:220"
"221","Bo2","crtl","Phrurolithus festivus",2,"F","","Pitfall","Johan Van Keer","Ad",1,"Phrurolithidae","Araneae","spiders",50.804672,5.00229,2023-06-13,"DIGITAF_BIODIVERSITY_FLEMISH_TREEROWS:OCCURRENCE:spiders:Pitfall:Bo2:crtl:2023-06-13:221"
"222","Bo2","crtl","Bembidion lampros",1,"F","","Pitfall","Marc Vankerckvoorde","Ad",1,"Carabidae","Coleoptera","carabid beetles",50.804672,5.00229,2023-06-13,"DIGITAF_BIODIVERSITY_FLEMISH_TREEROWS:OCCURRENCE:carabid beetles:Pitfall:Bo2:crtl:2023-06-13:222"
"223","Bo2","crtl","Pardosa tenuipes",1,"F","","Pitfall","Johan Van Keer","Ad",2,"Lycosidae","Araneae","spiders",50.804672,5.00229,2023-06-13,"DIGITAF_BIODIVERSITY_FLEMISH_TREEROWS:OCCURRENCE:spiders:Pitfall:Bo2:crtl:2023-06-13:223"
"224","Bo2","crtl","Phlegra fasciata",1,"M","","Pitfall","Johan Van Keer","Ad",1,"Salticidae","Araneae","spiders",50.804672,5.00229,2023-06-13,"DIGITAF_BIODIVERSITY_FLEMISH_TREEROWS:OCCURRENCE:spiders:Pitfall:Bo2:crtl:2023-06-13:224"
"225","Bo2","crtl","Harpalus rufipes",1,"F","","Pitfall","Marc Vankerckvoorde","Ad",1,"Carabidae","Coleoptera","carabid beetles",50.804672,5.00229,2023-06-13,"DIGITAF_BIODIVERSITY_FLEMISH_TREEROWS:OCCURRENCE:carabid beetles:Pitfall:Bo2:crtl:2023-06-13:225"
"226","Bo2","crtl","Harpalus distinguendus",2,"M","","Pitfall","Marc Vankerckvoorde","Ad",1,"Carabidae","Coleoptera","carabid beetles",50.804672,5.00229,2023-06-13,"DIGITAF_BIODIVERSITY_FLEMISH_TREEROWS:OCCURRENCE:carabid beetles:Pitfall:Bo2:crtl:2023-06-13:226"
"227","Bo2","crtl","Pardosa tenuipes",2,"F","","Pitfall","Johan Van Keer","Ad",1,"Lycosidae","Araneae","spiders",50.804672,5.00229,2023-06-13,"DIGITAF_BIODIVERSITY_FLEMISH_TREEROWS:OCCURRENCE:spiders:Pitfall:Bo2:crtl:2023-06-13:227"
"228","Bo2","crtl","Bembidion lampros",2,"F","","Pitfall","Marc Vankerckvoorde","Ad",1,"Carabidae","Coleoptera","carabid beetles",50.804672,5.00229,2023-06-13,"DIGITAF_BIODIVERSITY_FLEMISH_TREEROWS:OCCURRENCE:carabid beetles:Pitfall:Bo2:crtl:2023-06-13:228"
"229","Bo2","crtl","Pardosa palustris",2,"F","","Pitfall","Johan Van Keer","Ad",1,"Lycosidae","Araneae","spiders",50.804672,5.00229,2023-06-13,"DIGITAF_BIODIVERSITY_FLEMISH_TREEROWS:OCCURRENCE:spiders:Pitfall:Bo2:crtl:2023-06-13:229"
"230","Bo2","crtl","Amara aenea",2,"M","","Pitfall","Marc Vankerckvoorde","Ad",1,"Carabidae","Coleoptera","carabid beetles",50.804672,5.00229,2023-06-13,"DIGITAF_BIODIVERSITY_FLEMISH_TREEROWS:OCCURRENCE:carabid beetles:Pitfall:Bo2:crtl:2023-06-13:230"
"231","Bo2","crtl","Harpalus distinguendus",1,"M","","Pitfall","Marc Vankerckvoorde","Ad",1,"Carabidae","Coleoptera","carabid beetles",50.804672,5.00229,2023-06-13,"DIGITAF_BIODIVERSITY_FLEMISH_TREEROWS:OCCURRENCE:carabid beetles:Pitfall:Bo2:crtl:2023-06-13:231"
"232","Bo2","crtl","Quedius levicollis",1,"","","Pitfall","Marc Vankerckvoorde","Ad",3,"Staphylinidae","Coleoptera","staphylinid beetles",50.804672,5.00229,2023-06-13,"DIGITAF_BIODIVERSITY_FLEMISH_TREEROWS:OCCURRENCE:staphylinid beetles:Pitfall:Bo2:crtl:2023-06-13:232"
"233","Bo2","crtl","Pardosa palustris",1,"F","","Pitfall","Johan Van Keer","Ad",2,"Lycosidae","Araneae","spiders",50.804672,5.00229,2023-06-13,"DIGITAF_BIODIVERSITY_FLEMISH_TREEROWS:OCCURRENCE:spiders:Pitfall:Bo2:crtl:2023-06-13:233"
"234","Bo2","crtl","Alopecosa pulverulenta",1,"F","","Pitfall","Johan Van Keer","Ad",1,"Lycosidae","Araneae","spiders",50.804672,5.00229,2023-06-13,"DIGITAF_BIODIVERSITY_FLEMISH_TREEROWS:OCCURRENCE:spiders:Pitfall:Bo2:crtl:2023-06-13:234"
"235","Bo2","crtl","Trechus quadristriatus",1,"F","","Pitfall","Marc Vankerckvoorde","Ad",1,"Carabidae","Coleoptera","carabid beetles",50.804672,5.00229,2023-06-13,"DIGITAF_BIODIVERSITY_FLEMISH_TREEROWS:OCCURRENCE:carabid beetles:Pitfall:Bo2:crtl:2023-06-13:235"
"236","Bo2","crtl","Loricera pilicornis",1,"M","","Pitfall","Marc Vankerckvoorde","Ad",1,"Carabidae","Coleoptera","carabid beetles",50.804672,5.00229,2023-06-13,"DIGITAF_BIODIVERSITY_FLEMISH_TREEROWS:OCCURRENCE:carabid beetles:Pitfall:Bo2:crtl:2023-06-13:236"
"237","Bo2","crtl","Harpalus tardus",1,"F","","Pitfall","Marc Vankerckvoorde","Ad",1,"Carabidae","Coleoptera","carabid beetles",50.804672,5.00229,2023-06-13,"DIGITAF_BIODIVERSITY_FLEMISH_TREEROWS:OCCURRENCE:carabid beetles:Pitfall:Bo2:crtl:2023-06-13:237"
"238","Bo2","crtl","Arctosa leopardus",1,"F","","Pitfall","Johan Van Keer","Ad",1,"Lycosidae","Araneae","spiders",50.804672,5.00229,2023-06-13,"DIGITAF_BIODIVERSITY_FLEMISH_TREEROWS:OCCURRENCE:spiders:Pitfall:Bo2:crtl:2023-06-13:238"
"239","Bo2","crtl","Pardosa prativaga",1,"F","","Pitfall","Johan Van Keer","Ad",1,"Lycosidae","Araneae","spiders",50.804672,5.00229,2023-06-13,"DIGITAF_BIODIVERSITY_FLEMISH_TREEROWS:OCCURRENCE:spiders:Pitfall:Bo2:crtl:2023-06-13:239"
"240","Bo2","crtl","Pardosa palustris",1,"M","","Pitfall","Johan Van Keer","Ad",1,"Lycosidae","Araneae","spiders",50.804672,5.00229,2023-06-13,"DIGITAF_BIODIVERSITY_FLEMISH_TREEROWS:OCCURRENCE:spiders:Pitfall:Bo2:crtl:2023-06-13:240"
"241","Bo2","crtl","Trechus quadristriatus",1,"","","Pitfall","Marc Vankerckvoorde","Ad",1,"Carabidae","Coleoptera","carabid beetles",50.804672,5.00229,2023-06-13,"DIGITAF_BIODIVERSITY_FLEMISH_TREEROWS:OCCURRENCE:carabid beetles:Pitfall:Bo2:crtl:2023-06-13:241"
"242","Bo2","crtl","Pardosa tenuipes",1,"M","","Pitfall","Johan Van Keer","Ad",1,"Lycosidae","Araneae","spiders",50.804672,5.00229,2023-06-13,"DIGITAF_BIODIVERSITY_FLEMISH_TREEROWS:OCCURRENCE:spiders:Pitfall:Bo2:crtl:2023-06-13:242"
"243","Bo2","crtl","Pterostichus melanarius",2,"M","","Pitfall","Marc Vankerckvoorde","Ad",1,"Carabidae","Coleoptera","carabid beetles",50.804672,5.00229,2023-06-13,"DIGITAF_BIODIVERSITY_FLEMISH_TREEROWS:OCCURRENCE:carabid beetles:Pitfall:Bo2:crtl:2023-06-13:243"
"244","Bo2","crtl","Amara plebeja",2,"M","","Pitfall","Marc Vankerckvoorde","Ad",1,"Carabidae","Coleoptera","carabid beetles",50.804672,5.00229,2023-06-13,"DIGITAF_BIODIVERSITY_FLEMISH_TREEROWS:OCCURRENCE:carabid beetles:Pitfall:Bo2:crtl:2023-06-13:244"
"245","Bo2","crtl","Harpalus distinguendus",1,"F","","Pitfall","Marc Vankerckvoorde","Ad",1,"Carabidae","Coleoptera","carabid beetles",50.804672,5.00229,2023-06-13,"DIGITAF_BIODIVERSITY_FLEMISH_TREEROWS:OCCURRENCE:carabid beetles:Pitfall:Bo2:crtl:2023-06-13:245"
"246","Bo2","crtl","Oedothorax apicatus",2,"M","","Pitfall","Johan Van Keer","Ad",2,"Linyphiidae","Araneae","spiders",50.804672,5.00229,2023-06-13,"DIGITAF_BIODIVERSITY_FLEMISH_TREEROWS:OCCURRENCE:spiders:Pitfall:Bo2:crtl:2023-06-13:246"
"247","Bo2","crtl","Poecilus cupreus",1,"M","","Pitfall","Marc Vankerckvoorde","Ad",1,"Carabidae","Coleoptera","carabid beetles",50.804672,5.00229,2023-06-13,"DIGITAF_BIODIVERSITY_FLEMISH_TREEROWS:OCCURRENCE:carabid beetles:Pitfall:Bo2:crtl:2023-06-13:247"
"248","Bo2","tree","Pachygnatha degeeri",1,"M","","Pitfall","Léon Baert","Ad",1,"Tetragnathidae","Araneae","spiders",50.804695,5.003687,2023-06-13,"DIGITAF_BIODIVERSITY_FLEMISH_TREEROWS:OCCURRENCE:spiders:Pitfall:Bo2:tree:2023-06-13:248"
"249","Bo2","tree","Pterostichus melanarius",2,"F","","Pitfall","Marc Vankerckvoorde","Ad",1,"Carabidae","Coleoptera","carabid beetles",50.804695,5.003687,2023-06-13,"DIGITAF_BIODIVERSITY_FLEMISH_TREEROWS:OCCURRENCE:carabid beetles:Pitfall:Bo2:tree:2023-06-13:249"
"250","Bo2","tree","Pardosa tenuipes",2,"M","","Pitfall","Johan Van Keer","Ad",3,"Lycosidae","Araneae","spiders",50.804695,5.003687,2023-06-13,"DIGITAF_BIODIVERSITY_FLEMISH_TREEROWS:OCCURRENCE:spiders:Pitfall:Bo2:tree:2023-06-13:250"
"251","Bo2","tree","Lasius niger",2,"F","","Pitfall","Wouter Dekoninck","Ad",24,"Formicidae","Hymenoptera","ants",50.804695,5.003687,2023-06-13,"DIGITAF_BIODIVERSITY_FLEMISH_TREEROWS:OCCURRENCE:ants:Pitfall:Bo2:tree:2023-06-13:251"
"252","Bo2","tree","Lamyctes emarginatus",1,"","","Pitfall","Koen Lock","Ad",1,"Henicopidae","Lithobiomorpha","centipedes",50.804695,5.003687,2023-06-13,"DIGITAF_BIODIVERSITY_FLEMISH_TREEROWS:OCCURRENCE:centipedes:Pitfall:Bo2:tree:2023-06-13:252"
"253","Bo2","tree","Pachygnatha degeeri",2,"M","","Pitfall","Johan Van Keer","Ad",1,"Tetragnathidae","Araneae","spiders",50.804695,5.003687,2023-06-13,"DIGITAF_BIODIVERSITY_FLEMISH_TREEROWS:OCCURRENCE:spiders:Pitfall:Bo2:tree:2023-06-13:253"
"254","Bo2","tree","Xantholinus longiventris",1,"","","Pitfall","Marc Vankerckvoorde","Ad",3,"Staphylinidae","Coleoptera","staphylinid beetles",50.804695,5.003687,2023-06-13,"DIGITAF_BIODIVERSITY_FLEMISH_TREEROWS:OCCURRENCE:staphylinid beetles:Pitfall:Bo2:tree:2023-06-13:254"
"255","Bo2","tree","Amara similata",2,"M","","Pitfall","Marc Vankerckvoorde","Ad",1,"Carabidae","Coleoptera","carabid beetles",50.804695,5.003687,2023-06-13,"DIGITAF_BIODIVERSITY_FLEMISH_TREEROWS:OCCURRENCE:carabid beetles:Pitfall:Bo2:tree:2023-06-13:255"
"256","Bo2","tree","Xantholinus longiventris",2,"","","Pitfall","Marc Vankerckvoorde","Ad",3,"Staphylinidae","Coleoptera","staphylinid beetles",50.804695,5.003687,2023-06-13,"DIGITAF_BIODIVERSITY_FLEMISH_TREEROWS:OCCURRENCE:staphylinid beetles:Pitfall:Bo2:tree:2023-06-13:256"
"257","Bo2","tree","Anchomenus dorsalis",2,"F","","Pitfall","Marc Vankerckvoorde","Ad",1,"Carabidae","Coleoptera","carabid beetles",50.804695,5.003687,2023-06-13,"DIGITAF_BIODIVERSITY_FLEMISH_TREEROWS:OCCURRENCE:carabid beetles:Pitfall:Bo2:tree:2023-06-13:257"
"258","Bo2","tree","Diplocephalus graecus",1,"M","","Pitfall","Léon Baert","Ad",2,"Linyphiidae","Araneae","spiders",50.804695,5.003687,2023-06-13,"DIGITAF_BIODIVERSITY_FLEMISH_TREEROWS:OCCURRENCE:spiders:Pitfall:Bo2:tree:2023-06-13:258"
"259","Bo2","tree","Harpalus affinis",2,"M","","Pitfall","Marc Vankerckvoorde","Ad",4,"Carabidae","Coleoptera","carabid beetles",50.804695,5.003687,2023-06-13,"DIGITAF_BIODIVERSITY_FLEMISH_TREEROWS:OCCURRENCE:carabid beetles:Pitfall:Bo2:tree:2023-06-13:259"
"260","Bo2","tree","Harpalus rufipes",1,"F","","Pitfall","Marc Vankerckvoorde","Ad",2,"Carabidae","Coleoptera","carabid beetles",50.804695,5.003687,2023-06-13,"DIGITAF_BIODIVERSITY_FLEMISH_TREEROWS:OCCURRENCE:carabid beetles:Pitfall:Bo2:tree:2023-06-13:260"
"261","Bo2","tree","Amara familiaris",2,"F","","Pitfall","Marc Vankerckvoorde","Ad",1,"Carabidae","Coleoptera","carabid beetles",50.804695,5.003687,2023-06-13,"DIGITAF_BIODIVERSITY_FLEMISH_TREEROWS:OCCURRENCE:carabid beetles:Pitfall:Bo2:tree:2023-06-13:261"
"262","Bo2","tree","Amara similata",1,"F","","Pitfall","Marc Vankerckvoorde","Ad",1,"Carabidae","Coleoptera","carabid beetles",50.804695,5.003687,2023-06-13,"DIGITAF_BIODIVERSITY_FLEMISH_TREEROWS:OCCURRENCE:carabid beetles:Pitfall:Bo2:tree:2023-06-13:262"
"263","Bo2","tree","Erigone dentipalpis",1,"M","","Pitfall","Léon Baert","Ad",1,"Linyphiidae","Araneae","spiders",50.804695,5.003687,2023-06-13,"DIGITAF_BIODIVERSITY_FLEMISH_TREEROWS:OCCURRENCE:spiders:Pitfall:Bo2:tree:2023-06-13:263"
"264","Bo2","tree","Harpalus affinis",2,"F","","Pitfall","Marc Vankerckvoorde","Ad",1,"Carabidae","Coleoptera","carabid beetles",50.804695,5.003687,2023-06-13,"DIGITAF_BIODIVERSITY_FLEMISH_TREEROWS:OCCURRENCE:carabid beetles:Pitfall:Bo2:tree:2023-06-13:264"
"265","Bo2","tree","Margarinotus purpurascens",1,"","","Pitfall","Marc Vankerckvoorde","Ad",6,"Histeridae","Coleoptera","other beetles",50.804695,5.003687,2023-06-13,"DIGITAF_BIODIVERSITY_FLEMISH_TREEROWS:OCCURRENCE:other beetles:Pitfall:Bo2:tree:2023-06-13:265"
"266","Bo2","tree","Amara aenea",1,"M","","Pitfall","Marc Vankerckvoorde","Ad",5,"Carabidae","Coleoptera","carabid beetles",50.804695,5.003687,2023-06-13,"DIGITAF_BIODIVERSITY_FLEMISH_TREEROWS:OCCURRENCE:carabid beetles:Pitfall:Bo2:tree:2023-06-13:266"
"267","Bo2","tree","Poecilus cupreus",2,"M","","Pitfall","Marc Vankerckvoorde","Ad",10,"Carabidae","Coleoptera","carabid beetles",50.804695,5.003687,2023-06-13,"DIGITAF_BIODIVERSITY_FLEMISH_TREEROWS:OCCURRENCE:carabid beetles:Pitfall:Bo2:tree:2023-06-13:267"
"268","Bo2","tree","Pardosa pullata",2,"M","","Pitfall","Johan Van Keer","Ad",1,"Lycosidae","Araneae","spiders",50.804695,5.003687,2023-06-13,"DIGITAF_BIODIVERSITY_FLEMISH_TREEROWS:OCCURRENCE:spiders:Pitfall:Bo2:tree:2023-06-13:268"
"269","Bo2","tree","Pterostichus melanarius",2,"M","","Pitfall","Marc Vankerckvoorde","Ad",2,"Carabidae","Coleoptera","carabid beetles",50.804695,5.003687,2023-06-13,"DIGITAF_BIODIVERSITY_FLEMISH_TREEROWS:OCCURRENCE:carabid beetles:Pitfall:Bo2:tree:2023-06-13:269"
"270","Bo2","tree","Calathus melanocephalus",1,"F","","Pitfall","Marc Vankerckvoorde","Ad",1,"Carabidae","Coleoptera","carabid beetles",50.804695,5.003687,2023-06-13,"DIGITAF_BIODIVERSITY_FLEMISH_TREEROWS:OCCURRENCE:carabid beetles:Pitfall:Bo2:tree:2023-06-13:270"
"271","Bo2","tree","Harpalus affinis",1,"M","","Pitfall","Marc Vankerckvoorde","Ad",7,"Carabidae","Coleoptera","carabid beetles",50.804695,5.003687,2023-06-13,"DIGITAF_BIODIVERSITY_FLEMISH_TREEROWS:OCCURRENCE:carabid beetles:Pitfall:Bo2:tree:2023-06-13:271"
"272","Bo2","tree","Harpalus distinguendus",2,"F","","Pitfall","Marc Vankerckvoorde","Ad",6,"Carabidae","Coleoptera","carabid beetles",50.804695,5.003687,2023-06-13,"DIGITAF_BIODIVERSITY_FLEMISH_TREEROWS:OCCURRENCE:carabid beetles:Pitfall:Bo2:tree:2023-06-13:272"
"273","Bo2","tree","Harpalus distinguendus",2,"M","","Pitfall","Marc Vankerckvoorde","Ad",7,"Carabidae","Coleoptera","carabid beetles",50.804695,5.003687,2023-06-13,"DIGITAF_BIODIVERSITY_FLEMISH_TREEROWS:OCCURRENCE:carabid beetles:Pitfall:Bo2:tree:2023-06-13:273"
"274","Bo2","tree","Pardosa agrestis",1,"M","","Pitfall","Léon Baert","Ad",2,"Lycosidae","Araneae","spiders",50.804695,5.003687,2023-06-13,"DIGITAF_BIODIVERSITY_FLEMISH_TREEROWS:OCCURRENCE:spiders:Pitfall:Bo2:tree:2023-06-13:274"
"275","Bo2","tree","Aleocharinae spec.",1,"","","Pitfall","Marc Vankerckvoorde","Ad",1,"Staphylinidae","Coleoptera","staphylinid beetles",50.804695,5.003687,2023-06-13,"DIGITAF_BIODIVERSITY_FLEMISH_TREEROWS:OCCURRENCE:staphylinid beetles:Pitfall:Bo2:tree:2023-06-13:275"
"276","Bo2","tree","Amara similata",1,"M","","Pitfall","Marc Vankerckvoorde","Ad",1,"Carabidae","Coleoptera","carabid beetles",50.804695,5.003687,2023-06-13,"DIGITAF_BIODIVERSITY_FLEMISH_TREEROWS:OCCURRENCE:carabid beetles:Pitfall:Bo2:tree:2023-06-13:276"
"277","Bo2","tree","Poecilus cupreus",2,"F","","Pitfall","Marc Vankerckvoorde","Ad",5,"Carabidae","Coleoptera","carabid beetles",50.804695,5.003687,2023-06-13,"DIGITAF_BIODIVERSITY_FLEMISH_TREEROWS:OCCURRENCE:carabid beetles:Pitfall:Bo2:tree:2023-06-13:277"
"278","Bo2","tree","Amara aenea",2,"F","","Pitfall","Marc Vankerckvoorde","Ad",11,"Carabidae","Coleoptera","carabid beetles",50.804695,5.003687,2023-06-13,"DIGITAF_BIODIVERSITY_FLEMISH_TREEROWS:OCCURRENCE:carabid beetles:Pitfall:Bo2:tree:2023-06-13:278"
"279","Bo2","tree","Harpalus distinguendus",1,"F","","Pitfall","Marc Vankerckvoorde","Ad",4,"Carabidae","Coleoptera","carabid beetles",50.804695,5.003687,2023-06-13,"DIGITAF_BIODIVERSITY_FLEMISH_TREEROWS:OCCURRENCE:carabid beetles:Pitfall:Bo2:tree:2023-06-13:279"
"280","Bo2","tree","Bembidion tetracolum",2,"M","","Pitfall","Marc Vankerckvoorde","Ad",1,"Carabidae","Coleoptera","carabid beetles",50.804695,5.003687,2023-06-13,"DIGITAF_BIODIVERSITY_FLEMISH_TREEROWS:OCCURRENCE:carabid beetles:Pitfall:Bo2:tree:2023-06-13:280"
"281","Bo2","tree","Piratula latitans",1,"M","","Pitfall","Léon Baert","Ad",1,"Lycosidae","Araneae","spiders",50.804695,5.003687,2023-06-13,"DIGITAF_BIODIVERSITY_FLEMISH_TREEROWS:OCCURRENCE:spiders:Pitfall:Bo2:tree:2023-06-13:281"
"282","Bo2","tree","Micrargus subaequalis",1,"M","","Pitfall","Léon Baert","Ad",1,"Linyphiidae","Araneae","spiders",50.804695,5.003687,2023-06-13,"DIGITAF_BIODIVERSITY_FLEMISH_TREEROWS:OCCURRENCE:spiders:Pitfall:Bo2:tree:2023-06-13:282"
"283","Bo2","tree","Amara similata",2,"F","","Pitfall","Marc Vankerckvoorde","Ad",2,"Carabidae","Coleoptera","carabid beetles",50.804695,5.003687,2023-06-13,"DIGITAF_BIODIVERSITY_FLEMISH_TREEROWS:OCCURRENCE:carabid beetles:Pitfall:Bo2:tree:2023-06-13:283"
"284","Bo2","tree","Pardosa tenuipes",2,"F","","Pitfall","Johan Van Keer","Ad",2,"Lycosidae","Araneae","spiders",50.804695,5.003687,2023-06-13,"DIGITAF_BIODIVERSITY_FLEMISH_TREEROWS:OCCURRENCE:spiders:Pitfall:Bo2:tree:2023-06-13:284"
"285","Bo2","tree","Poecilus cupreus",1,"M","","Pitfall","Marc Vankerckvoorde","Ad",8,"Carabidae","Coleoptera","carabid beetles",50.804695,5.003687,2023-06-13,"DIGITAF_BIODIVERSITY_FLEMISH_TREEROWS:OCCURRENCE:carabid beetles:Pitfall:Bo2:tree:2023-06-13:285"
"286","Bo2","tree","Pardosa pullata",2,"F","","Pitfall","Johan Van Keer","Ad",1,"Lycosidae","Araneae","spiders",50.804695,5.003687,2023-06-13,"DIGITAF_BIODIVERSITY_FLEMISH_TREEROWS:OCCURRENCE:spiders:Pitfall:Bo2:tree:2023-06-13:286"
"287","Bo2","tree","Margarinotus purpurascens",2,"","","Pitfall","Marc Vankerckvoorde","Ad",2,"Histeridae","Coleoptera","other beetles",50.804695,5.003687,2023-06-13,"DIGITAF_BIODIVERSITY_FLEMISH_TREEROWS:OCCURRENCE:other beetles:Pitfall:Bo2:tree:2023-06-13:287"
"288","Bo2","tree","Pardosa tenuipes",1,"F","","Pitfall","Johan Van Keer","Ad",2,"Lycosidae","Araneae","spiders",50.804695,5.003687,2023-06-13,"DIGITAF_BIODIVERSITY_FLEMISH_TREEROWS:OCCURRENCE:spiders:Pitfall:Bo2:tree:2023-06-13:288"
"289","Bo2","tree","Drassyllus pusillus",2,"M","","Pitfall","Johan Van Keer","Ad",1,"Gnaphosidae","Araneae","spiders",50.804695,5.003687,2023-06-13,"DIGITAF_BIODIVERSITY_FLEMISH_TREEROWS:OCCURRENCE:spiders:Pitfall:Bo2:tree:2023-06-13:289"
"290","Bo2","tree","Harpalus rufipes",2,"M","","Pitfall","Marc Vankerckvoorde","Ad",3,"Carabidae","Coleoptera","carabid beetles",50.804695,5.003687,2023-06-13,"DIGITAF_BIODIVERSITY_FLEMISH_TREEROWS:OCCURRENCE:carabid beetles:Pitfall:Bo2:tree:2023-06-13:290"
"291","Bo2","tree","Bembidion lampros",1,"F","","Pitfall","Marc Vankerckvoorde","Ad",1,"Carabidae","Coleoptera","carabid beetles",50.804695,5.003687,2023-06-13,"DIGITAF_BIODIVERSITY_FLEMISH_TREEROWS:OCCURRENCE:carabid beetles:Pitfall:Bo2:tree:2023-06-13:291"
"292","Bo2","tree","Harpalus distinguendus",1,"M","","Pitfall","Marc Vankerckvoorde","Ad",5,"Carabidae","Coleoptera","carabid beetles",50.804695,5.003687,2023-06-13,"DIGITAF_BIODIVERSITY_FLEMISH_TREEROWS:OCCURRENCE:carabid beetles:Pitfall:Bo2:tree:2023-06-13:292"
"293","Bo2","tree","Asaphidion stierlini",1,"F","","Pitfall","Marc Vankerckvoorde","Ad",1,"Carabidae","Coleoptera","carabid beetles",50.804695,5.003687,2023-06-13,"DIGITAF_BIODIVERSITY_FLEMISH_TREEROWS:OCCURRENCE:carabid beetles:Pitfall:Bo2:tree:2023-06-13:293"
"294","Bo2","tree","Amara plebeja",2,"M","","Pitfall","Marc Vankerckvoorde","Ad",2,"Carabidae","Coleoptera","carabid beetles",50.804695,5.003687,2023-06-13,"DIGITAF_BIODIVERSITY_FLEMISH_TREEROWS:OCCURRENCE:carabid beetles:Pitfall:Bo2:tree:2023-06-13:294"
"295","Bo2","tree","Parophonus maculicornis",1,"F","","Pitfall","Marc Vankerckvoorde","Ad",1,"Carabidae","Coleoptera","carabid beetles",50.804695,5.003687,2023-06-13,"DIGITAF_BIODIVERSITY_FLEMISH_TREEROWS:OCCURRENCE:carabid beetles:Pitfall:Bo2:tree:2023-06-13:295"
"296","Bo2","tree","Polydesmus inconstans",1,"M","","Pitfall","Pallieter De Smedt","Ad",1,"Polydesmidae","Polydesmida","millipedes",50.804695,5.003687,2023-06-13,"DIGITAF_BIODIVERSITY_FLEMISH_TREEROWS:OCCURRENCE:millipedes:Pitfall:Bo2:tree:2023-06-13:296"
"297","Bo2","tree","Anchomenus dorsalis",1,"M","","Pitfall","Marc Vankerckvoorde","Ad",1,"Carabidae","Coleoptera","carabid beetles",50.804695,5.003687,2023-06-13,"DIGITAF_BIODIVERSITY_FLEMISH_TREEROWS:OCCURRENCE:carabid beetles:Pitfall:Bo2:tree:2023-06-13:297"
"298","Bo2","tree","Amara plebeja",1,"M","","Pitfall","Marc Vankerckvoorde","Ad",9,"Carabidae","Coleoptera","carabid beetles",50.804695,5.003687,2023-06-13,"DIGITAF_BIODIVERSITY_FLEMISH_TREEROWS:OCCURRENCE:carabid beetles:Pitfall:Bo2:tree:2023-06-13:298"
"299","Bo2","tree","Poecilus versicolor",2,"M","","Pitfall","Marc Vankerckvoorde","Ad",11,"Carabidae","Coleoptera","carabid beetles",50.804695,5.003687,2023-06-13,"DIGITAF_BIODIVERSITY_FLEMISH_TREEROWS:OCCURRENCE:carabid beetles:Pitfall:Bo2:tree:2023-06-13:299"
"300","Bo2","tree","Alopecosa pulverulenta",2,"F","","Pitfall","Johan Van Keer","Ad",1,"Lycosidae","Araneae","spiders",50.804695,5.003687,2023-06-13,"DIGITAF_BIODIVERSITY_FLEMISH_TREEROWS:OCCURRENCE:spiders:Pitfall:Bo2:tree:2023-06-13:300"
"301","Bo2","tree","Trochosa ruricola",1,"M","","Pitfall","Johan Van Keer","Ad",9,"Lycosidae","Araneae","spiders",50.804695,5.003687,2023-06-13,"DIGITAF_BIODIVERSITY_FLEMISH_TREEROWS:OCCURRENCE:spiders:Pitfall:Bo2:tree:2023-06-13:301"
"302","Bo2","tree","Bembidion lampros",2,"F","","Pitfall","Marc Vankerckvoorde","Ad",1,"Carabidae","Coleoptera","carabid beetles",50.804695,5.003687,2023-06-13,"DIGITAF_BIODIVERSITY_FLEMISH_TREEROWS:OCCURRENCE:carabid beetles:Pitfall:Bo2:tree:2023-06-13:302"
"303","Bo2","tree","Anchomenus dorsalis",1,"F","","Pitfall","Marc Vankerckvoorde","Ad",5,"Carabidae","Coleoptera","carabid beetles",50.804695,5.003687,2023-06-13,"DIGITAF_BIODIVERSITY_FLEMISH_TREEROWS:OCCURRENCE:carabid beetles:Pitfall:Bo2:tree:2023-06-13:303"
"304","Bo2","tree","Lasius niger",1,"F","","Pitfall","Wouter Dekoninck","Ad",98,"Formicidae","Hymenoptera","ants",50.804695,5.003687,2023-06-13,"DIGITAF_BIODIVERSITY_FLEMISH_TREEROWS:OCCURRENCE:ants:Pitfall:Bo2:tree:2023-06-13:304"
"305","Bo2","tree","Pardosa palustris",1,"M","","Pitfall","Johan Van Keer","Ad",2,"Lycosidae","Araneae","spiders",50.804695,5.003687,2023-06-13,"DIGITAF_BIODIVERSITY_FLEMISH_TREEROWS:OCCURRENCE:spiders:Pitfall:Bo2:tree:2023-06-13:305"
"306","Bo2","tree","Pardosa palustris",2,"M","","Pitfall","Johan Van Keer","Ad",6,"Lycosidae","Araneae","spiders",50.804695,5.003687,2023-06-13,"DIGITAF_BIODIVERSITY_FLEMISH_TREEROWS:OCCURRENCE:spiders:Pitfall:Bo2:tree:2023-06-13:306"
"307","Bo2","tree","Anisodactylus signatus",2,"F","","Pitfall","Marc Vankerckvoorde","Ad",1,"Carabidae","Coleoptera","carabid beetles",50.804695,5.003687,2023-06-13,"DIGITAF_BIODIVERSITY_FLEMISH_TREEROWS:OCCURRENCE:carabid beetles:Pitfall:Bo2:tree:2023-06-13:307"
"308","Bo2","tree","Harpalus rufipes",1,"M","","Pitfall","Marc Vankerckvoorde","Ad",1,"Carabidae","Coleoptera","carabid beetles",50.804695,5.003687,2023-06-13,"DIGITAF_BIODIVERSITY_FLEMISH_TREEROWS:OCCURRENCE:carabid beetles:Pitfall:Bo2:tree:2023-06-13:308"
"309","Bo2","tree","Amara aenea",2,"M","","Pitfall","Marc Vankerckvoorde","Ad",36,"Carabidae","Coleoptera","carabid beetles",50.804695,5.003687,2023-06-13,"DIGITAF_BIODIVERSITY_FLEMISH_TREEROWS:OCCURRENCE:carabid beetles:Pitfall:Bo2:tree:2023-06-13:309"
"310","Bo2","tree","Poecilus versicolor",2,"F","","Pitfall","Marc Vankerckvoorde","Ad",8,"Carabidae","Coleoptera","carabid beetles",50.804695,5.003687,2023-06-13,"DIGITAF_BIODIVERSITY_FLEMISH_TREEROWS:OCCURRENCE:carabid beetles:Pitfall:Bo2:tree:2023-06-13:310"
"311","Bo2","tree","Pardosa palustris",1,"F","","Pitfall","Johan Van Keer","Ad",1,"Lycosidae","Araneae","spiders",50.804695,5.003687,2023-06-13,"DIGITAF_BIODIVERSITY_FLEMISH_TREEROWS:OCCURRENCE:spiders:Pitfall:Bo2:tree:2023-06-13:311"
"312","Bo2","tree","Anisodactylus binotatus",2,"M","","Pitfall","Marc Vankerckvoorde","Ad",2,"Carabidae","Coleoptera","carabid beetles",50.804695,5.003687,2023-06-13,"DIGITAF_BIODIVERSITY_FLEMISH_TREEROWS:OCCURRENCE:carabid beetles:Pitfall:Bo2:tree:2023-06-13:312"
"313","Bo2","tree","Pardosa pullata",1,"F","","Pitfall","Johan Van Keer","Ad",1,"Lycosidae","Araneae","spiders",50.804695,5.003687,2023-06-13,"DIGITAF_BIODIVERSITY_FLEMISH_TREEROWS:OCCURRENCE:spiders:Pitfall:Bo2:tree:2023-06-13:313"
"314","Bo2","tree","Philonthus cognatus",2,"","","Pitfall","Marc Vankerckvoorde","Ad",1,"Staphylinidae","Coleoptera","staphylinid beetles",50.804695,5.003687,2023-06-13,"DIGITAF_BIODIVERSITY_FLEMISH_TREEROWS:OCCURRENCE:staphylinid beetles:Pitfall:Bo2:tree:2023-06-13:314"
"315","Bo2","tree","Philonthus cognatus",1,"","","Pitfall","Marc Vankerckvoorde","Ad",1,"Staphylinidae","Coleoptera","staphylinid beetles",50.804695,5.003687,2023-06-13,"DIGITAF_BIODIVERSITY_FLEMISH_TREEROWS:OCCURRENCE:staphylinid beetles:Pitfall:Bo2:tree:2023-06-13:315"
"316","Bo2","tree","Amara plebeja",2,"F","","Pitfall","Marc Vankerckvoorde","Ad",2,"Carabidae","Coleoptera","carabid beetles",50.804695,5.003687,2023-06-13,"DIGITAF_BIODIVERSITY_FLEMISH_TREEROWS:OCCURRENCE:carabid beetles:Pitfall:Bo2:tree:2023-06-13:316"
"317","Bo2","tree","Amara aenea",1,"F","","Pitfall","Marc Vankerckvoorde","Ad",4,"Carabidae","Coleoptera","carabid beetles",50.804695,5.003687,2023-06-13,"DIGITAF_BIODIVERSITY_FLEMISH_TREEROWS:OCCURRENCE:carabid beetles:Pitfall:Bo2:tree:2023-06-13:317"
"318","Bo2","tree","Harpalus latus",2,"M","","Pitfall","Marc Vankerckvoorde","Ad",1,"Carabidae","Coleoptera","carabid beetles",50.804695,5.003687,2023-06-13,"DIGITAF_BIODIVERSITY_FLEMISH_TREEROWS:OCCURRENCE:carabid beetles:Pitfall:Bo2:tree:2023-06-13:318"
"319","Bo2","tree","Poecilus versicolor",1,"F","","Pitfall","Marc Vankerckvoorde","Ad",1,"Carabidae","Coleoptera","carabid beetles",50.804695,5.003687,2023-06-13,"DIGITAF_BIODIVERSITY_FLEMISH_TREEROWS:OCCURRENCE:carabid beetles:Pitfall:Bo2:tree:2023-06-13:319"
"320","Bo2","tree","Amara plebeja",1,"F","","Pitfall","Marc Vankerckvoorde","Ad",2,"Carabidae","Coleoptera","carabid beetles",50.804695,5.003687,2023-06-13,"DIGITAF_BIODIVERSITY_FLEMISH_TREEROWS:OCCURRENCE:carabid beetles:Pitfall:Bo2:tree:2023-06-13:320"
"321","Bo2","tree","Poecilus cupreus",1,"F","","Pitfall","Marc Vankerckvoorde","Ad",8,"Carabidae","Coleoptera","carabid beetles",50.804695,5.003687,2023-06-13,"DIGITAF_BIODIVERSITY_FLEMISH_TREEROWS:OCCURRENCE:carabid beetles:Pitfall:Bo2:tree:2023-06-13:321"
"322","Ge1","crtl","Poecilus versicolor",2,"F","","Pitfall","Marc Vankerckvoorde","Ad",2,"Carabidae","Coleoptera","carabid beetles",51.011478,3.685224,2023-06-12,"DIGITAF_BIODIVERSITY_FLEMISH_TREEROWS:OCCURRENCE:carabid beetles:Pitfall:Ge1:crtl:2023-06-12:322"
"323","Ge1","crtl","Polydesmus angustus",2,"F","","Pitfall","Pallieter De Smedt","Ad",1,"Polydesmidae","Polydesmida","millipedes",51.011478,3.685224,2023-06-12,"DIGITAF_BIODIVERSITY_FLEMISH_TREEROWS:OCCURRENCE:millipedes:Pitfall:Ge1:crtl:2023-06-12:323"
"324","Ge1","crtl","Trachyzelotes pedestris",2,"M","","Pitfall","Johan Van Keer","Ad",1,"Gnaphosidae","Araneae","spiders",51.011478,3.685224,2023-06-12,"DIGITAF_BIODIVERSITY_FLEMISH_TREEROWS:OCCURRENCE:spiders:Pitfall:Ge1:crtl:2023-06-12:324"
"325","Ge1","crtl","Trochosa terricola",2,"F","","Pitfall","Johan Van Keer","Ad",1,"Lycosidae","Araneae","spiders",51.011478,3.685224,2023-06-12,"DIGITAF_BIODIVERSITY_FLEMISH_TREEROWS:OCCURRENCE:spiders:Pitfall:Ge1:crtl:2023-06-12:325"
"326","Ge1","crtl","Quedius levicollis",1,"","","Pitfall","Marc Vankerckvoorde","Ad",1,"Staphylinidae","Coleoptera","staphylinid beetles",51.011478,3.685224,2023-06-12,"DIGITAF_BIODIVERSITY_FLEMISH_TREEROWS:OCCURRENCE:staphylinid beetles:Pitfall:Ge1:crtl:2023-06-12:326"
"327","Ge1","crtl","Tachyporus spec.",2,"","","Pitfall","Marc Vankerckvoorde","Ad",1,"Staphylinidae","Coleoptera","staphylinid beetles",51.011478,3.685224,2023-06-12,"DIGITAF_BIODIVERSITY_FLEMISH_TREEROWS:OCCURRENCE:staphylinid beetles:Pitfall:Ge1:crtl:2023-06-12:327"
"328","Ge1","crtl","Poecilus versicolor",2,"M","","Pitfall","Marc Vankerckvoorde","Ad",2,"Carabidae","Coleoptera","carabid beetles",51.011478,3.685224,2023-06-12,"DIGITAF_BIODIVERSITY_FLEMISH_TREEROWS:OCCURRENCE:carabid beetles:Pitfall:Ge1:crtl:2023-06-12:328"
"329","Ge1","crtl","Stomis pumicatus",2,"F","","Pitfall","Marc Vankerckvoorde","Ad",1,"Carabidae","Coleoptera","carabid beetles",51.011478,3.685224,2023-06-12,"DIGITAF_BIODIVERSITY_FLEMISH_TREEROWS:OCCURRENCE:carabid beetles:Pitfall:Ge1:crtl:2023-06-12:329"
"330","Ge1","crtl","Poecilus versicolor",1,"M","","Pitfall","Marc Vankerckvoorde","Ad",10,"Carabidae","Coleoptera","carabid beetles",51.011478,3.685224,2023-06-12,"DIGITAF_BIODIVERSITY_FLEMISH_TREEROWS:OCCURRENCE:carabid beetles:Pitfall:Ge1:crtl:2023-06-12:330"
"331","Ge1","crtl","Armadillidium vulgare",2,"","","Pitfall","Pallieter De Smedt","Ad",1,"Armadillidiidae","Isopoda","woodlice",51.011478,3.685224,2023-06-12,"DIGITAF_BIODIVERSITY_FLEMISH_TREEROWS:OCCURRENCE:woodlice:Pitfall:Ge1:crtl:2023-06-12:331"
"332","Ge1","crtl","Harpalus luteicornis",2,"M","","Pitfall","Marc Vankerckvoorde","Ad",1,"Carabidae","Coleoptera","carabid beetles",51.011478,3.685224,2023-06-12,"DIGITAF_BIODIVERSITY_FLEMISH_TREEROWS:OCCURRENCE:carabid beetles:Pitfall:Ge1:crtl:2023-06-12:332"
"333","Ge1","crtl","Philonthus cognatus",1,"","","Pitfall","Marc Vankerckvoorde","Ad",1,"Staphylinidae","Coleoptera","staphylinid beetles",51.011478,3.685224,2023-06-12,"DIGITAF_BIODIVERSITY_FLEMISH_TREEROWS:OCCURRENCE:staphylinid beetles:Pitfall:Ge1:crtl:2023-06-12:333"
"334","Ge1","crtl","Lasius niger",2,"F","","Pitfall","Wouter Dekoninck","Ad",4,"Formicidae","Hymenoptera","ants",51.011478,3.685224,2023-06-12,"DIGITAF_BIODIVERSITY_FLEMISH_TREEROWS:OCCURRENCE:ants:Pitfall:Ge1:crtl:2023-06-12:334"
"335","Ge1","crtl","Trochosa ruricola",1,"M","","Pitfall","Johan Van Keer","Ad",3,"Lycosidae","Araneae","spiders",51.011478,3.685224,2023-06-12,"DIGITAF_BIODIVERSITY_FLEMISH_TREEROWS:OCCURRENCE:spiders:Pitfall:Ge1:crtl:2023-06-12:335"
"336","Ge1","crtl","Poecilus versicolor",1,"F","","Pitfall","Marc Vankerckvoorde","Ad",2,"Carabidae","Coleoptera","carabid beetles",51.011478,3.685224,2023-06-12,"DIGITAF_BIODIVERSITY_FLEMISH_TREEROWS:OCCURRENCE:carabid beetles:Pitfall:Ge1:crtl:2023-06-12:336"
"337","Ge1","crtl","Porcellio scaber",1,"","","Pitfall","Pallieter De Smedt","Ad",17,"Porcellionidae","Isopoda","woodlice",51.011478,3.685224,2023-06-12,"DIGITAF_BIODIVERSITY_FLEMISH_TREEROWS:OCCURRENCE:woodlice:Pitfall:Ge1:crtl:2023-06-12:337"
"338","Ge1","crtl","Harpalus distinguendus",2,"F","","Pitfall","Marc Vankerckvoorde","Ad",1,"Carabidae","Coleoptera","carabid beetles",51.011478,3.685224,2023-06-12,"DIGITAF_BIODIVERSITY_FLEMISH_TREEROWS:OCCURRENCE:carabid beetles:Pitfall:Ge1:crtl:2023-06-12:338"
"339","Ge1","crtl","Trachyzelotes pedestris",1,"M","","Pitfall","Johan Van Keer","Ad",4,"Gnaphosidae","Araneae","spiders",51.011478,3.685224,2023-06-12,"DIGITAF_BIODIVERSITY_FLEMISH_TREEROWS:OCCURRENCE:spiders:Pitfall:Ge1:crtl:2023-06-12:339"
"340","Ge1","crtl","Harpalus luteicornis",2,"F","","Pitfall","Marc Vankerckvoorde","Ad",1,"Carabidae","Coleoptera","carabid beetles",51.011478,3.685224,2023-06-12,"DIGITAF_BIODIVERSITY_FLEMISH_TREEROWS:OCCURRENCE:carabid beetles:Pitfall:Ge1:crtl:2023-06-12:340"
"341","Ge1","crtl","Armadillidium vulgare",1,"","","Pitfall","Pallieter De Smedt","Ad",2,"Armadillidiidae","Isopoda","woodlice",51.011478,3.685224,2023-06-12,"DIGITAF_BIODIVERSITY_FLEMISH_TREEROWS:OCCURRENCE:woodlice:Pitfall:Ge1:crtl:2023-06-12:341"
"342","Ge1","crtl","Amara aenea",2,"F","","Pitfall","Marc Vankerckvoorde","Ad",2,"Carabidae","Coleoptera","carabid beetles",51.011478,3.685224,2023-06-12,"DIGITAF_BIODIVERSITY_FLEMISH_TREEROWS:OCCURRENCE:carabid beetles:Pitfall:Ge1:crtl:2023-06-12:342"
"343","Ge1","crtl","Pardosa palustris",2,"M","","Pitfall","Johan Van Keer","Ad",2,"Lycosidae","Araneae","spiders",51.011478,3.685224,2023-06-12,"DIGITAF_BIODIVERSITY_FLEMISH_TREEROWS:OCCURRENCE:spiders:Pitfall:Ge1:crtl:2023-06-12:343"
"344","Ge1","crtl","Amara aenea",2,"M","","Pitfall","Marc Vankerckvoorde","Ad",3,"Carabidae","Coleoptera","carabid beetles",51.011478,3.685224,2023-06-12,"DIGITAF_BIODIVERSITY_FLEMISH_TREEROWS:OCCURRENCE:carabid beetles:Pitfall:Ge1:crtl:2023-06-12:344"
"345","Ge1","crtl","Margarinotus purpurascens",2,"","","","Marc Vankerckvoorde","Ad",2,"Histeridae","Coleoptera","other beetles",51.011478,3.685224,2023-06-12,"DIGITAF_BIODIVERSITY_FLEMISH_TREEROWS:OCCURRENCE:other beetles::Ge1:crtl:2023-06-12:345"
"346","Ge1","crtl","Lasius niger",1,"F","","Pitfall","Wouter Dekoninck","Ad",29,"Formicidae","Hymenoptera","ants",51.011478,3.685224,2023-06-12,"DIGITAF_BIODIVERSITY_FLEMISH_TREEROWS:OCCURRENCE:ants:Pitfall:Ge1:crtl:2023-06-12:346"
"347","Ge1","crtl","Amara similata",2,"M","","Pitfall","Marc Vankerckvoorde","Ad",1,"Carabidae","Coleoptera","carabid beetles",51.011478,3.685224,2023-06-12,"DIGITAF_BIODIVERSITY_FLEMISH_TREEROWS:OCCURRENCE:carabid beetles:Pitfall:Ge1:crtl:2023-06-12:347"
"348","Ge1","crtl","Tenuiphantes tenuis",1,"M","","Pitfall","Johan Van Keer","Ad",1,"Linyphiidae","Araneae","spiders",51.011478,3.685224,2023-06-12,"DIGITAF_BIODIVERSITY_FLEMISH_TREEROWS:OCCURRENCE:spiders:Pitfall:Ge1:crtl:2023-06-12:348"
"349","Ge1","crtl","Pterostichus melanarius",2,"F","","Pitfall","Marc Vankerckvoorde","Ad",1,"Carabidae","Coleoptera","carabid beetles",51.011478,3.685224,2023-06-12,"DIGITAF_BIODIVERSITY_FLEMISH_TREEROWS:OCCURRENCE:carabid beetles:Pitfall:Ge1:crtl:2023-06-12:349"
"350","Ge1","crtl","Philoscia muscorum",1,"","","Pitfall","Pallieter De Smedt","Ad",5,"Philosciidae","Isopoda","woodlice",51.011478,3.685224,2023-06-12,"DIGITAF_BIODIVERSITY_FLEMISH_TREEROWS:OCCURRENCE:woodlice:Pitfall:Ge1:crtl:2023-06-12:350"
"351","Ge1","crtl","Amara communis",2,"M","","Pitfall","Marc Vankerckvoorde","Ad",1,"Carabidae","Coleoptera","carabid beetles",51.011478,3.685224,2023-06-12,"DIGITAF_BIODIVERSITY_FLEMISH_TREEROWS:OCCURRENCE:carabid beetles:Pitfall:Ge1:crtl:2023-06-12:351"
"352","Ge1","crtl","Harpalus spec.",2,"M","Harpalus lucida?","Pitfall","Marc Vankerckvoorde","Ad",1,"Carabidae","Coleoptera","carabid beetles",51.011478,3.685224,2023-06-12,"DIGITAF_BIODIVERSITY_FLEMISH_TREEROWS:OCCURRENCE:carabid beetles:Pitfall:Ge1:crtl:2023-06-12:352"
"353","Ge1","crtl","Tenuiphantes tenuis",2,"F","","Pitfall","Léon Baert","Ad",1,"Linyphiidae","Araneae","spiders",51.011478,3.685224,2023-06-12,"DIGITAF_BIODIVERSITY_FLEMISH_TREEROWS:OCCURRENCE:spiders:Pitfall:Ge1:crtl:2023-06-12:353"
"354","Ge1","crtl","Pardosa palustris",1,"M","","Pitfall","Johan Van Keer","Ad",1,"Lycosidae","Araneae","spiders",51.011478,3.685224,2023-06-12,"DIGITAF_BIODIVERSITY_FLEMISH_TREEROWS:OCCURRENCE:spiders:Pitfall:Ge1:crtl:2023-06-12:354"
"355","Ge1","crtl","Philonthus carbonarius",2,"","","Pitfall","Marc Vankerckvoorde","Ad",1,"Staphylinidae","Coleoptera","staphylinid beetles",51.011478,3.685224,2023-06-12,"DIGITAF_BIODIVERSITY_FLEMISH_TREEROWS:OCCURRENCE:staphylinid beetles:Pitfall:Ge1:crtl:2023-06-12:355"
"356","Ge1","crtl","Harpalus tardus",1,"F","","Pitfall","Marc Vankerckvoorde","Ad",1,"Carabidae","Coleoptera","carabid beetles",51.011478,3.685224,2023-06-12,"DIGITAF_BIODIVERSITY_FLEMISH_TREEROWS:OCCURRENCE:carabid beetles:Pitfall:Ge1:crtl:2023-06-12:356"
"357","Ge1","crtl","Amara communis",1,"F","","Pitfall","Marc Vankerckvoorde","Ad",1,"Carabidae","Coleoptera","carabid beetles",51.011478,3.685224,2023-06-12,"DIGITAF_BIODIVERSITY_FLEMISH_TREEROWS:OCCURRENCE:carabid beetles:Pitfall:Ge1:crtl:2023-06-12:357"
"358","Ge1","crtl","Philoscia muscorum",2,"","","Pitfall","Pallieter De Smedt","Ad",1,"Philosciidae","Isopoda","woodlice",51.011478,3.685224,2023-06-12,"DIGITAF_BIODIVERSITY_FLEMISH_TREEROWS:OCCURRENCE:woodlice:Pitfall:Ge1:crtl:2023-06-12:358"
"359","Ge1","crtl","Philonthus cognatus",2,"","","Pitfall","Marc Vankerckvoorde","Ad",1,"Staphylinidae","Coleoptera","staphylinid beetles",51.011478,3.685224,2023-06-12,"DIGITAF_BIODIVERSITY_FLEMISH_TREEROWS:OCCURRENCE:staphylinid beetles:Pitfall:Ge1:crtl:2023-06-12:359"
"360","Ge1","crtl","Pardosa pullata",2,"M","","Pitfall","Johan Van Keer","Ad",1,"Lycosidae","Araneae","spiders",51.011478,3.685224,2023-06-12,"DIGITAF_BIODIVERSITY_FLEMISH_TREEROWS:OCCURRENCE:spiders:Pitfall:Ge1:crtl:2023-06-12:360"
"361","Ge1","crtl","Loricera pilicornis",1,"","","Pitfall","Marc Vankerckvoorde","Ad",1,"Carabidae","Coleoptera","carabid beetles",51.011478,3.685224,2023-06-12,"DIGITAF_BIODIVERSITY_FLEMISH_TREEROWS:OCCURRENCE:carabid beetles:Pitfall:Ge1:crtl:2023-06-12:361"
"362","Ge1","crtl","Xysticus kochi",1,"M","","Pitfall","Johan Van Keer","Ad",1,"Thomisidae","Araneae","spiders",51.011478,3.685224,2023-06-12,"DIGITAF_BIODIVERSITY_FLEMISH_TREEROWS:OCCURRENCE:spiders:Pitfall:Ge1:crtl:2023-06-12:362"
"363","Ge1","tree","Polydesmida indet.",2,"","","Pitfall","Pallieter De Smedt","Juv",1,NA,"Polydesmida","millipedes",51.01141,3.686242,2023-06-12,"DIGITAF_BIODIVERSITY_FLEMISH_TREEROWS:OCCURRENCE:millipedes:Pitfall:Ge1:tree:2023-06-12:363"
"364","Ge1","tree","Erigone dentipalpis",1,"M","","Pitfall","Johan Van Keer","Ad",1,"Linyphiidae","Araneae","spiders",51.01141,3.686242,2023-06-12,"DIGITAF_BIODIVERSITY_FLEMISH_TREEROWS:OCCURRENCE:spiders:Pitfall:Ge1:tree:2023-06-12:364"
"365","Ge1","tree","Armadillidium vulgare",1,"","","Pitfall","Pallieter De Smedt","Ad",3,"Armadillidiidae","Isopoda","woodlice",51.01141,3.686242,2023-06-12,"DIGITAF_BIODIVERSITY_FLEMISH_TREEROWS:OCCURRENCE:woodlice:Pitfall:Ge1:tree:2023-06-12:365"
"366","Ge1","tree","Oxypselaphus obscurus",1,"F","","Pitfall","Marc Vankerckvoorde","Ad",1,"Carabidae","Coleoptera","carabid beetles",51.01141,3.686242,2023-06-12,"DIGITAF_BIODIVERSITY_FLEMISH_TREEROWS:OCCURRENCE:carabid beetles:Pitfall:Ge1:tree:2023-06-12:366"
"367","Ge1","tree","Tachinus rufipes",1,"","","Pitfall","Marc Vankerckvoorde","Ad",1,"Staphylinidae","Coleoptera","staphylinid beetles",51.01141,3.686242,2023-06-12,"DIGITAF_BIODIVERSITY_FLEMISH_TREEROWS:OCCURRENCE:staphylinid beetles:Pitfall:Ge1:tree:2023-06-12:367"
"368","Ge1","tree","Armadillidium vulgare",2,"","","Pitfall","Pallieter De Smedt","Ad",64,"Armadillidiidae","Isopoda","woodlice",51.01141,3.686242,2023-06-12,"DIGITAF_BIODIVERSITY_FLEMISH_TREEROWS:OCCURRENCE:woodlice:Pitfall:Ge1:tree:2023-06-12:368"
"369","Ge1","tree","Badister lacertosus",1,"M","","Pitfall","Marc Vankerckvoorde","Ad",1,"Carabidae","Coleoptera","carabid beetles",51.01141,3.686242,2023-06-12,"DIGITAF_BIODIVERSITY_FLEMISH_TREEROWS:OCCURRENCE:carabid beetles:Pitfall:Ge1:tree:2023-06-12:369"
"370","Ge1","tree","Polydesmus angustus",2,"M","","Pitfall","Pallieter De Smedt","Ad",1,"Polydesmidae","Polydesmida","millipedes",51.01141,3.686242,2023-06-12,"DIGITAF_BIODIVERSITY_FLEMISH_TREEROWS:OCCURRENCE:millipedes:Pitfall:Ge1:tree:2023-06-12:370"
"371","Ge1","tree","Polydesmus angustus",1,"F","","Pitfall","Pallieter De Smedt","Ad",1,"Polydesmidae","Polydesmida","millipedes",51.01141,3.686242,2023-06-12,"DIGITAF_BIODIVERSITY_FLEMISH_TREEROWS:OCCURRENCE:millipedes:Pitfall:Ge1:tree:2023-06-12:371"
"372","Ge1","tree","Myrmica scabrinodis",2,"F","","Pitfall","Wouter Dekoninck","Ad",4,"Formicidae","Hymenoptera","ants",51.01141,3.686242,2023-06-12,"DIGITAF_BIODIVERSITY_FLEMISH_TREEROWS:OCCURRENCE:ants:Pitfall:Ge1:tree:2023-06-12:372"
"373","Ge1","tree","Trochosa ruricola",1,"M","","Pitfall","Johan Van Keer","Ad",1,"Lycosidae","Araneae","spiders",51.01141,3.686242,2023-06-12,"DIGITAF_BIODIVERSITY_FLEMISH_TREEROWS:OCCURRENCE:spiders:Pitfall:Ge1:tree:2023-06-12:373"
"374","Ge1","tree","Xantholinus longiventris",1,"","","Pitfall","Marc Vankerckvoorde","Ad",1,"Staphylinidae","Coleoptera","staphylinid beetles",51.01141,3.686242,2023-06-12,"DIGITAF_BIODIVERSITY_FLEMISH_TREEROWS:OCCURRENCE:staphylinid beetles:Pitfall:Ge1:tree:2023-06-12:374"
"375","Ge1","tree","Oniscus asellus",2,"","","Pitfall","Pallieter De Smedt","Ad",1,"Oniscidae","Isopoda","woodlice",51.01141,3.686242,2023-06-12,"DIGITAF_BIODIVERSITY_FLEMISH_TREEROWS:OCCURRENCE:woodlice:Pitfall:Ge1:tree:2023-06-12:375"
"376","Ge1","tree","Lasius flavus",2,"F","","Pitfall","Wouter Dekoninck","Ad",2,"Formicidae","Hymenoptera","ants",51.01141,3.686242,2023-06-12,"DIGITAF_BIODIVERSITY_FLEMISH_TREEROWS:OCCURRENCE:ants:Pitfall:Ge1:tree:2023-06-12:376"
"377","Ge1","tree","Elaphrus cupreus",1,"F","","Pitfall","Marc Vankerckvoorde","Ad",1,"Carabidae","Coleoptera","carabid beetles",51.01141,3.686242,2023-06-12,"DIGITAF_BIODIVERSITY_FLEMISH_TREEROWS:OCCURRENCE:carabid beetles:Pitfall:Ge1:tree:2023-06-12:377"
"378","Ge1","tree","Ozyptila praticola",2,"M","","Pitfall","Johan Van Keer","Ad",5,"Thomisidae","Araneae","spiders",51.01141,3.686242,2023-06-12,"DIGITAF_BIODIVERSITY_FLEMISH_TREEROWS:OCCURRENCE:spiders:Pitfall:Ge1:tree:2023-06-12:378"
"379","Ge1","tree","Philoscia muscorum",2,"","","Pitfall","Pallieter De Smedt","Ad",9,"Philosciidae","Isopoda","woodlice",51.01141,3.686242,2023-06-12,"DIGITAF_BIODIVERSITY_FLEMISH_TREEROWS:OCCURRENCE:woodlice:Pitfall:Ge1:tree:2023-06-12:379"
"380","Ge1","tree","Trachyzelotes pedestris",2,"M","","Pitfall","Johan Van Keer","Ad",1,"Gnaphosidae","Araneae","spiders",51.01141,3.686242,2023-06-12,"DIGITAF_BIODIVERSITY_FLEMISH_TREEROWS:OCCURRENCE:spiders:Pitfall:Ge1:tree:2023-06-12:380"
"381","Ge1","tree","Craspedosomatidea indet.",2,"","","Pitfall","Pallieter De Smedt","Juv",1,"","Chordeumatida","millipedes",51.01141,3.686242,2023-06-12,"DIGITAF_BIODIVERSITY_FLEMISH_TREEROWS:OCCURRENCE:millipedes:Pitfall:Ge1:tree:2023-06-12:381"
"382","Ge1","tree","Lasius brunneus",2,"F","","Pitfall","Wouter Dekoninck","Ad",1,"Formicidae","Hymenoptera","ants",51.01141,3.686242,2023-06-12,"DIGITAF_BIODIVERSITY_FLEMISH_TREEROWS:OCCURRENCE:ants:Pitfall:Ge1:tree:2023-06-12:382"
"383","Ge1","tree","Alopecosa pulverulenta",2,"F","","Pitfall","Johan Van Keer","Ad",1,"Lycosidae","Araneae","spiders",51.01141,3.686242,2023-06-12,"DIGITAF_BIODIVERSITY_FLEMISH_TREEROWS:OCCURRENCE:spiders:Pitfall:Ge1:tree:2023-06-12:383"
"384","Ge1","tree","Brachyiulus pusillus",1,"F","","Pitfall","Pallieter De Smedt","Ad",1,"Julidae","Julida","millipedes",51.01141,3.686242,2023-06-12,"DIGITAF_BIODIVERSITY_FLEMISH_TREEROWS:OCCURRENCE:millipedes:Pitfall:Ge1:tree:2023-06-12:384"
"385","Ge1","tree","Phalangiidae indet.",2,"","","Pitfall","Pallieter De Smedt","Juv",1,"Phalangiidae","Opiliones","harvestmen",51.01141,3.686242,2023-06-12,"DIGITAF_BIODIVERSITY_FLEMISH_TREEROWS:OCCURRENCE:harvestmen:Pitfall:Ge1:tree:2023-06-12:385"
"386","Ge1","tree","Piratula hygrophila",1,"M","","Pitfall","Johan Van Keer","Ad",2,"Lycosidae","Araneae","spiders",51.01141,3.686242,2023-06-12,"DIGITAF_BIODIVERSITY_FLEMISH_TREEROWS:OCCURRENCE:spiders:Pitfall:Ge1:tree:2023-06-12:386"
"387","Ge1","tree","Ozyptila simplex",2,"M","","Pitfall","Johan Van Keer","Ad",1,"Thomisidae","Araneae","spiders",51.01141,3.686242,2023-06-12,"DIGITAF_BIODIVERSITY_FLEMISH_TREEROWS:OCCURRENCE:spiders:Pitfall:Ge1:tree:2023-06-12:387"
"388","Ge1","tree","Dyschirius globosus",1,"F","","Pitfall","Marc Vankerckvoorde","Ad",1,"Carabidae","Coleoptera","carabid beetles",51.01141,3.686242,2023-06-12,"DIGITAF_BIODIVERSITY_FLEMISH_TREEROWS:OCCURRENCE:carabid beetles:Pitfall:Ge1:tree:2023-06-12:388"
"389","Ge1","tree","Rilaena triangularis",2,"F","","Pitfall","Pallieter De Smedt","Ad",1,"Phalangiidae","Opiliones","harvestmen",51.01141,3.686242,2023-06-12,"DIGITAF_BIODIVERSITY_FLEMISH_TREEROWS:OCCURRENCE:harvestmen:Pitfall:Ge1:tree:2023-06-12:389"
"390","Ge1","tree","Aleocharinae spec.",2,"","","Pitfall","Marc Vankerckvoorde","Ad",1,"Staphylinidae","Coleoptera","staphylinid beetles",51.01141,3.686242,2023-06-12,"DIGITAF_BIODIVERSITY_FLEMISH_TREEROWS:OCCURRENCE:staphylinid beetles:Pitfall:Ge1:tree:2023-06-12:390"
"391","Ge1","tree","Agonum emarginatum",1,"F","","Pitfall","Marc Vankerckvoorde","Ad",1,"Carabidae","Coleoptera","carabid beetles",51.01141,3.686242,2023-06-12,"DIGITAF_BIODIVERSITY_FLEMISH_TREEROWS:OCCURRENCE:carabid beetles:Pitfall:Ge1:tree:2023-06-12:391"
"392","Ge1","tree","Badister unipustulatus",1,"F","","Pitfall","Marc Vankerckvoorde","Ad",1,"Carabidae","Coleoptera","carabid beetles",51.01141,3.686242,2023-06-12,"DIGITAF_BIODIVERSITY_FLEMISH_TREEROWS:OCCURRENCE:carabid beetles:Pitfall:Ge1:tree:2023-06-12:392"
"393","Ge1","tree","Eratigena picta",2,"F","","Pitfall","Johan Van Keer","Ad",2,"Agelenidae","Araneae","spiders",51.01141,3.686242,2023-06-12,"DIGITAF_BIODIVERSITY_FLEMISH_TREEROWS:OCCURRENCE:spiders:Pitfall:Ge1:tree:2023-06-12:393"
"394","Ge1","tree","Lasius niger",1,"F","","Pitfall","Wouter Dekoninck","Ad",1,"Formicidae","Hymenoptera","ants",51.01141,3.686242,2023-06-12,"DIGITAF_BIODIVERSITY_FLEMISH_TREEROWS:OCCURRENCE:ants:Pitfall:Ge1:tree:2023-06-12:394"
"395","Ge1","tree","Julidae indet.",2,"","","Pitfall","Pallieter De Smedt","Juv",1,"Julidae","Julida","millipedes",51.01141,3.686242,2023-06-12,"DIGITAF_BIODIVERSITY_FLEMISH_TREEROWS:OCCURRENCE:millipedes:Pitfall:Ge1:tree:2023-06-12:395"
"396","Ge1","tree","Lasius niger",2,"F","","Pitfall","Wouter Dekoninck","Ad",4,"Formicidae","Hymenoptera","ants",51.01141,3.686242,2023-06-12,"DIGITAF_BIODIVERSITY_FLEMISH_TREEROWS:OCCURRENCE:ants:Pitfall:Ge1:tree:2023-06-12:396"
"397","Ge1","tree","Lathrobium spec.",1,"F","","Pitfall","Marc Vankerckvoorde","Ad",1,"Staphylinidae","Coleoptera","staphylinid beetles",51.01141,3.686242,2023-06-12,"DIGITAF_BIODIVERSITY_FLEMISH_TREEROWS:OCCURRENCE:staphylinid beetles:Pitfall:Ge1:tree:2023-06-12:397"
"398","Ge1","tree","Porcellio scaber",1,"","","Pitfall","Pallieter De Smedt","Ad",1,"Porcellionidae","Isopoda","woodlice",51.01141,3.686242,2023-06-12,"DIGITAF_BIODIVERSITY_FLEMISH_TREEROWS:OCCURRENCE:woodlice:Pitfall:Ge1:tree:2023-06-12:398"
"399","Ge1","tree","Pterostichus melanarius",1,"F","","Pitfall","Marc Vankerckvoorde","Ad",1,"Carabidae","Coleoptera","carabid beetles",51.01141,3.686242,2023-06-12,"DIGITAF_BIODIVERSITY_FLEMISH_TREEROWS:OCCURRENCE:carabid beetles:Pitfall:Ge1:tree:2023-06-12:399"
"400","Ge1","tree","Piratula hygrophila",1,"F","","Pitfall","Johan Van Keer","Ad",1,"Lycosidae","Araneae","spiders",51.01141,3.686242,2023-06-12,"DIGITAF_BIODIVERSITY_FLEMISH_TREEROWS:OCCURRENCE:spiders:Pitfall:Ge1:tree:2023-06-12:400"
"401","Ge1","tree","Porcellio scaber",2,"","","Pitfall","Pallieter De Smedt","Ad",43,"Porcellionidae","Isopoda","woodlice",51.01141,3.686242,2023-06-12,"DIGITAF_BIODIVERSITY_FLEMISH_TREEROWS:OCCURRENCE:woodlice:Pitfall:Ge1:tree:2023-06-12:401"
"402","Ge1","tree","Pterostichus strenuus",1,"M","","Pitfall","Marc Vankerckvoorde","Ad",1,"Carabidae","Coleoptera","carabid beetles",51.01141,3.686242,2023-06-12,"DIGITAF_BIODIVERSITY_FLEMISH_TREEROWS:OCCURRENCE:carabid beetles:Pitfall:Ge1:tree:2023-06-12:402"
"403","Ge1","tree","Stenolophus mixtus",1,"F","","Pitfall","Marc Vankerckvoorde","Ad",1,"Carabidae","Coleoptera","carabid beetles",51.01141,3.686242,2023-06-12,"DIGITAF_BIODIVERSITY_FLEMISH_TREEROWS:OCCURRENCE:carabid beetles:Pitfall:Ge1:tree:2023-06-12:403"
"404","Ge1","tree","Anisodactylus binotatus",1,"M","","Pitfall","Marc Vankerckvoorde","Ad",1,"Carabidae","Coleoptera","carabid beetles",51.01141,3.686242,2023-06-12,"DIGITAF_BIODIVERSITY_FLEMISH_TREEROWS:OCCURRENCE:carabid beetles:Pitfall:Ge1:tree:2023-06-12:404"
"405","Ge1","tree","Arctosa leopardus",1,"M","","Pitfall","Johan Van Keer","Ad",1,"Lycosidae","Araneae","spiders",51.01141,3.686242,2023-06-12,"DIGITAF_BIODIVERSITY_FLEMISH_TREEROWS:OCCURRENCE:spiders:Pitfall:Ge1:tree:2023-06-12:405"
"406","Ge1","tree","Pardosa pullata",2,"F","","Pitfall","Johan Van Keer","Ad",1,"Lycosidae","Araneae","spiders",51.01141,3.686242,2023-06-12,"DIGITAF_BIODIVERSITY_FLEMISH_TREEROWS:OCCURRENCE:spiders:Pitfall:Ge1:tree:2023-06-12:406"
"407","Ge1","tree","Pterostichus diligens",1,"M","","Pitfall","Marc Vankerckvoorde","Ad",1,"Carabidae","Coleoptera","carabid beetles",51.01141,3.686242,2023-06-12,"DIGITAF_BIODIVERSITY_FLEMISH_TREEROWS:OCCURRENCE:carabid beetles:Pitfall:Ge1:tree:2023-06-12:407"
"408","Ie","crop","Erigone atra",2,"M","","Pitfall","Johan Van Keer","Ad",1,"Linyphiidae","Araneae","spiders",50.898197,2.833149,2023-06-12,"DIGITAF_BIODIVERSITY_FLEMISH_TREEROWS:OCCURRENCE:spiders:Pitfall:Ie:crop:2023-06-12:408"
"409","Ie","crop","Bembidion lampros",1,"M","","Pitfall","Marc Vankerckvoorde","Ad",1,"Carabidae","Coleoptera","carabid beetles",50.898197,2.833149,2023-06-12,"DIGITAF_BIODIVERSITY_FLEMISH_TREEROWS:OCCURRENCE:carabid beetles:Pitfall:Ie:crop:2023-06-12:409"
"410","Ie","crop","Philonthus cognatus",1,"","","Pitfall","Marc Vankerckvoorde","Ad",1,"Staphylinidae","Coleoptera","staphylinid beetles",50.898197,2.833149,2023-06-12,"DIGITAF_BIODIVERSITY_FLEMISH_TREEROWS:OCCURRENCE:staphylinid beetles:Pitfall:Ie:crop:2023-06-12:410"
"411","Ie","crop","Bembidion obtusum",1,"F","","Pitfall","Marc Vankerckvoorde","Ad",1,"Carabidae","Coleoptera","carabid beetles",50.898197,2.833149,2023-06-12,"DIGITAF_BIODIVERSITY_FLEMISH_TREEROWS:OCCURRENCE:carabid beetles:Pitfall:Ie:crop:2023-06-12:411"
"412","Ie","crop","Bembidion lampros",2,"F","","Pitfall","Marc Vankerckvoorde","Ad",3,"Carabidae","Coleoptera","carabid beetles",50.898197,2.833149,2023-06-12,"DIGITAF_BIODIVERSITY_FLEMISH_TREEROWS:OCCURRENCE:carabid beetles:Pitfall:Ie:crop:2023-06-12:412"
"413","Ie","crop","Bembidion lampros",1,"F","","Pitfall","Marc Vankerckvoorde","Ad",1,"Carabidae","Coleoptera","carabid beetles",50.898197,2.833149,2023-06-12,"DIGITAF_BIODIVERSITY_FLEMISH_TREEROWS:OCCURRENCE:carabid beetles:Pitfall:Ie:crop:2023-06-12:413"
"414","Ie","crop","Pterostichus melanarius",2,"F","","Pitfall","Marc Vankerckvoorde","Ad",1,"Carabidae","Coleoptera","carabid beetles",50.898197,2.833149,2023-06-12,"DIGITAF_BIODIVERSITY_FLEMISH_TREEROWS:OCCURRENCE:carabid beetles:Pitfall:Ie:crop:2023-06-12:414"
"415","Ie","crop","Tenuiphantes tenuis",2,"F","","Pitfall","Johan Van Keer","Ad",2,"Linyphiidae","Araneae","spiders",50.898197,2.833149,2023-06-12,"DIGITAF_BIODIVERSITY_FLEMISH_TREEROWS:OCCURRENCE:spiders:Pitfall:Ie:crop:2023-06-12:415"
"416","Ie","crop","Bathyphantes gracilis",2,"F","","Pitfall","Johan Van Keer","Ad",1,"Linyphiidae","Araneae","spiders",50.898197,2.833149,2023-06-12,"DIGITAF_BIODIVERSITY_FLEMISH_TREEROWS:OCCURRENCE:spiders:Pitfall:Ie:crop:2023-06-12:416"
"417","Ie","crop","Pardosa amentata",1,"F","","Pitfall","Johan Van Keer","Ad",1,"Lycosidae","Araneae","spiders",50.898197,2.833149,2023-06-12,"DIGITAF_BIODIVERSITY_FLEMISH_TREEROWS:OCCURRENCE:spiders:Pitfall:Ie:crop:2023-06-12:417"
"418","Ie","crop","Notiophilus quadripunctatus",2,"F","","Pitfall","Marc Vankerckvoorde","Ad",1,"Carabidae","Coleoptera","carabid beetles",50.898197,2.833149,2023-06-12,"DIGITAF_BIODIVERSITY_FLEMISH_TREEROWS:OCCURRENCE:carabid beetles:Pitfall:Ie:crop:2023-06-12:418"
"419","Ie","crop","Bathyphantes gracilis",2,"M","","Pitfall","Johan Van Keer","Ad",1,"Linyphiidae","Araneae","spiders",50.898197,2.833149,2023-06-12,"DIGITAF_BIODIVERSITY_FLEMISH_TREEROWS:OCCURRENCE:spiders:Pitfall:Ie:crop:2023-06-12:419"
"420","Ie","crop","Tenuiphantes tenuis",2,"M","","Pitfall","Johan Van Keer","Ad",1,"Linyphiidae","Araneae","spiders",50.898197,2.833149,2023-06-12,"DIGITAF_BIODIVERSITY_FLEMISH_TREEROWS:OCCURRENCE:spiders:Pitfall:Ie:crop:2023-06-12:420"
"421","Ie","crop","Erigone atra",1,"M","","Pitfall","Johan Van Keer","Ad",2,"Linyphiidae","Araneae","spiders",50.898197,2.833149,2023-06-12,"DIGITAF_BIODIVERSITY_FLEMISH_TREEROWS:OCCURRENCE:spiders:Pitfall:Ie:crop:2023-06-12:421"
"422","Ie","crop","Notiophilus quadripunctatus",1,"M","","Pitfall","Marc Vankerckvoorde","Ad",2,"Carabidae","Coleoptera","carabid beetles",50.898197,2.833149,2023-06-12,"DIGITAF_BIODIVERSITY_FLEMISH_TREEROWS:OCCURRENCE:carabid beetles:Pitfall:Ie:crop:2023-06-12:422"
"423","Ie","crop","Notiophilus quadripunctatus",1,"F","","Pitfall","Marc Vankerckvoorde","Ad",1,"Carabidae","Coleoptera","carabid beetles",50.898197,2.833149,2023-06-12,"DIGITAF_BIODIVERSITY_FLEMISH_TREEROWS:OCCURRENCE:carabid beetles:Pitfall:Ie:crop:2023-06-12:423"
"424","Ie","crop","Agyneta rurestris",1,"M","","Pitfall","Johan Van Keer","Ad",1,"Linyphiidae","Araneae","spiders",50.898197,2.833149,2023-06-12,"DIGITAF_BIODIVERSITY_FLEMISH_TREEROWS:OCCURRENCE:spiders:Pitfall:Ie:crop:2023-06-12:424"
"425","Ie","crop","Philonthus cognatus",2,"","","Pitfall","Marc Vankerckvoorde","Ad",1,"Staphylinidae","Coleoptera","staphylinid beetles",50.898197,2.833149,2023-06-12,"DIGITAF_BIODIVERSITY_FLEMISH_TREEROWS:OCCURRENCE:staphylinid beetles:Pitfall:Ie:crop:2023-06-12:425"
"426","Ie","crop","Porrhomma microphthalmum",1,"M","","Pitfall","Johan Van Keer","Ad",1,"Linyphiidae","Araneae","spiders",50.898197,2.833149,2023-06-12,"DIGITAF_BIODIVERSITY_FLEMISH_TREEROWS:OCCURRENCE:spiders:Pitfall:Ie:crop:2023-06-12:426"
"427","Ie","crop","Aleocharinae spec.",2,"","","Pitfall","Marc Vankerckvoorde","Ad",1,"Staphylinidae","Coleoptera","staphylinid beetles",50.898197,2.833149,2023-06-12,"DIGITAF_BIODIVERSITY_FLEMISH_TREEROWS:OCCURRENCE:staphylinid beetles:Pitfall:Ie:crop:2023-06-12:427"
"428","Ie","crop","Aleocharinae spec.",1,"","","Pitfall","Marc Vankerckvoorde","Ad",1,"Staphylinidae","Coleoptera","staphylinid beetles",50.898197,2.833149,2023-06-12,"DIGITAF_BIODIVERSITY_FLEMISH_TREEROWS:OCCURRENCE:staphylinid beetles:Pitfall:Ie:crop:2023-06-12:428"
"429","Ie","crop","Oedothorax fuscus",1,"F","","Pitfall","Johan Van Keer","Ad",2,"Linyphiidae","Araneae","spiders",50.898197,2.833149,2023-06-12,"DIGITAF_BIODIVERSITY_FLEMISH_TREEROWS:OCCURRENCE:spiders:Pitfall:Ie:crop:2023-06-12:429"
"430","Ie","crop","Lasius niger",1,"F","","Pitfall","Wouter Dekoninck","Ad",1,"Formicidae","Hymenoptera","ants",50.898197,2.833149,2023-06-12,"DIGITAF_BIODIVERSITY_FLEMISH_TREEROWS:OCCURRENCE:ants:Pitfall:Ie:crop:2023-06-12:430"
"431","Ie","crop","Diplocephalus graecus",1,"M","","Pitfall","Johan Van Keer","Ad",1,"Linyphiidae","Araneae","spiders",50.898197,2.833149,2023-06-12,"DIGITAF_BIODIVERSITY_FLEMISH_TREEROWS:OCCURRENCE:spiders:Pitfall:Ie:crop:2023-06-12:431"
"432","Ie","crop","Oedothorax fuscus",2,"F","","Pitfall","Johan Van Keer","Ad",1,"Linyphiidae","Araneae","spiders",50.898197,2.833149,2023-06-12,"DIGITAF_BIODIVERSITY_FLEMISH_TREEROWS:OCCURRENCE:spiders:Pitfall:Ie:crop:2023-06-12:432"
"433","Ie","crtl","Pardosa palustris",1,"M","","Pitfall","Johan Van Keer","Ad",5,"Lycosidae","Araneae","spiders",50.898647,2.833769,2023-06-12,"DIGITAF_BIODIVERSITY_FLEMISH_TREEROWS:OCCURRENCE:spiders:Pitfall:Ie:crtl:2023-06-12:433"
"434","Ie","crtl","Nebria salina",2,"M","","Pitfall","Marc Vankerckvoorde","Ad",1,"Carabidae","Coleoptera","carabid beetles",50.898647,2.833769,2023-06-12,"DIGITAF_BIODIVERSITY_FLEMISH_TREEROWS:OCCURRENCE:carabid beetles:Pitfall:Ie:crtl:2023-06-12:434"
"435","Ie","crtl","Xysticus cristatus",1,"M","","Pitfall","Johan Van Keer","Ad",1,"Thomisidae","Araneae","spiders",50.898647,2.833769,2023-06-12,"DIGITAF_BIODIVERSITY_FLEMISH_TREEROWS:OCCURRENCE:spiders:Pitfall:Ie:crtl:2023-06-12:435"
"436","Ie","crtl","Micaria micans",1,"M","CJVK","Pitfall","Johan Van Keer","Ad",1,"Gnaphosidae","Araneae","spiders",50.898647,2.833769,2023-06-12,"DIGITAF_BIODIVERSITY_FLEMISH_TREEROWS:OCCURRENCE:spiders:Pitfall:Ie:crtl:2023-06-12:436"
"437","Ie","crtl","Pardosa palustris",2,"F","","Pitfall","Johan Van Keer","Ad",3,"Lycosidae","Araneae","spiders",50.898647,2.833769,2023-06-12,"DIGITAF_BIODIVERSITY_FLEMISH_TREEROWS:OCCURRENCE:spiders:Pitfall:Ie:crtl:2023-06-12:437"
"438","Ie","crtl","Pterostichus melanarius",2,"M","","Pitfall","Marc Vankerckvoorde","Ad",1,"Carabidae","Coleoptera","carabid beetles",50.898647,2.833769,2023-06-12,"DIGITAF_BIODIVERSITY_FLEMISH_TREEROWS:OCCURRENCE:carabid beetles:Pitfall:Ie:crtl:2023-06-12:438"
"439","Ie","crtl","Lasius niger",2,"F","","Pitfall","Wouter Dekoninck","Ad",3,"Formicidae","Hymenoptera","ants",50.898647,2.833769,2023-06-12,"DIGITAF_BIODIVERSITY_FLEMISH_TREEROWS:OCCURRENCE:ants:Pitfall:Ie:crtl:2023-06-12:439"
"440","Ie","crtl","Drassyllus pusillus",1,"M","","Pitfall","Johan Van Keer","Ad",2,"Gnaphosidae","Araneae","spiders",50.898647,2.833769,2023-06-12,"DIGITAF_BIODIVERSITY_FLEMISH_TREEROWS:OCCURRENCE:spiders:Pitfall:Ie:crtl:2023-06-12:440"
"441","Ie","crtl","Trochosa ruricola",2,"F","","Pitfall","Johan Van Keer","Ad",1,"Lycosidae","Araneae","spiders",50.898647,2.833769,2023-06-12,"DIGITAF_BIODIVERSITY_FLEMISH_TREEROWS:OCCURRENCE:spiders:Pitfall:Ie:crtl:2023-06-12:441"
"442","Ie","crtl","Phrurolithus festivus",1,"M","","Pitfall","Johan Van Keer","Ad",1,"Phrurolithidae","Araneae","spiders",50.898647,2.833769,2023-06-12,"DIGITAF_BIODIVERSITY_FLEMISH_TREEROWS:OCCURRENCE:spiders:Pitfall:Ie:crtl:2023-06-12:442"
"443","Ie","crtl","Bembidion lampros",2,"F","","Pitfall","Marc Vankerckvoorde","Ad",1,"Carabidae","Coleoptera","carabid beetles",50.898647,2.833769,2023-06-12,"DIGITAF_BIODIVERSITY_FLEMISH_TREEROWS:OCCURRENCE:carabid beetles:Pitfall:Ie:crtl:2023-06-12:443"
"444","Ie","crtl","Lasius niger",1,"F","Find error: no data for Ge1, TW and Ie (latter one ends on 'e' and has lasius niger recordings in the second trap)","Pitfall","Wouter Dekoninck","Ad",12,"Formicidae","Hymenoptera","ants",50.898647,2.833769,2023-06-12,"DIGITAF_BIODIVERSITY_FLEMISH_TREEROWS:OCCURRENCE:ants:Pitfall:Ie:crtl:2023-06-12:444"
"445","Ie","crtl","Xysticus cristatus",2,"M","","Pitfall","Johan Van Keer","Ad",1,"Thomisidae","Araneae","spiders",50.898647,2.833769,2023-06-12,"DIGITAF_BIODIVERSITY_FLEMISH_TREEROWS:OCCURRENCE:spiders:Pitfall:Ie:crtl:2023-06-12:445"
"446","Ie","crtl","Philoscia muscorum",1,"","","Pitfall","Pallieter De Smedt","Ad",2,"Philosciidae","Isopoda","woodlice",50.898647,2.833769,2023-06-12,"DIGITAF_BIODIVERSITY_FLEMISH_TREEROWS:OCCURRENCE:woodlice:Pitfall:Ie:crtl:2023-06-12:446"
"447","Ie","crtl","Alopecosa pulverulenta",2,"M","","Pitfall","Johan Van Keer","Ad",1,"Lycosidae","Araneae","spiders",50.898647,2.833769,2023-06-12,"DIGITAF_BIODIVERSITY_FLEMISH_TREEROWS:OCCURRENCE:spiders:Pitfall:Ie:crtl:2023-06-12:447"
"448","Ie","crtl","Brachyiulus pusillus",2,"F","","Pitfall","Pallieter De Smedt","Ad",3,"Julidae","Julida","millipedes",50.898647,2.833769,2023-06-12,"DIGITAF_BIODIVERSITY_FLEMISH_TREEROWS:OCCURRENCE:millipedes:Pitfall:Ie:crtl:2023-06-12:448"
"449","Ie","crtl","Harpalus affinis",1,"M","","Pitfall","Marc Vankerckvoorde","Ad",1,"Carabidae","Coleoptera","carabid beetles",50.898647,2.833769,2023-06-12,"DIGITAF_BIODIVERSITY_FLEMISH_TREEROWS:OCCURRENCE:carabid beetles:Pitfall:Ie:crtl:2023-06-12:449"
"450","Ie","crtl","Myrmica specioides",2,"F","","Pitfall","Wouter Dekoninck","Ad",2,"Formicidae","Hymenoptera","ants",50.898647,2.833769,2023-06-12,"DIGITAF_BIODIVERSITY_FLEMISH_TREEROWS:OCCURRENCE:ants:Pitfall:Ie:crtl:2023-06-12:450"
"451","Ie","crtl","Anotylus insecatus",1,"","","Pitfall","Marc Vankerckvoorde","Ad",1,"Staphylinidae","Coleoptera","staphylinid beetles",50.898647,2.833769,2023-06-12,"DIGITAF_BIODIVERSITY_FLEMISH_TREEROWS:OCCURRENCE:staphylinid beetles:Pitfall:Ie:crtl:2023-06-12:451"
"452","Ie","crtl","Drassyllus pusillus",2,"M","","Pitfall","Johan Van Keer","Ad",2,"Gnaphosidae","Araneae","spiders",50.898647,2.833769,2023-06-12,"DIGITAF_BIODIVERSITY_FLEMISH_TREEROWS:OCCURRENCE:spiders:Pitfall:Ie:crtl:2023-06-12:452"
"453","Ie","crtl","Harpalus affinis",1,"F","","Pitfall","Marc Vankerckvoorde","Ad",1,"Carabidae","Coleoptera","carabid beetles",50.898647,2.833769,2023-06-12,"DIGITAF_BIODIVERSITY_FLEMISH_TREEROWS:OCCURRENCE:carabid beetles:Pitfall:Ie:crtl:2023-06-12:453"
"454","Ie","tree","Lasius niger",1,"F","","Pitfall","Wouter Dekoninck","Ad",1,"Formicidae","Hymenoptera","ants",50.897827,2.834499,2023-06-12,"DIGITAF_BIODIVERSITY_FLEMISH_TREEROWS:OCCURRENCE:ants:Pitfall:Ie:tree:2023-06-12:454"
"455","Ie","tree","Bembidion lampros",2,"M","","Pitfall","Marc Vankerckvoorde","Ad",1,"Carabidae","Coleoptera","carabid beetles",50.897827,2.834499,2023-06-12,"DIGITAF_BIODIVERSITY_FLEMISH_TREEROWS:OCCURRENCE:carabid beetles:Pitfall:Ie:tree:2023-06-12:455"
"456","Ie","tree","Erigone dentipalpis",2,"M","","Pitfall","Johan Van Keer","Ad",1,"Linyphiidae","Araneae","spiders",50.897827,2.834499,2023-06-12,"DIGITAF_BIODIVERSITY_FLEMISH_TREEROWS:OCCURRENCE:spiders:Pitfall:Ie:tree:2023-06-12:456"
"457","Ie","tree","Eratigena picta",1,"M","","Pitfall","Johan Van Keer","Ad",1,"Agelenidae","Araneae","spiders",50.897827,2.834499,2023-06-12,"DIGITAF_BIODIVERSITY_FLEMISH_TREEROWS:OCCURRENCE:spiders:Pitfall:Ie:tree:2023-06-12:457"
"458","Ie","tree","Nebria brevicollis",2,"F","","Pitfall","Marc Vankerckvoorde","Ad",4,"Carabidae","Coleoptera","carabid beetles",50.897827,2.834499,2023-06-12,"DIGITAF_BIODIVERSITY_FLEMISH_TREEROWS:OCCURRENCE:carabid beetles:Pitfall:Ie:tree:2023-06-12:458"
"459","Ie","tree","Nebria salina",1,"M","","Pitfall","Marc Vankerckvoorde","Ad",2,"Carabidae","Coleoptera","carabid beetles",50.897827,2.834499,2023-06-12,"DIGITAF_BIODIVERSITY_FLEMISH_TREEROWS:OCCURRENCE:carabid beetles:Pitfall:Ie:tree:2023-06-12:459"
"460","Ie","tree","Nebria salina",1,"F","","Pitfall","Marc Vankerckvoorde","Ad",2,"Carabidae","Coleoptera","carabid beetles",50.897827,2.834499,2023-06-12,"DIGITAF_BIODIVERSITY_FLEMISH_TREEROWS:OCCURRENCE:carabid beetles:Pitfall:Ie:tree:2023-06-12:460"
"461","Ie","tree","Lithobius forficatus",2,"","","Pitfall","Koen Lock","Ad",1,"Lithobiidae","Lithobiomorpha","centipedes",50.897827,2.834499,2023-06-12,"DIGITAF_BIODIVERSITY_FLEMISH_TREEROWS:OCCURRENCE:centipedes:Pitfall:Ie:tree:2023-06-12:461"
"462","Ie","tree","Trochosa ruricola",2,"M","","Pitfall","Johan Van Keer","Ad",4,"Lycosidae","Araneae","spiders",50.897827,2.834499,2023-06-12,"DIGITAF_BIODIVERSITY_FLEMISH_TREEROWS:OCCURRENCE:spiders:Pitfall:Ie:tree:2023-06-12:462"
"463","Ie","tree","Brachyiulus pusillus",2,"M","","Pitfall","Pallieter De Smedt","Ad",1,"Julidae","Julida","millipedes",50.897827,2.834499,2023-06-12,"DIGITAF_BIODIVERSITY_FLEMISH_TREEROWS:OCCURRENCE:millipedes:Pitfall:Ie:tree:2023-06-12:463"
"464","Ie","tree","Nebria brevicollis",2,"M","","Pitfall","Marc Vankerckvoorde","Ad",2,"Carabidae","Coleoptera","carabid beetles",50.897827,2.834499,2023-06-12,"DIGITAF_BIODIVERSITY_FLEMISH_TREEROWS:OCCURRENCE:carabid beetles:Pitfall:Ie:tree:2023-06-12:464"
"465","Ie","tree","Pisaura mirabilis",1,"M","","Pitfall","Johan Van Keer","Ad",1,"Pisauridae","Araneae","spiders",50.897827,2.834499,2023-06-12,"DIGITAF_BIODIVERSITY_FLEMISH_TREEROWS:OCCURRENCE:spiders:Pitfall:Ie:tree:2023-06-12:465"
"466","Ie","tree","Anchomenus dorsalis",2,"M","","Pitfall","Marc Vankerckvoorde","Ad",1,"Carabidae","Coleoptera","carabid beetles",50.897827,2.834499,2023-06-12,"DIGITAF_BIODIVERSITY_FLEMISH_TREEROWS:OCCURRENCE:carabid beetles:Pitfall:Ie:tree:2023-06-12:466"
"467","Ie","tree","Dysdera crocata",2,"M","","Pitfall","Johan Van Keer","Ad",1,"Dysderidae","Araneae","spiders",50.897827,2.834499,2023-06-12,"DIGITAF_BIODIVERSITY_FLEMISH_TREEROWS:OCCURRENCE:spiders:Pitfall:Ie:tree:2023-06-12:467"
"468","Ie","tree","Nebria salina",2,"M","","Pitfall","Marc Vankerckvoorde","Ad",1,"Carabidae","Coleoptera","carabid beetles",50.897827,2.834499,2023-06-12,"DIGITAF_BIODIVERSITY_FLEMISH_TREEROWS:OCCURRENCE:carabid beetles:Pitfall:Ie:tree:2023-06-12:468"
"469","Ie","tree","Cylindroiulus caeruleocinctus",2,"M","","Pitfall","Pallieter De Smedt","Juv",1,"Julidae","Julida","millipedes",50.897827,2.834499,2023-06-12,"DIGITAF_BIODIVERSITY_FLEMISH_TREEROWS:OCCURRENCE:millipedes:Pitfall:Ie:tree:2023-06-12:469"
"470","Ie","tree","Lasius niger",2,"F","","Pitfall","Wouter Dekoninck","Ad",2,"Formicidae","Hymenoptera","ants",50.897827,2.834499,2023-06-12,"DIGITAF_BIODIVERSITY_FLEMISH_TREEROWS:OCCURRENCE:ants:Pitfall:Ie:tree:2023-06-12:470"
"471","Ie","tree","Myrmica rubra",1,"F","","Pitfall","Wouter Dekoninck","Ad",181,"Formicidae","Hymenoptera","ants",50.897827,2.834499,2023-06-12,"DIGITAF_BIODIVERSITY_FLEMISH_TREEROWS:OCCURRENCE:ants:Pitfall:Ie:tree:2023-06-12:471"
"472","Ie","tree","Xantholinus longiventris",2,"","","Pitfall","Marc Vankerckvoorde","Ad",1,"Staphylinidae","Coleoptera","staphylinid beetles",50.897827,2.834499,2023-06-12,"DIGITAF_BIODIVERSITY_FLEMISH_TREEROWS:OCCURRENCE:staphylinid beetles:Pitfall:Ie:tree:2023-06-12:472"
"473","Ie","tree","Aleocharinae spec.",2,"","","Pitfall","Marc Vankerckvoorde","Ad",5,"Staphylinidae","Coleoptera","staphylinid beetles",50.897827,2.834499,2023-06-12,"DIGITAF_BIODIVERSITY_FLEMISH_TREEROWS:OCCURRENCE:staphylinid beetles:Pitfall:Ie:tree:2023-06-12:473"
"474","Ie","tree","Cylindroiulus caeruleocinctus",2,"M","","Pitfall","Pallieter De Smedt","Ad",1,"Julidae","Julida","millipedes",50.897827,2.834499,2023-06-12,"DIGITAF_BIODIVERSITY_FLEMISH_TREEROWS:OCCURRENCE:millipedes:Pitfall:Ie:tree:2023-06-12:474"
"475","Ie","tree","Nesticus cellulanus",1,"M","CJVK","Pitfall","Johan Van Keer","Ad",1,"Nesticidae","Araneae","spiders",50.897827,2.834499,2023-06-12,"DIGITAF_BIODIVERSITY_FLEMISH_TREEROWS:OCCURRENCE:spiders:Pitfall:Ie:tree:2023-06-12:475"
"476","Ie","tree","Lithobius forficatus",1,"","","Pitfall","Koen Lock","Ad",1,"Lithobiidae","Lithobiomorpha","centipedes",50.897827,2.834499,2023-06-12,"DIGITAF_BIODIVERSITY_FLEMISH_TREEROWS:OCCURRENCE:centipedes:Pitfall:Ie:tree:2023-06-12:476"
"477","Ie","tree","Lasius fuliginosus",2,"F","","Pitfall","Wouter Dekoninck","Ad",1,"Formicidae","Hymenoptera","ants",50.897827,2.834499,2023-06-12,"DIGITAF_BIODIVERSITY_FLEMISH_TREEROWS:OCCURRENCE:ants:Pitfall:Ie:tree:2023-06-12:477"
"478","Ie","tree","Porcellio scaber",1,"","","Pitfall","Pallieter De Smedt","Ad",17,"Porcellionidae","Isopoda","woodlice",50.897827,2.834499,2023-06-12,"DIGITAF_BIODIVERSITY_FLEMISH_TREEROWS:OCCURRENCE:woodlice:Pitfall:Ie:tree:2023-06-12:478"
"479","Ie","tree","Trachyzelotes pedestris",2,"M","","Pitfall","Johan Van Keer","Ad",3,"Gnaphosidae","Araneae","spiders",50.897827,2.834499,2023-06-12,"DIGITAF_BIODIVERSITY_FLEMISH_TREEROWS:OCCURRENCE:spiders:Pitfall:Ie:tree:2023-06-12:479"
"480","Ie","tree","Leistus fulvibarbis",2,"M","","Pitfall","Marc Vankerckvoorde","Ad",7,"Carabidae","Coleoptera","carabid beetles",50.897827,2.834499,2023-06-12,"DIGITAF_BIODIVERSITY_FLEMISH_TREEROWS:OCCURRENCE:carabid beetles:Pitfall:Ie:tree:2023-06-12:480"
"481","Ie","tree","Tachyporus hypnorum",2,"","","Pitfall","Marc Vankerckvoorde","Ad",1,"Staphylinidae","Coleoptera","staphylinid beetles",50.897827,2.834499,2023-06-12,"DIGITAF_BIODIVERSITY_FLEMISH_TREEROWS:OCCURRENCE:staphylinid beetles:Pitfall:Ie:tree:2023-06-12:481"
"482","Ie","tree","Philoscia muscorum",1,"","","Pitfall","Pallieter De Smedt","Ad",13,"Philosciidae","Isopoda","woodlice",50.897827,2.834499,2023-06-12,"DIGITAF_BIODIVERSITY_FLEMISH_TREEROWS:OCCURRENCE:woodlice:Pitfall:Ie:tree:2023-06-12:482"
"483","Ie","tree","Leistus fulvibarbis",2,"F","","Pitfall","Marc Vankerckvoorde","Ad",1,"Carabidae","Coleoptera","carabid beetles",50.897827,2.834499,2023-06-12,"DIGITAF_BIODIVERSITY_FLEMISH_TREEROWS:OCCURRENCE:carabid beetles:Pitfall:Ie:tree:2023-06-12:483"
"484","Ie","tree","Syntomus foveatus",2,"M","","Pitfall","Marc Vankerckvoorde","Ad",1,"Carabidae","Coleoptera","carabid beetles",50.897827,2.834499,2023-06-12,"DIGITAF_BIODIVERSITY_FLEMISH_TREEROWS:OCCURRENCE:carabid beetles:Pitfall:Ie:tree:2023-06-12:484"
"485","Ie1","crtl","Pterostichus melanarius",2,"M","","Pitfall","Marc Vankerckvoorde","Ad",1,"Carabidae","Coleoptera","carabid beetles",50.869884,2.80778,2023-06-12,"DIGITAF_BIODIVERSITY_FLEMISH_TREEROWS:OCCURRENCE:carabid beetles:Pitfall:Ie1:crtl:2023-06-12:485"
"486","Ie1","crtl","Nebria salina",2,"M","","Pitfall","Marc Vankerckvoorde","Ad",1,"Carabidae","Coleoptera","carabid beetles",50.869884,2.80778,2023-06-12,"DIGITAF_BIODIVERSITY_FLEMISH_TREEROWS:OCCURRENCE:carabid beetles:Pitfall:Ie1:crtl:2023-06-12:486"
"487","Ie1","crtl","Nebria brevicollis",2,"M","","Pitfall","Marc Vankerckvoorde","Ad",1,"Carabidae","Coleoptera","carabid beetles",50.869884,2.80778,2023-06-12,"DIGITAF_BIODIVERSITY_FLEMISH_TREEROWS:OCCURRENCE:carabid beetles:Pitfall:Ie1:crtl:2023-06-12:487"
"488","Ie1","crtl","Harpalus affinis",2,"F","","Pitfall","Marc Vankerckvoorde","Ad",4,"Carabidae","Coleoptera","carabid beetles",50.869884,2.80778,2023-06-12,"DIGITAF_BIODIVERSITY_FLEMISH_TREEROWS:OCCURRENCE:carabid beetles:Pitfall:Ie1:crtl:2023-06-12:488"
"489","Ie1","crtl","Pardosa nigriceps",2,"M","","Pitfall","Johan Van Keer","Ad",1,"Lycosidae","Araneae","spiders",50.869884,2.80778,2023-06-12,"DIGITAF_BIODIVERSITY_FLEMISH_TREEROWS:OCCURRENCE:spiders:Pitfall:Ie1:crtl:2023-06-12:489"
"490","Ie1","crtl","Erigone dentipalpis",1,"M","","Pitfall","Johan Van Keer","Ad",3,"Linyphiidae","Araneae","spiders",50.869884,2.80778,2023-06-12,"DIGITAF_BIODIVERSITY_FLEMISH_TREEROWS:OCCURRENCE:spiders:Pitfall:Ie1:crtl:2023-06-12:490"
"491","Ie1","crtl","Phrurolithus festivus",1,"F","","Pitfall","Johan Van Keer","Ad",1,"Phrurolithidae","Araneae","spiders",50.869884,2.80778,2023-06-12,"DIGITAF_BIODIVERSITY_FLEMISH_TREEROWS:OCCURRENCE:spiders:Pitfall:Ie1:crtl:2023-06-12:491"
"492","Ie1","crtl","Pardosa amentata",1,"M","","Pitfall","Johan Van Keer","Ad",1,"Lycosidae","Araneae","spiders",50.869884,2.80778,2023-06-12,"DIGITAF_BIODIVERSITY_FLEMISH_TREEROWS:OCCURRENCE:spiders:Pitfall:Ie1:crtl:2023-06-12:492"
"493","Ie1","crtl","Trechus quadristriatus",1,"M","","Pitfall","Marc Vankerckvoorde","Ad",1,"Carabidae","Coleoptera","carabid beetles",50.869884,2.80778,2023-06-12,"DIGITAF_BIODIVERSITY_FLEMISH_TREEROWS:OCCURRENCE:carabid beetles:Pitfall:Ie1:crtl:2023-06-12:493"
"494","Ie1","crtl","Nebria salina",1,"M","","Pitfall","Marc Vankerckvoorde","Ad",2,"Carabidae","Coleoptera","carabid beetles",50.869884,2.80778,2023-06-12,"DIGITAF_BIODIVERSITY_FLEMISH_TREEROWS:OCCURRENCE:carabid beetles:Pitfall:Ie1:crtl:2023-06-12:494"
"495","Ie1","crtl","Harpalus affinis",1,"M","","Pitfall","Marc Vankerckvoorde","Ad",3,"Carabidae","Coleoptera","carabid beetles",50.869884,2.80778,2023-06-12,"DIGITAF_BIODIVERSITY_FLEMISH_TREEROWS:OCCURRENCE:carabid beetles:Pitfall:Ie1:crtl:2023-06-12:495"
"496","Ie1","crtl","Lasius niger",1,"F","","Pitfall","Wouter Dekoninck","Ad",30,"Formicidae","Hymenoptera","ants",50.869884,2.80778,2023-06-12,"DIGITAF_BIODIVERSITY_FLEMISH_TREEROWS:OCCURRENCE:ants:Pitfall:Ie1:crtl:2023-06-12:496"
"497","Ie1","crtl","Zelotes pusillus",1,"M","","Pitfall","Léon Baert","Ad",1,"Gnaphosidae","Araneae","spiders",50.869884,2.80778,2023-06-12,"DIGITAF_BIODIVERSITY_FLEMISH_TREEROWS:OCCURRENCE:spiders:Pitfall:Ie1:crtl:2023-06-12:497"
"498","Ie1","crtl","Harpalus affinis",1,"F","","Pitfall","Marc Vankerckvoorde","Ad",2,"Carabidae","Coleoptera","carabid beetles",50.869884,2.80778,2023-06-12,"DIGITAF_BIODIVERSITY_FLEMISH_TREEROWS:OCCURRENCE:carabid beetles:Pitfall:Ie1:crtl:2023-06-12:498"
"499","Ie1","crtl","Diplocephalus graecus",2,"M","","Pitfall","Léon Baert","Ad",1,"Linyphiidae","Araneae","spiders",50.869884,2.80778,2023-06-12,"DIGITAF_BIODIVERSITY_FLEMISH_TREEROWS:OCCURRENCE:spiders:Pitfall:Ie1:crtl:2023-06-12:499"
"500","Ie1","crtl","Amara aenea",2,"M","","Pitfall","Marc Vankerckvoorde","Ad",1,"Carabidae","Coleoptera","carabid beetles",50.869884,2.80778,2023-06-12,"DIGITAF_BIODIVERSITY_FLEMISH_TREEROWS:OCCURRENCE:carabid beetles:Pitfall:Ie1:crtl:2023-06-12:500"
"501","Ie1","crtl","Amara aenea",2,"F","","Pitfall","Marc Vankerckvoorde","Ad",3,"Carabidae","Coleoptera","carabid beetles",50.869884,2.80778,2023-06-12,"DIGITAF_BIODIVERSITY_FLEMISH_TREEROWS:OCCURRENCE:carabid beetles:Pitfall:Ie1:crtl:2023-06-12:501"
"502","Ie1","crtl","Harpalus affinis",2,"M","","Pitfall","Marc Vankerckvoorde","Ad",8,"Carabidae","Coleoptera","carabid beetles",50.869884,2.80778,2023-06-12,"DIGITAF_BIODIVERSITY_FLEMISH_TREEROWS:OCCURRENCE:carabid beetles:Pitfall:Ie1:crtl:2023-06-12:502"
"503","Ie1","crtl","Lasius niger",2,"F","","Pitfall","Wouter Dekoninck","Ad",45,"Formicidae","Hymenoptera","ants",50.869884,2.80778,2023-06-12,"DIGITAF_BIODIVERSITY_FLEMISH_TREEROWS:OCCURRENCE:ants:Pitfall:Ie1:crtl:2023-06-12:503"
"504","Ie1","crtl","Drassyllus pusillus",2,"M","","Pitfall","Johan Van Keer","Ad",1,"Gnaphosidae","Araneae","spiders",50.869884,2.80778,2023-06-12,"DIGITAF_BIODIVERSITY_FLEMISH_TREEROWS:OCCURRENCE:spiders:Pitfall:Ie1:crtl:2023-06-12:504"
"505","Ie1","crtl","Tachyporus hypnorum",1,"M","","Pitfall","Marc Vankerckvoorde","Ad",3,"Staphylinidae","Coleoptera","staphylinid beetles",50.869884,2.80778,2023-06-12,"DIGITAF_BIODIVERSITY_FLEMISH_TREEROWS:OCCURRENCE:staphylinid beetles:Pitfall:Ie1:crtl:2023-06-12:505"
"506","Ie1","crtl","Pardosa tenuipes",1,"M","","Pitfall","Johan Van Keer","Ad",4,"Lycosidae","Araneae","spiders",50.869884,2.80778,2023-06-12,"DIGITAF_BIODIVERSITY_FLEMISH_TREEROWS:OCCURRENCE:spiders:Pitfall:Ie1:crtl:2023-06-12:506"
"507","Ie1","crtl","Pardosa tenuipes",2,"M","","Pitfall","Johan Van Keer","Ad",2,"Lycosidae","Araneae","spiders",50.869884,2.80778,2023-06-12,"DIGITAF_BIODIVERSITY_FLEMISH_TREEROWS:OCCURRENCE:spiders:Pitfall:Ie1:crtl:2023-06-12:507"
"508","Ie1","crtl","Nebria brevicollis",2,"F","","Pitfall","Marc Vankerckvoorde","Ad",2,"Carabidae","Coleoptera","carabid beetles",50.869884,2.80778,2023-06-12,"DIGITAF_BIODIVERSITY_FLEMISH_TREEROWS:OCCURRENCE:carabid beetles:Pitfall:Ie1:crtl:2023-06-12:508"
"509","Ie1","crtl","Notiophilus quadripunctatus",1,"F","","Pitfall","Marc Vankerckvoorde","Ad",2,"Carabidae","Coleoptera","carabid beetles",50.869884,2.80778,2023-06-12,"DIGITAF_BIODIVERSITY_FLEMISH_TREEROWS:OCCURRENCE:carabid beetles:Pitfall:Ie1:crtl:2023-06-12:509"
"510","Ie1","crtl","Stemonyphantes lineatus",1,"F","","Pitfall","Johan Van Keer","Ad",1,"Linyphiidae","Araneae","spiders",50.869884,2.80778,2023-06-12,"DIGITAF_BIODIVERSITY_FLEMISH_TREEROWS:OCCURRENCE:spiders:Pitfall:Ie1:crtl:2023-06-12:510"
"511","Ie1","crtl","Trochosa ruricola",1,"M","","Pitfall","Johan Van Keer","Ad",2,"Lycosidae","Araneae","spiders",50.869884,2.80778,2023-06-12,"DIGITAF_BIODIVERSITY_FLEMISH_TREEROWS:OCCURRENCE:spiders:Pitfall:Ie1:crtl:2023-06-12:511"
"512","Ie1","crtl","Aleocharinae spec.",2,"","","Pitfall","Marc Vankerckvoorde","Ad",2,"Staphylinidae","Coleoptera","staphylinid beetles",50.869884,2.80778,2023-06-12,"DIGITAF_BIODIVERSITY_FLEMISH_TREEROWS:OCCURRENCE:staphylinid beetles:Pitfall:Ie1:crtl:2023-06-12:512"
"513","Ie1","crtl","Nebria brevicollis",1,"F","","Pitfall","Marc Vankerckvoorde","Ad",1,"Carabidae","Coleoptera","carabid beetles",50.869884,2.80778,2023-06-12,"DIGITAF_BIODIVERSITY_FLEMISH_TREEROWS:OCCURRENCE:carabid beetles:Pitfall:Ie1:crtl:2023-06-12:513"
"514","Ie1","crtl","Aleocharinae spec.",1,"","","Pitfall","Marc Vankerckvoorde","Ad",7,"Staphylinidae","Coleoptera","staphylinid beetles",50.869884,2.80778,2023-06-12,"DIGITAF_BIODIVERSITY_FLEMISH_TREEROWS:OCCURRENCE:staphylinid beetles:Pitfall:Ie1:crtl:2023-06-12:514"
"515","Ie1","crtl","Trechus quadristriatus",1,"F","","Pitfall","Marc Vankerckvoorde","Ad",1,"Carabidae","Coleoptera","carabid beetles",50.869884,2.80778,2023-06-12,"DIGITAF_BIODIVERSITY_FLEMISH_TREEROWS:OCCURRENCE:carabid beetles:Pitfall:Ie1:crtl:2023-06-12:515"
"516","Ie1","crtl","Acupalpus meridianus",1,"F","","Pitfall","Marc Vankerckvoorde","Ad",1,"Carabidae","Coleoptera","carabid beetles",50.869884,2.80778,2023-06-12,"DIGITAF_BIODIVERSITY_FLEMISH_TREEROWS:OCCURRENCE:carabid beetles:Pitfall:Ie1:crtl:2023-06-12:516"
"517","Ie1","crtl","Phrurolithus minimus",1,"M","","Pitfall","Léon Baert","Ad",1,"Phrurolithidae","Araneae","spiders",50.869884,2.80778,2023-06-12,"DIGITAF_BIODIVERSITY_FLEMISH_TREEROWS:OCCURRENCE:spiders:Pitfall:Ie1:crtl:2023-06-12:517"
"518","Ie1","crtl","Pardosa pullata",2,"M","","Pitfall","Johan Van Keer","Ad",1,"Lycosidae","Araneae","spiders",50.869884,2.80778,2023-06-12,"DIGITAF_BIODIVERSITY_FLEMISH_TREEROWS:OCCURRENCE:spiders:Pitfall:Ie1:crtl:2023-06-12:518"
"519","Ie1","crtl","Amara plebeja",2,"M","","Pitfall","Marc Vankerckvoorde","Ad",1,"Carabidae","Coleoptera","carabid beetles",50.869884,2.80778,2023-06-12,"DIGITAF_BIODIVERSITY_FLEMISH_TREEROWS:OCCURRENCE:carabid beetles:Pitfall:Ie1:crtl:2023-06-12:519"
"520","Ie1","crtl","Pardosa nigriceps",2,"F","","Pitfall","Johan Van Keer","Ad",1,"Lycosidae","Araneae","spiders",50.869884,2.80778,2023-06-12,"DIGITAF_BIODIVERSITY_FLEMISH_TREEROWS:OCCURRENCE:spiders:Pitfall:Ie1:crtl:2023-06-12:520"
"521","Ie1","crtl","Philonthus cognatus",2,"","","Pitfall","Marc Vankerckvoorde","Ad",1,"Staphylinidae","Coleoptera","staphylinid beetles",50.869884,2.80778,2023-06-12,"DIGITAF_BIODIVERSITY_FLEMISH_TREEROWS:OCCURRENCE:staphylinid beetles:Pitfall:Ie1:crtl:2023-06-12:521"
"522","Ie1","crtl","Tenuiphantes tenuis",1,"M","","Pitfall","Johan Van Keer","Ad",1,"Linyphiidae","Araneae","spiders",50.869884,2.80778,2023-06-12,"DIGITAF_BIODIVERSITY_FLEMISH_TREEROWS:OCCURRENCE:spiders:Pitfall:Ie1:crtl:2023-06-12:522"
"523","Ie1","crtl","Bembidion lampros",1,"F","","Pitfall","Marc Vankerckvoorde","Ad",1,"Carabidae","Coleoptera","carabid beetles",50.869884,2.80778,2023-06-12,"DIGITAF_BIODIVERSITY_FLEMISH_TREEROWS:OCCURRENCE:carabid beetles:Pitfall:Ie1:crtl:2023-06-12:523"
"524","Ie1","crtl","Clivina fossor",2,"F","","Pitfall","Marc Vankerckvoorde","Ad",1,"Carabidae","Coleoptera","carabid beetles",50.869884,2.80778,2023-06-12,"DIGITAF_BIODIVERSITY_FLEMISH_TREEROWS:OCCURRENCE:carabid beetles:Pitfall:Ie1:crtl:2023-06-12:524"
"525","Ie1","crtl","Tenuiphantes tenuis",2,"M","","Pitfall","Léon Baert","Ad",1,"Linyphiidae","Araneae","spiders",50.869884,2.80778,2023-06-12,"DIGITAF_BIODIVERSITY_FLEMISH_TREEROWS:OCCURRENCE:spiders:Pitfall:Ie1:crtl:2023-06-12:525"
"526","Ie1","crtl","Nebria brevicollis",1,"M","","Pitfall","Marc Vankerckvoorde","Ad",3,"Carabidae","Coleoptera","carabid beetles",50.869884,2.80778,2023-06-12,"DIGITAF_BIODIVERSITY_FLEMISH_TREEROWS:OCCURRENCE:carabid beetles:Pitfall:Ie1:crtl:2023-06-12:526"
"527","Ie1","crtl","Notiophilus quadripunctatus",2,"F","","Pitfall","Marc Vankerckvoorde","Ad",1,"Carabidae","Coleoptera","carabid beetles",50.869884,2.80778,2023-06-12,"DIGITAF_BIODIVERSITY_FLEMISH_TREEROWS:OCCURRENCE:carabid beetles:Pitfall:Ie1:crtl:2023-06-12:527"
"528","Ie1","crtl","Pardosa palustris",2,"M","","Pitfall","Johan Van Keer","Ad",2,"Lycosidae","Araneae","spiders",50.869884,2.80778,2023-06-12,"DIGITAF_BIODIVERSITY_FLEMISH_TREEROWS:OCCURRENCE:spiders:Pitfall:Ie1:crtl:2023-06-12:528"
"529","Ie1","crtl","Amara aenea",1,"F","","Pitfall","Marc Vankerckvoorde","Ad",2,"Carabidae","Coleoptera","carabid beetles",50.869884,2.80778,2023-06-12,"DIGITAF_BIODIVERSITY_FLEMISH_TREEROWS:OCCURRENCE:carabid beetles:Pitfall:Ie1:crtl:2023-06-12:529"
"530","Ie1","crtl","Alopecosa pulverulenta",1,"F","","Pitfall","Johan Van Keer","Ad",1,"Lycosidae","Araneae","spiders",50.869884,2.80778,2023-06-12,"DIGITAF_BIODIVERSITY_FLEMISH_TREEROWS:OCCURRENCE:spiders:Pitfall:Ie1:crtl:2023-06-12:530"
"531","Ie1","crtl","Phrurolithus festivus",1,"M","","Pitfall","Johan Van Keer","Ad",2,"Phrurolithidae","Araneae","spiders",50.869884,2.80778,2023-06-12,"DIGITAF_BIODIVERSITY_FLEMISH_TREEROWS:OCCURRENCE:spiders:Pitfall:Ie1:crtl:2023-06-12:531"
"532","Ie1","crtl","Pardosa pullata",1,"M","","Pitfall","Johan Van Keer","Ad",1,"Lycosidae","Araneae","spiders",50.869884,2.80778,2023-06-12,"DIGITAF_BIODIVERSITY_FLEMISH_TREEROWS:OCCURRENCE:spiders:Pitfall:Ie1:crtl:2023-06-12:532"
"533","Ie1","crtl","Micaria micans",1,"M","CJVK","Pitfall","Johan Van Keer","Ad",1,"Gnaphosidae","Araneae","spiders",50.869884,2.80778,2023-06-12,"DIGITAF_BIODIVERSITY_FLEMISH_TREEROWS:OCCURRENCE:spiders:Pitfall:Ie1:crtl:2023-06-12:533"
"534","Ie1","crtl","Drassyllus pusillus",1,"M","","Pitfall","Johan Van Keer","Ad",1,"Gnaphosidae","Araneae","spiders",50.869884,2.80778,2023-06-12,"DIGITAF_BIODIVERSITY_FLEMISH_TREEROWS:OCCURRENCE:spiders:Pitfall:Ie1:crtl:2023-06-12:534"
"535","Ie1","crtl","Tachyporus nitidulus",1,"","","Pitfall","Marc Vankerckvoorde","Ad",1,"Staphylinidae","Coleoptera","staphylinid beetles",50.869884,2.80778,2023-06-12,"DIGITAF_BIODIVERSITY_FLEMISH_TREEROWS:OCCURRENCE:staphylinid beetles:Pitfall:Ie1:crtl:2023-06-12:535"
"536","Ie1","crtl","Notiophilus quadripunctatus",1,"M","","Pitfall","Marc Vankerckvoorde","Ad",3,"Carabidae","Coleoptera","carabid beetles",50.869884,2.80778,2023-06-12,"DIGITAF_BIODIVERSITY_FLEMISH_TREEROWS:OCCURRENCE:carabid beetles:Pitfall:Ie1:crtl:2023-06-12:536"
"537","Ie1","crtl","Philonthus carbonarius",2,"","","Pitfall","Marc Vankerckvoorde","Ad",1,"Staphylinidae","Coleoptera","staphylinid beetles",50.869884,2.80778,2023-06-12,"DIGITAF_BIODIVERSITY_FLEMISH_TREEROWS:OCCURRENCE:staphylinid beetles:Pitfall:Ie1:crtl:2023-06-12:537"
"538","Ie1","tree","Philonthus carbonarius",1,"","","Pitfall","Marc Vankerckvoorde","Ad",1,"Staphylinidae","Coleoptera","staphylinid beetles",50.868481,2.808143,2023-06-12,"DIGITAF_BIODIVERSITY_FLEMISH_TREEROWS:OCCURRENCE:staphylinid beetles:Pitfall:Ie1:tree:2023-06-12:538"
"539","Ie1","tree","Nebria brevicollis",1,"F","","Pitfall","Marc Vankerckvoorde","Ad",2,"Carabidae","Coleoptera","carabid beetles",50.868481,2.808143,2023-06-12,"DIGITAF_BIODIVERSITY_FLEMISH_TREEROWS:OCCURRENCE:carabid beetles:Pitfall:Ie1:tree:2023-06-12:539"
"540","Ie1","tree","Nebria brevicollis",1,"M","","Pitfall","Marc Vankerckvoorde","Ad",4,"Carabidae","Coleoptera","carabid beetles",50.868481,2.808143,2023-06-12,"DIGITAF_BIODIVERSITY_FLEMISH_TREEROWS:OCCURRENCE:carabid beetles:Pitfall:Ie1:tree:2023-06-12:540"
"541","Ie1","tree","Trechus obtusus",1,"","","Pitfall","Marc Vankerckvoorde","Ad",1,"Carabidae","Coleoptera","carabid beetles",50.868481,2.808143,2023-06-12,"DIGITAF_BIODIVERSITY_FLEMISH_TREEROWS:OCCURRENCE:carabid beetles:Pitfall:Ie1:tree:2023-06-12:541"
"542","Ie1","tree","Nebria salina",1,"M","","Pitfall","Marc Vankerckvoorde","Ad",1,"Carabidae","Coleoptera","carabid beetles",50.868481,2.808143,2023-06-12,"DIGITAF_BIODIVERSITY_FLEMISH_TREEROWS:OCCURRENCE:carabid beetles:Pitfall:Ie1:tree:2023-06-12:542"
"543","Ie1","tree","Micaria micans",1,"F","CJVK","Pitfall","Johan Van Keer","Ad",1,"Gnaphosidae","Araneae","spiders",50.868481,2.808143,2023-06-12,"DIGITAF_BIODIVERSITY_FLEMISH_TREEROWS:OCCURRENCE:spiders:Pitfall:Ie1:tree:2023-06-12:543"
"544","Ie1","tree","Notiophilus rufipes",1,"M","","Pitfall","Marc Vankerckvoorde","Ad",1,"Carabidae","Coleoptera","carabid beetles",50.868481,2.808143,2023-06-12,"DIGITAF_BIODIVERSITY_FLEMISH_TREEROWS:OCCURRENCE:carabid beetles:Pitfall:Ie1:tree:2023-06-12:544"
"545","Ie1","tree","Enoplognatha thoracica",1,"M","","Pitfall","Johan Van Keer","Ad",1,"Theridiidae","Araneae","spiders",50.868481,2.808143,2023-06-12,"DIGITAF_BIODIVERSITY_FLEMISH_TREEROWS:OCCURRENCE:spiders:Pitfall:Ie1:tree:2023-06-12:545"
"546","Ie1","tree","Trochosa ruricola",1,"M","","Pitfall","Johan Van Keer","Ad",1,"Lycosidae","Araneae","spiders",50.868481,2.808143,2023-06-12,"DIGITAF_BIODIVERSITY_FLEMISH_TREEROWS:OCCURRENCE:spiders:Pitfall:Ie1:tree:2023-06-12:546"
"547","Ie1","tree","Diplocephalus graecus",2,"M","","Pitfall","Léon Baert","Ad",1,"Linyphiidae","Araneae","spiders",50.868481,2.808143,2023-06-12,"DIGITAF_BIODIVERSITY_FLEMISH_TREEROWS:OCCURRENCE:spiders:Pitfall:Ie1:tree:2023-06-12:547"
"548","Ie1","tree","Pardosa palustris",1,"M","","Pitfall","Johan Van Keer","Ad",2,"Lycosidae","Araneae","spiders",50.868481,2.808143,2023-06-12,"DIGITAF_BIODIVERSITY_FLEMISH_TREEROWS:OCCURRENCE:spiders:Pitfall:Ie1:tree:2023-06-12:548"
"549","Ie1","tree","Anchomenus dorsalis",1,"F","","Pitfall","Marc Vankerckvoorde","Ad",1,"Carabidae","Coleoptera","carabid beetles",50.868481,2.808143,2023-06-12,"DIGITAF_BIODIVERSITY_FLEMISH_TREEROWS:OCCURRENCE:carabid beetles:Pitfall:Ie1:tree:2023-06-12:549"
"550","Ie1","tree","Armadillidium vulgare",1,"","","Pitfall","Pallieter De Smedt","Ad",3,"Armadillidiidae","Isopoda","woodlice",50.868481,2.808143,2023-06-12,"DIGITAF_BIODIVERSITY_FLEMISH_TREEROWS:OCCURRENCE:woodlice:Pitfall:Ie1:tree:2023-06-12:550"
"551","Ie1","tree","Platystethus nitens",1,"M","","Pitfall","Marc Vankerckvoorde","Ad",1,"Staphylinidae","Coleoptera","staphylinid beetles",50.868481,2.808143,2023-06-12,"DIGITAF_BIODIVERSITY_FLEMISH_TREEROWS:OCCURRENCE:staphylinid beetles:Pitfall:Ie1:tree:2023-06-12:551"
"552","Ie1","tree","Lasius fuliginosus",1,"F","","Pitfall","Wouter Dekoninck","Ad",1,"Formicidae","Hymenoptera","ants",50.868481,2.808143,2023-06-12,"DIGITAF_BIODIVERSITY_FLEMISH_TREEROWS:OCCURRENCE:ants:Pitfall:Ie1:tree:2023-06-12:552"
"553","Ie1","tree","Tenuiphantes tenuis",2,"F","","Pitfall","Léon Baert","Ad",1,"Linyphiidae","Araneae","spiders",50.868481,2.808143,2023-06-12,"DIGITAF_BIODIVERSITY_FLEMISH_TREEROWS:OCCURRENCE:spiders:Pitfall:Ie1:tree:2023-06-12:553"
"554","Ie1","tree","Cylindroiulus caeruleocinctus",1,"F","","Pitfall","Pallieter De Smedt","Ad",3,"Julidae","Julida","millipedes",50.868481,2.808143,2023-06-12,"DIGITAF_BIODIVERSITY_FLEMISH_TREEROWS:OCCURRENCE:millipedes:Pitfall:Ie1:tree:2023-06-12:554"
"555","Ie1","tree","Myrmica rubra",1,"F","","Pitfall","Wouter Dekoninck","Ad",1,"Formicidae","Hymenoptera","ants",50.868481,2.808143,2023-06-12,"DIGITAF_BIODIVERSITY_FLEMISH_TREEROWS:OCCURRENCE:ants:Pitfall:Ie1:tree:2023-06-12:555"
"556","Ie1","tree","Pardosa pullata",1,"M","","Pitfall","Johan Van Keer","Ad",1,"Lycosidae","Araneae","spiders",50.868481,2.808143,2023-06-12,"DIGITAF_BIODIVERSITY_FLEMISH_TREEROWS:OCCURRENCE:spiders:Pitfall:Ie1:tree:2023-06-12:556"
"557","Ie1","tree","Quedius semiaeneus",1,"M","","Pitfall","Marc Vankerckvoorde","Ad",1,"Staphylinidae","Coleoptera","staphylinid beetles",50.868481,2.808143,2023-06-12,"DIGITAF_BIODIVERSITY_FLEMISH_TREEROWS:OCCURRENCE:staphylinid beetles:Pitfall:Ie1:tree:2023-06-12:557"
"558","Ie1","tree","Trochosa ruricola",1,"F","","Pitfall","Johan Van Keer","Ad",1,"Lycosidae","Araneae","spiders",50.868481,2.808143,2023-06-12,"DIGITAF_BIODIVERSITY_FLEMISH_TREEROWS:OCCURRENCE:spiders:Pitfall:Ie1:tree:2023-06-12:558"
"559","Ie1","tree","Pardosa amentata",1,"M","","Pitfall","Johan Van Keer","Ad",1,"Lycosidae","Araneae","spiders",50.868481,2.808143,2023-06-12,"DIGITAF_BIODIVERSITY_FLEMISH_TREEROWS:OCCURRENCE:spiders:Pitfall:Ie1:tree:2023-06-12:559"
"560","Ie1","tree","Aleocharinae spec.",1,"","","Pitfall","Marc Vankerckvoorde","Ad",4,"Staphylinidae","Coleoptera","staphylinid beetles",50.868481,2.808143,2023-06-12,"DIGITAF_BIODIVERSITY_FLEMISH_TREEROWS:OCCURRENCE:staphylinid beetles:Pitfall:Ie1:tree:2023-06-12:560"
"561","Ie1","tree","Philoscia muscorum",1,"","","Pitfall","Pallieter De Smedt","Ad",1,"Philosciidae","Isopoda","woodlice",50.868481,2.808143,2023-06-12,"DIGITAF_BIODIVERSITY_FLEMISH_TREEROWS:OCCURRENCE:woodlice:Pitfall:Ie1:tree:2023-06-12:561"
"562","Ie1","tree","Bembidion lampros",1,"","","Pitfall","Marc Vankerckvoorde","Ad",1,"Carabidae","Coleoptera","carabid beetles",50.868481,2.808143,2023-06-12,"DIGITAF_BIODIVERSITY_FLEMISH_TREEROWS:OCCURRENCE:carabid beetles:Pitfall:Ie1:tree:2023-06-12:562"
"563","Ie1","tree","Erigone dentipalpis",2,"M","","Pitfall","Léon Baert","Ad",1,"Linyphiidae","Araneae","spiders",50.868481,2.808143,2023-06-12,"DIGITAF_BIODIVERSITY_FLEMISH_TREEROWS:OCCURRENCE:spiders:Pitfall:Ie1:tree:2023-06-12:563"
"564","Ie1","tree","Lasius niger",1,"F","","Pitfall","Wouter Dekoninck","Ad",5,"Formicidae","Hymenoptera","ants",50.868481,2.808143,2023-06-12,"DIGITAF_BIODIVERSITY_FLEMISH_TREEROWS:OCCURRENCE:ants:Pitfall:Ie1:tree:2023-06-12:564"
"565","Ie1","tree","Leistus fulvibarbis",1,"F","","Pitfall","Marc Vankerckvoorde","Ad",1,"Carabidae","Coleoptera","carabid beetles",50.868481,2.808143,2023-06-12,"DIGITAF_BIODIVERSITY_FLEMISH_TREEROWS:OCCURRENCE:carabid beetles:Pitfall:Ie1:tree:2023-06-12:565"
"566","Ie1","tree","Harpalus affinis",1,"M","","Pitfall","Marc Vankerckvoorde","Ad",1,"Carabidae","Coleoptera","carabid beetles",50.868481,2.808143,2023-06-12,"DIGITAF_BIODIVERSITY_FLEMISH_TREEROWS:OCCURRENCE:carabid beetles:Pitfall:Ie1:tree:2023-06-12:566"
"567","Ie1","tree","Leistus fulvibarbis",1,"M","","Pitfall","Marc Vankerckvoorde","Ad",3,"Carabidae","Coleoptera","carabid beetles",50.868481,2.808143,2023-06-12,"DIGITAF_BIODIVERSITY_FLEMISH_TREEROWS:OCCURRENCE:carabid beetles:Pitfall:Ie1:tree:2023-06-12:567"
"568","Ie1","tree","Trachyzelotes pedestris",1,"F","","Pitfall","Johan Van Keer","Ad",1,"Gnaphosidae","Araneae","spiders",50.868481,2.808143,2023-06-12,"DIGITAF_BIODIVERSITY_FLEMISH_TREEROWS:OCCURRENCE:spiders:Pitfall:Ie1:tree:2023-06-12:568"
"569","Ie1","tree","Asaphidion curtum",1,"","","Pitfall","Marc Vankerckvoorde","Ad",1,"Carabidae","Coleoptera","carabid beetles",50.868481,2.808143,2023-06-12,"DIGITAF_BIODIVERSITY_FLEMISH_TREEROWS:OCCURRENCE:carabid beetles:Pitfall:Ie1:tree:2023-06-12:569"
"570","Ie1","tree","Dysdera crocata",1,"M","","Pitfall","Johan Van Keer","Ad",2,"Dysderidae","Araneae","spiders",50.868481,2.808143,2023-06-12,"DIGITAF_BIODIVERSITY_FLEMISH_TREEROWS:OCCURRENCE:spiders:Pitfall:Ie1:tree:2023-06-12:570"
"571","Ie1","tree","Tenuiphantes tenuis",1,"M","","Pitfall","Johan Van Keer","Ad",2,"Linyphiidae","Araneae","spiders",50.868481,2.808143,2023-06-12,"DIGITAF_BIODIVERSITY_FLEMISH_TREEROWS:OCCURRENCE:spiders:Pitfall:Ie1:tree:2023-06-12:571"
"572","Ie1","tree","Tachyporus hypnorum",1,"","","Pitfall","Marc Vankerckvoorde","Ad",1,"Staphylinidae","Coleoptera","staphylinid beetles",50.868481,2.808143,2023-06-12,"DIGITAF_BIODIVERSITY_FLEMISH_TREEROWS:OCCURRENCE:staphylinid beetles:Pitfall:Ie1:tree:2023-06-12:572"
"573","Ie1","tree","Pardosa tenuipes",1,"F","","Pitfall","Johan Van Keer","Ad",1,"Lycosidae","Araneae","spiders",50.868481,2.808143,2023-06-12,"DIGITAF_BIODIVERSITY_FLEMISH_TREEROWS:OCCURRENCE:spiders:Pitfall:Ie1:tree:2023-06-12:573"
"574","Ie1","tree","Bembidion lampros",1,"M","","Pitfall","Marc Vankerckvoorde","Ad",1,"Carabidae","Coleoptera","carabid beetles",50.868481,2.808143,2023-06-12,"DIGITAF_BIODIVERSITY_FLEMISH_TREEROWS:OCCURRENCE:carabid beetles:Pitfall:Ie1:tree:2023-06-12:574"
"575","Ie2","crtl","Anotylus sculpturatus",1,"","","Pitfall","Marc Vankerckvoorde","Ad",4,"Staphylinidae","Coleoptera","staphylinid beetles",50.894154,2.837079,2023-06-12,"DIGITAF_BIODIVERSITY_FLEMISH_TREEROWS:OCCURRENCE:staphylinid beetles:Pitfall:Ie2:crtl:2023-06-12:575"
"576","Ie2","crtl","Nebria salina",1,"M","","Pitfall","Marc Vankerckvoorde","Ad",1,"Carabidae","Coleoptera","carabid beetles",50.894154,2.837079,2023-06-12,"DIGITAF_BIODIVERSITY_FLEMISH_TREEROWS:OCCURRENCE:carabid beetles:Pitfall:Ie2:crtl:2023-06-12:576"
"577","Ie2","crtl","Philonthus carbonarius",1,"","","Pitfall","Marc Vankerckvoorde","Ad",1,"Staphylinidae","Coleoptera","staphylinid beetles",50.894154,2.837079,2023-06-12,"DIGITAF_BIODIVERSITY_FLEMISH_TREEROWS:OCCURRENCE:staphylinid beetles:Pitfall:Ie2:crtl:2023-06-12:577"
"578","Ie2","crtl","Phrurolithus festivus",2,"M","","Pitfall","Johan Van Keer","Ad",1,"Phrurolithidae","Araneae","spiders",50.894154,2.837079,2023-06-12,"DIGITAF_BIODIVERSITY_FLEMISH_TREEROWS:OCCURRENCE:spiders:Pitfall:Ie2:crtl:2023-06-12:578"
"579","Ie2","crtl","Amara aenea",2,"F","","Pitfall","Marc Vankerckvoorde","Ad",1,"Carabidae","Coleoptera","carabid beetles",50.894154,2.837079,2023-06-12,"DIGITAF_BIODIVERSITY_FLEMISH_TREEROWS:OCCURRENCE:carabid beetles:Pitfall:Ie2:crtl:2023-06-12:579"
"580","Ie2","crtl","Eratigena picta",1,"F","","Pitfall","Johan Van Keer","Ad",1,"Agelenidae","Araneae","spiders",50.894154,2.837079,2023-06-12,"DIGITAF_BIODIVERSITY_FLEMISH_TREEROWS:OCCURRENCE:spiders:Pitfall:Ie2:crtl:2023-06-12:580"
"581","Ie2","crtl","Armadillidium vulgare",1,"","","Pitfall","Pallieter De Smedt","Ad",7,"Armadillidiidae","Isopoda","woodlice",50.894154,2.837079,2023-06-12,"DIGITAF_BIODIVERSITY_FLEMISH_TREEROWS:OCCURRENCE:woodlice:Pitfall:Ie2:crtl:2023-06-12:581"
"582","Ie2","crtl","Harpalus rufipes",1,"F","","Pitfall","Marc Vankerckvoorde","Ad",1,"Carabidae","Coleoptera","carabid beetles",50.894154,2.837079,2023-06-12,"DIGITAF_BIODIVERSITY_FLEMISH_TREEROWS:OCCURRENCE:carabid beetles:Pitfall:Ie2:crtl:2023-06-12:582"
"583","Ie2","crtl","Anchomenus dorsalis",2,"M","","Pitfall","Marc Vankerckvoorde","Ad",1,"Carabidae","Coleoptera","carabid beetles",50.894154,2.837079,2023-06-12,"DIGITAF_BIODIVERSITY_FLEMISH_TREEROWS:OCCURRENCE:carabid beetles:Pitfall:Ie2:crtl:2023-06-12:583"
"584","Ie2","crtl","Pardosa palustris",2,"M","","Pitfall","Johan Van Keer","Ad",1,"Lycosidae","Araneae","spiders",50.894154,2.837079,2023-06-12,"DIGITAF_BIODIVERSITY_FLEMISH_TREEROWS:OCCURRENCE:spiders:Pitfall:Ie2:crtl:2023-06-12:584"
"585","Ie2","crtl","Eratigena picta",2,"M","","Pitfall","Johan Van Keer","Ad",1,"Agelenidae","Araneae","spiders",50.894154,2.837079,2023-06-12,"DIGITAF_BIODIVERSITY_FLEMISH_TREEROWS:OCCURRENCE:spiders:Pitfall:Ie2:crtl:2023-06-12:585"
"586","Ie2","crtl","Philoscia muscorum",1,"","","Pitfall","Pallieter De Smedt","Ad",2,"Philosciidae","Isopoda","woodlice",50.894154,2.837079,2023-06-12,"DIGITAF_BIODIVERSITY_FLEMISH_TREEROWS:OCCURRENCE:woodlice:Pitfall:Ie2:crtl:2023-06-12:586"
"587","Ie2","crtl","Xysticus cristatus",2,"M","","Pitfall","Johan Van Keer","Ad",1,"Thomisidae","Araneae","spiders",50.894154,2.837079,2023-06-12,"DIGITAF_BIODIVERSITY_FLEMISH_TREEROWS:OCCURRENCE:spiders:Pitfall:Ie2:crtl:2023-06-12:587"
"588","Ie2","crtl","Aleocharinae spec.",1,"","","Pitfall","Marc Vankerckvoorde","Ad",2,"Staphylinidae","Coleoptera","staphylinid beetles",50.894154,2.837079,2023-06-12,"DIGITAF_BIODIVERSITY_FLEMISH_TREEROWS:OCCURRENCE:staphylinid beetles:Pitfall:Ie2:crtl:2023-06-12:588"
"589","Ie2","crtl","Armadillidium vulgare",2,"","","Pitfall","Pallieter De Smedt","Ad",3,"Armadillidiidae","Isopoda","woodlice",50.894154,2.837079,2023-06-12,"DIGITAF_BIODIVERSITY_FLEMISH_TREEROWS:OCCURRENCE:woodlice:Pitfall:Ie2:crtl:2023-06-12:589"
"590","Ie2","crtl","Pardosa amentata",1,"M","","Pitfall","Johan Van Keer","Ad",1,"Lycosidae","Araneae","spiders",50.894154,2.837079,2023-06-12,"DIGITAF_BIODIVERSITY_FLEMISH_TREEROWS:OCCURRENCE:spiders:Pitfall:Ie2:crtl:2023-06-12:590"
"591","Ie2","crtl","Lasius niger",1,"F","","Pitfall","Wouter Dekoninck","Ad",45,"Formicidae","Hymenoptera","ants",50.894154,2.837079,2023-06-12,"DIGITAF_BIODIVERSITY_FLEMISH_TREEROWS:OCCURRENCE:ants:Pitfall:Ie2:crtl:2023-06-12:591"
"592","Ie2","crtl","Lasius niger",2,"F","","Pitfall","Wouter Dekoninck","Ad",8,"Formicidae","Hymenoptera","ants",50.894154,2.837079,2023-06-12,"DIGITAF_BIODIVERSITY_FLEMISH_TREEROWS:OCCURRENCE:ants:Pitfall:Ie2:crtl:2023-06-12:592"
"593","Ie2","crtl","Cylindroiulus caeruleocinctus",1,"F","","Pitfall","Pallieter De Smedt","Ad",1,"Julidae","Julida","millipedes",50.894154,2.837079,2023-06-12,"DIGITAF_BIODIVERSITY_FLEMISH_TREEROWS:OCCURRENCE:millipedes:Pitfall:Ie2:crtl:2023-06-12:593"
"594","Ie2","crtl","Trachyzelotes pedestris",2,"M","","Pitfall","Johan Van Keer","Ad",4,"Gnaphosidae","Araneae","spiders",50.894154,2.837079,2023-06-12,"DIGITAF_BIODIVERSITY_FLEMISH_TREEROWS:OCCURRENCE:spiders:Pitfall:Ie2:crtl:2023-06-12:594"
"595","Ie2","crtl","Pardosa amentata",1,"F","","Pitfall","Johan Van Keer","Ad",3,"Lycosidae","Araneae","spiders",50.894154,2.837079,2023-06-12,"DIGITAF_BIODIVERSITY_FLEMISH_TREEROWS:OCCURRENCE:spiders:Pitfall:Ie2:crtl:2023-06-12:595"
"596","Ie2","crtl","Alopecosa pulverulenta",2,"F","","Pitfall","Johan Van Keer","Ad",1,"Lycosidae","Araneae","spiders",50.894154,2.837079,2023-06-12,"DIGITAF_BIODIVERSITY_FLEMISH_TREEROWS:OCCURRENCE:spiders:Pitfall:Ie2:crtl:2023-06-12:596"
"597","Ie2","crtl","Margarinotus purpurascens",2,"","","","Marc Vankerckvoorde","Ad",1,"Histeridae","Coleoptera","other beetles",50.894154,2.837079,2023-06-12,"DIGITAF_BIODIVERSITY_FLEMISH_TREEROWS:OCCURRENCE:other beetles::Ie2:crtl:2023-06-12:597"
"598","Ie2","crtl","Pardosa tenuipes",2,"M","","Pitfall","Johan Van Keer","Ad",1,"Lycosidae","Araneae","spiders",50.894154,2.837079,2023-06-12,"DIGITAF_BIODIVERSITY_FLEMISH_TREEROWS:OCCURRENCE:spiders:Pitfall:Ie2:crtl:2023-06-12:598"
"599","Ie2","crtl","Philoscia muscorum",2,"","","Pitfall","Pallieter De Smedt","Ad",3,"Philosciidae","Isopoda","woodlice",50.894154,2.837079,2023-06-12,"DIGITAF_BIODIVERSITY_FLEMISH_TREEROWS:OCCURRENCE:woodlice:Pitfall:Ie2:crtl:2023-06-12:599"
"600","Ie2","crtl","Pardosa tenuipes",1,"M","","Pitfall","Johan Van Keer","Ad",2,"Lycosidae","Araneae","spiders",50.894154,2.837079,2023-06-12,"DIGITAF_BIODIVERSITY_FLEMISH_TREEROWS:OCCURRENCE:spiders:Pitfall:Ie2:crtl:2023-06-12:600"
"601","Ie2","crtl","Trachyzelotes pedestris",1,"M","","Pitfall","Johan Van Keer","Ad",6,"Gnaphosidae","Araneae","spiders",50.894154,2.837079,2023-06-12,"DIGITAF_BIODIVERSITY_FLEMISH_TREEROWS:OCCURRENCE:spiders:Pitfall:Ie2:crtl:2023-06-12:601"
"602","Ie2","crtl","Anotylus insecatus",1,"","","Pitfall","Marc Vankerckvoorde","Ad",1,"Staphylinidae","Coleoptera","staphylinid beetles",50.894154,2.837079,2023-06-12,"DIGITAF_BIODIVERSITY_FLEMISH_TREEROWS:OCCURRENCE:staphylinid beetles:Pitfall:Ie2:crtl:2023-06-12:602"
"603","Ie2","tree","Pardosa palustris",2,"M","","Pitfall","Johan Van Keer","Ad",2,"Lycosidae","Araneae","spiders",50.892433,2.838647,2023-06-12,"DIGITAF_BIODIVERSITY_FLEMISH_TREEROWS:OCCURRENCE:spiders:Pitfall:Ie2:tree:2023-06-12:603"
"604","Ie2","tree","Eratigena picta",2,"F","","Pitfall","Johan Van Keer","Ad",1,"Agelenidae","Araneae","spiders",50.892433,2.838647,2023-06-12,"DIGITAF_BIODIVERSITY_FLEMISH_TREEROWS:OCCURRENCE:spiders:Pitfall:Ie2:tree:2023-06-12:604"
"605","Ie2","tree","Pardosa palustris",1,"M","","Pitfall","Johan Van Keer","Ad",1,"Lycosidae","Araneae","spiders",50.892433,2.838647,2023-06-12,"DIGITAF_BIODIVERSITY_FLEMISH_TREEROWS:OCCURRENCE:spiders:Pitfall:Ie2:tree:2023-06-12:605"
"606","Ie2","tree","Erigone dentipalpis",1,"M","","Pitfall","Johan Van Keer","Ad",1,"Linyphiidae","Araneae","spiders",50.892433,2.838647,2023-06-12,"DIGITAF_BIODIVERSITY_FLEMISH_TREEROWS:OCCURRENCE:spiders:Pitfall:Ie2:tree:2023-06-12:606"
"607","Ie2","tree","Lasius flavus",2,"F","","Pitfall","Wouter Dekoninck","Ad",13,"Formicidae","Hymenoptera","ants",50.892433,2.838647,2023-06-12,"DIGITAF_BIODIVERSITY_FLEMISH_TREEROWS:OCCURRENCE:ants:Pitfall:Ie2:tree:2023-06-12:607"
"608","Ie2","tree","Syntomus foveatus",2,"F","","Pitfall","Marc Vankerckvoorde","Ad",2,"Carabidae","Coleoptera","carabid beetles",50.892433,2.838647,2023-06-12,"DIGITAF_BIODIVERSITY_FLEMISH_TREEROWS:OCCURRENCE:carabid beetles:Pitfall:Ie2:tree:2023-06-12:608"
"609","Ie2","tree","Pterostichus melanarius",1,"F","","Pitfall","Marc Vankerckvoorde","Ad",1,"Carabidae","Coleoptera","carabid beetles",50.892433,2.838647,2023-06-12,"DIGITAF_BIODIVERSITY_FLEMISH_TREEROWS:OCCURRENCE:carabid beetles:Pitfall:Ie2:tree:2023-06-12:609"
"610","Ie2","tree","Euophrys frontalis",2,"M","","Pitfall","Johan Van Keer","Ad",1,"Salticidae","Araneae","spiders",50.892433,2.838647,2023-06-12,"DIGITAF_BIODIVERSITY_FLEMISH_TREEROWS:OCCURRENCE:spiders:Pitfall:Ie2:tree:2023-06-12:610"
"611","Ie2","tree","Phalangium opilio",2,"","","Pitfall","Pallieter De Smedt","Juv",6,"Phalangiidae","Opiliones","harvestmen",50.892433,2.838647,2023-06-12,"DIGITAF_BIODIVERSITY_FLEMISH_TREEROWS:OCCURRENCE:harvestmen:Pitfall:Ie2:tree:2023-06-12:611"
"612","Ie2","tree","Trachyzelotes pedestris",2,"M","","Pitfall","Johan Van Keer","Ad",16,"Gnaphosidae","Araneae","spiders",50.892433,2.838647,2023-06-12,"DIGITAF_BIODIVERSITY_FLEMISH_TREEROWS:OCCURRENCE:spiders:Pitfall:Ie2:tree:2023-06-12:612"
"613","Ie2","tree","Xysticus cristatus",1,"M","","Pitfall","Johan Van Keer","Ad",1,"Thomisidae","Araneae","spiders",50.892433,2.838647,2023-06-12,"DIGITAF_BIODIVERSITY_FLEMISH_TREEROWS:OCCURRENCE:spiders:Pitfall:Ie2:tree:2023-06-12:613"
"614","Ie2","tree","Pardosa palustris",2,"F","","Pitfall","Johan Van Keer","Ad",2,"Lycosidae","Araneae","spiders",50.892433,2.838647,2023-06-12,"DIGITAF_BIODIVERSITY_FLEMISH_TREEROWS:OCCURRENCE:spiders:Pitfall:Ie2:tree:2023-06-12:614"
"615","Ie2","tree","Drassyllus pusillus",1,"M","","Pitfall","Johan Van Keer","Ad",1,"Gnaphosidae","Araneae","spiders",50.892433,2.838647,2023-06-12,"DIGITAF_BIODIVERSITY_FLEMISH_TREEROWS:OCCURRENCE:spiders:Pitfall:Ie2:tree:2023-06-12:615"
"616","Ie2","tree","Tenuiphantes tenuis",2,"F","","Pitfall","Johan Van Keer","Ad",1,"Linyphiidae","Araneae","spiders",50.892433,2.838647,2023-06-12,"DIGITAF_BIODIVERSITY_FLEMISH_TREEROWS:OCCURRENCE:spiders:Pitfall:Ie2:tree:2023-06-12:616"
"617","Ie2","tree","Pardosa nigriceps",1,"M","","Pitfall","Johan Van Keer","Ad",1,"Lycosidae","Araneae","spiders",50.892433,2.838647,2023-06-12,"DIGITAF_BIODIVERSITY_FLEMISH_TREEROWS:OCCURRENCE:spiders:Pitfall:Ie2:tree:2023-06-12:617"
"618","Ie2","tree","Trachyzelotes pedestris",1,"F","","Pitfall","Johan Van Keer","Ad",6,"Gnaphosidae","Araneae","spiders",50.892433,2.838647,2023-06-12,"DIGITAF_BIODIVERSITY_FLEMISH_TREEROWS:OCCURRENCE:spiders:Pitfall:Ie2:tree:2023-06-12:618"
"619","Ie2","tree","Porcellio scaber",1,"","","Pitfall","Pallieter De Smedt","Ad",1,"Porcellionidae","Isopoda","woodlice",50.892433,2.838647,2023-06-12,"DIGITAF_BIODIVERSITY_FLEMISH_TREEROWS:OCCURRENCE:woodlice:Pitfall:Ie2:tree:2023-06-12:619"
"620","Ie2","tree","Micaria micans",1,"M","CJVK","Pitfall","Johan Van Keer","Ad",1,"Gnaphosidae","Araneae","spiders",50.892433,2.838647,2023-06-12,"DIGITAF_BIODIVERSITY_FLEMISH_TREEROWS:OCCURRENCE:spiders:Pitfall:Ie2:tree:2023-06-12:620"
"621","Ie2","tree","Porcellio scaber",2,"","","Pitfall","Pallieter De Smedt","Ad",5,"Porcellionidae","Isopoda","woodlice",50.892433,2.838647,2023-06-12,"DIGITAF_BIODIVERSITY_FLEMISH_TREEROWS:OCCURRENCE:woodlice:Pitfall:Ie2:tree:2023-06-12:621"
"622","Ie2","tree","Trachyzelotes pedestris",2,"F","","Pitfall","Johan Van Keer","Ad",5,"Gnaphosidae","Araneae","spiders",50.892433,2.838647,2023-06-12,"DIGITAF_BIODIVERSITY_FLEMISH_TREEROWS:OCCURRENCE:spiders:Pitfall:Ie2:tree:2023-06-12:622"
"623","Ie2","tree","Diplostyla concolor",1,"F","","Pitfall","Johan Van Keer","Ad",1,"Linyphiidae","Araneae","spiders",50.892433,2.838647,2023-06-12,"DIGITAF_BIODIVERSITY_FLEMISH_TREEROWS:OCCURRENCE:spiders:Pitfall:Ie2:tree:2023-06-12:623"
"624","Ie2","tree","Phalangium opilio",2,"M","","Pitfall","Pallieter De Smedt","Ad",1,"Phalangiidae","Opiliones","harvestmen",50.892433,2.838647,2023-06-12,"DIGITAF_BIODIVERSITY_FLEMISH_TREEROWS:OCCURRENCE:harvestmen:Pitfall:Ie2:tree:2023-06-12:624"
"625","Ie2","tree","Aleocharinae spec.",1,"","","Pitfall","Marc Vankerckvoorde","Ad",10,"Staphylinidae","Coleoptera","staphylinid beetles",50.892433,2.838647,2023-06-12,"DIGITAF_BIODIVERSITY_FLEMISH_TREEROWS:OCCURRENCE:staphylinid beetles:Pitfall:Ie2:tree:2023-06-12:625"
"626","Ie2","tree","Erigone atra",2,"M","","Pitfall","Johan Van Keer","Ad",1,"Linyphiidae","Araneae","spiders",50.892433,2.838647,2023-06-12,"DIGITAF_BIODIVERSITY_FLEMISH_TREEROWS:OCCURRENCE:spiders:Pitfall:Ie2:tree:2023-06-12:626"
"627","Ie2","tree","Micaria micans",1,"F","CJVK","Pitfall","Johan Van Keer","Ad",1,"Gnaphosidae","Araneae","spiders",50.892433,2.838647,2023-06-12,"DIGITAF_BIODIVERSITY_FLEMISH_TREEROWS:OCCURRENCE:spiders:Pitfall:Ie2:tree:2023-06-12:627"
"628","Ie2","tree","Drassyllus pusillus",2,"M","","Pitfall","Johan Van Keer","Ad",1,"Gnaphosidae","Araneae","spiders",50.892433,2.838647,2023-06-12,"DIGITAF_BIODIVERSITY_FLEMISH_TREEROWS:OCCURRENCE:spiders:Pitfall:Ie2:tree:2023-06-12:628"
"629","Ie2","tree","Notiophilus quadripunctatus",2,"F","","Pitfall","Marc Vankerckvoorde","Ad",2,"Carabidae","Coleoptera","carabid beetles",50.892433,2.838647,2023-06-12,"DIGITAF_BIODIVERSITY_FLEMISH_TREEROWS:OCCURRENCE:carabid beetles:Pitfall:Ie2:tree:2023-06-12:629"
"630","Ie2","tree","Euophrys frontalis",1,"M","","Pitfall","Johan Van Keer","Ad",1,"Salticidae","Araneae","spiders",50.892433,2.838647,2023-06-12,"DIGITAF_BIODIVERSITY_FLEMISH_TREEROWS:OCCURRENCE:spiders:Pitfall:Ie2:tree:2023-06-12:630"
"631","Ie2","tree","Notiophilus quadripunctatus",2,"M","","Pitfall","Marc Vankerckvoorde","Ad",1,"Carabidae","Coleoptera","carabid beetles",50.892433,2.838647,2023-06-12,"DIGITAF_BIODIVERSITY_FLEMISH_TREEROWS:OCCURRENCE:carabid beetles:Pitfall:Ie2:tree:2023-06-12:631"
"632","Ie2","tree","Trachyzelotes pedestris",1,"M","","Pitfall","Johan Van Keer","Ad",21,"Gnaphosidae","Araneae","spiders",50.892433,2.838647,2023-06-12,"DIGITAF_BIODIVERSITY_FLEMISH_TREEROWS:OCCURRENCE:spiders:Pitfall:Ie2:tree:2023-06-12:632"
"633","Ie2","tree","Pocadicnemis juncea",2,"M","","Pitfall","Johan Van Keer","Ad",2,"Linyphiidae","Araneae","spiders",50.892433,2.838647,2023-06-12,"DIGITAF_BIODIVERSITY_FLEMISH_TREEROWS:OCCURRENCE:spiders:Pitfall:Ie2:tree:2023-06-12:633"
"634","Ie2","tree","Lasius niger",2,"F","","Pitfall","Wouter Dekoninck","Ad",42,"Formicidae","Hymenoptera","ants",50.892433,2.838647,2023-06-12,"DIGITAF_BIODIVERSITY_FLEMISH_TREEROWS:OCCURRENCE:ants:Pitfall:Ie2:tree:2023-06-12:634"
"635","Ie2","tree","Phalangium opilio",1,"","","Pitfall","Pallieter De Smedt","Juv",2,"Phalangiidae","Opiliones","harvestmen",50.892433,2.838647,2023-06-12,"DIGITAF_BIODIVERSITY_FLEMISH_TREEROWS:OCCURRENCE:harvestmen:Pitfall:Ie2:tree:2023-06-12:635"
"636","Ie2","tree","Polydesmus coriaceus",1,"F","","Pitfall","Pallieter De Smedt","Ad",1,"Polydesmidae","Polydesmida","millipedes",50.892433,2.838647,2023-06-12,"DIGITAF_BIODIVERSITY_FLEMISH_TREEROWS:OCCURRENCE:millipedes:Pitfall:Ie2:tree:2023-06-12:636"
"637","Ie2","tree","Diplostyla concolor",1,"M","","Pitfall","Johan Van Keer","Ad",1,"Linyphiidae","Araneae","spiders",50.892433,2.838647,2023-06-12,"DIGITAF_BIODIVERSITY_FLEMISH_TREEROWS:OCCURRENCE:spiders:Pitfall:Ie2:tree:2023-06-12:637"
"638","Ie2","tree","Alopecosa pulverulenta",1,"F","","Pitfall","Johan Van Keer","Ad",1,"Lycosidae","Araneae","spiders",50.892433,2.838647,2023-06-12,"DIGITAF_BIODIVERSITY_FLEMISH_TREEROWS:OCCURRENCE:spiders:Pitfall:Ie2:tree:2023-06-12:638"
"639","Ie2","tree","Phrurolithus festivus",2,"M","","Pitfall","Johan Van Keer","Ad",2,"Phrurolithidae","Araneae","spiders",50.892433,2.838647,2023-06-12,"DIGITAF_BIODIVERSITY_FLEMISH_TREEROWS:OCCURRENCE:spiders:Pitfall:Ie2:tree:2023-06-12:639"
"640","Ie2","tree","Phrurolithus festivus",1,"F","","Pitfall","Johan Van Keer","Ad",1,"Phrurolithidae","Araneae","spiders",50.892433,2.838647,2023-06-12,"DIGITAF_BIODIVERSITY_FLEMISH_TREEROWS:OCCURRENCE:spiders:Pitfall:Ie2:tree:2023-06-12:640"
"641","Ie2","tree","Pocadicnemis juncea",1,"M","","Pitfall","Johan Van Keer","Ad",1,"Linyphiidae","Araneae","spiders",50.892433,2.838647,2023-06-12,"DIGITAF_BIODIVERSITY_FLEMISH_TREEROWS:OCCURRENCE:spiders:Pitfall:Ie2:tree:2023-06-12:641"
"642","Ie2","tree","Lasius niger",1,"F","","Pitfall","Wouter Dekoninck","Ad",2,"Formicidae","Hymenoptera","ants",50.892433,2.838647,2023-06-12,"DIGITAF_BIODIVERSITY_FLEMISH_TREEROWS:OCCURRENCE:ants:Pitfall:Ie2:tree:2023-06-12:642"
"643","Ie2","tree","Syntomus foveatus",1,"F","","Pitfall","Marc Vankerckvoorde","Ad",1,"Carabidae","Coleoptera","carabid beetles",50.892433,2.838647,2023-06-12,"DIGITAF_BIODIVERSITY_FLEMISH_TREEROWS:OCCURRENCE:carabid beetles:Pitfall:Ie2:tree:2023-06-12:643"
"644","Ie2","tree","Myrmica specioides",2,"F","","Pitfall","Wouter Dekoninck","Ad",1,"Formicidae","Hymenoptera","ants",50.892433,2.838647,2023-06-12,"DIGITAF_BIODIVERSITY_FLEMISH_TREEROWS:OCCURRENCE:ants:Pitfall:Ie2:tree:2023-06-12:644"
"645","L1","crtl","Harpalus tardus",2,"F","","Pitfall","Marc Vankerckvoorde","Ad",4,"Carabidae","Coleoptera","carabid beetles",50.818477,4.672386,2023-06-13,"DIGITAF_BIODIVERSITY_FLEMISH_TREEROWS:OCCURRENCE:carabid beetles:Pitfall:L1:crtl:2023-06-13:645"
"646","L1","crtl","Pachygnatha degeeri",1,"F","","Pitfall","Johan Van Keer","Ad",1,"Tetragnathidae","Araneae","spiders",50.818477,4.672386,2023-06-13,"DIGITAF_BIODIVERSITY_FLEMISH_TREEROWS:OCCURRENCE:spiders:Pitfall:L1:crtl:2023-06-13:646"
"647","L1","crtl","Phrurolithus festivus",1,"M","","Pitfall","Johan Van Keer","Ad",1,"Phrurolithidae","Araneae","spiders",50.818477,4.672386,2023-06-13,"DIGITAF_BIODIVERSITY_FLEMISH_TREEROWS:OCCURRENCE:spiders:Pitfall:L1:crtl:2023-06-13:647"
"648","L1","crtl","Formica cunicularia",1,"F","","Pitfall","Wouter Dekoninck","Ad",6,"Formicidae","Hymenoptera","ants",50.818477,4.672386,2023-06-13,"DIGITAF_BIODIVERSITY_FLEMISH_TREEROWS:OCCURRENCE:ants:Pitfall:L1:crtl:2023-06-13:648"
"649","L1","crtl","Pardosa saltans",1,"M","","Pitfall","Johan Van Keer","Ad",1,"Lycosidae","Araneae","spiders",50.818477,4.672386,2023-06-13,"DIGITAF_BIODIVERSITY_FLEMISH_TREEROWS:OCCURRENCE:spiders:Pitfall:L1:crtl:2023-06-13:649"
"650","L1","crtl","Acheta domesticus",1,NA,NA,"Pitfall","Jari Vandendriessche","Ad",1,"Gryllidae","Orthoptera","grasshoppers",50.818477,4.672386,2023-06-13,"DIGITAF_BIODIVERSITY_FLEMISH_TREEROWS:OCCURRENCE:grasshoppers:Pitfall:L1:crtl:2023-06-13:650"
"651","L1","crtl","Harpalus tardus",2,"M","","Pitfall","Marc Vankerckvoorde","Ad",3,"Carabidae","Coleoptera","carabid beetles",50.818477,4.672386,2023-06-13,"DIGITAF_BIODIVERSITY_FLEMISH_TREEROWS:OCCURRENCE:carabid beetles:Pitfall:L1:crtl:2023-06-13:651"
"652","L1","crtl","Micaria micans",1,"F","CJVK","Pitfall","Johan Van Keer","Ad",1,"Gnaphosidae","Araneae","spiders",50.818477,4.672386,2023-06-13,"DIGITAF_BIODIVERSITY_FLEMISH_TREEROWS:OCCURRENCE:spiders:Pitfall:L1:crtl:2023-06-13:652"
"653","L1","crtl","Nebria brevicollis",1,"F","","Pitfall","Marc Vankerckvoorde","Ad",1,"Carabidae","Coleoptera","carabid beetles",50.818477,4.672386,2023-06-13,"DIGITAF_BIODIVERSITY_FLEMISH_TREEROWS:OCCURRENCE:carabid beetles:Pitfall:L1:crtl:2023-06-13:653"
"654","L1","crtl","Harpalus distinguendus",2,"M","","Pitfall","Marc Vankerckvoorde","Ad",1,"Carabidae","Coleoptera","carabid beetles",50.818477,4.672386,2023-06-13,"DIGITAF_BIODIVERSITY_FLEMISH_TREEROWS:OCCURRENCE:carabid beetles:Pitfall:L1:crtl:2023-06-13:654"
"655","L1","crtl","Quedius levicollis",2,"","","Pitfall","Marc Vankerckvoorde","Ad",1,"Staphylinidae","Coleoptera","staphylinid beetles",50.818477,4.672386,2023-06-13,"DIGITAF_BIODIVERSITY_FLEMISH_TREEROWS:OCCURRENCE:staphylinid beetles:Pitfall:L1:crtl:2023-06-13:655"
"656","L1","crtl","Philoscia muscorum",1,"","","Pitfall","Pallieter De Smedt","Ad",2,"Philosciidae","Isopoda","woodlice",50.818477,4.672386,2023-06-13,"DIGITAF_BIODIVERSITY_FLEMISH_TREEROWS:OCCURRENCE:woodlice:Pitfall:L1:crtl:2023-06-13:656"
"657","L1","crtl","Lasius niger",1,"F","","Pitfall","Wouter Dekoninck","Ad",7,"Formicidae","Hymenoptera","ants",50.818477,4.672386,2023-06-13,"DIGITAF_BIODIVERSITY_FLEMISH_TREEROWS:OCCURRENCE:ants:Pitfall:L1:crtl:2023-06-13:657"
"658","L1","crtl","Aleocharinae spec.",2,"","","Pitfall","Marc Vankerckvoorde","Ad",1,"Staphylinidae","Coleoptera","staphylinid beetles",50.818477,4.672386,2023-06-13,"DIGITAF_BIODIVERSITY_FLEMISH_TREEROWS:OCCURRENCE:staphylinid beetles:Pitfall:L1:crtl:2023-06-13:658"
"659","L1","crtl","Harpalus tardus",1,"F","","Pitfall","Marc Vankerckvoorde","Ad",1,"Carabidae","Coleoptera","carabid beetles",50.818477,4.672386,2023-06-13,"DIGITAF_BIODIVERSITY_FLEMISH_TREEROWS:OCCURRENCE:carabid beetles:Pitfall:L1:crtl:2023-06-13:659"
"660","L1","crtl","Anchomenus dorsalis",1,"M","","Pitfall","Marc Vankerckvoorde","Ad",1,"Carabidae","Coleoptera","carabid beetles",50.818477,4.672386,2023-06-13,"DIGITAF_BIODIVERSITY_FLEMISH_TREEROWS:OCCURRENCE:carabid beetles:Pitfall:L1:crtl:2023-06-13:660"
"661","L1","crtl","Brachyiulus pusillus",1,"M","","Pitfall","Pallieter De Smedt","Ad",1,"Julidae","Julida","millipedes",50.818477,4.672386,2023-06-13,"DIGITAF_BIODIVERSITY_FLEMISH_TREEROWS:OCCURRENCE:millipedes:Pitfall:L1:crtl:2023-06-13:661"
"662","L1","crtl","Pardosa prativaga",1,"M","","Pitfall","Johan Van Keer","Ad",3,"Lycosidae","Araneae","spiders",50.818477,4.672386,2023-06-13,"DIGITAF_BIODIVERSITY_FLEMISH_TREEROWS:OCCURRENCE:spiders:Pitfall:L1:crtl:2023-06-13:662"
"663","L1","crtl","Nebria brevicollis",1,"M","","Pitfall","Marc Vankerckvoorde","Ad",1,"Carabidae","Coleoptera","carabid beetles",50.818477,4.672386,2023-06-13,"DIGITAF_BIODIVERSITY_FLEMISH_TREEROWS:OCCURRENCE:carabid beetles:Pitfall:L1:crtl:2023-06-13:663"
"664","L1","crtl","Pardosa palustris",1,"M","","Pitfall","Johan Van Keer","Ad",1,"Lycosidae","Araneae","spiders",50.818477,4.672386,2023-06-13,"DIGITAF_BIODIVERSITY_FLEMISH_TREEROWS:OCCURRENCE:spiders:Pitfall:L1:crtl:2023-06-13:664"
"665","L1","crtl","Polydesmus inconstans",1,"M","","Pitfall","Pallieter De Smedt","Ad",1,"Polydesmidae","Polydesmida","millipedes",50.818477,4.672386,2023-06-13,"DIGITAF_BIODIVERSITY_FLEMISH_TREEROWS:OCCURRENCE:millipedes:Pitfall:L1:crtl:2023-06-13:665"
"666","L1","crtl","Quedius obscurus",2,"","","Pitfall","Marc Vankerckvoorde","Ad",1,"Staphylinidae","Coleoptera","staphylinid beetles",50.818477,4.672386,2023-06-13,"DIGITAF_BIODIVERSITY_FLEMISH_TREEROWS:OCCURRENCE:staphylinid beetles:Pitfall:L1:crtl:2023-06-13:666"
"667","L1","crtl","Trochosa ruricola",1,"M","","Pitfall","Johan Van Keer","Ad",1,"Lycosidae","Araneae","spiders",50.818477,4.672386,2023-06-13,"DIGITAF_BIODIVERSITY_FLEMISH_TREEROWS:OCCURRENCE:spiders:Pitfall:L1:crtl:2023-06-13:667"
"668","L1","crtl","Myrmica sabuleti",1,"F","","Pitfall","Wouter Dekoninck","Ad",1,"Formicidae","Hymenoptera","ants",50.818477,4.672386,2023-06-13,"DIGITAF_BIODIVERSITY_FLEMISH_TREEROWS:OCCURRENCE:ants:Pitfall:L1:crtl:2023-06-13:668"
"669","L1","crtl","Trochosa ruricola",1,"F","","Pitfall","Johan Van Keer","Ad",1,"Lycosidae","Araneae","spiders",50.818477,4.672386,2023-06-13,"DIGITAF_BIODIVERSITY_FLEMISH_TREEROWS:OCCURRENCE:spiders:Pitfall:L1:crtl:2023-06-13:669"
"670","L1","crtl","Pardosa pullata",1,"F","","Pitfall","Johan Van Keer","Ad",5,"Lycosidae","Araneae","spiders",50.818477,4.672386,2023-06-13,"DIGITAF_BIODIVERSITY_FLEMISH_TREEROWS:OCCURRENCE:spiders:Pitfall:L1:crtl:2023-06-13:670"
"671","L1","crtl","Parophonus maculicornis",2,"M","","Pitfall","Marc Vankerckvoorde","Ad",2,"Carabidae","Coleoptera","carabid beetles",50.818477,4.672386,2023-06-13,"DIGITAF_BIODIVERSITY_FLEMISH_TREEROWS:OCCURRENCE:carabid beetles:Pitfall:L1:crtl:2023-06-13:671"
"672","L1","crtl","Parophonus maculicornis",2,"F","","Pitfall","Marc Vankerckvoorde","Ad",1,"Carabidae","Coleoptera","carabid beetles",50.818477,4.672386,2023-06-13,"DIGITAF_BIODIVERSITY_FLEMISH_TREEROWS:OCCURRENCE:carabid beetles:Pitfall:L1:crtl:2023-06-13:672"
"673","L1","crtl","Poecilus cupreus",1,"F","","Pitfall","Marc Vankerckvoorde","Ad",1,"Carabidae","Coleoptera","carabid beetles",50.818477,4.672386,2023-06-13,"DIGITAF_BIODIVERSITY_FLEMISH_TREEROWS:OCCURRENCE:carabid beetles:Pitfall:L1:crtl:2023-06-13:673"
"674","L1","crtl","Xysticus cristatus",1,"F","","Pitfall","Johan Van Keer","Ad",1,"Thomisidae","Araneae","spiders",50.818477,4.672386,2023-06-13,"DIGITAF_BIODIVERSITY_FLEMISH_TREEROWS:OCCURRENCE:spiders:Pitfall:L1:crtl:2023-06-13:674"
"675","L1","crtl","Amara aenea",2,"F","","Pitfall","Marc Vankerckvoorde","Ad",3,"Carabidae","Coleoptera","carabid beetles",50.818477,4.672386,2023-06-13,"DIGITAF_BIODIVERSITY_FLEMISH_TREEROWS:OCCURRENCE:carabid beetles:Pitfall:L1:crtl:2023-06-13:675"
"676","L1","crtl","Polydesmus coriaceus",1,"F","","Pitfall","Pallieter De Smedt","Ad",2,"Polydesmidae","Polydesmida","millipedes",50.818477,4.672386,2023-06-13,"DIGITAF_BIODIVERSITY_FLEMISH_TREEROWS:OCCURRENCE:millipedes:Pitfall:L1:crtl:2023-06-13:676"
"677","L1","crtl","Lasius fuliginosus",1,"F","","Pitfall","Wouter Dekoninck","Ad",1,"Formicidae","Hymenoptera","ants",50.818477,4.672386,2023-06-13,"DIGITAF_BIODIVERSITY_FLEMISH_TREEROWS:OCCURRENCE:ants:Pitfall:L1:crtl:2023-06-13:677"
"678","L1","crtl","Harpalus rufipes",1,"F","","Pitfall","Marc Vankerckvoorde","Ad",1,"Carabidae","Coleoptera","carabid beetles",50.818477,4.672386,2023-06-13,"DIGITAF_BIODIVERSITY_FLEMISH_TREEROWS:OCCURRENCE:carabid beetles:Pitfall:L1:crtl:2023-06-13:678"
"679","L1","crtl","Philonthus cognatus",1,"","","Pitfall","Marc Vankerckvoorde","Ad",1,"Staphylinidae","Coleoptera","staphylinid beetles",50.818477,4.672386,2023-06-13,"DIGITAF_BIODIVERSITY_FLEMISH_TREEROWS:OCCURRENCE:staphylinid beetles:Pitfall:L1:crtl:2023-06-13:679"
"680","L1","crtl","Drassyllus lutetianus",1,"M","","Pitfall","Johan Van Keer","Ad",1,"Gnaphosidae","Araneae","spiders",50.818477,4.672386,2023-06-13,"DIGITAF_BIODIVERSITY_FLEMISH_TREEROWS:OCCURRENCE:spiders:Pitfall:L1:crtl:2023-06-13:680"
"681","L1","crtl","Armadillidium vulgare",1,"","","Pitfall","Pallieter De Smedt","Ad",37,"Armadillidiidae","Isopoda","woodlice",50.818477,4.672386,2023-06-13,"DIGITAF_BIODIVERSITY_FLEMISH_TREEROWS:OCCURRENCE:woodlice:Pitfall:L1:crtl:2023-06-13:681"
"682","L1","tree","Nebria brevicollis",2,"M","","Pitfall","Marc Vankerckvoorde","Ad",2,"Carabidae","Coleoptera","carabid beetles",50.819168,4.673106,2023-06-13,"DIGITAF_BIODIVERSITY_FLEMISH_TREEROWS:OCCURRENCE:carabid beetles:Pitfall:L1:tree:2023-06-13:682"
"683","L1","tree","Drusilla canaliculata",1,"","","Pitfall","Marc Vankerckvoorde","Ad",1,"Staphylinidae","Coleoptera","staphylinid beetles",50.819168,4.673106,2023-06-13,"DIGITAF_BIODIVERSITY_FLEMISH_TREEROWS:OCCURRENCE:staphylinid beetles:Pitfall:L1:tree:2023-06-13:683"
"684","L1","tree","Nebria brevicollis",1,"F","","Pitfall","Marc Vankerckvoorde","Ad",2,"Carabidae","Coleoptera","carabid beetles",50.819168,4.673106,2023-06-13,"DIGITAF_BIODIVERSITY_FLEMISH_TREEROWS:OCCURRENCE:carabid beetles:Pitfall:L1:tree:2023-06-13:684"
"685","L1","tree","Myrmica sabuleti",2,"F","","Pitfall","Wouter Dekoninck","Ad",3,"Formicidae","Hymenoptera","ants",50.819168,4.673106,2023-06-13,"DIGITAF_BIODIVERSITY_FLEMISH_TREEROWS:OCCURRENCE:ants:Pitfall:L1:tree:2023-06-13:685"
"686","L1","tree","Loricera pilicornis",1,"M","","Pitfall","Marc Vankerckvoorde","Ad",1,"Carabidae","Coleoptera","carabid beetles",50.819168,4.673106,2023-06-13,"DIGITAF_BIODIVERSITY_FLEMISH_TREEROWS:OCCURRENCE:carabid beetles:Pitfall:L1:tree:2023-06-13:686"
"687","L1","tree","Nebria brevicollis",1,"M","","Pitfall","Marc Vankerckvoorde","Ad",2,"Carabidae","Coleoptera","carabid beetles",50.819168,4.673106,2023-06-13,"DIGITAF_BIODIVERSITY_FLEMISH_TREEROWS:OCCURRENCE:carabid beetles:Pitfall:L1:tree:2023-06-13:687"
"688","L1","tree","Amara lunicollis",2,"F","","Pitfall","Marc Vankerckvoorde","Ad",1,"Carabidae","Coleoptera","carabid beetles",50.819168,4.673106,2023-06-13,"DIGITAF_BIODIVERSITY_FLEMISH_TREEROWS:OCCURRENCE:carabid beetles:Pitfall:L1:tree:2023-06-13:688"
"689","L1","tree","Heliophanus cupreus",1,"F","","Pitfall","Johan Van Keer","Ad",1,"Salticidae","Araneae","spiders",50.819168,4.673106,2023-06-13,"DIGITAF_BIODIVERSITY_FLEMISH_TREEROWS:OCCURRENCE:spiders:Pitfall:L1:tree:2023-06-13:689"
"690","L1","tree","Philoscia muscorum",1,"","","Pitfall","Pallieter De Smedt","Ad",19,"Philosciidae","Isopoda","woodlice",50.819168,4.673106,2023-06-13,"DIGITAF_BIODIVERSITY_FLEMISH_TREEROWS:OCCURRENCE:woodlice:Pitfall:L1:tree:2023-06-13:690"
"691","L1","tree","Cylindroiulus caeruleocinctus",2,"M","","Pitfall","Pallieter De Smedt","Ad",1,"Julidae","Julida","millipedes",50.819168,4.673106,2023-06-13,"DIGITAF_BIODIVERSITY_FLEMISH_TREEROWS:OCCURRENCE:millipedes:Pitfall:L1:tree:2023-06-13:691"
"692","L1","tree","Pardosa saltans",2,"M","","Pitfall","Johan Van Keer","Ad",2,"Lycosidae","Araneae","spiders",50.819168,4.673106,2023-06-13,"DIGITAF_BIODIVERSITY_FLEMISH_TREEROWS:OCCURRENCE:spiders:Pitfall:L1:tree:2023-06-13:692"
"693","L1","tree","Anchomenus dorsalis",2,"F","","Pitfall","Marc Vankerckvoorde","Ad",1,"Carabidae","Coleoptera","carabid beetles",50.819168,4.673106,2023-06-13,"DIGITAF_BIODIVERSITY_FLEMISH_TREEROWS:OCCURRENCE:carabid beetles:Pitfall:L1:tree:2023-06-13:693"
"694","L1","tree","Polydesmus inconstans",2,"F","","Pitfall","Pallieter De Smedt","Ad",1,"Polydesmidae","Polydesmida","millipedes",50.819168,4.673106,2023-06-13,"DIGITAF_BIODIVERSITY_FLEMISH_TREEROWS:OCCURRENCE:millipedes:Pitfall:L1:tree:2023-06-13:694"
"695","L1","tree","Trachyzelotes pedestris",2,"M","","Pitfall","Johan Van Keer","Ad",4,"Gnaphosidae","Araneae","spiders",50.819168,4.673106,2023-06-13,"DIGITAF_BIODIVERSITY_FLEMISH_TREEROWS:OCCURRENCE:spiders:Pitfall:L1:tree:2023-06-13:695"
"696","L1","tree","Nebria brevicollis",2,"F","","Pitfall","Marc Vankerckvoorde","Ad",1,"Carabidae","Coleoptera","carabid beetles",50.819168,4.673106,2023-06-13,"DIGITAF_BIODIVERSITY_FLEMISH_TREEROWS:OCCURRENCE:carabid beetles:Pitfall:L1:tree:2023-06-13:696"
"697","L1","tree","Formica fusca",2,"F","","Pitfall","Wouter Dekoninck","Ad",18,"Formicidae","Hymenoptera","ants",50.819168,4.673106,2023-06-13,"DIGITAF_BIODIVERSITY_FLEMISH_TREEROWS:OCCURRENCE:ants:Pitfall:L1:tree:2023-06-13:697"
"698","L1","tree","Trechus quadristriatus",1,"F","","Pitfall","Marc Vankerckvoorde","Ad",1,"Carabidae","Coleoptera","carabid beetles",50.819168,4.673106,2023-06-13,"DIGITAF_BIODIVERSITY_FLEMISH_TREEROWS:OCCURRENCE:carabid beetles:Pitfall:L1:tree:2023-06-13:698"
"699","L1","tree","Harpalus distinguendus",1,"M","","Pitfall","Marc Vankerckvoorde","Ad",1,"Carabidae","Coleoptera","carabid beetles",50.819168,4.673106,2023-06-13,"DIGITAF_BIODIVERSITY_FLEMISH_TREEROWS:OCCURRENCE:carabid beetles:Pitfall:L1:tree:2023-06-13:699"
"700","L1","tree","Aleocharinae spec.",2,"","","Pitfall","Marc Vankerckvoorde","Ad",1,"Staphylinidae","Coleoptera","staphylinid beetles",50.819168,4.673106,2023-06-13,"DIGITAF_BIODIVERSITY_FLEMISH_TREEROWS:OCCURRENCE:staphylinid beetles:Pitfall:L1:tree:2023-06-13:700"
"701","L1","tree","Loricera pilicornis",1,"F","","Pitfall","Marc Vankerckvoorde","Ad",1,"Carabidae","Coleoptera","carabid beetles",50.819168,4.673106,2023-06-13,"DIGITAF_BIODIVERSITY_FLEMISH_TREEROWS:OCCURRENCE:carabid beetles:Pitfall:L1:tree:2023-06-13:701"
"702","L1","tree","Pardosa prativaga",1,"M","","Pitfall","Johan Van Keer","Ad",1,"Lycosidae","Araneae","spiders",50.819168,4.673106,2023-06-13,"DIGITAF_BIODIVERSITY_FLEMISH_TREEROWS:OCCURRENCE:spiders:Pitfall:L1:tree:2023-06-13:702"
"703","L1","tree","Formica cunicularia",1,"F","","Pitfall","Wouter Dekoninck","Ad",2,"Formicidae","Hymenoptera","ants",50.819168,4.673106,2023-06-13,"DIGITAF_BIODIVERSITY_FLEMISH_TREEROWS:OCCURRENCE:ants:Pitfall:L1:tree:2023-06-13:703"
"704","L1","tree","Trachyzelotes pedestris",1,"M","","Pitfall","Johan Van Keer","Ad",1,"Gnaphosidae","Araneae","spiders",50.819168,4.673106,2023-06-13,"DIGITAF_BIODIVERSITY_FLEMISH_TREEROWS:OCCURRENCE:spiders:Pitfall:L1:tree:2023-06-13:704"
"705","L1","tree","Armadillidium vulgare",2,"","","Pitfall","Pallieter De Smedt","Ad",1,"Armadillidiidae","Isopoda","woodlice",50.819168,4.673106,2023-06-13,"DIGITAF_BIODIVERSITY_FLEMISH_TREEROWS:OCCURRENCE:woodlice:Pitfall:L1:tree:2023-06-13:705"
"706","L1","tree","Formica fusca",1,"F","","Pitfall","Wouter Dekoninck","Ad",3,"Formicidae","Hymenoptera","ants",50.819168,4.673106,2023-06-13,"DIGITAF_BIODIVERSITY_FLEMISH_TREEROWS:OCCURRENCE:ants:Pitfall:L1:tree:2023-06-13:706"
"707","L1","tree","Carabus problematicus",2,"F","","Pitfall","Marc Vankerckvoorde","Ad",1,"Carabidae","Coleoptera","carabid beetles",50.819168,4.673106,2023-06-13,"DIGITAF_BIODIVERSITY_FLEMISH_TREEROWS:OCCURRENCE:carabid beetles:Pitfall:L1:tree:2023-06-13:707"
"708","L1","tree","Philonthus laminatus",2,"","","Pitfall","Marc Vankerckvoorde","Ad",1,"Staphylinidae","Coleoptera","staphylinid beetles",50.819168,4.673106,2023-06-13,"DIGITAF_BIODIVERSITY_FLEMISH_TREEROWS:OCCURRENCE:staphylinid beetles:Pitfall:L1:tree:2023-06-13:708"
"709","L1","tree","Loricera pilicornis",2,"M","","Pitfall","Marc Vankerckvoorde","Ad",4,"Carabidae","Coleoptera","carabid beetles",50.819168,4.673106,2023-06-13,"DIGITAF_BIODIVERSITY_FLEMISH_TREEROWS:OCCURRENCE:carabid beetles:Pitfall:L1:tree:2023-06-13:709"
"710","L1","tree","Zelotes subterraneus",2,"F","","Pitfall","Johan Van Keer","Ad",1,"Gnaphosidae","Araneae","spiders",50.819168,4.673106,2023-06-13,"DIGITAF_BIODIVERSITY_FLEMISH_TREEROWS:OCCURRENCE:spiders:Pitfall:L1:tree:2023-06-13:710"
"711","L1","tree","Lasius niger",1,"F","","Pitfall","Wouter Dekoninck","Ad",9,"Formicidae","Hymenoptera","ants",50.819168,4.673106,2023-06-13,"DIGITAF_BIODIVERSITY_FLEMISH_TREEROWS:OCCURRENCE:ants:Pitfall:L1:tree:2023-06-13:711"
"712","L1","tree","Haplodrassus silvestris",2,"M","","Pitfall","Johan Van Keer","Ad",2,"Gnaphosidae","Araneae","spiders",50.819168,4.673106,2023-06-13,"DIGITAF_BIODIVERSITY_FLEMISH_TREEROWS:OCCURRENCE:spiders:Pitfall:L1:tree:2023-06-13:712"
"713","L1","tree","Tenuiphantes tenuis",1,"F","","Pitfall","Johan Van Keer","Ad",1,"Linyphiidae","Araneae","spiders",50.819168,4.673106,2023-06-13,"DIGITAF_BIODIVERSITY_FLEMISH_TREEROWS:OCCURRENCE:spiders:Pitfall:L1:tree:2023-06-13:713"
"714","L1","tree","Carabus problematicus",2,"M","","Pitfall","Marc Vankerckvoorde","Ad",1,"Carabidae","Coleoptera","carabid beetles",50.819168,4.673106,2023-06-13,"DIGITAF_BIODIVERSITY_FLEMISH_TREEROWS:OCCURRENCE:carabid beetles:Pitfall:L1:tree:2023-06-13:714"
"715","L1","tree","Lasius fuliginosus",1,"M","","Pitfall","Wouter Dekoninck","Ad",1,"Formicidae","Hymenoptera","ants",50.819168,4.673106,2023-06-13,"DIGITAF_BIODIVERSITY_FLEMISH_TREEROWS:OCCURRENCE:ants:Pitfall:L1:tree:2023-06-13:715"
"716","L1","tree","Lasius niger",2,"F","","Pitfall","Wouter Dekoninck","Ad",11,"Formicidae","Hymenoptera","ants",50.819168,4.673106,2023-06-13,"DIGITAF_BIODIVERSITY_FLEMISH_TREEROWS:OCCURRENCE:ants:Pitfall:L1:tree:2023-06-13:716"
"717","L2","crtl","Abax ater",1,"F","","Pitfall","Marc Vankerckvoorde","Ad",1,"Carabidae","Coleoptera","carabid beetles",50.829258,4.671156,2023-06-13,"DIGITAF_BIODIVERSITY_FLEMISH_TREEROWS:OCCURRENCE:carabid beetles:Pitfall:L2:crtl:2023-06-13:717"
"718","L2","crtl","Oedothorax apicatus",1,"M","","Pitfall","Léon Baert","Ad",1,"Linyphiidae","Araneae","spiders",50.829258,4.671156,2023-06-13,"DIGITAF_BIODIVERSITY_FLEMISH_TREEROWS:OCCURRENCE:spiders:Pitfall:L2:crtl:2023-06-13:718"
"719","L2","crtl","Pardosa saltans",1,"F","","Pitfall","Johan Van Keer","Ad",1,"Lycosidae","Araneae","spiders",50.829258,4.671156,2023-06-13,"DIGITAF_BIODIVERSITY_FLEMISH_TREEROWS:OCCURRENCE:spiders:Pitfall:L2:crtl:2023-06-13:719"
"720","L2","crtl","Harpalus distinguendus",1,"F","","Pitfall","Marc Vankerckvoorde","Ad",3,"Carabidae","Coleoptera","carabid beetles",50.829258,4.671156,2023-06-13,"DIGITAF_BIODIVERSITY_FLEMISH_TREEROWS:OCCURRENCE:carabid beetles:Pitfall:L2:crtl:2023-06-13:720"
"721","L2","crtl","Oedothorax apicatus",1,"M","","Pitfall","Johan Van Keer","Ad",1,"Linyphiidae","Araneae","spiders",50.829258,4.671156,2023-06-13,"DIGITAF_BIODIVERSITY_FLEMISH_TREEROWS:OCCURRENCE:spiders:Pitfall:L2:crtl:2023-06-13:721"
"722","L2","crtl","Erigone dentipalpis",1,"M","","Pitfall","Johan Van Keer","Ad",2,"Linyphiidae","Araneae","spiders",50.829258,4.671156,2023-06-13,"DIGITAF_BIODIVERSITY_FLEMISH_TREEROWS:OCCURRENCE:spiders:Pitfall:L2:crtl:2023-06-13:722"
"723","L2","crtl","Pardosa amentata",1,"M","","Pitfall","Johan Van Keer","Ad",2,"Lycosidae","Araneae","spiders",50.829258,4.671156,2023-06-13,"DIGITAF_BIODIVERSITY_FLEMISH_TREEROWS:OCCURRENCE:spiders:Pitfall:L2:crtl:2023-06-13:723"
"724","L2","crtl","Xantholinus linearis",1,"","","Pitfall","Marc Vankerckvoorde","Ad",1,"Staphylinidae","Coleoptera","staphylinid beetles",50.829258,4.671156,2023-06-13,"DIGITAF_BIODIVERSITY_FLEMISH_TREEROWS:OCCURRENCE:staphylinid beetles:Pitfall:L2:crtl:2023-06-13:724"
"725","L2","crtl","Harpalus distinguendus",1,"M","","Pitfall","Marc Vankerckvoorde","Ad",3,"Carabidae","Coleoptera","carabid beetles",50.829258,4.671156,2023-06-13,"DIGITAF_BIODIVERSITY_FLEMISH_TREEROWS:OCCURRENCE:carabid beetles:Pitfall:L2:crtl:2023-06-13:725"
"726","L2","crtl","Pardosa palustris",1,"M","","Pitfall","Johan Van Keer","Ad",38,"Lycosidae","Araneae","spiders",50.829258,4.671156,2023-06-13,"DIGITAF_BIODIVERSITY_FLEMISH_TREEROWS:OCCURRENCE:spiders:Pitfall:L2:crtl:2023-06-13:726"
"727","L2","crtl","Pardosa palustris",1,"M","","Pitfall","Léon Baert","Ad",2,"Lycosidae","Araneae","spiders",50.829258,4.671156,2023-06-13,"DIGITAF_BIODIVERSITY_FLEMISH_TREEROWS:OCCURRENCE:spiders:Pitfall:L2:crtl:2023-06-13:727"
"728","L2","crtl","Trechus quadristriatus",1,"M","","Pitfall","Marc Vankerckvoorde","Ad",3,"Carabidae","Coleoptera","carabid beetles",50.829258,4.671156,2023-06-13,"DIGITAF_BIODIVERSITY_FLEMISH_TREEROWS:OCCURRENCE:carabid beetles:Pitfall:L2:crtl:2023-06-13:728"
"729","L2","crtl","Oedothorax apicatus",1,"F","","Pitfall","Johan Van Keer","Ad",2,"Linyphiidae","Araneae","spiders",50.829258,4.671156,2023-06-13,"DIGITAF_BIODIVERSITY_FLEMISH_TREEROWS:OCCURRENCE:spiders:Pitfall:L2:crtl:2023-06-13:729"
"730","L2","crtl","Bembidion tetracolum",1,"","","Pitfall","Marc Vankerckvoorde","Ad",3,"Carabidae","Coleoptera","carabid beetles",50.829258,4.671156,2023-06-13,"DIGITAF_BIODIVERSITY_FLEMISH_TREEROWS:OCCURRENCE:carabid beetles:Pitfall:L2:crtl:2023-06-13:730"
"731","L2","crtl","Bembidion tetracolum",1,"M","","Pitfall","Marc Vankerckvoorde","Ad",1,"Carabidae","Coleoptera","carabid beetles",50.829258,4.671156,2023-06-13,"DIGITAF_BIODIVERSITY_FLEMISH_TREEROWS:OCCURRENCE:carabid beetles:Pitfall:L2:crtl:2023-06-13:731"
"732","L2","crtl","Oedothorax apicatus",2,"M","","Pitfall","Léon Baert","Ad",1,"Linyphiidae","Araneae","spiders",50.829258,4.671156,2023-06-13,"DIGITAF_BIODIVERSITY_FLEMISH_TREEROWS:OCCURRENCE:spiders:Pitfall:L2:crtl:2023-06-13:732"
"733","L2","crtl","Lasius niger",1,"F","","Pitfall","Wouter Dekoninck","Ad",2,"Formicidae","Hymenoptera","ants",50.829258,4.671156,2023-06-13,"DIGITAF_BIODIVERSITY_FLEMISH_TREEROWS:OCCURRENCE:ants:Pitfall:L2:crtl:2023-06-13:733"
"734","L2","crtl","Diplocephalus graecus",1,"M","","Pitfall","Johan Van Keer","Ad",1,"Linyphiidae","Araneae","spiders",50.829258,4.671156,2023-06-13,"DIGITAF_BIODIVERSITY_FLEMISH_TREEROWS:OCCURRENCE:spiders:Pitfall:L2:crtl:2023-06-13:734"
"735","L2","crtl","Amara similata",1,"F","","Pitfall","Marc Vankerckvoorde","Ad",1,"Carabidae","Coleoptera","carabid beetles",50.829258,4.671156,2023-06-13,"DIGITAF_BIODIVERSITY_FLEMISH_TREEROWS:OCCURRENCE:carabid beetles:Pitfall:L2:crtl:2023-06-13:735"
"736","L2","crtl","Amara similata",1,"M","","Pitfall","Marc Vankerckvoorde","Ad",1,"Carabidae","Coleoptera","carabid beetles",50.829258,4.671156,2023-06-13,"DIGITAF_BIODIVERSITY_FLEMISH_TREEROWS:OCCURRENCE:carabid beetles:Pitfall:L2:crtl:2023-06-13:736"
"737","L2","crtl","Amara similata",2,"F","","Pitfall","Marc Vankerckvoorde","Ad",1,"Carabidae","Coleoptera","carabid beetles",50.829258,4.671156,2023-06-13,"DIGITAF_BIODIVERSITY_FLEMISH_TREEROWS:OCCURRENCE:carabid beetles:Pitfall:L2:crtl:2023-06-13:737"
"738","L2","crtl","Pardosa palustris",1,"F","","Pitfall","Johan Van Keer","Ad",4,"Lycosidae","Araneae","spiders",50.829258,4.671156,2023-06-13,"DIGITAF_BIODIVERSITY_FLEMISH_TREEROWS:OCCURRENCE:spiders:Pitfall:L2:crtl:2023-06-13:738"
"739","L2","crtl","Amara kulti",1,"F","","Pitfall","Marc Vankerckvoorde","Ad",1,"Carabidae","Coleoptera","carabid beetles",50.829258,4.671156,2023-06-13,"DIGITAF_BIODIVERSITY_FLEMISH_TREEROWS:OCCURRENCE:carabid beetles:Pitfall:L2:crtl:2023-06-13:739"
"740","L2","crtl","Poecilus cupreus",1,"F","","Pitfall","Marc Vankerckvoorde","Ad",14,"Carabidae","Coleoptera","carabid beetles",50.829258,4.671156,2023-06-13,"DIGITAF_BIODIVERSITY_FLEMISH_TREEROWS:OCCURRENCE:carabid beetles:Pitfall:L2:crtl:2023-06-13:740"
"741","L2","crtl","Poecilus cupreus",1,"M","","Pitfall","Marc Vankerckvoorde","Ad",2,"Carabidae","Coleoptera","carabid beetles",50.829258,4.671156,2023-06-13,"DIGITAF_BIODIVERSITY_FLEMISH_TREEROWS:OCCURRENCE:carabid beetles:Pitfall:L2:crtl:2023-06-13:741"
"742","L2","crtl","Poecilus cupreus",2,"M","","Pitfall","Marc Vankerckvoorde","Ad",1,"Carabidae","Coleoptera","carabid beetles",50.829258,4.671156,2023-06-13,"DIGITAF_BIODIVERSITY_FLEMISH_TREEROWS:OCCURRENCE:carabid beetles:Pitfall:L2:crtl:2023-06-13:742"
"743","L2","crtl","Pardosa hortensis",2,"M","","Pitfall","Johan Van Keer","Ad",1,"Lycosidae","Araneae","spiders",50.829258,4.671156,2023-06-13,"DIGITAF_BIODIVERSITY_FLEMISH_TREEROWS:OCCURRENCE:spiders:Pitfall:L2:crtl:2023-06-13:743"
"744","L2","crtl","Amara aenea",1,"F","","Pitfall","Marc Vankerckvoorde","Ad",2,"Carabidae","Coleoptera","carabid beetles",50.829258,4.671156,2023-06-13,"DIGITAF_BIODIVERSITY_FLEMISH_TREEROWS:OCCURRENCE:carabid beetles:Pitfall:L2:crtl:2023-06-13:744"
"745","L2","crtl","Pardosa hortensis",1,"F","","Pitfall","Johan Van Keer","Ad",2,"Lycosidae","Araneae","spiders",50.829258,4.671156,2023-06-13,"DIGITAF_BIODIVERSITY_FLEMISH_TREEROWS:OCCURRENCE:spiders:Pitfall:L2:crtl:2023-06-13:745"
"746","L2","crtl","Anotylus inustus",1,"","","Pitfall","Marc Vankerckvoorde","Ad",1,"Staphylinidae","Coleoptera","staphylinid beetles",50.829258,4.671156,2023-06-13,"DIGITAF_BIODIVERSITY_FLEMISH_TREEROWS:OCCURRENCE:staphylinid beetles:Pitfall:L2:crtl:2023-06-13:746"
"747","L2","crtl","Trochosa ruricola",1,"M","","Pitfall","Johan Van Keer","Ad",2,"Lycosidae","Araneae","spiders",50.829258,4.671156,2023-06-13,"DIGITAF_BIODIVERSITY_FLEMISH_TREEROWS:OCCURRENCE:spiders:Pitfall:L2:crtl:2023-06-13:747"
"748","L2","crtl","Carabus violaceus",1,"F","","Pitfall","Marc Vankerckvoorde","Ad",1,"Carabidae","Coleoptera","carabid beetles",50.829258,4.671156,2023-06-13,"DIGITAF_BIODIVERSITY_FLEMISH_TREEROWS:OCCURRENCE:carabid beetles:Pitfall:L2:crtl:2023-06-13:748"
"749","L2","crtl","Xerolycosa miniata",1,"M","","Pitfall","Johan Van Keer","Ad",1,"Lycosidae","Araneae","spiders",50.829258,4.671156,2023-06-13,"DIGITAF_BIODIVERSITY_FLEMISH_TREEROWS:OCCURRENCE:spiders:Pitfall:L2:crtl:2023-06-13:749"
"750","L2","crtl","Harpalus rufipes",1,"M","","Pitfall","Marc Vankerckvoorde","Ad",1,"Carabidae","Coleoptera","carabid beetles",50.829258,4.671156,2023-06-13,"DIGITAF_BIODIVERSITY_FLEMISH_TREEROWS:OCCURRENCE:carabid beetles:Pitfall:L2:crtl:2023-06-13:750"
"751","L2","crtl","Cicindela campestris",1,"F","","Pitfall","Marc Vankerckvoorde","Ad",1,"Carabidae","Coleoptera","carabid beetles",50.829258,4.671156,2023-06-13,"DIGITAF_BIODIVERSITY_FLEMISH_TREEROWS:OCCURRENCE:carabid beetles:Pitfall:L2:crtl:2023-06-13:751"
"752","L2","crtl","Amara aenea",2,"F","","Pitfall","Marc Vankerckvoorde","Ad",2,"Carabidae","Coleoptera","carabid beetles",50.829258,4.671156,2023-06-13,"DIGITAF_BIODIVERSITY_FLEMISH_TREEROWS:OCCURRENCE:carabid beetles:Pitfall:L2:crtl:2023-06-13:752"
"753","L2","crtl","Pardosa tenuipes",1,"F","","Pitfall","Johan Van Keer","Ad",4,"Lycosidae","Araneae","spiders",50.829258,4.671156,2023-06-13,"DIGITAF_BIODIVERSITY_FLEMISH_TREEROWS:OCCURRENCE:spiders:Pitfall:L2:crtl:2023-06-13:753"
"754","L2","crtl","Amara aenea",1,"M","","Pitfall","Marc Vankerckvoorde","Ad",2,"Carabidae","Coleoptera","carabid beetles",50.829258,4.671156,2023-06-13,"DIGITAF_BIODIVERSITY_FLEMISH_TREEROWS:OCCURRENCE:carabid beetles:Pitfall:L2:crtl:2023-06-13:754"
"755","L2","crtl","Pardosa saltans",1,"M","","Pitfall","Johan Van Keer","Ad",1,"Lycosidae","Araneae","spiders",50.829258,4.671156,2023-06-13,"DIGITAF_BIODIVERSITY_FLEMISH_TREEROWS:OCCURRENCE:spiders:Pitfall:L2:crtl:2023-06-13:755"
"756","L2","crtl","Harpalus rufipes",1,"F","","Pitfall","Marc Vankerckvoorde","Ad",1,"Carabidae","Coleoptera","carabid beetles",50.829258,4.671156,2023-06-13,"DIGITAF_BIODIVERSITY_FLEMISH_TREEROWS:OCCURRENCE:carabid beetles:Pitfall:L2:crtl:2023-06-13:756"
"757","L2","crtl","Amara aenea",2,"M","","Pitfall","Marc Vankerckvoorde","Ad",1,"Carabidae","Coleoptera","carabid beetles",50.829258,4.671156,2023-06-13,"DIGITAF_BIODIVERSITY_FLEMISH_TREEROWS:OCCURRENCE:carabid beetles:Pitfall:L2:crtl:2023-06-13:757"
"758","L2","tree","Loricera pilicornis",2,"F","","Pitfall","Marc Vankerckvoorde","Ad",1,"Carabidae","Coleoptera","carabid beetles",50.830441,4.670732,2023-06-13,"DIGITAF_BIODIVERSITY_FLEMISH_TREEROWS:OCCURRENCE:carabid beetles:Pitfall:L2:tree:2023-06-13:758"
"759","L2","tree","Tenuiphantes tenuis",1,"F","","Pitfall","Johan Van Keer","Ad",1,"Linyphiidae","Araneae","spiders",50.830441,4.670732,2023-06-13,"DIGITAF_BIODIVERSITY_FLEMISH_TREEROWS:OCCURRENCE:spiders:Pitfall:L2:tree:2023-06-13:759"
"760","L2","tree","Xantholinus linearis",2,"","","Pitfall","Marc Vankerckvoorde","Ad",1,"Staphylinidae","Coleoptera","staphylinid beetles",50.830441,4.670732,2023-06-13,"DIGITAF_BIODIVERSITY_FLEMISH_TREEROWS:OCCURRENCE:staphylinid beetles:Pitfall:L2:tree:2023-06-13:760"
"761","L2","tree","Erigone dentipalpis",2,"M","","Pitfall","Johan Van Keer","Ad",1,"Linyphiidae","Araneae","spiders",50.830441,4.670732,2023-06-13,"DIGITAF_BIODIVERSITY_FLEMISH_TREEROWS:OCCURRENCE:spiders:Pitfall:L2:tree:2023-06-13:761"
"762","L2","tree","Anotylus sculpturatus/mutator",2,"","","Pitfall","Marc Vankerckvoorde","Ad",1,"Staphylinidae","Coleoptera","staphylinid beetles",50.830441,4.670732,2023-06-13,"DIGITAF_BIODIVERSITY_FLEMISH_TREEROWS:OCCURRENCE:staphylinid beetles:Pitfall:L2:tree:2023-06-13:762"
"763","L2","tree","Trochosa ruricola",1,"F","","Pitfall","Johan Van Keer","Ad",1,"Lycosidae","Araneae","spiders",50.830441,4.670732,2023-06-13,"DIGITAF_BIODIVERSITY_FLEMISH_TREEROWS:OCCURRENCE:spiders:Pitfall:L2:tree:2023-06-13:763"
"764","L2","tree","Quedius fuliginosus",1,"","","Pitfall","Marc Vankerckvoorde","Ad",1,"Staphylinidae","Coleoptera","staphylinid beetles",50.830441,4.670732,2023-06-13,"DIGITAF_BIODIVERSITY_FLEMISH_TREEROWS:OCCURRENCE:staphylinid beetles:Pitfall:L2:tree:2023-06-13:764"
"765","L2","tree","Polydesmus coriaceus",1,"F","","Pitfall","Pallieter De Smedt","Ad",2,"Polydesmidae","Polydesmida","millipedes",50.830441,4.670732,2023-06-13,"DIGITAF_BIODIVERSITY_FLEMISH_TREEROWS:OCCURRENCE:millipedes:Pitfall:L2:tree:2023-06-13:765"
"766","L2","tree","Ozyptila simplex",2,"M","","Pitfall","Johan Van Keer","Ad",1,"Thomisidae","Araneae","spiders",50.830441,4.670732,2023-06-13,"DIGITAF_BIODIVERSITY_FLEMISH_TREEROWS:OCCURRENCE:spiders:Pitfall:L2:tree:2023-06-13:766"
"767","L2","tree","Mermessus trilobatus",2,"M","","Pitfall","Johan Van Keer","Ad",1,"Linyphiidae","Araneae","spiders",50.830441,4.670732,2023-06-13,"DIGITAF_BIODIVERSITY_FLEMISH_TREEROWS:OCCURRENCE:spiders:Pitfall:L2:tree:2023-06-13:767"
"768","L2","tree","Myrmica ruginodis",1,"F","","Pitfall","Wouter Dekoninck","Ad",3,"Formicidae","Hymenoptera","ants",50.830441,4.670732,2023-06-13,"DIGITAF_BIODIVERSITY_FLEMISH_TREEROWS:OCCURRENCE:ants:Pitfall:L2:tree:2023-06-13:768"
"769","L2","tree","Philoscia muscorum",2,"","","Pitfall","Pallieter De Smedt","Ad",6,"Philosciidae","Isopoda","woodlice",50.830441,4.670732,2023-06-13,"DIGITAF_BIODIVERSITY_FLEMISH_TREEROWS:OCCURRENCE:woodlice:Pitfall:L2:tree:2023-06-13:769"
"770","L2","tree","Pardosa saltans",2,"F","","Pitfall","Johan Van Keer","Ad",1,"Lycosidae","Araneae","spiders",50.830441,4.670732,2023-06-13,"DIGITAF_BIODIVERSITY_FLEMISH_TREEROWS:OCCURRENCE:spiders:Pitfall:L2:tree:2023-06-13:770"
"771","L2","tree","Harpalus rufipes",2,"F","","Pitfall","Marc Vankerckvoorde","Ad",1,"Carabidae","Coleoptera","carabid beetles",50.830441,4.670732,2023-06-13,"DIGITAF_BIODIVERSITY_FLEMISH_TREEROWS:OCCURRENCE:carabid beetles:Pitfall:L2:tree:2023-06-13:771"
"772","L2","tree","Pardosa prativaga",2,"M","","Pitfall","Johan Van Keer","Ad",2,"Lycosidae","Araneae","spiders",50.830441,4.670732,2023-06-13,"DIGITAF_BIODIVERSITY_FLEMISH_TREEROWS:OCCURRENCE:spiders:Pitfall:L2:tree:2023-06-13:772"
"773","L2","tree","Polydesmus coriaceus",2,"F","","Pitfall","Pallieter De Smedt","Ad",1,"Polydesmidae","Polydesmida","millipedes",50.830441,4.670732,2023-06-13,"DIGITAF_BIODIVERSITY_FLEMISH_TREEROWS:OCCURRENCE:millipedes:Pitfall:L2:tree:2023-06-13:773"
"774","L2","tree","Bembidion tetracolum",2,"F","","Pitfall","Marc Vankerckvoorde","Ad",1,"Carabidae","Coleoptera","carabid beetles",50.830441,4.670732,2023-06-13,"DIGITAF_BIODIVERSITY_FLEMISH_TREEROWS:OCCURRENCE:carabid beetles:Pitfall:L2:tree:2023-06-13:774"
"775","L2","tree","Drassyllus pusillus",2,"M","","Pitfall","Johan Van Keer","Ad",1,"Gnaphosidae","Araneae","spiders",50.830441,4.670732,2023-06-13,"DIGITAF_BIODIVERSITY_FLEMISH_TREEROWS:OCCURRENCE:spiders:Pitfall:L2:tree:2023-06-13:775"
"776","L2","tree","Pachygnatha degeeri",2,"F","","Pitfall","Johan Van Keer","Ad",5,"Tetragnathidae","Araneae","spiders",50.830441,4.670732,2023-06-13,"DIGITAF_BIODIVERSITY_FLEMISH_TREEROWS:OCCURRENCE:spiders:Pitfall:L2:tree:2023-06-13:776"
"777","L2","tree","Aleocharinae spec.",1,"","","Pitfall","Marc Vankerckvoorde","Ad",1,"Staphylinidae","Coleoptera","staphylinid beetles",50.830441,4.670732,2023-06-13,"DIGITAF_BIODIVERSITY_FLEMISH_TREEROWS:OCCURRENCE:staphylinid beetles:Pitfall:L2:tree:2023-06-13:777"
"778","L2","tree","Bembidion tetracolum",2,"M","","Pitfall","Marc Vankerckvoorde","Ad",2,"Carabidae","Coleoptera","carabid beetles",50.830441,4.670732,2023-06-13,"DIGITAF_BIODIVERSITY_FLEMISH_TREEROWS:OCCURRENCE:carabid beetles:Pitfall:L2:tree:2023-06-13:778"
"779","L2","tree","Pocadicnemis juncea",2,"M","","Pitfall","Johan Van Keer","Ad",1,"Linyphiidae","Araneae","spiders",50.830441,4.670732,2023-06-13,"DIGITAF_BIODIVERSITY_FLEMISH_TREEROWS:OCCURRENCE:spiders:Pitfall:L2:tree:2023-06-13:779"
"780","L2","tree","Omalium rivulare",2,"","","Pitfall","Marc Vankerckvoorde","Ad",1,"Staphylinidae","Coleoptera","staphylinid beetles",50.830441,4.670732,2023-06-13,"DIGITAF_BIODIVERSITY_FLEMISH_TREEROWS:OCCURRENCE:staphylinid beetles:Pitfall:L2:tree:2023-06-13:780"
"781","L2","tree","Polydesmus coriaceus",1,"M","","Pitfall","Pallieter De Smedt","Ad",1,"Polydesmidae","Polydesmida","millipedes",50.830441,4.670732,2023-06-13,"DIGITAF_BIODIVERSITY_FLEMISH_TREEROWS:OCCURRENCE:millipedes:Pitfall:L2:tree:2023-06-13:781"
"782","L2","tree","Philonthus cognatus",2,"","","Pitfall","Marc Vankerckvoorde","Ad",1,"Staphylinidae","Coleoptera","staphylinid beetles",50.830441,4.670732,2023-06-13,"DIGITAF_BIODIVERSITY_FLEMISH_TREEROWS:OCCURRENCE:staphylinid beetles:Pitfall:L2:tree:2023-06-13:782"
"783","L2","tree","Drassyllus lutetianus",2,"M","","Pitfall","Johan Van Keer","Ad",1,"Gnaphosidae","Araneae","spiders",50.830441,4.670732,2023-06-13,"DIGITAF_BIODIVERSITY_FLEMISH_TREEROWS:OCCURRENCE:spiders:Pitfall:L2:tree:2023-06-13:783"
"784","L2","tree","Carabus violaceus",2,"F","","Pitfall","Marc Vankerckvoorde","Ad",1,"Carabidae","Coleoptera","carabid beetles",50.830441,4.670732,2023-06-13,"DIGITAF_BIODIVERSITY_FLEMISH_TREEROWS:OCCURRENCE:carabid beetles:Pitfall:L2:tree:2023-06-13:784"
"785","Mb","crop","Pardosa palustris",1,"M","","Pitfall","Johan Van Keer","Ad",1,"Lycosidae","Araneae","spiders",50.970043,3.755069,2023-06-12,"DIGITAF_BIODIVERSITY_FLEMISH_TREEROWS:OCCURRENCE:spiders:Pitfall:Mb:crop:2023-06-12:785"
"786","Mb","crop","Tenuiphantes tenuis",2,"F","","Pitfall","Léon Baert","Ad",1,"Linyphiidae","Araneae","spiders",50.970043,3.755069,2023-06-12,"DIGITAF_BIODIVERSITY_FLEMISH_TREEROWS:OCCURRENCE:spiders:Pitfall:Mb:crop:2023-06-12:786"
"787","Mb","crop","Erigone dentipalpis",1,"M","","Pitfall","Léon Baert","Ad",1,"Linyphiidae","Araneae","spiders",50.970043,3.755069,2023-06-12,"DIGITAF_BIODIVERSITY_FLEMISH_TREEROWS:OCCURRENCE:spiders:Pitfall:Mb:crop:2023-06-12:787"
"788","Mb","crop","Poecilus versicolor",1,"M","","Pitfall","Marc Vankerckvoorde","Ad",6,"Carabidae","Coleoptera","carabid beetles",50.970043,3.755069,2023-06-12,"DIGITAF_BIODIVERSITY_FLEMISH_TREEROWS:OCCURRENCE:carabid beetles:Pitfall:Mb:crop:2023-06-12:788"
"789","Mb","crop","Poecilus versicolor",1,"F","","Pitfall","Marc Vankerckvoorde","Ad",1,"Carabidae","Coleoptera","carabid beetles",50.970043,3.755069,2023-06-12,"DIGITAF_BIODIVERSITY_FLEMISH_TREEROWS:OCCURRENCE:carabid beetles:Pitfall:Mb:crop:2023-06-12:789"
"790","Mb","crop","Tenuiphantes tenuis",2,"M","","Pitfall","Johan Van Keer","Ad",1,"Linyphiidae","Araneae","spiders",50.970043,3.755069,2023-06-12,"DIGITAF_BIODIVERSITY_FLEMISH_TREEROWS:OCCURRENCE:spiders:Pitfall:Mb:crop:2023-06-12:790"
"791","Mb","crop","Pterostichus melanarius",1,"M","","Pitfall","Marc Vankerckvoorde","Ad",1,"Carabidae","Coleoptera","carabid beetles",50.970043,3.755069,2023-06-12,"DIGITAF_BIODIVERSITY_FLEMISH_TREEROWS:OCCURRENCE:carabid beetles:Pitfall:Mb:crop:2023-06-12:791"
"792","Mb","crop","Bembidion properans",1,"F","","Pitfall","Marc Vankerckvoorde","Ad",1,"Carabidae","Coleoptera","carabid beetles",50.970043,3.755069,2023-06-12,"DIGITAF_BIODIVERSITY_FLEMISH_TREEROWS:OCCURRENCE:carabid beetles:Pitfall:Mb:crop:2023-06-12:792"
"793","Mb","crop","Philonthus carbonarius",1,"","","Pitfall","Marc Vankerckvoorde","Ad",1,"Staphylinidae","Coleoptera","staphylinid beetles",50.970043,3.755069,2023-06-12,"DIGITAF_BIODIVERSITY_FLEMISH_TREEROWS:OCCURRENCE:staphylinid beetles:Pitfall:Mb:crop:2023-06-12:793"
"794","Mb","crop","Poecilus cupreus",1,"M","","Pitfall","Marc Vankerckvoorde","Ad",4,"Carabidae","Coleoptera","carabid beetles",50.970043,3.755069,2023-06-12,"DIGITAF_BIODIVERSITY_FLEMISH_TREEROWS:OCCURRENCE:carabid beetles:Pitfall:Mb:crop:2023-06-12:794"
"795","Mb","crop","Pardosa pullata",1,"M","","Pitfall","Léon Baert","Ad",1,"Lycosidae","Araneae","spiders",50.970043,3.755069,2023-06-12,"DIGITAF_BIODIVERSITY_FLEMISH_TREEROWS:OCCURRENCE:spiders:Pitfall:Mb:crop:2023-06-12:795"
"796","Mb","crop","Philonthus cognatus",1,"","","Pitfall","Marc Vankerckvoorde","Ad",9,"Staphylinidae","Coleoptera","staphylinid beetles",50.970043,3.755069,2023-06-12,"DIGITAF_BIODIVERSITY_FLEMISH_TREEROWS:OCCURRENCE:staphylinid beetles:Pitfall:Mb:crop:2023-06-12:796"
"797","Mb","crop","Poecilus cupreus",1,"F","","Pitfall","Marc Vankerckvoorde","Ad",3,"Carabidae","Coleoptera","carabid beetles",50.970043,3.755069,2023-06-12,"DIGITAF_BIODIVERSITY_FLEMISH_TREEROWS:OCCURRENCE:carabid beetles:Pitfall:Mb:crop:2023-06-12:797"
"798","Mb","crop","Aleocharinae spec.",2,"","","Pitfall","Marc Vankerckvoorde","Ad",1,"Staphylinidae","Coleoptera","staphylinid beetles",50.970043,3.755069,2023-06-12,"DIGITAF_BIODIVERSITY_FLEMISH_TREEROWS:OCCURRENCE:staphylinid beetles:Pitfall:Mb:crop:2023-06-12:798"
"799","Mb","crop","Agyneta rurestris",1,"M","","Pitfall","Léon Baert","Ad",1,"Linyphiidae","Araneae","spiders",50.970043,3.755069,2023-06-12,"DIGITAF_BIODIVERSITY_FLEMISH_TREEROWS:OCCURRENCE:spiders:Pitfall:Mb:crop:2023-06-12:799"
"800","Mb","crop","Trochosa ruricola",2,"M","","Pitfall","Johan Van Keer","Ad",1,"Lycosidae","Araneae","spiders",50.970043,3.755069,2023-06-12,"DIGITAF_BIODIVERSITY_FLEMISH_TREEROWS:OCCURRENCE:spiders:Pitfall:Mb:crop:2023-06-12:800"
"801","Mb","crop","Philonthus cognatus",2,"","","Pitfall","Marc Vankerckvoorde","Ad",14,"Staphylinidae","Coleoptera","staphylinid beetles",50.970043,3.755069,2023-06-12,"DIGITAF_BIODIVERSITY_FLEMISH_TREEROWS:OCCURRENCE:staphylinid beetles:Pitfall:Mb:crop:2023-06-12:801"
"802","Mb","crop","Erigone atra",2,"M","","Pitfall","Léon Baert","Ad",1,"Linyphiidae","Araneae","spiders",50.970043,3.755069,2023-06-12,"DIGITAF_BIODIVERSITY_FLEMISH_TREEROWS:OCCURRENCE:spiders:Pitfall:Mb:crop:2023-06-12:802"
"803","Mb","crop","Trachyzelotes pedestris",2,"M","","Pitfall","Johan Van Keer","Ad",1,"Gnaphosidae","Araneae","spiders",50.970043,3.755069,2023-06-12,"DIGITAF_BIODIVERSITY_FLEMISH_TREEROWS:OCCURRENCE:spiders:Pitfall:Mb:crop:2023-06-12:803"
"804","Mb","crop","Bembidion tetracolum",1,"","","Pitfall","Marc Vankerckvoorde","Ad",1,"Carabidae","Coleoptera","carabid beetles",50.970043,3.755069,2023-06-12,"DIGITAF_BIODIVERSITY_FLEMISH_TREEROWS:OCCURRENCE:carabid beetles:Pitfall:Mb:crop:2023-06-12:804"
"805","Mb","crtl","Amara aenea",1,"M","","Pitfall","Marc Vankerckvoorde","Ad",2,"Carabidae","Coleoptera","carabid beetles",50.969597,3.755234,2023-06-12,"DIGITAF_BIODIVERSITY_FLEMISH_TREEROWS:OCCURRENCE:carabid beetles:Pitfall:Mb:crtl:2023-06-12:805"
"806","Mb","crtl","Zelotes pusillus",2,"F","","Pitfall","Léon Baert","Ad",1,"Gnaphosidae","Araneae","spiders",50.969597,3.755234,2023-06-12,"DIGITAF_BIODIVERSITY_FLEMISH_TREEROWS:OCCURRENCE:spiders:Pitfall:Mb:crtl:2023-06-12:806"
"807","Mb","crtl","Lasius niger",1,"F","","Pitfall","Wouter Dekoninck","Ad",3,"Formicidae","Hymenoptera","ants",50.969597,3.755234,2023-06-12,"DIGITAF_BIODIVERSITY_FLEMISH_TREEROWS:OCCURRENCE:ants:Pitfall:Mb:crtl:2023-06-12:807"
"808","Mb","crtl","Pardosa tenuipes",2,"M","","Pitfall","Johan Van Keer","Ad",1,"Lycosidae","Araneae","spiders",50.969597,3.755234,2023-06-12,"DIGITAF_BIODIVERSITY_FLEMISH_TREEROWS:OCCURRENCE:spiders:Pitfall:Mb:crtl:2023-06-12:808"
"809","Mb","crtl","Pardosa tenuipes",1,"F","","Pitfall","Johan Van Keer","Ad",1,"Lycosidae","Araneae","spiders",50.969597,3.755234,2023-06-12,"DIGITAF_BIODIVERSITY_FLEMISH_TREEROWS:OCCURRENCE:spiders:Pitfall:Mb:crtl:2023-06-12:809"
"810","Mb","crtl","Bembidion tetracolum",1,"M","","Pitfall","Marc Vankerckvoorde","Ad",1,"Carabidae","Coleoptera","carabid beetles",50.969597,3.755234,2023-06-12,"DIGITAF_BIODIVERSITY_FLEMISH_TREEROWS:OCCURRENCE:carabid beetles:Pitfall:Mb:crtl:2023-06-12:810"
"811","Mb","crtl","Amara aenea",2,"F","","Pitfall","Marc Vankerckvoorde","Ad",1,"Carabidae","Coleoptera","carabid beetles",50.969597,3.755234,2023-06-12,"DIGITAF_BIODIVERSITY_FLEMISH_TREEROWS:OCCURRENCE:carabid beetles:Pitfall:Mb:crtl:2023-06-12:811"
"812","Mb","crtl","Tenuiphantes tenuis",2,"F","","Pitfall","Johan Van Keer","Ad",1,"Linyphiidae","Araneae","spiders",50.969597,3.755234,2023-06-12,"DIGITAF_BIODIVERSITY_FLEMISH_TREEROWS:OCCURRENCE:spiders:Pitfall:Mb:crtl:2023-06-12:812"
"813","Mb","crtl","Amara similata",2,"F","","Pitfall","Marc Vankerckvoorde","Ad",1,"Carabidae","Coleoptera","carabid beetles",50.969597,3.755234,2023-06-12,"DIGITAF_BIODIVERSITY_FLEMISH_TREEROWS:OCCURRENCE:carabid beetles:Pitfall:Mb:crtl:2023-06-12:813"
"814","Mb","crtl","Parophonus maculicornis",2,"M","","Pitfall","Marc Vankerckvoorde","Ad",1,"Carabidae","Coleoptera","carabid beetles",50.969597,3.755234,2023-06-12,"DIGITAF_BIODIVERSITY_FLEMISH_TREEROWS:OCCURRENCE:carabid beetles:Pitfall:Mb:crtl:2023-06-12:814"
"815","Mb","crtl","Amara communis",1,"F","","Pitfall","Marc Vankerckvoorde","Ad",1,"Carabidae","Coleoptera","carabid beetles",50.969597,3.755234,2023-06-12,"DIGITAF_BIODIVERSITY_FLEMISH_TREEROWS:OCCURRENCE:carabid beetles:Pitfall:Mb:crtl:2023-06-12:815"
"816","Mb","crtl","Nebria salina",2,"F","","Pitfall","Marc Vankerckvoorde","Ad",1,"Carabidae","Coleoptera","carabid beetles",50.969597,3.755234,2023-06-12,"DIGITAF_BIODIVERSITY_FLEMISH_TREEROWS:OCCURRENCE:carabid beetles:Pitfall:Mb:crtl:2023-06-12:816"
"817","Mb","crtl","Pterostichus melanarius",2,"M","","Pitfall","Marc Vankerckvoorde","Ad",2,"Carabidae","Coleoptera","carabid beetles",50.969597,3.755234,2023-06-12,"DIGITAF_BIODIVERSITY_FLEMISH_TREEROWS:OCCURRENCE:carabid beetles:Pitfall:Mb:crtl:2023-06-12:817"
"818","Mb","crtl","Pterostichus melanarius",2,"F","","Pitfall","Marc Vankerckvoorde","Ad",1,"Carabidae","Coleoptera","carabid beetles",50.969597,3.755234,2023-06-12,"DIGITAF_BIODIVERSITY_FLEMISH_TREEROWS:OCCURRENCE:carabid beetles:Pitfall:Mb:crtl:2023-06-12:818"
"819","Mb","crtl","Pardosa palustris",2,"M","","Pitfall","Johan Van Keer","Ad",3,"Lycosidae","Araneae","spiders",50.969597,3.755234,2023-06-12,"DIGITAF_BIODIVERSITY_FLEMISH_TREEROWS:OCCURRENCE:spiders:Pitfall:Mb:crtl:2023-06-12:819"
"820","Mb","crtl","Lasius niger",2,"F","","Pitfall","Wouter Dekoninck","Ad",2,"Formicidae","Hymenoptera","ants",50.969597,3.755234,2023-06-12,"DIGITAF_BIODIVERSITY_FLEMISH_TREEROWS:OCCURRENCE:ants:Pitfall:Mb:crtl:2023-06-12:820"
"821","Mb","crtl","Piratula latitans",1,"F","","Pitfall","Johan Van Keer","Ad",1,"Lycosidae","Araneae","spiders",50.969597,3.755234,2023-06-12,"DIGITAF_BIODIVERSITY_FLEMISH_TREEROWS:OCCURRENCE:spiders:Pitfall:Mb:crtl:2023-06-12:821"
"822","Mb","crtl","Pardosa pullata",2,"F","","Pitfall","Johan Van Keer","Ad",1,"Lycosidae","Araneae","spiders",50.969597,3.755234,2023-06-12,"DIGITAF_BIODIVERSITY_FLEMISH_TREEROWS:OCCURRENCE:spiders:Pitfall:Mb:crtl:2023-06-12:822"
"823","Mb","crtl","Trochosa ruricola",2,"M","","Pitfall","Johan Van Keer","Ad",1,"Lycosidae","Araneae","spiders",50.969597,3.755234,2023-06-12,"DIGITAF_BIODIVERSITY_FLEMISH_TREEROWS:OCCURRENCE:spiders:Pitfall:Mb:crtl:2023-06-12:823"
"824","Mb","crtl","Pardosa pullata",1,"M","","Pitfall","Johan Van Keer","Ad",1,"Lycosidae","Araneae","spiders",50.969597,3.755234,2023-06-12,"DIGITAF_BIODIVERSITY_FLEMISH_TREEROWS:OCCURRENCE:spiders:Pitfall:Mb:crtl:2023-06-12:824"
"825","Mb","crtl","Pardosa palustris",1,"M","","Pitfall","Johan Van Keer","Ad",1,"Lycosidae","Araneae","spiders",50.969597,3.755234,2023-06-12,"DIGITAF_BIODIVERSITY_FLEMISH_TREEROWS:OCCURRENCE:spiders:Pitfall:Mb:crtl:2023-06-12:825"
"826","Mb","crtl","Philoscia muscorum",2,"","","Pitfall","Pallieter De Smedt","Ad",1,"Philosciidae","Isopoda","woodlice",50.969597,3.755234,2023-06-12,"DIGITAF_BIODIVERSITY_FLEMISH_TREEROWS:OCCURRENCE:woodlice:Pitfall:Mb:crtl:2023-06-12:826"
"827","Mb","crtl","Amara aenea",2,"M","","Pitfall","Marc Vankerckvoorde","Ad",2,"Carabidae","Coleoptera","carabid beetles",50.969597,3.755234,2023-06-12,"DIGITAF_BIODIVERSITY_FLEMISH_TREEROWS:OCCURRENCE:carabid beetles:Pitfall:Mb:crtl:2023-06-12:827"
"828","Mb","crtl","Harpalus rufipes",2,"M","","Pitfall","Marc Vankerckvoorde","Ad",1,"Carabidae","Coleoptera","carabid beetles",50.969597,3.755234,2023-06-12,"DIGITAF_BIODIVERSITY_FLEMISH_TREEROWS:OCCURRENCE:carabid beetles:Pitfall:Mb:crtl:2023-06-12:828"
"829","Mb","crtl","Nebria brevicollis",1,"F","","Pitfall","Marc Vankerckvoorde","Ad",1,"Carabidae","Coleoptera","carabid beetles",50.969597,3.755234,2023-06-12,"DIGITAF_BIODIVERSITY_FLEMISH_TREEROWS:OCCURRENCE:carabid beetles:Pitfall:Mb:crtl:2023-06-12:829"
"830","Mb","tree","Trachyzelotes pedestris",2,"M","","Pitfall","Léon Baert","Ad",1,"Gnaphosidae","Araneae","spiders",50.970682,3.754116,2023-06-12,"DIGITAF_BIODIVERSITY_FLEMISH_TREEROWS:OCCURRENCE:spiders:Pitfall:Mb:tree:2023-06-12:830"
"831","Mb","tree","Philodromus dispar",2,"M","","Pitfall","Johan Van Keer","Ad",1,"Philodromidae","Araneae","spiders",50.970682,3.754116,2023-06-12,"DIGITAF_BIODIVERSITY_FLEMISH_TREEROWS:OCCURRENCE:spiders:Pitfall:Mb:tree:2023-06-12:831"
"832","Mb","tree","Notiophilus palustris",2,"M","","Pitfall","Marc Vankerckvoorde","Ad",1,"Carabidae","Coleoptera","carabid beetles",50.970682,3.754116,2023-06-12,"DIGITAF_BIODIVERSITY_FLEMISH_TREEROWS:OCCURRENCE:carabid beetles:Pitfall:Mb:tree:2023-06-12:832"
"833","Mb","tree","Walckenaeria atrotibialis",2,"M","","Pitfall","Johan Van Keer","Ad",1,"Linyphiidae","Araneae","spiders",50.970682,3.754116,2023-06-12,"DIGITAF_BIODIVERSITY_FLEMISH_TREEROWS:OCCURRENCE:spiders:Pitfall:Mb:tree:2023-06-12:833"
"834","Mb","tree","Myrmica sabuleti",2,"F","","Pitfall","Wouter Dekoninck","Ad",6,"Formicidae","Hymenoptera","ants",50.970682,3.754116,2023-06-12,"DIGITAF_BIODIVERSITY_FLEMISH_TREEROWS:OCCURRENCE:ants:Pitfall:Mb:tree:2023-06-12:834"
"835","Mb","tree","Myrmica rubra",2,"F","","Pitfall","Wouter Dekoninck","Ad",1,"Formicidae","Hymenoptera","ants",50.970682,3.754116,2023-06-12,"DIGITAF_BIODIVERSITY_FLEMISH_TREEROWS:OCCURRENCE:ants:Pitfall:Mb:tree:2023-06-12:835"
"836","Mb","tree","Xantholinus longiventris",1,"","","Pitfall","Marc Vankerckvoorde","Ad",1,"Staphylinidae","Coleoptera","staphylinid beetles",50.970682,3.754116,2023-06-12,"DIGITAF_BIODIVERSITY_FLEMISH_TREEROWS:OCCURRENCE:staphylinid beetles:Pitfall:Mb:tree:2023-06-12:836"
"837","Mb","tree","Ozyptila praticola",1,"M","","Pitfall","Johan Van Keer","Ad",2,"Thomisidae","Araneae","spiders",50.970682,3.754116,2023-06-12,"DIGITAF_BIODIVERSITY_FLEMISH_TREEROWS:OCCURRENCE:spiders:Pitfall:Mb:tree:2023-06-12:837"
"838","Mb","tree","Harpalus latus",1,"M","","Pitfall","Marc Vankerckvoorde","Ad",1,"Carabidae","Coleoptera","carabid beetles",50.970682,3.754116,2023-06-12,"DIGITAF_BIODIVERSITY_FLEMISH_TREEROWS:OCCURRENCE:carabid beetles:Pitfall:Mb:tree:2023-06-12:838"
"839","Mb","tree","Nebria brevicollis",1,"F","","Pitfall","Marc Vankerckvoorde","Ad",1,"Carabidae","Coleoptera","carabid beetles",50.970682,3.754116,2023-06-12,"DIGITAF_BIODIVERSITY_FLEMISH_TREEROWS:OCCURRENCE:carabid beetles:Pitfall:Mb:tree:2023-06-12:839"
"840","Mb","tree","Rugilus rufipes",1,"","","Pitfall","Marc Vankerckvoorde","Ad",1,"Staphylinidae","Coleoptera","staphylinid beetles",50.970682,3.754116,2023-06-12,"DIGITAF_BIODIVERSITY_FLEMISH_TREEROWS:OCCURRENCE:staphylinid beetles:Pitfall:Mb:tree:2023-06-12:840"
"841","Mb","tree","Agonum muelleri",1,"F","","Pitfall","Marc Vankerckvoorde","Ad",1,"Carabidae","Coleoptera","carabid beetles",50.970682,3.754116,2023-06-12,"DIGITAF_BIODIVERSITY_FLEMISH_TREEROWS:OCCURRENCE:carabid beetles:Pitfall:Mb:tree:2023-06-12:841"
"842","Mb","tree","Myrmica rubra",1,"F","","Pitfall","Wouter Dekoninck","Ad",1,"Formicidae","Hymenoptera","ants",50.970682,3.754116,2023-06-12,"DIGITAF_BIODIVERSITY_FLEMISH_TREEROWS:OCCURRENCE:ants:Pitfall:Mb:tree:2023-06-12:842"
"843","Mb","tree","Pardosa lugubris",2,"M","","Pitfall","Johan Van Keer","Ad",1,"Lycosidae","Araneae","spiders",50.970682,3.754116,2023-06-12,"DIGITAF_BIODIVERSITY_FLEMISH_TREEROWS:OCCURRENCE:spiders:Pitfall:Mb:tree:2023-06-12:843"
"844","Mb","tree","Formica polyctena",2,"F","","Pitfall","Wouter Dekoninck","Ad",1,"Formicidae","Hymenoptera","ants",50.970682,3.754116,2023-06-12,"DIGITAF_BIODIVERSITY_FLEMISH_TREEROWS:OCCURRENCE:ants:Pitfall:Mb:tree:2023-06-12:844"
"845","Mb","tree","Ozyptila praticola",2,"M","","Pitfall","Johan Van Keer","Ad",4,"Thomisidae","Araneae","spiders",50.970682,3.754116,2023-06-12,"DIGITAF_BIODIVERSITY_FLEMISH_TREEROWS:OCCURRENCE:spiders:Pitfall:Mb:tree:2023-06-12:845"
"846","Mb","tree","Acupalpus dubius",1,"M","","Pitfall","Marc Vankerckvoorde","Ad",1,"Carabidae","Coleoptera","carabid beetles",50.970682,3.754116,2023-06-12,"DIGITAF_BIODIVERSITY_FLEMISH_TREEROWS:OCCURRENCE:carabid beetles:Pitfall:Mb:tree:2023-06-12:846"
"847","Mb","tree","Cylindroiulus caeruleocinctus",2,"M","","Pitfall","Pallieter De Smedt","Ad",1,"Julidae","Julida","millipedes",50.970682,3.754116,2023-06-12,"DIGITAF_BIODIVERSITY_FLEMISH_TREEROWS:OCCURRENCE:millipedes:Pitfall:Mb:tree:2023-06-12:847"
"848","Mb","tree","Myrmica scabrinodis",1,"F","","Pitfall","Wouter Dekoninck","Ad",3,"Formicidae","Hymenoptera","ants",50.970682,3.754116,2023-06-12,"DIGITAF_BIODIVERSITY_FLEMISH_TREEROWS:OCCURRENCE:ants:Pitfall:Mb:tree:2023-06-12:848"
"849","Mb","tree","Porcellio scaber",1,"","","Pitfall","Pallieter De Smedt","Ad",9,"Porcellionidae","Isopoda","woodlice",50.970682,3.754116,2023-06-12,"DIGITAF_BIODIVERSITY_FLEMISH_TREEROWS:OCCURRENCE:woodlice:Pitfall:Mb:tree:2023-06-12:849"
"850","Mb","tree","Philoscia muscorum",2,"","","Pitfall","Pallieter De Smedt","Ad",4,"Philosciidae","Isopoda","woodlice",50.970682,3.754116,2023-06-12,"DIGITAF_BIODIVERSITY_FLEMISH_TREEROWS:OCCURRENCE:woodlice:Pitfall:Mb:tree:2023-06-12:850"
"851","Mb","tree","Anisodactylus binotatus",1,"F","","Pitfall","Marc Vankerckvoorde","Ad",1,"Carabidae","Coleoptera","carabid beetles",50.970682,3.754116,2023-06-12,"DIGITAF_BIODIVERSITY_FLEMISH_TREEROWS:OCCURRENCE:carabid beetles:Pitfall:Mb:tree:2023-06-12:851"
"852","Mb","tree","Julus scandinavius",1,"M","","Pitfall","Pallieter De Smedt","Ad",1,"Julidae","Julida","millipedes",50.970682,3.754116,2023-06-12,"DIGITAF_BIODIVERSITY_FLEMISH_TREEROWS:OCCURRENCE:millipedes:Pitfall:Mb:tree:2023-06-12:852"
"853","Mb","tree","Clubiona terrestris",1,"F","","Pitfall","Johan Van Keer","Ad",3,"Clubionidae","Araneae","spiders",50.970682,3.754116,2023-06-12,"DIGITAF_BIODIVERSITY_FLEMISH_TREEROWS:OCCURRENCE:spiders:Pitfall:Mb:tree:2023-06-12:853"
"854","Mb","tree","Zelotes subterraneus",1,"F","","Pitfall","Johan Van Keer","Ad",1,"Gnaphosidae","Araneae","spiders",50.970682,3.754116,2023-06-12,"DIGITAF_BIODIVERSITY_FLEMISH_TREEROWS:OCCURRENCE:spiders:Pitfall:Mb:tree:2023-06-12:854"
"855","Mb","tree","Bembidion tetracolum",2,"M","","Pitfall","Marc Vankerckvoorde","Ad",2,"Carabidae","Coleoptera","carabid beetles",50.970682,3.754116,2023-06-12,"DIGITAF_BIODIVERSITY_FLEMISH_TREEROWS:OCCURRENCE:carabid beetles:Pitfall:Mb:tree:2023-06-12:855"
"856","Mb","tree","Trachyzelotes pedestris",1,"F","","Pitfall","Johan Van Keer","Ad",5,"Gnaphosidae","Araneae","spiders",50.970682,3.754116,2023-06-12,"DIGITAF_BIODIVERSITY_FLEMISH_TREEROWS:OCCURRENCE:spiders:Pitfall:Mb:tree:2023-06-12:856"
"857","Mb","tree","Trachyzelotes pedestris",2,"M","","Pitfall","Johan Van Keer","Ad",53,"Gnaphosidae","Araneae","spiders",50.970682,3.754116,2023-06-12,"DIGITAF_BIODIVERSITY_FLEMISH_TREEROWS:OCCURRENCE:spiders:Pitfall:Mb:tree:2023-06-12:857"
"858","Mb","tree","Harpalus rubripes",1,"M","","Pitfall","Marc Vankerckvoorde","Ad",1,"Carabidae","Coleoptera","carabid beetles",50.970682,3.754116,2023-06-12,"DIGITAF_BIODIVERSITY_FLEMISH_TREEROWS:OCCURRENCE:carabid beetles:Pitfall:Mb:tree:2023-06-12:858"
"859","Mb","tree","Cylindroiulus caeruleocinctus",1,"M","","Pitfall","Pallieter De Smedt","Ad",1,"Julidae","Julida","millipedes",50.970682,3.754116,2023-06-12,"DIGITAF_BIODIVERSITY_FLEMISH_TREEROWS:OCCURRENCE:millipedes:Pitfall:Mb:tree:2023-06-12:859"
"860","Mb","tree","Pterostichus strenuus",1,"M","","Pitfall","Marc Vankerckvoorde","Ad",2,"Carabidae","Coleoptera","carabid beetles",50.970682,3.754116,2023-06-12,"DIGITAF_BIODIVERSITY_FLEMISH_TREEROWS:OCCURRENCE:carabid beetles:Pitfall:Mb:tree:2023-06-12:860"
"861","Mb","tree","Walckenaeria atrotibialis",1,"M","","Pitfall","Johan Van Keer","Ad",1,"Linyphiidae","Araneae","spiders",50.970682,3.754116,2023-06-12,"DIGITAF_BIODIVERSITY_FLEMISH_TREEROWS:OCCURRENCE:spiders:Pitfall:Mb:tree:2023-06-12:861"
"862","Mb","tree","Philoscia muscorum",1,"","","Pitfall","Pallieter De Smedt","Ad",27,"Philosciidae","Isopoda","woodlice",50.970682,3.754116,2023-06-12,"DIGITAF_BIODIVERSITY_FLEMISH_TREEROWS:OCCURRENCE:woodlice:Pitfall:Mb:tree:2023-06-12:862"
"863","Mb","tree","Maso sundevalli",1,"M","","Pitfall","Léon Baert","Ad",1,"Linyphiidae","Araneae","spiders",50.970682,3.754116,2023-06-12,"DIGITAF_BIODIVERSITY_FLEMISH_TREEROWS:OCCURRENCE:spiders:Pitfall:Mb:tree:2023-06-12:863"
"864","Mb","tree","Poecilus cupreus",2,"M","","Pitfall","Marc Vankerckvoorde","Ad",3,"Carabidae","Coleoptera","carabid beetles",50.970682,3.754116,2023-06-12,"DIGITAF_BIODIVERSITY_FLEMISH_TREEROWS:OCCURRENCE:carabid beetles:Pitfall:Mb:tree:2023-06-12:864"
"865","Mb","tree","Rugilus erichsonii",1,"","","Pitfall","Marc Vankerckvoorde","Ad",1,"Staphylinidae","Coleoptera","staphylinid beetles",50.970682,3.754116,2023-06-12,"DIGITAF_BIODIVERSITY_FLEMISH_TREEROWS:OCCURRENCE:staphylinid beetles:Pitfall:Mb:tree:2023-06-12:865"
"866","Mb","tree","Myrmica scabrinodis",2,"F","","Pitfall","Wouter Dekoninck","Ad",14,"Formicidae","Hymenoptera","ants",50.970682,3.754116,2023-06-12,"DIGITAF_BIODIVERSITY_FLEMISH_TREEROWS:OCCURRENCE:ants:Pitfall:Mb:tree:2023-06-12:866"
"867","Mb","tree","Oedothorax retusus",1,"M","","Pitfall","Johan Van Keer","Ad",1,"Linyphiidae","Araneae","spiders",50.970682,3.754116,2023-06-12,"DIGITAF_BIODIVERSITY_FLEMISH_TREEROWS:OCCURRENCE:spiders:Pitfall:Mb:tree:2023-06-12:867"
"868","Mb","tree","Armadillidium vulgare",1,"","","Pitfall","Pallieter De Smedt","Ad",7,"Armadillidiidae","Isopoda","woodlice",50.970682,3.754116,2023-06-12,"DIGITAF_BIODIVERSITY_FLEMISH_TREEROWS:OCCURRENCE:woodlice:Pitfall:Mb:tree:2023-06-12:868"
"869","Mb","tree","Poecilus versicolor",1,"M","","Pitfall","Marc Vankerckvoorde","Ad",5,"Carabidae","Coleoptera","carabid beetles",50.970682,3.754116,2023-06-12,"DIGITAF_BIODIVERSITY_FLEMISH_TREEROWS:OCCURRENCE:carabid beetles:Pitfall:Mb:tree:2023-06-12:869"
"870","Mb","tree","Euophrys frontalis",1,"M","","Pitfall","Johan Van Keer","Ad",2,"Salticidae","Araneae","spiders",50.970682,3.754116,2023-06-12,"DIGITAF_BIODIVERSITY_FLEMISH_TREEROWS:OCCURRENCE:spiders:Pitfall:Mb:tree:2023-06-12:870"
"871","Mb","tree","Aleocharinae spec.",1,"","","Pitfall","Marc Vankerckvoorde","Ad",1,"Staphylinidae","Coleoptera","staphylinid beetles",50.970682,3.754116,2023-06-12,"DIGITAF_BIODIVERSITY_FLEMISH_TREEROWS:OCCURRENCE:staphylinid beetles:Pitfall:Mb:tree:2023-06-12:871"
"872","Mb","tree","Pterostichus madidus",1,"M","","Pitfall","Marc Vankerckvoorde","Ad",2,"Carabidae","Coleoptera","carabid beetles",50.970682,3.754116,2023-06-12,"DIGITAF_BIODIVERSITY_FLEMISH_TREEROWS:OCCURRENCE:carabid beetles:Pitfall:Mb:tree:2023-06-12:872"
"873","Mb","tree","Pterostichus strenuus",1,"F","","Pitfall","Marc Vankerckvoorde","Ad",2,"Carabidae","Coleoptera","carabid beetles",50.970682,3.754116,2023-06-12,"DIGITAF_BIODIVERSITY_FLEMISH_TREEROWS:OCCURRENCE:carabid beetles:Pitfall:Mb:tree:2023-06-12:873"
"874","Mb","tree","Diplostyla concolor",1,"M","","Pitfall","Johan Van Keer","Ad",1,"Linyphiidae","Araneae","spiders",50.970682,3.754116,2023-06-12,"DIGITAF_BIODIVERSITY_FLEMISH_TREEROWS:OCCURRENCE:spiders:Pitfall:Mb:tree:2023-06-12:874"
"875","Mb","tree","Enoplognatha thoracica",1,"M","","Pitfall","Johan Van Keer","Ad",1,"Theridiidae","Araneae","spiders",50.970682,3.754116,2023-06-12,"DIGITAF_BIODIVERSITY_FLEMISH_TREEROWS:OCCURRENCE:spiders:Pitfall:Mb:tree:2023-06-12:875"
"876","Mb","tree","Clubiona lutescens",1,"M","","Pitfall","Johan Van Keer","Ad",1,"Clubionidae","Araneae","spiders",50.970682,3.754116,2023-06-12,"DIGITAF_BIODIVERSITY_FLEMISH_TREEROWS:OCCURRENCE:spiders:Pitfall:Mb:tree:2023-06-12:876"
"877","Mb","tree","Bembidion lampros",2,"M","","Pitfall","Marc Vankerckvoorde","Ad",1,"Carabidae","Coleoptera","carabid beetles",50.970682,3.754116,2023-06-12,"DIGITAF_BIODIVERSITY_FLEMISH_TREEROWS:OCCURRENCE:carabid beetles:Pitfall:Mb:tree:2023-06-12:877"
"878","Mb","tree","Harpalus latus",1,"F","","Pitfall","Marc Vankerckvoorde","Ad",2,"Carabidae","Coleoptera","carabid beetles",50.970682,3.754116,2023-06-12,"DIGITAF_BIODIVERSITY_FLEMISH_TREEROWS:OCCURRENCE:carabid beetles:Pitfall:Mb:tree:2023-06-12:878"
"879","Mb","tree","Anisodactylus binotatus",2,"M","","Pitfall","Marc Vankerckvoorde","Ad",2,"Carabidae","Coleoptera","carabid beetles",50.970682,3.754116,2023-06-12,"DIGITAF_BIODIVERSITY_FLEMISH_TREEROWS:OCCURRENCE:carabid beetles:Pitfall:Mb:tree:2023-06-12:879"
"880","Mb","tree","Lasius niger",2,"F","","Pitfall","Wouter Dekoninck","Ad",1,"Formicidae","Hymenoptera","ants",50.970682,3.754116,2023-06-12,"DIGITAF_BIODIVERSITY_FLEMISH_TREEROWS:OCCURRENCE:ants:Pitfall:Mb:tree:2023-06-12:880"
"881","Mb","tree","Pardosa lugubris",1,"M","","Pitfall","Johan Van Keer","Ad",4,"Lycosidae","Araneae","spiders",50.970682,3.754116,2023-06-12,"DIGITAF_BIODIVERSITY_FLEMISH_TREEROWS:OCCURRENCE:spiders:Pitfall:Mb:tree:2023-06-12:881"
"882","Mb","tree","Limodromus assimilis",1,"M","","Pitfall","Marc Vankerckvoorde","Ad",1,"Carabidae","Coleoptera","carabid beetles",50.970682,3.754116,2023-06-12,"DIGITAF_BIODIVERSITY_FLEMISH_TREEROWS:OCCURRENCE:carabid beetles:Pitfall:Mb:tree:2023-06-12:882"
"883","Mb","tree","Euophrys frontalis",1,"F","","Pitfall","Johan Van Keer","Ad",1,"Salticidae","Araneae","spiders",50.970682,3.754116,2023-06-12,"DIGITAF_BIODIVERSITY_FLEMISH_TREEROWS:OCCURRENCE:spiders:Pitfall:Mb:tree:2023-06-12:883"
"884","Mb","tree","Phrurolithus festivus",1,"F","","Pitfall","Johan Van Keer","Ad",1,"Phrurolithidae","Araneae","spiders",50.970682,3.754116,2023-06-12,"DIGITAF_BIODIVERSITY_FLEMISH_TREEROWS:OCCURRENCE:spiders:Pitfall:Mb:tree:2023-06-12:884"
"885","Mb","tree","Poecilus versicolor",2,"M","","Pitfall","Marc Vankerckvoorde","Ad",13,"Carabidae","Coleoptera","carabid beetles",50.970682,3.754116,2023-06-12,"DIGITAF_BIODIVERSITY_FLEMISH_TREEROWS:OCCURRENCE:carabid beetles:Pitfall:Mb:tree:2023-06-12:885"
"886","Mb","tree","Phrurolithus festivus",1,"M","","Pitfall","Johan Van Keer","Ad",2,"Phrurolithidae","Araneae","spiders",50.970682,3.754116,2023-06-12,"DIGITAF_BIODIVERSITY_FLEMISH_TREEROWS:OCCURRENCE:spiders:Pitfall:Mb:tree:2023-06-12:886"
"887","Mb","tree","Notiophilus quadripunctatus",1,"F","","Pitfall","Marc Vankerckvoorde","Ad",1,"Carabidae","Coleoptera","carabid beetles",50.970682,3.754116,2023-06-12,"DIGITAF_BIODIVERSITY_FLEMISH_TREEROWS:OCCURRENCE:carabid beetles:Pitfall:Mb:tree:2023-06-12:887"
"888","Mb","tree","Trachyzelotes pedestris",2,"F","","Pitfall","Johan Van Keer","Ad",17,"Gnaphosidae","Araneae","spiders",50.970682,3.754116,2023-06-12,"DIGITAF_BIODIVERSITY_FLEMISH_TREEROWS:OCCURRENCE:spiders:Pitfall:Mb:tree:2023-06-12:888"
"889","Mb","tree","Pardosa lugubris",2,"F","","Pitfall","Johan Van Keer","Ad",3,"Lycosidae","Araneae","spiders",50.970682,3.754116,2023-06-12,"DIGITAF_BIODIVERSITY_FLEMISH_TREEROWS:OCCURRENCE:spiders:Pitfall:Mb:tree:2023-06-12:889"
"890","Mb","tree","Pardosa lugubris",1,"F","","Pitfall","Johan Van Keer","Ad",1,"Lycosidae","Araneae","spiders",50.970682,3.754116,2023-06-12,"DIGITAF_BIODIVERSITY_FLEMISH_TREEROWS:OCCURRENCE:spiders:Pitfall:Mb:tree:2023-06-12:890"
"891","Mb","tree","Limodromus assimilis",1,"F","","Pitfall","Marc Vankerckvoorde","Ad",1,"Carabidae","Coleoptera","carabid beetles",50.970682,3.754116,2023-06-12,"DIGITAF_BIODIVERSITY_FLEMISH_TREEROWS:OCCURRENCE:carabid beetles:Pitfall:Mb:tree:2023-06-12:891"
"892","Mb","tree","Anisodactylus binotatus",2,"F","","Pitfall","Marc Vankerckvoorde","Ad",1,"Carabidae","Coleoptera","carabid beetles",50.970682,3.754116,2023-06-12,"DIGITAF_BIODIVERSITY_FLEMISH_TREEROWS:OCCURRENCE:carabid beetles:Pitfall:Mb:tree:2023-06-12:892"
"893","Mb","tree","Trachyzelotes pedestris",1,"M","","Pitfall","Johan Van Keer","Ad",13,"Gnaphosidae","Araneae","spiders",50.970682,3.754116,2023-06-12,"DIGITAF_BIODIVERSITY_FLEMISH_TREEROWS:OCCURRENCE:spiders:Pitfall:Mb:tree:2023-06-12:893"
"894","Mb","tree","Bembidion tetracolum",2,"F","","Pitfall","Marc Vankerckvoorde","Ad",2,"Carabidae","Coleoptera","carabid beetles",50.970682,3.754116,2023-06-12,"DIGITAF_BIODIVERSITY_FLEMISH_TREEROWS:OCCURRENCE:carabid beetles:Pitfall:Mb:tree:2023-06-12:894"
"895","Mb","tree","Bembidion tetracolum",1,"F","","Pitfall","Marc Vankerckvoorde","Ad",3,"Carabidae","Coleoptera","carabid beetles",50.970682,3.754116,2023-06-12,"DIGITAF_BIODIVERSITY_FLEMISH_TREEROWS:OCCURRENCE:carabid beetles:Pitfall:Mb:tree:2023-06-12:895"
"896","Mb","tree","Philonthus cognatus",1,"","","Pitfall","Marc Vankerckvoorde","Ad",1,"Staphylinidae","Coleoptera","staphylinid beetles",50.970682,3.754116,2023-06-12,"DIGITAF_BIODIVERSITY_FLEMISH_TREEROWS:OCCURRENCE:staphylinid beetles:Pitfall:Mb:tree:2023-06-12:896"
"897","Mb","tree","Gyrohypnus angustatus",2,"","","Pitfall","Marc Vankerckvoorde","Ad",1,"Staphylinidae","Coleoptera","staphylinid beetles",50.970682,3.754116,2023-06-12,"DIGITAF_BIODIVERSITY_FLEMISH_TREEROWS:OCCURRENCE:staphylinid beetles:Pitfall:Mb:tree:2023-06-12:897"
"898","Mb","tree","Bembidion tetracolum",1,"M","","Pitfall","Marc Vankerckvoorde","Ad",3,"Carabidae","Coleoptera","carabid beetles",50.970682,3.754116,2023-06-12,"DIGITAF_BIODIVERSITY_FLEMISH_TREEROWS:OCCURRENCE:carabid beetles:Pitfall:Mb:tree:2023-06-12:898"
"899","Mb","tree","Armadillidium vulgare",2,"","","Pitfall","Pallieter De Smedt","Ad",4,"Armadillidiidae","Isopoda","woodlice",50.970682,3.754116,2023-06-12,"DIGITAF_BIODIVERSITY_FLEMISH_TREEROWS:OCCURRENCE:woodlice:Pitfall:Mb:tree:2023-06-12:899"
"900","Mb1","crtl","Pardosa tenuipes",2,"F","","Pitfall","Johan Van Keer","Ad",3,"Lycosidae","Araneae","spiders",50.962509,3.764582,2023-06-12,"DIGITAF_BIODIVERSITY_FLEMISH_TREEROWS:OCCURRENCE:spiders:Pitfall:Mb1:crtl:2023-06-12:900"
"901","Mb1","crtl","Pachygnatha degeeri",1,"M","","Pitfall","Johan Van Keer","Ad",2,"Tetragnathidae","Araneae","spiders",50.962509,3.764582,2023-06-12,"DIGITAF_BIODIVERSITY_FLEMISH_TREEROWS:OCCURRENCE:spiders:Pitfall:Mb1:crtl:2023-06-12:901"
"902","Mb1","crtl","Xysticus kochi",2,"F","","Pitfall","Johan Van Keer","Ad",1,"Thomisidae","Araneae","spiders",50.962509,3.764582,2023-06-12,"DIGITAF_BIODIVERSITY_FLEMISH_TREEROWS:OCCURRENCE:spiders:Pitfall:Mb1:crtl:2023-06-12:902"
"903","Mb1","crtl","Pardosa pullata",1,"M","","Pitfall","Johan Van Keer","Ad",4,"Lycosidae","Araneae","spiders",50.962509,3.764582,2023-06-12,"DIGITAF_BIODIVERSITY_FLEMISH_TREEROWS:OCCURRENCE:spiders:Pitfall:Mb1:crtl:2023-06-12:903"
"904","Mb1","crtl","Poecilus cupreus",2,"M","","Pitfall","Marc Vankerckvoorde","Ad",1,"Carabidae","Coleoptera","carabid beetles",50.962509,3.764582,2023-06-12,"DIGITAF_BIODIVERSITY_FLEMISH_TREEROWS:OCCURRENCE:carabid beetles:Pitfall:Mb1:crtl:2023-06-12:904"
"905","Mb1","crtl","Aleocharinae spec.",1,"","","Pitfall","Marc Vankerckvoorde","Ad",2,"Staphylinidae","Coleoptera","staphylinid beetles",50.962509,3.764582,2023-06-12,"DIGITAF_BIODIVERSITY_FLEMISH_TREEROWS:OCCURRENCE:staphylinid beetles:Pitfall:Mb1:crtl:2023-06-12:905"
"906","Mb1","crtl","Anchomenus dorsalis",2,"M","","Pitfall","Marc Vankerckvoorde","Ad",1,"Carabidae","Coleoptera","carabid beetles",50.962509,3.764582,2023-06-12,"DIGITAF_BIODIVERSITY_FLEMISH_TREEROWS:OCCURRENCE:carabid beetles:Pitfall:Mb1:crtl:2023-06-12:906"
"907","Mb1","crtl","Tiso vagans",1,"F","","Pitfall","Johan Van Keer","Ad",1,"Linyphiidae","Araneae","spiders",50.962509,3.764582,2023-06-12,"DIGITAF_BIODIVERSITY_FLEMISH_TREEROWS:OCCURRENCE:spiders:Pitfall:Mb1:crtl:2023-06-12:907"
"908","Mb1","crtl","Tenuiphantes tenuis",1,"F","","Pitfall","Johan Van Keer","Ad",2,"Linyphiidae","Araneae","spiders",50.962509,3.764582,2023-06-12,"DIGITAF_BIODIVERSITY_FLEMISH_TREEROWS:OCCURRENCE:spiders:Pitfall:Mb1:crtl:2023-06-12:908"
"909","Mb1","crtl","Pardosa pullata",2,"F","","Pitfall","Johan Van Keer","Ad",6,"Lycosidae","Araneae","spiders",50.962509,3.764582,2023-06-12,"DIGITAF_BIODIVERSITY_FLEMISH_TREEROWS:OCCURRENCE:spiders:Pitfall:Mb1:crtl:2023-06-12:909"
"910","Mb1","crtl","Philonthus carbonarius",2,"","","Pitfall","Marc Vankerckvoorde","Ad",2,"Staphylinidae","Coleoptera","staphylinid beetles",50.962509,3.764582,2023-06-12,"DIGITAF_BIODIVERSITY_FLEMISH_TREEROWS:OCCURRENCE:staphylinid beetles:Pitfall:Mb1:crtl:2023-06-12:910"
"911","Mb1","crtl","Philonthus carbonarius",1,"","","Pitfall","Marc Vankerckvoorde","Ad",1,"Staphylinidae","Coleoptera","staphylinid beetles",50.962509,3.764582,2023-06-12,"DIGITAF_BIODIVERSITY_FLEMISH_TREEROWS:OCCURRENCE:staphylinid beetles:Pitfall:Mb1:crtl:2023-06-12:911"
"912","Mb1","crtl","Myrmica scabrinodis",1,"F","","Pitfall","Wouter Dekoninck","Ad",2,"Formicidae","Hymenoptera","ants",50.962509,3.764582,2023-06-12,"DIGITAF_BIODIVERSITY_FLEMISH_TREEROWS:OCCURRENCE:ants:Pitfall:Mb1:crtl:2023-06-12:912"
"913","Mb1","crtl","Tenuiphantes tenuis",2,"F","","Pitfall","Johan Van Keer","Ad",1,"Linyphiidae","Araneae","spiders",50.962509,3.764582,2023-06-12,"DIGITAF_BIODIVERSITY_FLEMISH_TREEROWS:OCCURRENCE:spiders:Pitfall:Mb1:crtl:2023-06-12:913"
"914","Mb1","crtl","Pterostichus vernalis",1,"F","","Pitfall","Marc Vankerckvoorde","Ad",1,"Carabidae","Coleoptera","carabid beetles",50.962509,3.764582,2023-06-12,"DIGITAF_BIODIVERSITY_FLEMISH_TREEROWS:OCCURRENCE:carabid beetles:Pitfall:Mb1:crtl:2023-06-12:914"
"915","Mb1","crtl","Agonum muelleri",2,"F","","Pitfall","Marc Vankerckvoorde","Ad",1,"Carabidae","Coleoptera","carabid beetles",50.962509,3.764582,2023-06-12,"DIGITAF_BIODIVERSITY_FLEMISH_TREEROWS:OCCURRENCE:carabid beetles:Pitfall:Mb1:crtl:2023-06-12:915"
"916","Mb1","crtl","Pardosa tenuipes",1,"F","","Pitfall","Johan Van Keer","Ad",2,"Lycosidae","Araneae","spiders",50.962509,3.764582,2023-06-12,"DIGITAF_BIODIVERSITY_FLEMISH_TREEROWS:OCCURRENCE:spiders:Pitfall:Mb1:crtl:2023-06-12:916"
"917","Mb1","crtl","Drassyllus pusillus",2,"M","","Pitfall","Johan Van Keer","Ad",1,"Gnaphosidae","Araneae","spiders",50.962509,3.764582,2023-06-12,"DIGITAF_BIODIVERSITY_FLEMISH_TREEROWS:OCCURRENCE:spiders:Pitfall:Mb1:crtl:2023-06-12:917"
"918","Mb1","crtl","Arctosa leopardus",2,"M","","Pitfall","Johan Van Keer","Ad",1,"Lycosidae","Araneae","spiders",50.962509,3.764582,2023-06-12,"DIGITAF_BIODIVERSITY_FLEMISH_TREEROWS:OCCURRENCE:spiders:Pitfall:Mb1:crtl:2023-06-12:918"
"919","Mb1","crtl","Arctosa leopardus",1,"M","","Pitfall","Johan Van Keer","Ad",1,"Lycosidae","Araneae","spiders",50.962509,3.764582,2023-06-12,"DIGITAF_BIODIVERSITY_FLEMISH_TREEROWS:OCCURRENCE:spiders:Pitfall:Mb1:crtl:2023-06-12:919"
"920","Mb1","crtl","Diachromus germanus",1,"F","","Pitfall","Marc Vankerckvoorde","Ad",2,"Carabidae","Coleoptera","carabid beetles",50.962509,3.764582,2023-06-12,"DIGITAF_BIODIVERSITY_FLEMISH_TREEROWS:OCCURRENCE:carabid beetles:Pitfall:Mb1:crtl:2023-06-12:920"
"921","Mb1","crtl","Pachygnatha degeeri",2,"M","","Pitfall","Johan Van Keer","Ad",1,"Tetragnathidae","Araneae","spiders",50.962509,3.764582,2023-06-12,"DIGITAF_BIODIVERSITY_FLEMISH_TREEROWS:OCCURRENCE:spiders:Pitfall:Mb1:crtl:2023-06-12:921"
"922","Mb1","crtl","Xantholinus longiventris",2,"","","Pitfall","Marc Vankerckvoorde","Ad",1,"Staphylinidae","Coleoptera","staphylinid beetles",50.962509,3.764582,2023-06-12,"DIGITAF_BIODIVERSITY_FLEMISH_TREEROWS:OCCURRENCE:staphylinid beetles:Pitfall:Mb1:crtl:2023-06-12:922"
"923","Mb1","crtl","Pardosa tenuipes",1,"M","","Pitfall","Johan Van Keer","Ad",1,"Lycosidae","Araneae","spiders",50.962509,3.764582,2023-06-12,"DIGITAF_BIODIVERSITY_FLEMISH_TREEROWS:OCCURRENCE:spiders:Pitfall:Mb1:crtl:2023-06-12:923"
"924","Mb1","crtl","Poecilus cupreus",2,"F","","Pitfall","Marc Vankerckvoorde","Ad",1,"Carabidae","Coleoptera","carabid beetles",50.962509,3.764582,2023-06-12,"DIGITAF_BIODIVERSITY_FLEMISH_TREEROWS:OCCURRENCE:carabid beetles:Pitfall:Mb1:crtl:2023-06-12:924"
"925","Mb1","crtl","Myrmica rubra",2,"F","","Pitfall","Wouter Dekoninck","Ad",5,"Formicidae","Hymenoptera","ants",50.962509,3.764582,2023-06-12,"DIGITAF_BIODIVERSITY_FLEMISH_TREEROWS:OCCURRENCE:ants:Pitfall:Mb1:crtl:2023-06-12:925"
"926","Mb1","crtl","Anchomenus dorsalis",2,"F","","Pitfall","Marc Vankerckvoorde","Ad",1,"Carabidae","Coleoptera","carabid beetles",50.962509,3.764582,2023-06-12,"DIGITAF_BIODIVERSITY_FLEMISH_TREEROWS:OCCURRENCE:carabid beetles:Pitfall:Mb1:crtl:2023-06-12:926"
"927","Mb1","crtl","Philonthus cognatus",2,"","","Pitfall","Marc Vankerckvoorde","Ad",1,"Staphylinidae","Coleoptera","staphylinid beetles",50.962509,3.764582,2023-06-12,"DIGITAF_BIODIVERSITY_FLEMISH_TREEROWS:OCCURRENCE:staphylinid beetles:Pitfall:Mb1:crtl:2023-06-12:927"
"928","Mb1","crtl","Drassyllus pusillus",1,"M","","Pitfall","Johan Van Keer","Ad",2,"Gnaphosidae","Araneae","spiders",50.962509,3.764582,2023-06-12,"DIGITAF_BIODIVERSITY_FLEMISH_TREEROWS:OCCURRENCE:spiders:Pitfall:Mb1:crtl:2023-06-12:928"
"929","Mb1","crtl","Pardosa pullata",2,"M","","Pitfall","Johan Van Keer","Ad",4,"Lycosidae","Araneae","spiders",50.962509,3.764582,2023-06-12,"DIGITAF_BIODIVERSITY_FLEMISH_TREEROWS:OCCURRENCE:spiders:Pitfall:Mb1:crtl:2023-06-12:929"
"930","Mb1","crtl","Gabrius breviventer",1,"M","","Pitfall","Marc Vankerckvoorde","Ad",1,"Staphylinidae","Coleoptera","staphylinid beetles",50.962509,3.764582,2023-06-12,"DIGITAF_BIODIVERSITY_FLEMISH_TREEROWS:OCCURRENCE:staphylinid beetles:Pitfall:Mb1:crtl:2023-06-12:930"
"931","Mb1","crtl","Poecilus cupreus",1,"F","","Pitfall","Marc Vankerckvoorde","Ad",1,"Carabidae","Coleoptera","carabid beetles",50.962509,3.764582,2023-06-12,"DIGITAF_BIODIVERSITY_FLEMISH_TREEROWS:OCCURRENCE:carabid beetles:Pitfall:Mb1:crtl:2023-06-12:931"
"932","Mb1","crtl","Bolitobius castaneus",1,"","","Pitfall","Marc Vankerckvoorde","Ad",1,"Staphylinidae","Coleoptera","staphylinid beetles",50.962509,3.764582,2023-06-12,"DIGITAF_BIODIVERSITY_FLEMISH_TREEROWS:OCCURRENCE:staphylinid beetles:Pitfall:Mb1:crtl:2023-06-12:932"
"933","Mb1","crtl","Nebria brevicollis",2,"M","","Pitfall","Marc Vankerckvoorde","Ad",1,"Carabidae","Coleoptera","carabid beetles",50.962509,3.764582,2023-06-12,"DIGITAF_BIODIVERSITY_FLEMISH_TREEROWS:OCCURRENCE:carabid beetles:Pitfall:Mb1:crtl:2023-06-12:933"
"934","Mb1","crtl","Philoscia muscorum",2,"","","Pitfall","Pallieter De Smedt","Ad",5,"Philosciidae","Isopoda","woodlice",50.962509,3.764582,2023-06-12,"DIGITAF_BIODIVERSITY_FLEMISH_TREEROWS:OCCURRENCE:woodlice:Pitfall:Mb1:crtl:2023-06-12:934"
"935","Mb1","crtl","Pocadicnemis juncea",1,"M","","Pitfall","Johan Van Keer","Ad",1,"Linyphiidae","Araneae","spiders",50.962509,3.764582,2023-06-12,"DIGITAF_BIODIVERSITY_FLEMISH_TREEROWS:OCCURRENCE:spiders:Pitfall:Mb1:crtl:2023-06-12:935"
"936","Mb1","crtl","Piratula hygrophila",2,"F","","Pitfall","Johan Van Keer","Ad",1,"Lycosidae","Araneae","spiders",50.962509,3.764582,2023-06-12,"DIGITAF_BIODIVERSITY_FLEMISH_TREEROWS:OCCURRENCE:spiders:Pitfall:Mb1:crtl:2023-06-12:936"
"937","Mb1","crtl","Anotylus insecatus",2,"","","Pitfall","Marc Vankerckvoorde","Ad",1,"Staphylinidae","Coleoptera","staphylinid beetles",50.962509,3.764582,2023-06-12,"DIGITAF_BIODIVERSITY_FLEMISH_TREEROWS:OCCURRENCE:staphylinid beetles:Pitfall:Mb1:crtl:2023-06-12:937"
"938","Mb1","crtl","Harpalus affinis",1,"M","","Pitfall","Marc Vankerckvoorde","Ad",1,"Carabidae","Coleoptera","carabid beetles",50.962509,3.764582,2023-06-12,"DIGITAF_BIODIVERSITY_FLEMISH_TREEROWS:OCCURRENCE:carabid beetles:Pitfall:Mb1:crtl:2023-06-12:938"
"939","Mb1","crtl","Philonthus cognatus",1,"","","Pitfall","Marc Vankerckvoorde","Ad",1,"Staphylinidae","Coleoptera","staphylinid beetles",50.962509,3.764582,2023-06-12,"DIGITAF_BIODIVERSITY_FLEMISH_TREEROWS:OCCURRENCE:staphylinid beetles:Pitfall:Mb1:crtl:2023-06-12:939"
"940","Mb1","crtl","Anisodactylus binotatus",1,"F","","Pitfall","Marc Vankerckvoorde","Ad",1,"Carabidae","Coleoptera","carabid beetles",50.962509,3.764582,2023-06-12,"DIGITAF_BIODIVERSITY_FLEMISH_TREEROWS:OCCURRENCE:carabid beetles:Pitfall:Mb1:crtl:2023-06-12:940"
"941","Mb1","crtl","Trachyzelotes pedestris",2,"M","","Pitfall","Johan Van Keer","Ad",1,"Gnaphosidae","Araneae","spiders",50.962509,3.764582,2023-06-12,"DIGITAF_BIODIVERSITY_FLEMISH_TREEROWS:OCCURRENCE:spiders:Pitfall:Mb1:crtl:2023-06-12:941"
"942","Mb1","crtl","Tenuiphantes tenuis",1,"M","","Pitfall","Johan Van Keer","Ad",1,"Linyphiidae","Araneae","spiders",50.962509,3.764582,2023-06-12,"DIGITAF_BIODIVERSITY_FLEMISH_TREEROWS:OCCURRENCE:spiders:Pitfall:Mb1:crtl:2023-06-12:942"
"943","Mb1","crtl","Piratula latitans",2,"F","","Pitfall","Johan Van Keer","Ad",1,"Lycosidae","Araneae","spiders",50.962509,3.764582,2023-06-12,"DIGITAF_BIODIVERSITY_FLEMISH_TREEROWS:OCCURRENCE:spiders:Pitfall:Mb1:crtl:2023-06-12:943"
"944","Mb1","crtl","Philoscia muscorum",1,"","","Pitfall","Pallieter De Smedt","Ad",3,"Philosciidae","Isopoda","woodlice",50.962509,3.764582,2023-06-12,"DIGITAF_BIODIVERSITY_FLEMISH_TREEROWS:OCCURRENCE:woodlice:Pitfall:Mb1:crtl:2023-06-12:944"
"945","Mb1","crtl","Lasius niger",2,"F","","Pitfall","Wouter Dekoninck","Ad",20,"Formicidae","Hymenoptera","ants",50.962509,3.764582,2023-06-12,"DIGITAF_BIODIVERSITY_FLEMISH_TREEROWS:OCCURRENCE:ants:Pitfall:Mb1:crtl:2023-06-12:945"
"946","Mb1","crtl","Poecilus versicolor",2,"M","","Pitfall","Marc Vankerckvoorde","Ad",3,"Carabidae","Coleoptera","carabid beetles",50.962509,3.764582,2023-06-12,"DIGITAF_BIODIVERSITY_FLEMISH_TREEROWS:OCCURRENCE:carabid beetles:Pitfall:Mb1:crtl:2023-06-12:946"
"947","Mb1","crtl","Diachromus germanus",1,"M","","Pitfall","Marc Vankerckvoorde","Ad",2,"Carabidae","Coleoptera","carabid beetles",50.962509,3.764582,2023-06-12,"DIGITAF_BIODIVERSITY_FLEMISH_TREEROWS:OCCURRENCE:carabid beetles:Pitfall:Mb1:crtl:2023-06-12:947"
"948","Mb1","crtl","Poecilus cupreus",1,"M","","Pitfall","Marc Vankerckvoorde","Ad",1,"Carabidae","Coleoptera","carabid beetles",50.962509,3.764582,2023-06-12,"DIGITAF_BIODIVERSITY_FLEMISH_TREEROWS:OCCURRENCE:carabid beetles:Pitfall:Mb1:crtl:2023-06-12:948"
"949","Mb1","crtl","Diachromus germanus",2,"F","","Pitfall","Marc Vankerckvoorde","Ad",3,"Carabidae","Coleoptera","carabid beetles",50.962509,3.764582,2023-06-12,"DIGITAF_BIODIVERSITY_FLEMISH_TREEROWS:OCCURRENCE:carabid beetles:Pitfall:Mb1:crtl:2023-06-12:949"
"950","Mb1","crtl","Poecilus versicolor",1,"M","","Pitfall","Marc Vankerckvoorde","Ad",4,"Carabidae","Coleoptera","carabid beetles",50.962509,3.764582,2023-06-12,"DIGITAF_BIODIVERSITY_FLEMISH_TREEROWS:OCCURRENCE:carabid beetles:Pitfall:Mb1:crtl:2023-06-12:950"
"951","Mb1","crtl","Pterostichus niger",2,"M","","Pitfall","Marc Vankerckvoorde","Ad",1,"Carabidae","Coleoptera","carabid beetles",50.962509,3.764582,2023-06-12,"DIGITAF_BIODIVERSITY_FLEMISH_TREEROWS:OCCURRENCE:carabid beetles:Pitfall:Mb1:crtl:2023-06-12:951"
"952","Mb1","crtl","Trachyzelotes pedestris",1,"F","","Pitfall","Johan Van Keer","Ad",1,"Gnaphosidae","Araneae","spiders",50.962509,3.764582,2023-06-12,"DIGITAF_BIODIVERSITY_FLEMISH_TREEROWS:OCCURRENCE:spiders:Pitfall:Mb1:crtl:2023-06-12:952"
"953","Mb1","crtl","Bembidion tetracolum",1,"F","","Pitfall","Marc Vankerckvoorde","Ad",1,"Carabidae","Coleoptera","carabid beetles",50.962509,3.764582,2023-06-12,"DIGITAF_BIODIVERSITY_FLEMISH_TREEROWS:OCCURRENCE:carabid beetles:Pitfall:Mb1:crtl:2023-06-12:953"
"954","Mb1","crtl","Aleocharinae spec.",2,"","","Pitfall","Marc Vankerckvoorde","Ad",1,"Staphylinidae","Coleoptera","staphylinid beetles",50.962509,3.764582,2023-06-12,"DIGITAF_BIODIVERSITY_FLEMISH_TREEROWS:OCCURRENCE:staphylinid beetles:Pitfall:Mb1:crtl:2023-06-12:954"
"955","Mb1","crtl","Piratula latitans",2,"M","","Pitfall","Johan Van Keer","Ad",1,"Lycosidae","Araneae","spiders",50.962509,3.764582,2023-06-12,"DIGITAF_BIODIVERSITY_FLEMISH_TREEROWS:OCCURRENCE:spiders:Pitfall:Mb1:crtl:2023-06-12:955"
"956","Mb1","crtl","Clivina fossor",2,"M","","Pitfall","Marc Vankerckvoorde","Ad",1,"Carabidae","Coleoptera","carabid beetles",50.962509,3.764582,2023-06-12,"DIGITAF_BIODIVERSITY_FLEMISH_TREEROWS:OCCURRENCE:carabid beetles:Pitfall:Mb1:crtl:2023-06-12:956"
"957","Mb1","crtl","Piratula latitans",1,"M","","Pitfall","Johan Van Keer","Ad",2,"Lycosidae","Araneae","spiders",50.962509,3.764582,2023-06-12,"DIGITAF_BIODIVERSITY_FLEMISH_TREEROWS:OCCURRENCE:spiders:Pitfall:Mb1:crtl:2023-06-12:957"
"958","Mb1","crtl","Phrurolithus festivus",1,"M","","Pitfall","Johan Van Keer","Ad",1,"Phrurolithidae","Araneae","spiders",50.962509,3.764582,2023-06-12,"DIGITAF_BIODIVERSITY_FLEMISH_TREEROWS:OCCURRENCE:spiders:Pitfall:Mb1:crtl:2023-06-12:958"
"959","Mb1","crtl","Anisodactylus binotatus",2,"M","","Pitfall","Marc Vankerckvoorde","Ad",1,"Carabidae","Coleoptera","carabid beetles",50.962509,3.764582,2023-06-12,"DIGITAF_BIODIVERSITY_FLEMISH_TREEROWS:OCCURRENCE:carabid beetles:Pitfall:Mb1:crtl:2023-06-12:959"
"960","Mb1","crtl","Harpalus rufipes",1,"M","","Pitfall","Marc Vankerckvoorde","Ad",1,"Carabidae","Coleoptera","carabid beetles",50.962509,3.764582,2023-06-12,"DIGITAF_BIODIVERSITY_FLEMISH_TREEROWS:OCCURRENCE:carabid beetles:Pitfall:Mb1:crtl:2023-06-12:960"
"961","Mb1","crtl","Asaphidion stierlini",1,"F","","Pitfall","Marc Vankerckvoorde","Ad",1,"Carabidae","Coleoptera","carabid beetles",50.962509,3.764582,2023-06-12,"DIGITAF_BIODIVERSITY_FLEMISH_TREEROWS:OCCURRENCE:carabid beetles:Pitfall:Mb1:crtl:2023-06-12:961"
"962","Mb1","crtl","Bembidion tetracolum",2,"","","Pitfall","Marc Vankerckvoorde","Ad",1,"Carabidae","Coleoptera","carabid beetles",50.962509,3.764582,2023-06-12,"DIGITAF_BIODIVERSITY_FLEMISH_TREEROWS:OCCURRENCE:carabid beetles:Pitfall:Mb1:crtl:2023-06-12:962"
"963","Mb1","crtl","Lasius niger",1,"F","","Pitfall","Wouter Dekoninck","Ad",29,"Formicidae","Hymenoptera","ants",50.962509,3.764582,2023-06-12,"DIGITAF_BIODIVERSITY_FLEMISH_TREEROWS:OCCURRENCE:ants:Pitfall:Mb1:crtl:2023-06-12:963"
"964","Mb1","crtl","Trachyzelotes pedestris",1,"M","","Pitfall","Johan Van Keer","Ad",1,"Gnaphosidae","Araneae","spiders",50.962509,3.764582,2023-06-12,"DIGITAF_BIODIVERSITY_FLEMISH_TREEROWS:OCCURRENCE:spiders:Pitfall:Mb1:crtl:2023-06-12:964"
"965","Mb1","tree","Nebria brevicollis",1,"F","","Pitfall","Marc Vankerckvoorde","Ad",1,"Carabidae","Coleoptera","carabid beetles",50.96162,3.764554,2023-06-12,"DIGITAF_BIODIVERSITY_FLEMISH_TREEROWS:OCCURRENCE:carabid beetles:Pitfall:Mb1:tree:2023-06-12:965"
"966","Mb1","tree","Aleocharinae spec.",1,"","","Pitfall","Marc Vankerckvoorde","Ad",4,"Staphylinidae","Coleoptera","staphylinid beetles",50.96162,3.764554,2023-06-12,"DIGITAF_BIODIVERSITY_FLEMISH_TREEROWS:OCCURRENCE:staphylinid beetles:Pitfall:Mb1:tree:2023-06-12:966"
"967","Mb1","tree","Pachygnatha degeeri",2,"F","","Pitfall","Johan Van Keer","Ad",1,"Tetragnathidae","Araneae","spiders",50.96162,3.764554,2023-06-12,"DIGITAF_BIODIVERSITY_FLEMISH_TREEROWS:OCCURRENCE:spiders:Pitfall:Mb1:tree:2023-06-12:967"
"968","Mb1","tree","Pachygnatha degeeri",1,"F","","Pitfall","Johan Van Keer","Ad",1,"Tetragnathidae","Araneae","spiders",50.96162,3.764554,2023-06-12,"DIGITAF_BIODIVERSITY_FLEMISH_TREEROWS:OCCURRENCE:spiders:Pitfall:Mb1:tree:2023-06-12:968"
"969","Mb1","tree","Philoscia muscorum",2,"","","Pitfall","Pallieter De Smedt","Ad",1,"Philosciidae","Isopoda","woodlice",50.96162,3.764554,2023-06-12,"DIGITAF_BIODIVERSITY_FLEMISH_TREEROWS:OCCURRENCE:woodlice:Pitfall:Mb1:tree:2023-06-12:969"
"970","Mb1","tree","Myrmica scabrinodis",1,"F","","Pitfall","Wouter Dekoninck","Ad",1,"Formicidae","Hymenoptera","ants",50.96162,3.764554,2023-06-12,"DIGITAF_BIODIVERSITY_FLEMISH_TREEROWS:OCCURRENCE:ants:Pitfall:Mb1:tree:2023-06-12:970"
"971","Mb1","tree","Porcellio scaber",1,"","","Pitfall","Pallieter De Smedt","Ad",1,"Porcellionidae","Isopoda","woodlice",50.96162,3.764554,2023-06-12,"DIGITAF_BIODIVERSITY_FLEMISH_TREEROWS:OCCURRENCE:woodlice:Pitfall:Mb1:tree:2023-06-12:971"
"972","Mb1","tree","Lasius niger",1,"F","","Pitfall","Wouter Dekoninck","Ad",2,"Formicidae","Hymenoptera","ants",50.96162,3.764554,2023-06-12,"DIGITAF_BIODIVERSITY_FLEMISH_TREEROWS:OCCURRENCE:ants:Pitfall:Mb1:tree:2023-06-12:972"
"973","Mb1","tree","Parophonus maculicornis",1,"F","","Pitfall","Marc Vankerckvoorde","Ad",1,"Carabidae","Coleoptera","carabid beetles",50.96162,3.764554,2023-06-12,"DIGITAF_BIODIVERSITY_FLEMISH_TREEROWS:OCCURRENCE:carabid beetles:Pitfall:Mb1:tree:2023-06-12:973"
"974","Mb1","tree","Enoplognatha thoracica",1,"M","","Pitfall","Johan Van Keer","Ad",1,"Theridiidae","Araneae","spiders",50.96162,3.764554,2023-06-12,"DIGITAF_BIODIVERSITY_FLEMISH_TREEROWS:OCCURRENCE:spiders:Pitfall:Mb1:tree:2023-06-12:974"
"975","Mb1","tree","Tenuiphantes tenuis",1,"F","","Pitfall","Johan Van Keer","Ad",1,"Linyphiidae","Araneae","spiders",50.96162,3.764554,2023-06-12,"DIGITAF_BIODIVERSITY_FLEMISH_TREEROWS:OCCURRENCE:spiders:Pitfall:Mb1:tree:2023-06-12:975"
"976","Mb1","tree","Lasius niger",2,"F","","Pitfall","Wouter Dekoninck","Ad",2,"Formicidae","Hymenoptera","ants",50.96162,3.764554,2023-06-12,"DIGITAF_BIODIVERSITY_FLEMISH_TREEROWS:OCCURRENCE:ants:Pitfall:Mb1:tree:2023-06-12:976"
"977","Mb1","tree","Robertus lividus",1,"F","","Pitfall","Johan Van Keer","Ad",1,"Theridiidae","Araneae","spiders",50.96162,3.764554,2023-06-12,"DIGITAF_BIODIVERSITY_FLEMISH_TREEROWS:OCCURRENCE:spiders:Pitfall:Mb1:tree:2023-06-12:977"
"978","Mb1","tree","Syntomus foveatus",1,"M","","Pitfall","Marc Vankerckvoorde","Ad",1,"Carabidae","Coleoptera","carabid beetles",50.96162,3.764554,2023-06-12,"DIGITAF_BIODIVERSITY_FLEMISH_TREEROWS:OCCURRENCE:carabid beetles:Pitfall:Mb1:tree:2023-06-12:978"
"979","Mb1","tree","Myrmica ruginodis",1,"F","","Pitfall","Wouter Dekoninck","Ad",1,"Formicidae","Hymenoptera","ants",50.96162,3.764554,2023-06-12,"DIGITAF_BIODIVERSITY_FLEMISH_TREEROWS:OCCURRENCE:ants:Pitfall:Mb1:tree:2023-06-12:979"
"980","Mb1","tree","Alopecosa pulverulenta",1,"M","","Pitfall","Johan Van Keer","Ad",1,"Lycosidae","Araneae","spiders",50.96162,3.764554,2023-06-12,"DIGITAF_BIODIVERSITY_FLEMISH_TREEROWS:OCCURRENCE:spiders:Pitfall:Mb1:tree:2023-06-12:980"
"981","Mb1","tree","Philoscia muscorum",1,"","","Pitfall","Pallieter De Smedt","Ad",2,"Philosciidae","Isopoda","woodlice",50.96162,3.764554,2023-06-12,"DIGITAF_BIODIVERSITY_FLEMISH_TREEROWS:OCCURRENCE:woodlice:Pitfall:Mb1:tree:2023-06-12:981"
"982","Mb1","tree","Pterostichus strenuus",1,"M","","Pitfall","Marc Vankerckvoorde","Ad",1,"Carabidae","Coleoptera","carabid beetles",50.96162,3.764554,2023-06-12,"DIGITAF_BIODIVERSITY_FLEMISH_TREEROWS:OCCURRENCE:carabid beetles:Pitfall:Mb1:tree:2023-06-12:982"
"983","Mb1","tree","Myrmica specioides",1,"F","","Pitfall","Wouter Dekoninck","Ad",1,"Formicidae","Hymenoptera","ants",50.96162,3.764554,2023-06-12,"DIGITAF_BIODIVERSITY_FLEMISH_TREEROWS:OCCURRENCE:ants:Pitfall:Mb1:tree:2023-06-12:983"
"984","Mb1","tree","Enoplognatha thoracica",1,"F","","Pitfall","Johan Van Keer","Ad",2,"Theridiidae","Araneae","spiders",50.96162,3.764554,2023-06-12,"DIGITAF_BIODIVERSITY_FLEMISH_TREEROWS:OCCURRENCE:spiders:Pitfall:Mb1:tree:2023-06-12:984"
"985","Mb1","tree","Poecilus versicolor",2,"M","","Pitfall","Marc Vankerckvoorde","Ad",1,"Carabidae","Coleoptera","carabid beetles",50.96162,3.764554,2023-06-12,"DIGITAF_BIODIVERSITY_FLEMISH_TREEROWS:OCCURRENCE:carabid beetles:Pitfall:Mb1:tree:2023-06-12:985"
"986","Mb1","tree","Poecilus versicolor",1,"F","","Pitfall","Marc Vankerckvoorde","Ad",3,"Carabidae","Coleoptera","carabid beetles",50.96162,3.764554,2023-06-12,"DIGITAF_BIODIVERSITY_FLEMISH_TREEROWS:OCCURRENCE:carabid beetles:Pitfall:Mb1:tree:2023-06-12:986"
"987","Mb1","tree","Myrmica specioides",2,"F","","Pitfall","Wouter Dekoninck","Ad",1,"Formicidae","Hymenoptera","ants",50.96162,3.764554,2023-06-12,"DIGITAF_BIODIVERSITY_FLEMISH_TREEROWS:OCCURRENCE:ants:Pitfall:Mb1:tree:2023-06-12:987"
"988","Mb1","tree","Poecilus versicolor",1,"M","","Pitfall","Marc Vankerckvoorde","Ad",5,"Carabidae","Coleoptera","carabid beetles",50.96162,3.764554,2023-06-12,"DIGITAF_BIODIVERSITY_FLEMISH_TREEROWS:OCCURRENCE:carabid beetles:Pitfall:Mb1:tree:2023-06-12:988"
"989","Me","crop","Pardosa palustris",2,"M","","Pitfall","Johan Van Keer","Ad",2,"Lycosidae","Araneae","spiders",50.98959,3.828819,2023-06-12,"DIGITAF_BIODIVERSITY_FLEMISH_TREEROWS:OCCURRENCE:spiders:Pitfall:Me:crop:2023-06-12:989"
"990","Me","crop","Pardosa amentata",2,"M","","Pitfall","Johan Van Keer","Ad",1,"Lycosidae","Araneae","spiders",50.98959,3.828819,2023-06-12,"DIGITAF_BIODIVERSITY_FLEMISH_TREEROWS:OCCURRENCE:spiders:Pitfall:Me:crop:2023-06-12:990"
"991","Me","crop","Erigone dentipalpis",2,"M","","Pitfall","Léon Baert","Ad",3,"Linyphiidae","Araneae","spiders",50.98959,3.828819,2023-06-12,"DIGITAF_BIODIVERSITY_FLEMISH_TREEROWS:OCCURRENCE:spiders:Pitfall:Me:crop:2023-06-12:991"
"992","Me","crop","Myrmica rubra",2,"F","","Pitfall","Wouter Dekoninck","Ad",1,"Formicidae","Hymenoptera","ants",50.98959,3.828819,2023-06-12,"DIGITAF_BIODIVERSITY_FLEMISH_TREEROWS:OCCURRENCE:ants:Pitfall:Me:crop:2023-06-12:992"
"993","Me","crop","Pardosa amentata",1,"F","","Pitfall","Johan Van Keer","Ad",1,"Lycosidae","Araneae","spiders",50.98959,3.828819,2023-06-12,"DIGITAF_BIODIVERSITY_FLEMISH_TREEROWS:OCCURRENCE:spiders:Pitfall:Me:crop:2023-06-12:993"
"994","Me","crop","Poecilus cupreus",2,"M","","Pitfall","Marc Vankerckvoorde","Ad",5,"Carabidae","Coleoptera","carabid beetles",50.98959,3.828819,2023-06-12,"DIGITAF_BIODIVERSITY_FLEMISH_TREEROWS:OCCURRENCE:carabid beetles:Pitfall:Me:crop:2023-06-12:994"
"995","Me","crop","Pardosa palustris",1,"M","","Pitfall","Johan Van Keer","Ad",4,"Lycosidae","Araneae","spiders",50.98959,3.828819,2023-06-12,"DIGITAF_BIODIVERSITY_FLEMISH_TREEROWS:OCCURRENCE:spiders:Pitfall:Me:crop:2023-06-12:995"
"996","Me","crop","Poecilus cupreus",1,"F","","Pitfall","Marc Vankerckvoorde","Ad",4,"Carabidae","Coleoptera","carabid beetles",50.98959,3.828819,2023-06-12,"DIGITAF_BIODIVERSITY_FLEMISH_TREEROWS:OCCURRENCE:carabid beetles:Pitfall:Me:crop:2023-06-12:996"
"997","Me","crop","Oedothorax apicatus",1,"M","","Pitfall","Johan Van Keer","Ad",1,"Linyphiidae","Araneae","spiders",50.98959,3.828819,2023-06-12,"DIGITAF_BIODIVERSITY_FLEMISH_TREEROWS:OCCURRENCE:spiders:Pitfall:Me:crop:2023-06-12:997"
"998","Me","crop","Loricera pilicornis",1,"M","","Pitfall","Marc Vankerckvoorde","Ad",1,"Carabidae","Coleoptera","carabid beetles",50.98959,3.828819,2023-06-12,"DIGITAF_BIODIVERSITY_FLEMISH_TREEROWS:OCCURRENCE:carabid beetles:Pitfall:Me:crop:2023-06-12:998"
"999","Me","crop","Notiophilus substriatus",1,"M","","Pitfall","Marc Vankerckvoorde","Ad",1,"Carabidae","Coleoptera","carabid beetles",50.98959,3.828819,2023-06-12,"DIGITAF_BIODIVERSITY_FLEMISH_TREEROWS:OCCURRENCE:carabid beetles:Pitfall:Me:crop:2023-06-12:999"
"1000","Me","crop","Oedothorax apicatus",2,"M","","Pitfall","Johan Van Keer","Ad",2,"Linyphiidae","Araneae","spiders",50.98959,3.828819,2023-06-12,"DIGITAF_BIODIVERSITY_FLEMISH_TREEROWS:OCCURRENCE:spiders:Pitfall:Me:crop:2023-06-12:1000"
"1001","Me","crop","Erigone dentipalpis",1,"M","","Pitfall","Johan Van Keer","Ad",14,"Linyphiidae","Araneae","spiders",50.98959,3.828819,2023-06-12,"DIGITAF_BIODIVERSITY_FLEMISH_TREEROWS:OCCURRENCE:spiders:Pitfall:Me:crop:2023-06-12:1001"
"1002","Me","crop","Oedothorax fuscus",2,"M","","Pitfall","Johan Van Keer","Ad",1,"Linyphiidae","Araneae","spiders",50.98959,3.828819,2023-06-12,"DIGITAF_BIODIVERSITY_FLEMISH_TREEROWS:OCCURRENCE:spiders:Pitfall:Me:crop:2023-06-12:1002"
"1003","Me","crop","Erigone dentipalpis",1,"M","","Pitfall","Léon Baert","Ad",5,"Linyphiidae","Araneae","spiders",50.98959,3.828819,2023-06-12,"DIGITAF_BIODIVERSITY_FLEMISH_TREEROWS:OCCURRENCE:spiders:Pitfall:Me:crop:2023-06-12:1003"
"1004","Me","crop","Poecilus cupreus",2,"F","","Pitfall","Marc Vankerckvoorde","Ad",4,"Carabidae","Coleoptera","carabid beetles",50.98959,3.828819,2023-06-12,"DIGITAF_BIODIVERSITY_FLEMISH_TREEROWS:OCCURRENCE:carabid beetles:Pitfall:Me:crop:2023-06-12:1004"
"1005","Me","crop","Pardosa tenuipes",1,"F","","Pitfall","Léon Baert","Ad",1,"Lycosidae","Araneae","spiders",50.98959,3.828819,2023-06-12,"DIGITAF_BIODIVERSITY_FLEMISH_TREEROWS:OCCURRENCE:spiders:Pitfall:Me:crop:2023-06-12:1005"
"1006","Me","crop","Poecilus cupreus",1,"M","","Pitfall","Marc Vankerckvoorde","Ad",10,"Carabidae","Coleoptera","carabid beetles",50.98959,3.828819,2023-06-12,"DIGITAF_BIODIVERSITY_FLEMISH_TREEROWS:OCCURRENCE:carabid beetles:Pitfall:Me:crop:2023-06-12:1006"
"1007","Me","crop","Erigone dentipalpis",2,"M","","Pitfall","Johan Van Keer","Ad",10,"Linyphiidae","Araneae","spiders",50.98959,3.828819,2023-06-12,"DIGITAF_BIODIVERSITY_FLEMISH_TREEROWS:OCCURRENCE:spiders:Pitfall:Me:crop:2023-06-12:1007"
"1008","Me","crop","Collinsia inerrans",1,"F","","Pitfall","Léon Baert","Ad",1,"Linyphiidae","Araneae","spiders",50.98959,3.828819,2023-06-12,"DIGITAF_BIODIVERSITY_FLEMISH_TREEROWS:OCCURRENCE:spiders:Pitfall:Me:crop:2023-06-12:1008"
"1009","Me","crop","Nebria brevicollis",2,"M","","Pitfall","Marc Vankerckvoorde","Ad",1,"Carabidae","Coleoptera","carabid beetles",50.98959,3.828819,2023-06-12,"DIGITAF_BIODIVERSITY_FLEMISH_TREEROWS:OCCURRENCE:carabid beetles:Pitfall:Me:crop:2023-06-12:1009"
"1010","Me","crop","Oedothorax retusus",2,"M","","Pitfall","Johan Van Keer","Ad",1,"Linyphiidae","Araneae","spiders",50.98959,3.828819,2023-06-12,"DIGITAF_BIODIVERSITY_FLEMISH_TREEROWS:OCCURRENCE:spiders:Pitfall:Me:crop:2023-06-12:1010"
"1011","Me","crop","Pardosa tenuipes",1,"F","","Pitfall","Johan Van Keer","Ad",1,"Lycosidae","Araneae","spiders",50.98959,3.828819,2023-06-12,"DIGITAF_BIODIVERSITY_FLEMISH_TREEROWS:OCCURRENCE:spiders:Pitfall:Me:crop:2023-06-12:1011"
"1012","Me","crop","Pardosa tenuipes",1,"M","","Pitfall","Johan Van Keer","Ad",6,"Lycosidae","Araneae","spiders",50.98959,3.828819,2023-06-12,"DIGITAF_BIODIVERSITY_FLEMISH_TREEROWS:OCCURRENCE:spiders:Pitfall:Me:crop:2023-06-12:1012"
"1013","Me","crop","Erigone dentipalpis",1,"F","","Pitfall","Johan Van Keer","Ad",1,"Linyphiidae","Araneae","spiders",50.98959,3.828819,2023-06-12,"DIGITAF_BIODIVERSITY_FLEMISH_TREEROWS:OCCURRENCE:spiders:Pitfall:Me:crop:2023-06-12:1013"
"1014","Me","crop","Xantholinus longiventris",2,"M","","Pitfall","Marc Vankerckvoorde","Ad",2,"Staphylinidae","Coleoptera","staphylinid beetles",50.98959,3.828819,2023-06-12,"DIGITAF_BIODIVERSITY_FLEMISH_TREEROWS:OCCURRENCE:staphylinid beetles:Pitfall:Me:crop:2023-06-12:1014"
"1015","Me","crop","Pardosa tenuipes",2,"F","","Pitfall","Johan Van Keer","Ad",1,"Lycosidae","Araneae","spiders",50.98959,3.828819,2023-06-12,"DIGITAF_BIODIVERSITY_FLEMISH_TREEROWS:OCCURRENCE:spiders:Pitfall:Me:crop:2023-06-12:1015"
"1016","Me","crop","Tachyporus hypnorum",1,"","","Pitfall","Marc Vankerckvoorde","Ad",1,"Staphylinidae","Coleoptera","staphylinid beetles",50.98959,3.828819,2023-06-12,"DIGITAF_BIODIVERSITY_FLEMISH_TREEROWS:OCCURRENCE:staphylinid beetles:Pitfall:Me:crop:2023-06-12:1016"
"1017","Me","crop","Erigone atra",1,"M","","Pitfall","Johan Van Keer","Ad",10,"Linyphiidae","Araneae","spiders",50.98959,3.828819,2023-06-12,"DIGITAF_BIODIVERSITY_FLEMISH_TREEROWS:OCCURRENCE:spiders:Pitfall:Me:crop:2023-06-12:1017"
"1018","Me","crop","Lasius niger",1,"F","","Pitfall","Wouter Dekoninck","Ad",1,"Formicidae","Hymenoptera","ants",50.98959,3.828819,2023-06-12,"DIGITAF_BIODIVERSITY_FLEMISH_TREEROWS:OCCURRENCE:ants:Pitfall:Me:crop:2023-06-12:1018"
"1019","Me","crop","Diplocephalus graecus",1,"M","","Pitfall","Johan Van Keer","Ad",1,"Linyphiidae","Araneae","spiders",50.98959,3.828819,2023-06-12,"DIGITAF_BIODIVERSITY_FLEMISH_TREEROWS:OCCURRENCE:spiders:Pitfall:Me:crop:2023-06-12:1019"
"1020","Me","crop","Oedothorax fuscus",2,"M","","Pitfall","Léon Baert","Ad",1,"Linyphiidae","Araneae","spiders",50.98959,3.828819,2023-06-12,"DIGITAF_BIODIVERSITY_FLEMISH_TREEROWS:OCCURRENCE:spiders:Pitfall:Me:crop:2023-06-12:1020"
"1021","Me","crop","Tenuiphantes flavipes",2,"M","","Pitfall","Léon Baert","Ad",1,"Linyphiidae","Araneae","spiders",50.98959,3.828819,2023-06-12,"DIGITAF_BIODIVERSITY_FLEMISH_TREEROWS:OCCURRENCE:spiders:Pitfall:Me:crop:2023-06-12:1021"
"1022","Me","crop","Diplostyla concolor",2,"F","","Pitfall","Johan Van Keer","Ad",1,"Linyphiidae","Araneae","spiders",50.98959,3.828819,2023-06-12,"DIGITAF_BIODIVERSITY_FLEMISH_TREEROWS:OCCURRENCE:spiders:Pitfall:Me:crop:2023-06-12:1022"
"1023","Me","crop","Erigone atra",2,"F","","Pitfall","Léon Baert","Ad",2,"Linyphiidae","Araneae","spiders",50.98959,3.828819,2023-06-12,"DIGITAF_BIODIVERSITY_FLEMISH_TREEROWS:OCCURRENCE:spiders:Pitfall:Me:crop:2023-06-12:1023"
"1024","Me","crop","Tenuiphantes tenuis",1,"F","","Pitfall","Johan Van Keer","Ad",1,"Linyphiidae","Araneae","spiders",50.98959,3.828819,2023-06-12,"DIGITAF_BIODIVERSITY_FLEMISH_TREEROWS:OCCURRENCE:spiders:Pitfall:Me:crop:2023-06-12:1024"
"1025","Me","crop","Oedothorax fuscus",2,"F","","Pitfall","Johan Van Keer","Ad",2,"Linyphiidae","Araneae","spiders",50.98959,3.828819,2023-06-12,"DIGITAF_BIODIVERSITY_FLEMISH_TREEROWS:OCCURRENCE:spiders:Pitfall:Me:crop:2023-06-12:1025"
"1026","Me","crop","Tenuiphantes tenuis",2,"M","","Pitfall","Johan Van Keer","Ad",3,"Linyphiidae","Araneae","spiders",50.98959,3.828819,2023-06-12,"DIGITAF_BIODIVERSITY_FLEMISH_TREEROWS:OCCURRENCE:spiders:Pitfall:Me:crop:2023-06-12:1026"
"1027","Me","crop","Diplostyla concolor",1,"F","","Pitfall","Johan Van Keer","Ad",2,"Linyphiidae","Araneae","spiders",50.98959,3.828819,2023-06-12,"DIGITAF_BIODIVERSITY_FLEMISH_TREEROWS:OCCURRENCE:spiders:Pitfall:Me:crop:2023-06-12:1027"
"1028","Me","crop","Oedothorax fuscus",2,"F","","Pitfall","Léon Baert","Ad",1,"Linyphiidae","Araneae","spiders",50.98959,3.828819,2023-06-12,"DIGITAF_BIODIVERSITY_FLEMISH_TREEROWS:OCCURRENCE:spiders:Pitfall:Me:crop:2023-06-12:1028"
"1029","Me","crop","Aleocharinae spec.",1,"","","Pitfall","Marc Vankerckvoorde","Ad",2,"Staphylinidae","Coleoptera","staphylinid beetles",50.98959,3.828819,2023-06-12,"DIGITAF_BIODIVERSITY_FLEMISH_TREEROWS:OCCURRENCE:staphylinid beetles:Pitfall:Me:crop:2023-06-12:1029"
"1030","Me","crop","Erigone atra",1,"M","","Pitfall","Léon Baert","Ad",4,"Linyphiidae","Araneae","spiders",50.98959,3.828819,2023-06-12,"DIGITAF_BIODIVERSITY_FLEMISH_TREEROWS:OCCURRENCE:spiders:Pitfall:Me:crop:2023-06-12:1030"
"1031","Me","crop","Trochosa ruricola",1,"M","","Pitfall","Johan Van Keer","Ad",1,"Lycosidae","Araneae","spiders",50.98959,3.828819,2023-06-12,"DIGITAF_BIODIVERSITY_FLEMISH_TREEROWS:OCCURRENCE:spiders:Pitfall:Me:crop:2023-06-12:1031"
"1032","Me","crop","Erigone atra",2,"M","","Pitfall","Johan Van Keer","Ad",4,"Linyphiidae","Araneae","spiders",50.98959,3.828819,2023-06-12,"DIGITAF_BIODIVERSITY_FLEMISH_TREEROWS:OCCURRENCE:spiders:Pitfall:Me:crop:2023-06-12:1032"
"1033","Me","crop","Bembidion lampros",1,"F","","Pitfall","Marc Vankerckvoorde","Ad",1,"Carabidae","Coleoptera","carabid beetles",50.98959,3.828819,2023-06-12,"DIGITAF_BIODIVERSITY_FLEMISH_TREEROWS:OCCURRENCE:carabid beetles:Pitfall:Me:crop:2023-06-12:1033"
"1034","Me","crop","Oedothorax fuscus",1,"F","","Pitfall","Léon Baert","Ad",3,"Linyphiidae","Araneae","spiders",50.98959,3.828819,2023-06-12,"DIGITAF_BIODIVERSITY_FLEMISH_TREEROWS:OCCURRENCE:spiders:Pitfall:Me:crop:2023-06-12:1034"
"1035","Me","crop","Tibellus oblongus",1,"M","","Pitfall","Johan Van Keer","Ad",1,"Philodromidae","Araneae","spiders",50.98959,3.828819,2023-06-12,"DIGITAF_BIODIVERSITY_FLEMISH_TREEROWS:OCCURRENCE:spiders:Pitfall:Me:crop:2023-06-12:1035"
"1036","Me","crop","Trochosa ruricola",2,"M","","Pitfall","Johan Van Keer","Ad",3,"Lycosidae","Araneae","spiders",50.98959,3.828819,2023-06-12,"DIGITAF_BIODIVERSITY_FLEMISH_TREEROWS:OCCURRENCE:spiders:Pitfall:Me:crop:2023-06-12:1036"
"1037","Me","crop","Piratula latitans",1,"M","","Pitfall","Johan Van Keer","Ad",1,"Lycosidae","Araneae","spiders",50.98959,3.828819,2023-06-12,"DIGITAF_BIODIVERSITY_FLEMISH_TREEROWS:OCCURRENCE:spiders:Pitfall:Me:crop:2023-06-12:1037"
"1038","Me","crop","Piratula latitans",1,"M","","Pitfall","Léon Baert","Ad",1,"Lycosidae","Araneae","spiders",50.98959,3.828819,2023-06-12,"DIGITAF_BIODIVERSITY_FLEMISH_TREEROWS:OCCURRENCE:spiders:Pitfall:Me:crop:2023-06-12:1038"
"1039","Me","crop","Oedothorax fuscus",1,"F","","Pitfall","Johan Van Keer","Ad",2,"Linyphiidae","Araneae","spiders",50.98959,3.828819,2023-06-12,"DIGITAF_BIODIVERSITY_FLEMISH_TREEROWS:OCCURRENCE:spiders:Pitfall:Me:crop:2023-06-12:1039"
"1040","Me","crop","Pterostichus anthracinus",1,"F","","Pitfall","Marc Vankerckvoorde","Ad",3,"Carabidae","Coleoptera","carabid beetles",50.98959,3.828819,2023-06-12,"DIGITAF_BIODIVERSITY_FLEMISH_TREEROWS:OCCURRENCE:carabid beetles:Pitfall:Me:crop:2023-06-12:1040"
"1041","Me","crop","Tenuiphantes tenuis",1,"M","","Pitfall","Léon Baert","Ad",1,"Linyphiidae","Araneae","spiders",50.98959,3.828819,2023-06-12,"DIGITAF_BIODIVERSITY_FLEMISH_TREEROWS:OCCURRENCE:spiders:Pitfall:Me:crop:2023-06-12:1041"
"1042","Me","crop","Tenuiphantes tenuis",1,"M","","Pitfall","Johan Van Keer","Ad",3,"Linyphiidae","Araneae","spiders",50.98959,3.828819,2023-06-12,"DIGITAF_BIODIVERSITY_FLEMISH_TREEROWS:OCCURRENCE:spiders:Pitfall:Me:crop:2023-06-12:1042"
"1043","Me","crop","Bembidion tetracolum",2,"F","","Pitfall","Marc Vankerckvoorde","Ad",1,"Carabidae","Coleoptera","carabid beetles",50.98959,3.828819,2023-06-12,"DIGITAF_BIODIVERSITY_FLEMISH_TREEROWS:OCCURRENCE:carabid beetles:Pitfall:Me:crop:2023-06-12:1043"
"1044","Me","crop","Pterostichus anthracinus",2,"","","Pitfall","Marc Vankerckvoorde","Ad",2,"Carabidae","Coleoptera","carabid beetles",50.98959,3.828819,2023-06-12,"DIGITAF_BIODIVERSITY_FLEMISH_TREEROWS:OCCURRENCE:carabid beetles:Pitfall:Me:crop:2023-06-12:1044"
"1045","Me","crop","Philonthus cognatus",2,"","","Pitfall","Marc Vankerckvoorde","Ad",24,"Staphylinidae","Coleoptera","staphylinid beetles",50.98959,3.828819,2023-06-12,"DIGITAF_BIODIVERSITY_FLEMISH_TREEROWS:OCCURRENCE:staphylinid beetles:Pitfall:Me:crop:2023-06-12:1045"
"1046","Me","crop","Armadillidium vulgare",1,"","","Pitfall","Pallieter De Smedt","Ad",1,"Armadillidiidae","Isopoda","woodlice",50.98959,3.828819,2023-06-12,"DIGITAF_BIODIVERSITY_FLEMISH_TREEROWS:OCCURRENCE:woodlice:Pitfall:Me:crop:2023-06-12:1046"
"1047","Me","crop","Philonthus cognatus",1,"","","Pitfall","Marc Vankerckvoorde","Ad",24,"Staphylinidae","Coleoptera","staphylinid beetles",50.98959,3.828819,2023-06-12,"DIGITAF_BIODIVERSITY_FLEMISH_TREEROWS:OCCURRENCE:staphylinid beetles:Pitfall:Me:crop:2023-06-12:1047"
"1048","Me","crop","Prinerigone vagans",1,"M","","Pitfall","Johan Van Keer","Ad",1,"Linyphiidae","Araneae","spiders",50.98959,3.828819,2023-06-12,"DIGITAF_BIODIVERSITY_FLEMISH_TREEROWS:OCCURRENCE:spiders:Pitfall:Me:crop:2023-06-12:1048"
"1049","Me","crop","Pardosa tenuipes",2,"M","","Pitfall","Johan Van Keer","Ad",4,"Lycosidae","Araneae","spiders",50.98959,3.828819,2023-06-12,"DIGITAF_BIODIVERSITY_FLEMISH_TREEROWS:OCCURRENCE:spiders:Pitfall:Me:crop:2023-06-12:1049"
"1050","Me","crop","Oedothorax fuscus",1,"M","","Pitfall","Léon Baert","Ad",2,"Linyphiidae","Araneae","spiders",50.98959,3.828819,2023-06-12,"DIGITAF_BIODIVERSITY_FLEMISH_TREEROWS:OCCURRENCE:spiders:Pitfall:Me:crop:2023-06-12:1050"
"1051","Me","crop","Diplocephalus graecus",1,"M","","Pitfall","Léon Baert","Ad",1,"Linyphiidae","Araneae","spiders",50.98959,3.828819,2023-06-12,"DIGITAF_BIODIVERSITY_FLEMISH_TREEROWS:OCCURRENCE:spiders:Pitfall:Me:crop:2023-06-12:1051"
"1052","Me","crop","Oedothorax fuscus",1,"M","","Pitfall","Johan Van Keer","Ad",2,"Linyphiidae","Araneae","spiders",50.98959,3.828819,2023-06-12,"DIGITAF_BIODIVERSITY_FLEMISH_TREEROWS:OCCURRENCE:spiders:Pitfall:Me:crop:2023-06-12:1052"
"1053","Me","crop","Bembidion tetracolum",1,"F","","Pitfall","Marc Vankerckvoorde","Ad",1,"Carabidae","Coleoptera","carabid beetles",50.98959,3.828819,2023-06-12,"DIGITAF_BIODIVERSITY_FLEMISH_TREEROWS:OCCURRENCE:carabid beetles:Pitfall:Me:crop:2023-06-12:1053"
"1054","Me","crop","Erigone atra",2,"M","","Pitfall","Léon Baert","Ad",2,"Linyphiidae","Araneae","spiders",50.98959,3.828819,2023-06-12,"DIGITAF_BIODIVERSITY_FLEMISH_TREEROWS:OCCURRENCE:spiders:Pitfall:Me:crop:2023-06-12:1054"
"1055","Me","crtl","Harpalus latus",1,"M","","Pitfall","Marc Vankerckvoorde","Ad",1,"Carabidae","Coleoptera","carabid beetles",50.988918,3.828591,2023-06-12,"DIGITAF_BIODIVERSITY_FLEMISH_TREEROWS:OCCURRENCE:carabid beetles:Pitfall:Me:crtl:2023-06-12:1055"
"1056","Me","crtl","Amara similata",1,"F","","Pitfall","Marc Vankerckvoorde","Ad",1,"Carabidae","Coleoptera","carabid beetles",50.988918,3.828591,2023-06-12,"DIGITAF_BIODIVERSITY_FLEMISH_TREEROWS:OCCURRENCE:carabid beetles:Pitfall:Me:crtl:2023-06-12:1056"
"1057","Me","crtl","Philoscia muscorum",2,"","","Pitfall","Pallieter De Smedt","Ad",1,"Philosciidae","Isopoda","woodlice",50.988918,3.828591,2023-06-12,"DIGITAF_BIODIVERSITY_FLEMISH_TREEROWS:OCCURRENCE:woodlice:Pitfall:Me:crtl:2023-06-12:1057"
"1058","Me","crtl","Piratula hygrophila",2,"M","","Pitfall","Johan Van Keer","Ad",1,"Lycosidae","Araneae","spiders",50.988918,3.828591,2023-06-12,"DIGITAF_BIODIVERSITY_FLEMISH_TREEROWS:OCCURRENCE:spiders:Pitfall:Me:crtl:2023-06-12:1058"
"1059","Me","crtl","Xantholinus longiventris",1,"M","","Pitfall","Marc Vankerckvoorde","Ad",1,"Staphylinidae","Coleoptera","staphylinid beetles",50.988918,3.828591,2023-06-12,"DIGITAF_BIODIVERSITY_FLEMISH_TREEROWS:OCCURRENCE:staphylinid beetles:Pitfall:Me:crtl:2023-06-12:1059"
"1060","Me","crtl","Nebria brevicollis",2,"F","","Pitfall","Marc Vankerckvoorde","Ad",1,"Carabidae","Coleoptera","carabid beetles",50.988918,3.828591,2023-06-12,"DIGITAF_BIODIVERSITY_FLEMISH_TREEROWS:OCCURRENCE:carabid beetles:Pitfall:Me:crtl:2023-06-12:1060"
"1061","Me","crtl","Anisodactylus binotatus",1,"M","","Pitfall","Marc Vankerckvoorde","Ad",2,"Carabidae","Coleoptera","carabid beetles",50.988918,3.828591,2023-06-12,"DIGITAF_BIODIVERSITY_FLEMISH_TREEROWS:OCCURRENCE:carabid beetles:Pitfall:Me:crtl:2023-06-12:1061"
"1062","Me","crtl","Lasius niger",1,"F","","Pitfall","Wouter Dekoninck","Ad",1,"Formicidae","Hymenoptera","ants",50.988918,3.828591,2023-06-12,"DIGITAF_BIODIVERSITY_FLEMISH_TREEROWS:OCCURRENCE:ants:Pitfall:Me:crtl:2023-06-12:1062"
"1063","Me","crtl","Nebria brevicollis",2,"M","","Pitfall","Marc Vankerckvoorde","Ad",1,"Carabidae","Coleoptera","carabid beetles",50.988918,3.828591,2023-06-12,"DIGITAF_BIODIVERSITY_FLEMISH_TREEROWS:OCCURRENCE:carabid beetles:Pitfall:Me:crtl:2023-06-12:1063"
"1064","Me","crtl","Trechus quadristriatus",1,"M","","Pitfall","Marc Vankerckvoorde","Ad",1,"Carabidae","Coleoptera","carabid beetles",50.988918,3.828591,2023-06-12,"DIGITAF_BIODIVERSITY_FLEMISH_TREEROWS:OCCURRENCE:carabid beetles:Pitfall:Me:crtl:2023-06-12:1064"
"1065","Me","crtl","Bembidion tetracolum",1,"F","","Pitfall","Marc Vankerckvoorde","Ad",1,"Carabidae","Coleoptera","carabid beetles",50.988918,3.828591,2023-06-12,"DIGITAF_BIODIVERSITY_FLEMISH_TREEROWS:OCCURRENCE:carabid beetles:Pitfall:Me:crtl:2023-06-12:1065"
"1066","Me","crtl","Polydesmus coriaceus",1,"M","","Pitfall","Pallieter De Smedt","Ad",1,"Polydesmidae","Polydesmida","millipedes",50.988918,3.828591,2023-06-12,"DIGITAF_BIODIVERSITY_FLEMISH_TREEROWS:OCCURRENCE:millipedes:Pitfall:Me:crtl:2023-06-12:1066"
"1067","Me","crtl","Trachyzelotes pedestris",2,"M","","Pitfall","Johan Van Keer","Ad",4,"Gnaphosidae","Araneae","spiders",50.988918,3.828591,2023-06-12,"DIGITAF_BIODIVERSITY_FLEMISH_TREEROWS:OCCURRENCE:spiders:Pitfall:Me:crtl:2023-06-12:1067"
"1068","Me","crtl","Lasius niger",2,"F","","Pitfall","Wouter Dekoninck","Ad",31,"Formicidae","Hymenoptera","ants",50.988918,3.828591,2023-06-12,"DIGITAF_BIODIVERSITY_FLEMISH_TREEROWS:OCCURRENCE:ants:Pitfall:Me:crtl:2023-06-12:1068"
"1069","Me","crtl","Pocadicnemis juncea",2,"M","","Pitfall","Johan Van Keer","Ad",1,"Linyphiidae","Araneae","spiders",50.988918,3.828591,2023-06-12,"DIGITAF_BIODIVERSITY_FLEMISH_TREEROWS:OCCURRENCE:spiders:Pitfall:Me:crtl:2023-06-12:1069"
"1070","Me","crtl","Trachyzelotes pedestris",2,"F","","Pitfall","Johan Van Keer","Ad",1,"Gnaphosidae","Araneae","spiders",50.988918,3.828591,2023-06-12,"DIGITAF_BIODIVERSITY_FLEMISH_TREEROWS:OCCURRENCE:spiders:Pitfall:Me:crtl:2023-06-12:1070"
"1071","Me","crtl","Harpalus luteicornis",1,"M","","Pitfall","Marc Vankerckvoorde","Ad",1,"Carabidae","Coleoptera","carabid beetles",50.988918,3.828591,2023-06-12,"DIGITAF_BIODIVERSITY_FLEMISH_TREEROWS:OCCURRENCE:carabid beetles:Pitfall:Me:crtl:2023-06-12:1071"
"1072","Me","crtl","Armadillidium vulgare",2,"","","Pitfall","Pallieter De Smedt","Ad",1,"Armadillidiidae","Isopoda","woodlice",50.988918,3.828591,2023-06-12,"DIGITAF_BIODIVERSITY_FLEMISH_TREEROWS:OCCURRENCE:woodlice:Pitfall:Me:crtl:2023-06-12:1072"
"1073","Me","crtl","Pardosa amentata",1,"M","","Pitfall","Johan Van Keer","Ad",1,"Lycosidae","Araneae","spiders",50.988918,3.828591,2023-06-12,"DIGITAF_BIODIVERSITY_FLEMISH_TREEROWS:OCCURRENCE:spiders:Pitfall:Me:crtl:2023-06-12:1073"
"1074","Me","crtl","Anchomenus dorsalis",1,"F","","Pitfall","Marc Vankerckvoorde","Ad",1,"Carabidae","Coleoptera","carabid beetles",50.988918,3.828591,2023-06-12,"DIGITAF_BIODIVERSITY_FLEMISH_TREEROWS:OCCURRENCE:carabid beetles:Pitfall:Me:crtl:2023-06-12:1074"
"1075","Me","crtl","Harpalus latus",2,"M","","Pitfall","Marc Vankerckvoorde","Ad",1,"Carabidae","Coleoptera","carabid beetles",50.988918,3.828591,2023-06-12,"DIGITAF_BIODIVERSITY_FLEMISH_TREEROWS:OCCURRENCE:carabid beetles:Pitfall:Me:crtl:2023-06-12:1075"
"1076","Me","crtl","Anisodactylus binotatus",2,"F","","Pitfall","Marc Vankerckvoorde","Ad",1,"Carabidae","Coleoptera","carabid beetles",50.988918,3.828591,2023-06-12,"DIGITAF_BIODIVERSITY_FLEMISH_TREEROWS:OCCURRENCE:carabid beetles:Pitfall:Me:crtl:2023-06-12:1076"
"1077","Me","crtl","Anisodactylus binotatus",1,"F","","Pitfall","Marc Vankerckvoorde","Ad",1,"Carabidae","Coleoptera","carabid beetles",50.988918,3.828591,2023-06-12,"DIGITAF_BIODIVERSITY_FLEMISH_TREEROWS:OCCURRENCE:carabid beetles:Pitfall:Me:crtl:2023-06-12:1077"
"1078","Me","crtl","Trachyzelotes pedestris",1,"F","","Pitfall","Johan Van Keer","Ad",1,"Gnaphosidae","Araneae","spiders",50.988918,3.828591,2023-06-12,"DIGITAF_BIODIVERSITY_FLEMISH_TREEROWS:OCCURRENCE:spiders:Pitfall:Me:crtl:2023-06-12:1078"
"1079","Me","crtl","Parophonus maculicornis",1,"M","","Pitfall","Marc Vankerckvoorde","Ad",1,"Carabidae","Coleoptera","carabid beetles",50.988918,3.828591,2023-06-12,"DIGITAF_BIODIVERSITY_FLEMISH_TREEROWS:OCCURRENCE:carabid beetles:Pitfall:Me:crtl:2023-06-12:1079"
"1080","Me","crtl","Myrmica scabrinodis",2,"F","","Pitfall","Wouter Dekoninck","Ad",1,"Formicidae","Hymenoptera","ants",50.988918,3.828591,2023-06-12,"DIGITAF_BIODIVERSITY_FLEMISH_TREEROWS:OCCURRENCE:ants:Pitfall:Me:crtl:2023-06-12:1080"
"1081","Me","crtl","Harpalus luteicornis",2,"M","","Pitfall","Marc Vankerckvoorde","Ad",1,"Carabidae","Coleoptera","carabid beetles",50.988918,3.828591,2023-06-12,"DIGITAF_BIODIVERSITY_FLEMISH_TREEROWS:OCCURRENCE:carabid beetles:Pitfall:Me:crtl:2023-06-12:1081"
"1082","Me","crtl","Piratula latitans",2,"M","","Pitfall","Johan Van Keer","Ad",1,"Lycosidae","Araneae","spiders",50.988918,3.828591,2023-06-12,"DIGITAF_BIODIVERSITY_FLEMISH_TREEROWS:OCCURRENCE:spiders:Pitfall:Me:crtl:2023-06-12:1082"
"1083","Me","crtl","Brachyiulus pusillus",1,"F","","Pitfall","Pallieter De Smedt","Ad",1,"Julidae","Julida","millipedes",50.988918,3.828591,2023-06-12,"DIGITAF_BIODIVERSITY_FLEMISH_TREEROWS:OCCURRENCE:millipedes:Pitfall:Me:crtl:2023-06-12:1083"
"1084","Me","crtl","Lithobius calcaratus",1,"","","Pitfall","Koen Lock","Ad",1,"Lithobiidae","Lithobiomorpha","centipedes",50.988918,3.828591,2023-06-12,"DIGITAF_BIODIVERSITY_FLEMISH_TREEROWS:OCCURRENCE:centipedes:Pitfall:Me:crtl:2023-06-12:1084"
"1085","Me","crtl","Piratula hygrophila",2,"F","","Pitfall","Johan Van Keer","Ad",1,"Lycosidae","Araneae","spiders",50.988918,3.828591,2023-06-12,"DIGITAF_BIODIVERSITY_FLEMISH_TREEROWS:OCCURRENCE:spiders:Pitfall:Me:crtl:2023-06-12:1085"
"1086","Me","crtl","Xysticus kochi",1,"M","","Pitfall","Johan Van Keer","Ad",1,"Thomisidae","Araneae","spiders",50.988918,3.828591,2023-06-12,"DIGITAF_BIODIVERSITY_FLEMISH_TREEROWS:OCCURRENCE:spiders:Pitfall:Me:crtl:2023-06-12:1086"
"1087","Me","crtl","Alopecosa pulverulenta",2,"F","","Pitfall","Johan Van Keer","Ad",1,"Lycosidae","Araneae","spiders",50.988918,3.828591,2023-06-12,"DIGITAF_BIODIVERSITY_FLEMISH_TREEROWS:OCCURRENCE:spiders:Pitfall:Me:crtl:2023-06-12:1087"
"1088","Me","crtl","Myrmica rubra",1,"F","","Pitfall","Wouter Dekoninck","Ad",23,"Formicidae","Hymenoptera","ants",50.988918,3.828591,2023-06-12,"DIGITAF_BIODIVERSITY_FLEMISH_TREEROWS:OCCURRENCE:ants:Pitfall:Me:crtl:2023-06-12:1088"
"1089","Me","crtl","Trochosa ruricola",1,"M","","Pitfall","Johan Van Keer","Ad",1,"Lycosidae","Araneae","spiders",50.988918,3.828591,2023-06-12,"DIGITAF_BIODIVERSITY_FLEMISH_TREEROWS:OCCURRENCE:spiders:Pitfall:Me:crtl:2023-06-12:1089"
"1090","Me","crtl","Pardosa nigriceps",1,"M","","Pitfall","Johan Van Keer","Ad",1,"Lycosidae","Araneae","spiders",50.988918,3.828591,2023-06-12,"DIGITAF_BIODIVERSITY_FLEMISH_TREEROWS:OCCURRENCE:spiders:Pitfall:Me:crtl:2023-06-12:1090"
"1091","Me","crtl","Anchomenus dorsalis",1,"M","","Pitfall","Marc Vankerckvoorde","Ad",1,"Carabidae","Coleoptera","carabid beetles",50.988918,3.828591,2023-06-12,"DIGITAF_BIODIVERSITY_FLEMISH_TREEROWS:OCCURRENCE:carabid beetles:Pitfall:Me:crtl:2023-06-12:1091"
"1092","Me","crtl","Pardosa amentata",2,"F","","Pitfall","Johan Van Keer","Ad",1,"Lycosidae","Araneae","spiders",50.988918,3.828591,2023-06-12,"DIGITAF_BIODIVERSITY_FLEMISH_TREEROWS:OCCURRENCE:spiders:Pitfall:Me:crtl:2023-06-12:1092"
"1093","Me","crtl","Pardosa pullata",2,"M","","Pitfall","Johan Van Keer","Ad",1,"Lycosidae","Araneae","spiders",50.988918,3.828591,2023-06-12,"DIGITAF_BIODIVERSITY_FLEMISH_TREEROWS:OCCURRENCE:spiders:Pitfall:Me:crtl:2023-06-12:1093"
"1094","Me","crtl","Trochosa ruricola",2,"M","","Pitfall","Johan Van Keer","Ad",1,"Lycosidae","Araneae","spiders",50.988918,3.828591,2023-06-12,"DIGITAF_BIODIVERSITY_FLEMISH_TREEROWS:OCCURRENCE:spiders:Pitfall:Me:crtl:2023-06-12:1094"
"1095","Me","crtl","Harpalus rubripes",1,"M","","Pitfall","Marc Vankerckvoorde","Ad",1,"Carabidae","Coleoptera","carabid beetles",50.988918,3.828591,2023-06-12,"DIGITAF_BIODIVERSITY_FLEMISH_TREEROWS:OCCURRENCE:carabid beetles:Pitfall:Me:crtl:2023-06-12:1095"
"1096","Me","crtl","Coelotes terrestris",1,"F","","Pitfall","Johan Van Keer","Ad",1,"Agelenidae","Araneae","spiders",50.988918,3.828591,2023-06-12,"DIGITAF_BIODIVERSITY_FLEMISH_TREEROWS:OCCURRENCE:spiders:Pitfall:Me:crtl:2023-06-12:1096"
"1097","Me","crtl","Harpalus rubripes",1,"F","","Pitfall","Marc Vankerckvoorde","Ad",1,"Carabidae","Coleoptera","carabid beetles",50.988918,3.828591,2023-06-12,"DIGITAF_BIODIVERSITY_FLEMISH_TREEROWS:OCCURRENCE:carabid beetles:Pitfall:Me:crtl:2023-06-12:1097"
"1098","Me","crtl","Walckenaeria nudipalpis",1,"F","","Pitfall","Johan Van Keer","Ad",1,"Linyphiidae","Araneae","spiders",50.988918,3.828591,2023-06-12,"DIGITAF_BIODIVERSITY_FLEMISH_TREEROWS:OCCURRENCE:spiders:Pitfall:Me:crtl:2023-06-12:1098"
"1099","Me","crtl","Lithobius microps",1,"","","Pitfall","Koen Lock","Ad",2,"Lithobiidae","Lithobiomorpha","centipedes",50.988918,3.828591,2023-06-12,"DIGITAF_BIODIVERSITY_FLEMISH_TREEROWS:OCCURRENCE:centipedes:Pitfall:Me:crtl:2023-06-12:1099"
"1100","Me","crtl","Ommatoiulus sabulosus",1,"F","","Pitfall","Pallieter De Smedt","Ad",1,"Julidae","Julida","millipedes",50.988918,3.828591,2023-06-12,"DIGITAF_BIODIVERSITY_FLEMISH_TREEROWS:OCCURRENCE:millipedes:Pitfall:Me:crtl:2023-06-12:1100"
"1101","Me","crtl","Porcellio scaber",2,"","","Pitfall","Pallieter De Smedt","Ad",1,"Porcellionidae","Isopoda","woodlice",50.988918,3.828591,2023-06-12,"DIGITAF_BIODIVERSITY_FLEMISH_TREEROWS:OCCURRENCE:woodlice:Pitfall:Me:crtl:2023-06-12:1101"
"1102","Me","crtl","Pardosa nigriceps",2,"F","","Pitfall","Johan Van Keer","Ad",1,"Lycosidae","Araneae","spiders",50.988918,3.828591,2023-06-12,"DIGITAF_BIODIVERSITY_FLEMISH_TREEROWS:OCCURRENCE:spiders:Pitfall:Me:crtl:2023-06-12:1102"
"1103","Me","crtl","Harpalus rubripes",2,"F","","Pitfall","Marc Vankerckvoorde","Ad",1,"Carabidae","Coleoptera","carabid beetles",50.988918,3.828591,2023-06-12,"DIGITAF_BIODIVERSITY_FLEMISH_TREEROWS:OCCURRENCE:carabid beetles:Pitfall:Me:crtl:2023-06-12:1103"
"1104","Me","crtl","Poecilus versicolor",1,"F","","Pitfall","Marc Vankerckvoorde","Ad",1,"Carabidae","Coleoptera","carabid beetles",50.988918,3.828591,2023-06-12,"DIGITAF_BIODIVERSITY_FLEMISH_TREEROWS:OCCURRENCE:carabid beetles:Pitfall:Me:crtl:2023-06-12:1104"
"1105","Me","crtl","Diplostyla concolor",2,"F","","Pitfall","Johan Van Keer","Ad",1,"Linyphiidae","Araneae","spiders",50.988918,3.828591,2023-06-12,"DIGITAF_BIODIVERSITY_FLEMISH_TREEROWS:OCCURRENCE:spiders:Pitfall:Me:crtl:2023-06-12:1105"
"1106","Me","crtl","Piratula latitans",1,"M","","Pitfall","Johan Van Keer","Ad",2,"Lycosidae","Araneae","spiders",50.988918,3.828591,2023-06-12,"DIGITAF_BIODIVERSITY_FLEMISH_TREEROWS:OCCURRENCE:spiders:Pitfall:Me:crtl:2023-06-12:1106"
"1107","Me","tree","Phrurolithus festivus",1,"M","","Pitfall","Johan Van Keer","Ad",1,"Phrurolithidae","Araneae","spiders",50.989864,3.829628,2023-06-12,"DIGITAF_BIODIVERSITY_FLEMISH_TREEROWS:OCCURRENCE:spiders:Pitfall:Me:tree:2023-06-12:1107"
"1108","Me","tree","Harpalus latus",1,"F","","Pitfall","Marc Vankerckvoorde","Ad",1,"Carabidae","Coleoptera","carabid beetles",50.989864,3.829628,2023-06-12,"DIGITAF_BIODIVERSITY_FLEMISH_TREEROWS:OCCURRENCE:carabid beetles:Pitfall:Me:tree:2023-06-12:1108"
"1109","Me","tree","Stomis pumicatus",1,"F","","Pitfall","Marc Vankerckvoorde","Ad",1,"Carabidae","Coleoptera","carabid beetles",50.989864,3.829628,2023-06-12,"DIGITAF_BIODIVERSITY_FLEMISH_TREEROWS:OCCURRENCE:carabid beetles:Pitfall:Me:tree:2023-06-12:1109"
"1110","Me","tree","Stomis pumicatus",1,"M","","Pitfall","Marc Vankerckvoorde","Ad",1,"Carabidae","Coleoptera","carabid beetles",50.989864,3.829628,2023-06-12,"DIGITAF_BIODIVERSITY_FLEMISH_TREEROWS:OCCURRENCE:carabid beetles:Pitfall:Me:tree:2023-06-12:1110"
"1111","Me","tree","Drusilla canaliculata",1,"","","Pitfall","Marc Vankerckvoorde","Ad",1,"Staphylinidae","Coleoptera","staphylinid beetles",50.989864,3.829628,2023-06-12,"DIGITAF_BIODIVERSITY_FLEMISH_TREEROWS:OCCURRENCE:staphylinid beetles:Pitfall:Me:tree:2023-06-12:1111"
"1112","Me","tree","Amara plebeja",1,"M","","Pitfall","Marc Vankerckvoorde","Ad",1,"Carabidae","Coleoptera","carabid beetles",50.989864,3.829628,2023-06-12,"DIGITAF_BIODIVERSITY_FLEMISH_TREEROWS:OCCURRENCE:carabid beetles:Pitfall:Me:tree:2023-06-12:1112"
"1113","Me","tree","Myrmica rubra",2,"F","","Pitfall","Wouter Dekoninck","Ad",14,"Formicidae","Hymenoptera","ants",50.989864,3.829628,2023-06-12,"DIGITAF_BIODIVERSITY_FLEMISH_TREEROWS:OCCURRENCE:ants:Pitfall:Me:tree:2023-06-12:1113"
"1114","Me","tree","Myrmica rubra",1,"F","","Pitfall","Wouter Dekoninck","Ad",26,"Formicidae","Hymenoptera","ants",50.989864,3.829628,2023-06-12,"DIGITAF_BIODIVERSITY_FLEMISH_TREEROWS:OCCURRENCE:ants:Pitfall:Me:tree:2023-06-12:1114"
"1115","Me","tree","Bembidion tetracolum",1,"F","","Pitfall","Marc Vankerckvoorde","Ad",1,"Carabidae","Coleoptera","carabid beetles",50.989864,3.829628,2023-06-12,"DIGITAF_BIODIVERSITY_FLEMISH_TREEROWS:OCCURRENCE:carabid beetles:Pitfall:Me:tree:2023-06-12:1115"
"1116","Me","tree","Quedius semiaeneus",1,"M","","Pitfall","Marc Vankerckvoorde","Ad",1,"Staphylinidae","Coleoptera","staphylinid beetles",50.989864,3.829628,2023-06-12,"DIGITAF_BIODIVERSITY_FLEMISH_TREEROWS:OCCURRENCE:staphylinid beetles:Pitfall:Me:tree:2023-06-12:1116"
"1117","Me","tree","Pachygnatha degeeri",1,"M","","Pitfall","Johan Van Keer","Ad",1,"Tetragnathidae","Araneae","spiders",50.989864,3.829628,2023-06-12,"DIGITAF_BIODIVERSITY_FLEMISH_TREEROWS:OCCURRENCE:spiders:Pitfall:Me:tree:2023-06-12:1117"
"1118","Me","tree","Piratula latitans",1,"M","","Pitfall","Johan Van Keer","Ad",2,"Lycosidae","Araneae","spiders",50.989864,3.829628,2023-06-12,"DIGITAF_BIODIVERSITY_FLEMISH_TREEROWS:OCCURRENCE:spiders:Pitfall:Me:tree:2023-06-12:1118"
"1119","Me","tree","Pardosa pullata",1,"M","","Pitfall","Johan Van Keer","Ad",7,"Lycosidae","Araneae","spiders",50.989864,3.829628,2023-06-12,"DIGITAF_BIODIVERSITY_FLEMISH_TREEROWS:OCCURRENCE:spiders:Pitfall:Me:tree:2023-06-12:1119"
"1120","Me","tree","Anisodactylus binotatus",1,"M","","Pitfall","Marc Vankerckvoorde","Ad",2,"Carabidae","Coleoptera","carabid beetles",50.989864,3.829628,2023-06-12,"DIGITAF_BIODIVERSITY_FLEMISH_TREEROWS:OCCURRENCE:carabid beetles:Pitfall:Me:tree:2023-06-12:1120"
"1121","Me","tree","Pardosa amentata",1,"F","","Pitfall","Johan Van Keer","Ad",2,"Lycosidae","Araneae","spiders",50.989864,3.829628,2023-06-12,"DIGITAF_BIODIVERSITY_FLEMISH_TREEROWS:OCCURRENCE:spiders:Pitfall:Me:tree:2023-06-12:1121"
"1122","Me","tree","Pardosa pullata",1,"F","","Pitfall","Johan Van Keer","Ad",2,"Lycosidae","Araneae","spiders",50.989864,3.829628,2023-06-12,"DIGITAF_BIODIVERSITY_FLEMISH_TREEROWS:OCCURRENCE:spiders:Pitfall:Me:tree:2023-06-12:1122"
"1123","Me","tree","Xysticus kochi",1,"M","","Pitfall","Johan Van Keer","Ad",1,"Thomisidae","Araneae","spiders",50.989864,3.829628,2023-06-12,"DIGITAF_BIODIVERSITY_FLEMISH_TREEROWS:OCCURRENCE:spiders:Pitfall:Me:tree:2023-06-12:1123"
"1124","Me","tree","Lasius niger",1,"F","","Pitfall","Wouter Dekoninck","Ad",2,"Formicidae","Hymenoptera","ants",50.989864,3.829628,2023-06-12,"DIGITAF_BIODIVERSITY_FLEMISH_TREEROWS:OCCURRENCE:ants:Pitfall:Me:tree:2023-06-12:1124"
"1125","Me","tree","Armadillidium vulgare",1,"","","Pitfall","Pallieter De Smedt","Ad",2,"Armadillidiidae","Isopoda","woodlice",50.989864,3.829628,2023-06-12,"DIGITAF_BIODIVERSITY_FLEMISH_TREEROWS:OCCURRENCE:woodlice:Pitfall:Me:tree:2023-06-12:1125"
"1126","Me","tree","Cylindroiulus punctatus",2,"M","","Pitfall","Pallieter De Smedt","Ad",2,"Julidae","Julida","millipedes",50.989864,3.829628,2023-06-12,"DIGITAF_BIODIVERSITY_FLEMISH_TREEROWS:OCCURRENCE:millipedes:Pitfall:Me:tree:2023-06-12:1126"
"1127","Me","tree","Lasius brunneus",1,"F","","Pitfall","Wouter Dekoninck","Ad",1,"Formicidae","Hymenoptera","ants",50.989864,3.829628,2023-06-12,"DIGITAF_BIODIVERSITY_FLEMISH_TREEROWS:OCCURRENCE:ants:Pitfall:Me:tree:2023-06-12:1127"
"1128","Me","tree","Histopona torpida",2,"F","","Pitfall","Johan Van Keer","Ad",1,"Agelenidae","Araneae","spiders",50.989864,3.829628,2023-06-12,"DIGITAF_BIODIVERSITY_FLEMISH_TREEROWS:OCCURRENCE:spiders:Pitfall:Me:tree:2023-06-12:1128"
"1129","Me","tree","Anchomenus dorsalis",1,"M","","Pitfall","Marc Vankerckvoorde","Ad",1,"Carabidae","Coleoptera","carabid beetles",50.989864,3.829628,2023-06-12,"DIGITAF_BIODIVERSITY_FLEMISH_TREEROWS:OCCURRENCE:carabid beetles:Pitfall:Me:tree:2023-06-12:1129"
"1130","Me","tree","Porcellio scaber",1,"","","Pitfall","Pallieter De Smedt","Ad",1,"Porcellionidae","Isopoda","woodlice",50.989864,3.829628,2023-06-12,"DIGITAF_BIODIVERSITY_FLEMISH_TREEROWS:OCCURRENCE:woodlice:Pitfall:Me:tree:2023-06-12:1130"
"1131","Me","tree","Diplostyla concolor",1,"M","","Pitfall","Johan Van Keer","Ad",1,"Linyphiidae","Araneae","spiders",50.989864,3.829628,2023-06-12,"DIGITAF_BIODIVERSITY_FLEMISH_TREEROWS:OCCURRENCE:spiders:Pitfall:Me:tree:2023-06-12:1131"
"1132","Me","tree","Oniscus asellus",1,"","","Pitfall","Pallieter De Smedt","Ad",1,"Oniscidae","Isopoda","woodlice",50.989864,3.829628,2023-06-12,"DIGITAF_BIODIVERSITY_FLEMISH_TREEROWS:OCCURRENCE:woodlice:Pitfall:Me:tree:2023-06-12:1132"
"1133","Me","tree","Pachygnatha degeeri",2,"M","","Pitfall","Johan Van Keer","Ad",2,"Tetragnathidae","Araneae","spiders",50.989864,3.829628,2023-06-12,"DIGITAF_BIODIVERSITY_FLEMISH_TREEROWS:OCCURRENCE:spiders:Pitfall:Me:tree:2023-06-12:1133"
"1134","Me","tree","Trachyzelotes pedestris",1,"M","","Pitfall","Johan Van Keer","Ad",1,"Gnaphosidae","Araneae","spiders",50.989864,3.829628,2023-06-12,"DIGITAF_BIODIVERSITY_FLEMISH_TREEROWS:OCCURRENCE:spiders:Pitfall:Me:tree:2023-06-12:1134"
"1135","Me","tree","Trachelipus rathkii",1,"","","Pitfall","Pallieter De Smedt","Ad",1,"Trachelipodidae","Isopoda","woodlice",50.989864,3.829628,2023-06-12,"DIGITAF_BIODIVERSITY_FLEMISH_TREEROWS:OCCURRENCE:woodlice:Pitfall:Me:tree:2023-06-12:1135"
"1136","Me1","crtl","Walckenaeria acuminata",2,"F","","Pitfall","Johan Van Keer","Ad",1,"Linyphiidae","Araneae","spiders",50.99086,3.820881,2023-06-12,"DIGITAF_BIODIVERSITY_FLEMISH_TREEROWS:OCCURRENCE:spiders:Pitfall:Me1:crtl:2023-06-12:1136"
"1137","Me1","crtl","Piratula hygrophila",2,"M","","Pitfall","Johan Van Keer","Ad",2,"Lycosidae","Araneae","spiders",50.99086,3.820881,2023-06-12,"DIGITAF_BIODIVERSITY_FLEMISH_TREEROWS:OCCURRENCE:spiders:Pitfall:Me1:crtl:2023-06-12:1137"
"1138","Me1","crtl","Polydesmus indet.",1,"","","Pitfall","Pallieter De Smedt","Juv",4,"Polydesmidae","Polydesmida","millipedes",50.99086,3.820881,2023-06-12,"DIGITAF_BIODIVERSITY_FLEMISH_TREEROWS:OCCURRENCE:millipedes:Pitfall:Me1:crtl:2023-06-12:1138"
"1139","Me1","crtl","Myrmica rubra",1,"F","","Pitfall","Wouter Dekoninck","Ad",1,"Formicidae","Hymenoptera","ants",50.99086,3.820881,2023-06-12,"DIGITAF_BIODIVERSITY_FLEMISH_TREEROWS:OCCURRENCE:ants:Pitfall:Me1:crtl:2023-06-12:1139"
"1140","Me1","crtl","Tenuiphantes tenuis",2,"M","","Pitfall","Johan Van Keer","Ad",1,"Linyphiidae","Araneae","spiders",50.99086,3.820881,2023-06-12,"DIGITAF_BIODIVERSITY_FLEMISH_TREEROWS:OCCURRENCE:spiders:Pitfall:Me1:crtl:2023-06-12:1140"
"1141","Me1","crtl","Piratula latitans",1,"M","","Pitfall","Johan Van Keer","Ad",1,"Lycosidae","Araneae","spiders",50.99086,3.820881,2023-06-12,"DIGITAF_BIODIVERSITY_FLEMISH_TREEROWS:OCCURRENCE:spiders:Pitfall:Me1:crtl:2023-06-12:1141"
"1142","Me1","crtl","Piratula latitans",2,"M","","Pitfall","Johan Van Keer","Ad",4,"Lycosidae","Araneae","spiders",50.99086,3.820881,2023-06-12,"DIGITAF_BIODIVERSITY_FLEMISH_TREEROWS:OCCURRENCE:spiders:Pitfall:Me1:crtl:2023-06-12:1142"
"1143","Me1","crtl","Philonthus cognatus",2,"","","Pitfall","Marc Vankerckvoorde","Ad",1,"Staphylinidae","Coleoptera","staphylinid beetles",50.99086,3.820881,2023-06-12,"DIGITAF_BIODIVERSITY_FLEMISH_TREEROWS:OCCURRENCE:staphylinid beetles:Pitfall:Me1:crtl:2023-06-12:1143"
"1144","Me1","crtl","Lasius niger",1,"F","","Pitfall","Wouter Dekoninck","Ad",34,"Formicidae","Hymenoptera","ants",50.99086,3.820881,2023-06-12,"DIGITAF_BIODIVERSITY_FLEMISH_TREEROWS:OCCURRENCE:ants:Pitfall:Me1:crtl:2023-06-12:1144"
"1145","Me1","crtl","Brachyiulus pusillus",2,"F","","Pitfall","Pallieter De Smedt","Ad",4,"Julidae","Julida","millipedes",50.99086,3.820881,2023-06-12,"DIGITAF_BIODIVERSITY_FLEMISH_TREEROWS:OCCURRENCE:millipedes:Pitfall:Me1:crtl:2023-06-12:1145"
"1146","Me1","crtl","Piratula hygrophila",2,"F","","Pitfall","Johan Van Keer","Ad",3,"Lycosidae","Araneae","spiders",50.99086,3.820881,2023-06-12,"DIGITAF_BIODIVERSITY_FLEMISH_TREEROWS:OCCURRENCE:spiders:Pitfall:Me1:crtl:2023-06-12:1146"
"1147","Me1","crtl","Ligidium hypnorum",2,"","","Pitfall","Pallieter De Smedt","Ad",1,"Ligiidae","Isopoda","woodlice",50.99086,3.820881,2023-06-12,"DIGITAF_BIODIVERSITY_FLEMISH_TREEROWS:OCCURRENCE:woodlice:Pitfall:Me1:crtl:2023-06-12:1147"
"1148","Me1","crtl","Anotylus inustus",1,"","","Pitfall","Marc Vankerckvoorde","Ad",1,"Staphylinidae","Coleoptera","staphylinid beetles",50.99086,3.820881,2023-06-12,"DIGITAF_BIODIVERSITY_FLEMISH_TREEROWS:OCCURRENCE:staphylinid beetles:Pitfall:Me1:crtl:2023-06-12:1148"
"1149","Me1","crtl","Piratula hygrophila",1,"M","","Pitfall","Johan Van Keer","Ad",1,"Lycosidae","Araneae","spiders",50.99086,3.820881,2023-06-12,"DIGITAF_BIODIVERSITY_FLEMISH_TREEROWS:OCCURRENCE:spiders:Pitfall:Me1:crtl:2023-06-12:1149"
"1150","Me1","crtl","Micrargus subaequalis",2,"M","","Pitfall","Léon Baert","Ad",1,"Linyphiidae","Araneae","spiders",50.99086,3.820881,2023-06-12,"DIGITAF_BIODIVERSITY_FLEMISH_TREEROWS:OCCURRENCE:spiders:Pitfall:Me1:crtl:2023-06-12:1150"
"1151","Me1","crtl","Badister lacertosus",2,"M","","Pitfall","Marc Vankerckvoorde","Ad",1,"Carabidae","Coleoptera","carabid beetles",50.99086,3.820881,2023-06-12,"DIGITAF_BIODIVERSITY_FLEMISH_TREEROWS:OCCURRENCE:carabid beetles:Pitfall:Me1:crtl:2023-06-12:1151"
"1152","Me1","crtl","Ligidium hypnorum",1,"","","Pitfall","Pallieter De Smedt","Ad",1,"Ligiidae","Isopoda","woodlice",50.99086,3.820881,2023-06-12,"DIGITAF_BIODIVERSITY_FLEMISH_TREEROWS:OCCURRENCE:woodlice:Pitfall:Me1:crtl:2023-06-12:1152"
"1153","Me1","crtl","Tachyporus dispar",2,"","","Pitfall","Marc Vankerckvoorde","Ad",2,"Staphylinidae","Coleoptera","staphylinid beetles",50.99086,3.820881,2023-06-12,"DIGITAF_BIODIVERSITY_FLEMISH_TREEROWS:OCCURRENCE:staphylinid beetles:Pitfall:Me1:crtl:2023-06-12:1153"
"1154","Me1","crtl","Syntomus truncatellus",2,"M","","Pitfall","Marc Vankerckvoorde","Ad",1,"Carabidae","Coleoptera","carabid beetles",50.99086,3.820881,2023-06-12,"DIGITAF_BIODIVERSITY_FLEMISH_TREEROWS:OCCURRENCE:carabid beetles:Pitfall:Me1:crtl:2023-06-12:1154"
"1155","Me1","crtl","Pardosa pullata",2,"F","","Pitfall","Johan Van Keer","Ad",1,"Lycosidae","Araneae","spiders",50.99086,3.820881,2023-06-12,"DIGITAF_BIODIVERSITY_FLEMISH_TREEROWS:OCCURRENCE:spiders:Pitfall:Me1:crtl:2023-06-12:1155"
"1156","Me1","crtl","Micrargus subaequalis",2,"M","","Pitfall","Johan Van Keer","Ad",1,"Linyphiidae","Araneae","spiders",50.99086,3.820881,2023-06-12,"DIGITAF_BIODIVERSITY_FLEMISH_TREEROWS:OCCURRENCE:spiders:Pitfall:Me1:crtl:2023-06-12:1156"
"1157","Me1","crtl","Nemastoma bimaculatum",1,"F","","Pitfall","Pallieter De Smedt","Ad",2,"Nemastomatidae","Opiliones","harvestmen",50.99086,3.820881,2023-06-12,"DIGITAF_BIODIVERSITY_FLEMISH_TREEROWS:OCCURRENCE:harvestmen:Pitfall:Me1:crtl:2023-06-12:1157"
"1158","Me1","crtl","Brachydesmus superus",2,"F","","Pitfall","Pallieter De Smedt","Ad",1,"Polydesmidae","Polydesmida","millipedes",50.99086,3.820881,2023-06-12,"DIGITAF_BIODIVERSITY_FLEMISH_TREEROWS:OCCURRENCE:millipedes:Pitfall:Me1:crtl:2023-06-12:1158"
"1159","Me1","crtl","Polydesmus coriaceus",2,"M","","Pitfall","Pallieter De Smedt","Ad",2,"Polydesmidae","Polydesmida","millipedes",50.99086,3.820881,2023-06-12,"DIGITAF_BIODIVERSITY_FLEMISH_TREEROWS:OCCURRENCE:millipedes:Pitfall:Me1:crtl:2023-06-12:1159"
"1160","Me1","crtl","Brachydesmus superus",1,"M","","Pitfall","Pallieter De Smedt","Ad",1,"Polydesmidae","Polydesmida","millipedes",50.99086,3.820881,2023-06-12,"DIGITAF_BIODIVERSITY_FLEMISH_TREEROWS:OCCURRENCE:millipedes:Pitfall:Me1:crtl:2023-06-12:1160"
"1161","Me1","crtl","Armadillidium vulgare",1,"","","Pitfall","Pallieter De Smedt","Ad",2,"Armadillidiidae","Isopoda","woodlice",50.99086,3.820881,2023-06-12,"DIGITAF_BIODIVERSITY_FLEMISH_TREEROWS:OCCURRENCE:woodlice:Pitfall:Me1:crtl:2023-06-12:1161"
"1162","Me1","crtl","Armadillidium vulgare",2,"","","Pitfall","Pallieter De Smedt","Ad",39,"Armadillidiidae","Isopoda","woodlice",50.99086,3.820881,2023-06-12,"DIGITAF_BIODIVERSITY_FLEMISH_TREEROWS:OCCURRENCE:woodlice:Pitfall:Me1:crtl:2023-06-12:1162"
"1163","Me1","crtl","Pachygnatha degeeri",2,"F","","Pitfall","Johan Van Keer","Ad",1,"Tetragnathidae","Araneae","spiders",50.99086,3.820881,2023-06-12,"DIGITAF_BIODIVERSITY_FLEMISH_TREEROWS:OCCURRENCE:spiders:Pitfall:Me1:crtl:2023-06-12:1163"
"1164","Me1","crtl","Myrmica scabrinodis",1,"F","","Pitfall","Wouter Dekoninck","Ad",4,"Formicidae","Hymenoptera","ants",50.99086,3.820881,2023-06-12,"DIGITAF_BIODIVERSITY_FLEMISH_TREEROWS:OCCURRENCE:ants:Pitfall:Me1:crtl:2023-06-12:1164"
"1165","Me1","crtl","Polydesmus coriaceus",1,"M","","Pitfall","Pallieter De Smedt","Ad",1,"Polydesmidae","Polydesmida","millipedes",50.99086,3.820881,2023-06-12,"DIGITAF_BIODIVERSITY_FLEMISH_TREEROWS:OCCURRENCE:millipedes:Pitfall:Me1:crtl:2023-06-12:1165"
"1166","Me1","crtl","Polydesmus coriaceus",2,"F","","Pitfall","Pallieter De Smedt","Ad",2,"Polydesmidae","Polydesmida","millipedes",50.99086,3.820881,2023-06-12,"DIGITAF_BIODIVERSITY_FLEMISH_TREEROWS:OCCURRENCE:millipedes:Pitfall:Me1:crtl:2023-06-12:1166"
"1167","Me1","crtl","Trachyzelotes pedestris",2,"F","","Pitfall","Léon Baert","Ad",1,"Gnaphosidae","Araneae","spiders",50.99086,3.820881,2023-06-12,"DIGITAF_BIODIVERSITY_FLEMISH_TREEROWS:OCCURRENCE:spiders:Pitfall:Me1:crtl:2023-06-12:1167"
"1168","Me1","crtl","Autalia longicornis",2,"M","","Pitfall","Marc Vankerckvoorde","Ad",1,"Staphylinidae","Coleoptera","staphylinid beetles",50.99086,3.820881,2023-06-12,"DIGITAF_BIODIVERSITY_FLEMISH_TREEROWS:OCCURRENCE:staphylinid beetles:Pitfall:Me1:crtl:2023-06-12:1168"
"1169","Me1","crtl","Diplostyla concolor",2,"M","","Pitfall","Johan Van Keer","Ad",1,"Linyphiidae","Araneae","spiders",50.99086,3.820881,2023-06-12,"DIGITAF_BIODIVERSITY_FLEMISH_TREEROWS:OCCURRENCE:spiders:Pitfall:Me1:crtl:2023-06-12:1169"
"1170","Me1","crtl","Anotylus sculpturatus/mutator",1,"","","Pitfall","Marc Vankerckvoorde","Ad",1,"Staphylinidae","Coleoptera","staphylinid beetles",50.99086,3.820881,2023-06-12,"DIGITAF_BIODIVERSITY_FLEMISH_TREEROWS:OCCURRENCE:staphylinid beetles:Pitfall:Me1:crtl:2023-06-12:1170"
"1171","Me1","crtl","Tenuiphantes tenuis",1,"M","","Pitfall","Johan Van Keer","Ad",1,"Linyphiidae","Araneae","spiders",50.99086,3.820881,2023-06-12,"DIGITAF_BIODIVERSITY_FLEMISH_TREEROWS:OCCURRENCE:spiders:Pitfall:Me1:crtl:2023-06-12:1171"
"1172","Me1","crtl","Brachyiulus pusillus",2,"M","","Pitfall","Pallieter De Smedt","Ad",3,"Julidae","Julida","millipedes",50.99086,3.820881,2023-06-12,"DIGITAF_BIODIVERSITY_FLEMISH_TREEROWS:OCCURRENCE:millipedes:Pitfall:Me1:crtl:2023-06-12:1172"
"1173","Me1","crtl","Myrmica ruginodis",1,"F","","Pitfall","Wouter Dekoninck","Ad",1,"Formicidae","Hymenoptera","ants",50.99086,3.820881,2023-06-12,"DIGITAF_BIODIVERSITY_FLEMISH_TREEROWS:OCCURRENCE:ants:Pitfall:Me1:crtl:2023-06-12:1173"
"1174","Me1","crtl","Stenus spec.",2,"","","Pitfall","Marc Vankerckvoorde","Ad",1,"Staphylinidae","Coleoptera","staphylinid beetles",50.99086,3.820881,2023-06-12,"DIGITAF_BIODIVERSITY_FLEMISH_TREEROWS:OCCURRENCE:staphylinid beetles:Pitfall:Me1:crtl:2023-06-12:1174"
"1175","Me1","crtl","Pardosa pullata",2,"M","","Pitfall","Johan Van Keer","Ad",2,"Lycosidae","Araneae","spiders",50.99086,3.820881,2023-06-12,"DIGITAF_BIODIVERSITY_FLEMISH_TREEROWS:OCCURRENCE:spiders:Pitfall:Me1:crtl:2023-06-12:1175"
"1176","Me1","crtl","Philoscia muscorum",1,"","","Pitfall","Pallieter De Smedt","Ad",1,"Philosciidae","Isopoda","woodlice",50.99086,3.820881,2023-06-12,"DIGITAF_BIODIVERSITY_FLEMISH_TREEROWS:OCCURRENCE:woodlice:Pitfall:Me1:crtl:2023-06-12:1176"
"1177","Me1","crtl","Nemastoma bimaculatum",1,"M","","Pitfall","Pallieter De Smedt","Ad",1,"Nemastomatidae","Opiliones","harvestmen",50.99086,3.820881,2023-06-12,"DIGITAF_BIODIVERSITY_FLEMISH_TREEROWS:OCCURRENCE:harvestmen:Pitfall:Me1:crtl:2023-06-12:1177"
"1178","Me1","crtl","Glomeris marginata",2,"","","Pitfall","Pallieter De Smedt","Juv",1,"Glomeridae","Glomerida","millipedes",50.99086,3.820881,2023-06-12,"DIGITAF_BIODIVERSITY_FLEMISH_TREEROWS:OCCURRENCE:millipedes:Pitfall:Me1:crtl:2023-06-12:1178"
"1179","Me1","crtl","Brachydesmus superus",1,"F","","Pitfall","Pallieter De Smedt","Ad",1,"Polydesmidae","Polydesmida","millipedes",50.99086,3.820881,2023-06-12,"DIGITAF_BIODIVERSITY_FLEMISH_TREEROWS:OCCURRENCE:millipedes:Pitfall:Me1:crtl:2023-06-12:1179"
"1180","Me1","crtl","Philoscia muscorum",2,"","","Pitfall","Pallieter De Smedt","Ad",1,"Philosciidae","Isopoda","woodlice",50.99086,3.820881,2023-06-12,"DIGITAF_BIODIVERSITY_FLEMISH_TREEROWS:OCCURRENCE:woodlice:Pitfall:Me1:crtl:2023-06-12:1180"
"1181","Me1","crtl","Pachygnatha degeeri",1,"M","","Pitfall","Johan Van Keer","Ad",1,"Tetragnathidae","Araneae","spiders",50.99086,3.820881,2023-06-12,"DIGITAF_BIODIVERSITY_FLEMISH_TREEROWS:OCCURRENCE:spiders:Pitfall:Me1:crtl:2023-06-12:1181"
"1182","Me1","crtl","Anotylus sculpturatus/mutator",2,"","","Pitfall","Marc Vankerckvoorde","Ad",1,"Staphylinidae","Coleoptera","staphylinid beetles",50.99086,3.820881,2023-06-12,"DIGITAF_BIODIVERSITY_FLEMISH_TREEROWS:OCCURRENCE:staphylinid beetles:Pitfall:Me1:crtl:2023-06-12:1182"
"1183","Me1","crtl","Oniscus asellus",2,"","","Pitfall","Pallieter De Smedt","Ad",2,"Oniscidae","Isopoda","woodlice",50.99086,3.820881,2023-06-12,"DIGITAF_BIODIVERSITY_FLEMISH_TREEROWS:OCCURRENCE:woodlice:Pitfall:Me1:crtl:2023-06-12:1183"
"1184","Me1","crtl","Polydesmus coriaceus",1,"F","","Pitfall","Pallieter De Smedt","Ad",1,"Polydesmidae","Polydesmida","millipedes",50.99086,3.820881,2023-06-12,"DIGITAF_BIODIVERSITY_FLEMISH_TREEROWS:OCCURRENCE:millipedes:Pitfall:Me1:crtl:2023-06-12:1184"
"1185","Me1","tree","Amara lunicollis",1,"M","","Pitfall","Marc Vankerckvoorde","Ad",1,"Carabidae","Coleoptera","carabid beetles",50.992008,3.820138,2023-06-12,"DIGITAF_BIODIVERSITY_FLEMISH_TREEROWS:OCCURRENCE:carabid beetles:Pitfall:Me1:tree:2023-06-12:1185"
"1186","Me1","tree","Philoscia muscorum",1,"","","Pitfall","Pallieter De Smedt","Ad",4,"Philosciidae","Isopoda","woodlice",50.992008,3.820138,2023-06-12,"DIGITAF_BIODIVERSITY_FLEMISH_TREEROWS:OCCURRENCE:woodlice:Pitfall:Me1:tree:2023-06-12:1186"
"1187","Me1","tree","Dysdera erythrina",1,"M","","Pitfall","Johan Van Keer","Ad",1,"Dysderidae","Araneae","spiders",50.992008,3.820138,2023-06-12,"DIGITAF_BIODIVERSITY_FLEMISH_TREEROWS:OCCURRENCE:spiders:Pitfall:Me1:tree:2023-06-12:1187"
"1188","Me1","tree","Stomis pumicatus",1,"F","","Pitfall","Marc Vankerckvoorde","Ad",1,"Carabidae","Coleoptera","carabid beetles",50.992008,3.820138,2023-06-12,"DIGITAF_BIODIVERSITY_FLEMISH_TREEROWS:OCCURRENCE:carabid beetles:Pitfall:Me1:tree:2023-06-12:1188"
"1189","Me1","tree","Zelotes subterraneus",1,"F","","Pitfall","Johan Van Keer","Ad",1,"Gnaphosidae","Araneae","spiders",50.992008,3.820138,2023-06-12,"DIGITAF_BIODIVERSITY_FLEMISH_TREEROWS:OCCURRENCE:spiders:Pitfall:Me1:tree:2023-06-12:1189"
"1190","Me1","tree","Glomeris marginata",1,"M","","Pitfall","Pallieter De Smedt","Ad",10,"Glomeridae","Glomerida","millipedes",50.992008,3.820138,2023-06-12,"DIGITAF_BIODIVERSITY_FLEMISH_TREEROWS:OCCURRENCE:millipedes:Pitfall:Me1:tree:2023-06-12:1190"
"1191","Me1","tree","Eratigena picta",1,"F","","Pitfall","Johan Van Keer","Ad",2,"Agelenidae","Araneae","spiders",50.992008,3.820138,2023-06-12,"DIGITAF_BIODIVERSITY_FLEMISH_TREEROWS:OCCURRENCE:spiders:Pitfall:Me1:tree:2023-06-12:1191"
"1192","Me1","tree","Harpalus tardus",1,"M","","Pitfall","Marc Vankerckvoorde","Ad",2,"Carabidae","Coleoptera","carabid beetles",50.992008,3.820138,2023-06-12,"DIGITAF_BIODIVERSITY_FLEMISH_TREEROWS:OCCURRENCE:carabid beetles:Pitfall:Me1:tree:2023-06-12:1192"
"1193","Me1","tree","Polydesmus inconstans",1,"F","","Pitfall","Pallieter De Smedt","Ad",3,"Polydesmidae","Polydesmida","millipedes",50.992008,3.820138,2023-06-12,"DIGITAF_BIODIVERSITY_FLEMISH_TREEROWS:OCCURRENCE:millipedes:Pitfall:Me1:tree:2023-06-12:1193"
"1194","Me1","tree","Amara communis",1,"","","Pitfall","Marc Vankerckvoorde","Ad",1,"Carabidae","Coleoptera","carabid beetles",50.992008,3.820138,2023-06-12,"DIGITAF_BIODIVERSITY_FLEMISH_TREEROWS:OCCURRENCE:carabid beetles:Pitfall:Me1:tree:2023-06-12:1194"
"1195","Me1","tree","Zelotes subterraneus",1,"M","","Pitfall","Johan Van Keer","Ad",1,"Gnaphosidae","Araneae","spiders",50.992008,3.820138,2023-06-12,"DIGITAF_BIODIVERSITY_FLEMISH_TREEROWS:OCCURRENCE:spiders:Pitfall:Me1:tree:2023-06-12:1195"
"1196","Me1","tree","Tenuiphantes tenuis",1,"F","","Pitfall","Johan Van Keer","Ad",1,"Linyphiidae","Araneae","spiders",50.992008,3.820138,2023-06-12,"DIGITAF_BIODIVERSITY_FLEMISH_TREEROWS:OCCURRENCE:spiders:Pitfall:Me1:tree:2023-06-12:1196"
"1197","Me1","tree","Myrmica ruginodis",1,"F","","Pitfall","Wouter Dekoninck","Ad",3,"Formicidae","Hymenoptera","ants",50.992008,3.820138,2023-06-12,"DIGITAF_BIODIVERSITY_FLEMISH_TREEROWS:OCCURRENCE:ants:Pitfall:Me1:tree:2023-06-12:1197"
"1198","Me1","tree","Formica fusca",1,"F","2 met Labial gland disease apart","Pitfall","Wouter Dekoninck","Ad",9,"Formicidae","Hymenoptera","ants",50.992008,3.820138,2023-06-12,"DIGITAF_BIODIVERSITY_FLEMISH_TREEROWS:OCCURRENCE:ants:Pitfall:Me1:tree:2023-06-12:1198"
"1199","Me1","tree","Notiophilus palustris",2,"F","","Pitfall","Marc Vankerckvoorde","Ad",1,"Carabidae","Coleoptera","carabid beetles",50.992008,3.820138,2023-06-12,"DIGITAF_BIODIVERSITY_FLEMISH_TREEROWS:OCCURRENCE:carabid beetles:Pitfall:Me1:tree:2023-06-12:1199"
"1200","Me1","tree","Trachyzelotes pedestris",1,"F","","Pitfall","Léon Baert","Ad",1,"Gnaphosidae","Araneae","spiders",50.992008,3.820138,2023-06-12,"DIGITAF_BIODIVERSITY_FLEMISH_TREEROWS:OCCURRENCE:spiders:Pitfall:Me1:tree:2023-06-12:1200"
"1201","Me1","tree","Glomeris marginata",2,"M","","Pitfall","Pallieter De Smedt","Ad",15,"Glomeridae","Glomerida","millipedes",50.992008,3.820138,2023-06-12,"DIGITAF_BIODIVERSITY_FLEMISH_TREEROWS:OCCURRENCE:millipedes:Pitfall:Me1:tree:2023-06-12:1201"
"1202","Me1","tree","Glomeris marginata",1,"F","","Pitfall","Pallieter De Smedt","Ad",4,"Glomeridae","Glomerida","millipedes",50.992008,3.820138,2023-06-12,"DIGITAF_BIODIVERSITY_FLEMISH_TREEROWS:OCCURRENCE:millipedes:Pitfall:Me1:tree:2023-06-12:1202"
"1203","Me1","tree","Amara convexior",2,"F","","Pitfall","Marc Vankerckvoorde","Ad",1,"Carabidae","Coleoptera","carabid beetles",50.992008,3.820138,2023-06-12,"DIGITAF_BIODIVERSITY_FLEMISH_TREEROWS:OCCURRENCE:carabid beetles:Pitfall:Me1:tree:2023-06-12:1203"
"1204","Me1","tree","Glomeris marginata",2,"F","","Pitfall","Pallieter De Smedt","Ad",2,"Glomeridae","Glomerida","millipedes",50.992008,3.820138,2023-06-12,"DIGITAF_BIODIVERSITY_FLEMISH_TREEROWS:OCCURRENCE:millipedes:Pitfall:Me1:tree:2023-06-12:1204"
"1205","Me1","tree","Trachyzelotes pedestris",1,"M","","Pitfall","Léon Baert","Ad",1,"Gnaphosidae","Araneae","spiders",50.992008,3.820138,2023-06-12,"DIGITAF_BIODIVERSITY_FLEMISH_TREEROWS:OCCURRENCE:spiders:Pitfall:Me1:tree:2023-06-12:1205"
"1206","Me1","tree","Julidae indet.",1,"F","","Pitfall","Pallieter De Smedt","Ad",2,"Julidae","Julida","millipedes",50.992008,3.820138,2023-06-12,"DIGITAF_BIODIVERSITY_FLEMISH_TREEROWS:OCCURRENCE:millipedes:Pitfall:Me1:tree:2023-06-12:1206"
"1207","Me1","tree","Trachyzelotes pedestris",1,"M","","Pitfall","Johan Van Keer","Ad",9,"Gnaphosidae","Araneae","spiders",50.992008,3.820138,2023-06-12,"DIGITAF_BIODIVERSITY_FLEMISH_TREEROWS:OCCURRENCE:spiders:Pitfall:Me1:tree:2023-06-12:1207"
"1208","Me1","tree","Amara lunicollis",1,"","","Pitfall","Marc Vankerckvoorde","Ad",1,"Carabidae","Coleoptera","carabid beetles",50.992008,3.820138,2023-06-12,"DIGITAF_BIODIVERSITY_FLEMISH_TREEROWS:OCCURRENCE:carabid beetles:Pitfall:Me1:tree:2023-06-12:1208"
"1209","Me1","tree","Armadillidium vulgare",1,"","","Pitfall","Pallieter De Smedt","Ad",59,"Armadillidiidae","Isopoda","woodlice",50.992008,3.820138,2023-06-12,"DIGITAF_BIODIVERSITY_FLEMISH_TREEROWS:OCCURRENCE:woodlice:Pitfall:Me1:tree:2023-06-12:1209"
"1210","Me1","tree","Poecilus versicolor",1,"M","","Pitfall","Marc Vankerckvoorde","Ad",1,"Carabidae","Coleoptera","carabid beetles",50.992008,3.820138,2023-06-12,"DIGITAF_BIODIVERSITY_FLEMISH_TREEROWS:OCCURRENCE:carabid beetles:Pitfall:Me1:tree:2023-06-12:1210"
"1211","Me1","tree","Trachyzelotes pedestris",2,"M","","Pitfall","Johan Van Keer","Ad",1,"Gnaphosidae","Araneae","spiders",50.992008,3.820138,2023-06-12,"DIGITAF_BIODIVERSITY_FLEMISH_TREEROWS:OCCURRENCE:spiders:Pitfall:Me1:tree:2023-06-12:1211"
"1212","Me1","tree","Walckenaeria furcillata",2,"F","","Pitfall","Johan Van Keer","Ad",1,"Linyphiidae","Araneae","spiders",50.992008,3.820138,2023-06-12,"DIGITAF_BIODIVERSITY_FLEMISH_TREEROWS:OCCURRENCE:spiders:Pitfall:Me1:tree:2023-06-12:1212"
"1213","Me1","tree","Amara convexior",1,"F","","Pitfall","Marc Vankerckvoorde","Ad",1,"Carabidae","Coleoptera","carabid beetles",50.992008,3.820138,2023-06-12,"DIGITAF_BIODIVERSITY_FLEMISH_TREEROWS:OCCURRENCE:carabid beetles:Pitfall:Me1:tree:2023-06-12:1213"
"1214","Me2","crtl","Harpalus tardus",2,"M","","Pitfall","Marc Vankerckvoorde","Ad",2,"Carabidae","Coleoptera","carabid beetles",50.988483,3.808303,2023-06-12,"DIGITAF_BIODIVERSITY_FLEMISH_TREEROWS:OCCURRENCE:carabid beetles:Pitfall:Me2:crtl:2023-06-12:1214"
"1215","Me2","crtl","Tachyporus hypnorum",1,"","","Pitfall","Marc Vankerckvoorde","Ad",1,"Staphylinidae","Coleoptera","staphylinid beetles",50.988483,3.808303,2023-06-12,"DIGITAF_BIODIVERSITY_FLEMISH_TREEROWS:OCCURRENCE:staphylinid beetles:Pitfall:Me2:crtl:2023-06-12:1215"
"1216","Me2","crtl","Harpalus luteicornis",1,"M","","Pitfall","Marc Vankerckvoorde","Ad",2,"Carabidae","Coleoptera","carabid beetles",50.988483,3.808303,2023-06-12,"DIGITAF_BIODIVERSITY_FLEMISH_TREEROWS:OCCURRENCE:carabid beetles:Pitfall:Me2:crtl:2023-06-12:1216"
"1217","Me2","crtl","Pardosa pullata",1,"M","","Pitfall","Johan Van Keer","Ad",1,"Lycosidae","Araneae","spiders",50.988483,3.808303,2023-06-12,"DIGITAF_BIODIVERSITY_FLEMISH_TREEROWS:OCCURRENCE:spiders:Pitfall:Me2:crtl:2023-06-12:1217"
"1218","Me2","crtl","Harpalus tardus",1,"F","","Pitfall","Marc Vankerckvoorde","Ad",3,"Carabidae","Coleoptera","carabid beetles",50.988483,3.808303,2023-06-12,"DIGITAF_BIODIVERSITY_FLEMISH_TREEROWS:OCCURRENCE:carabid beetles:Pitfall:Me2:crtl:2023-06-12:1218"
"1219","Me2","crtl","Harpalus tardus",1,"M","","Pitfall","Marc Vankerckvoorde","Ad",1,"Carabidae","Coleoptera","carabid beetles",50.988483,3.808303,2023-06-12,"DIGITAF_BIODIVERSITY_FLEMISH_TREEROWS:OCCURRENCE:carabid beetles:Pitfall:Me2:crtl:2023-06-12:1219"
"1220","Me2","crtl","Trachyzelotes pedestris",2,"M","","Pitfall","Johan Van Keer","Ad",2,"Gnaphosidae","Araneae","spiders",50.988483,3.808303,2023-06-12,"DIGITAF_BIODIVERSITY_FLEMISH_TREEROWS:OCCURRENCE:spiders:Pitfall:Me2:crtl:2023-06-12:1220"
"1221","Me2","crtl","Quedius levicollis",1,"","","Pitfall","Marc Vankerckvoorde","Ad",1,"Staphylinidae","Coleoptera","staphylinid beetles",50.988483,3.808303,2023-06-12,"DIGITAF_BIODIVERSITY_FLEMISH_TREEROWS:OCCURRENCE:staphylinid beetles:Pitfall:Me2:crtl:2023-06-12:1221"
"1222","Me2","crtl","Harpalus affinis",1,"F","","Pitfall","Marc Vankerckvoorde","Ad",1,"Carabidae","Coleoptera","carabid beetles",50.988483,3.808303,2023-06-12,"DIGITAF_BIODIVERSITY_FLEMISH_TREEROWS:OCCURRENCE:carabid beetles:Pitfall:Me2:crtl:2023-06-12:1222"
"1223","Me2","crtl","Piratula latitans",1,"M","","Pitfall","Johan Van Keer","Ad",1,"Lycosidae","Araneae","spiders",50.988483,3.808303,2023-06-12,"DIGITAF_BIODIVERSITY_FLEMISH_TREEROWS:OCCURRENCE:spiders:Pitfall:Me2:crtl:2023-06-12:1223"
"1224","Me2","crtl","Harpalus luteicornis",1,"F","","Pitfall","Marc Vankerckvoorde","Ad",2,"Carabidae","Coleoptera","carabid beetles",50.988483,3.808303,2023-06-12,"DIGITAF_BIODIVERSITY_FLEMISH_TREEROWS:OCCURRENCE:carabid beetles:Pitfall:Me2:crtl:2023-06-12:1224"
"1225","Me2","crtl","Trachyzelotes pedestris",1,"F","","Pitfall","Johan Van Keer","Ad",1,"Gnaphosidae","Araneae","spiders",50.988483,3.808303,2023-06-12,"DIGITAF_BIODIVERSITY_FLEMISH_TREEROWS:OCCURRENCE:spiders:Pitfall:Me2:crtl:2023-06-12:1225"
"1226","Me2","crtl","Pardosa palustris",1,"M","","Pitfall","Johan Van Keer","Ad",1,"Lycosidae","Araneae","spiders",50.988483,3.808303,2023-06-12,"DIGITAF_BIODIVERSITY_FLEMISH_TREEROWS:OCCURRENCE:spiders:Pitfall:Me2:crtl:2023-06-12:1226"
"1227","Me2","crtl","Harpalus tardus",2,"F","","Pitfall","Marc Vankerckvoorde","Ad",2,"Carabidae","Coleoptera","carabid beetles",50.988483,3.808303,2023-06-12,"DIGITAF_BIODIVERSITY_FLEMISH_TREEROWS:OCCURRENCE:carabid beetles:Pitfall:Me2:crtl:2023-06-12:1227"
"1228","Me2","crtl","Bembidion tetracolum",2,"F","","Pitfall","Marc Vankerckvoorde","Ad",1,"Carabidae","Coleoptera","carabid beetles",50.988483,3.808303,2023-06-12,"DIGITAF_BIODIVERSITY_FLEMISH_TREEROWS:OCCURRENCE:carabid beetles:Pitfall:Me2:crtl:2023-06-12:1228"
"1229","Me2","crtl","Amara aenea",2,"F","","Pitfall","Marc Vankerckvoorde","Ad",2,"Carabidae","Coleoptera","carabid beetles",50.988483,3.808303,2023-06-12,"DIGITAF_BIODIVERSITY_FLEMISH_TREEROWS:OCCURRENCE:carabid beetles:Pitfall:Me2:crtl:2023-06-12:1229"
"1230","Me2","crtl","Polydesmus inconstans",1,"F","","Pitfall","Pallieter De Smedt","Ad",1,"Polydesmidae","Polydesmida","millipedes",50.988483,3.808303,2023-06-12,"DIGITAF_BIODIVERSITY_FLEMISH_TREEROWS:OCCURRENCE:millipedes:Pitfall:Me2:crtl:2023-06-12:1230"
"1231","Me2","crtl","Parophonus maculicornis",1,"M","","Pitfall","Marc Vankerckvoorde","Ad",1,"Carabidae","Coleoptera","carabid beetles",50.988483,3.808303,2023-06-12,"DIGITAF_BIODIVERSITY_FLEMISH_TREEROWS:OCCURRENCE:carabid beetles:Pitfall:Me2:crtl:2023-06-12:1231"
"1232","Me2","crtl","Poecilus versicolor",1,"F","","Pitfall","Marc Vankerckvoorde","Ad",2,"Carabidae","Coleoptera","carabid beetles",50.988483,3.808303,2023-06-12,"DIGITAF_BIODIVERSITY_FLEMISH_TREEROWS:OCCURRENCE:carabid beetles:Pitfall:Me2:crtl:2023-06-12:1232"
"1233","Me2","crtl","Tachyporus nitidulus",1,"","","Pitfall","Marc Vankerckvoorde","Ad",1,"Staphylinidae","Coleoptera","staphylinid beetles",50.988483,3.808303,2023-06-12,"DIGITAF_BIODIVERSITY_FLEMISH_TREEROWS:OCCURRENCE:staphylinid beetles:Pitfall:Me2:crtl:2023-06-12:1233"
"1234","Me2","crtl","Pardosa pullata",2,"M","","Pitfall","Johan Van Keer","Ad",3,"Lycosidae","Araneae","spiders",50.988483,3.808303,2023-06-12,"DIGITAF_BIODIVERSITY_FLEMISH_TREEROWS:OCCURRENCE:spiders:Pitfall:Me2:crtl:2023-06-12:1234"
"1235","Me2","crtl","Panagaeus bipustulatus",1,"F","","Pitfall","Marc Vankerckvoorde","Ad",1,"Carabidae","Coleoptera","carabid beetles",50.988483,3.808303,2023-06-12,"DIGITAF_BIODIVERSITY_FLEMISH_TREEROWS:OCCURRENCE:carabid beetles:Pitfall:Me2:crtl:2023-06-12:1235"
"1236","Me2","crtl","Anisodactylus binotatus",1,"M","","Pitfall","Marc Vankerckvoorde","Ad",2,"Carabidae","Coleoptera","carabid beetles",50.988483,3.808303,2023-06-12,"DIGITAF_BIODIVERSITY_FLEMISH_TREEROWS:OCCURRENCE:carabid beetles:Pitfall:Me2:crtl:2023-06-12:1236"
"1237","Me2","crtl","Amara aenea",1,"M","","Pitfall","Marc Vankerckvoorde","Ad",4,"Carabidae","Coleoptera","carabid beetles",50.988483,3.808303,2023-06-12,"DIGITAF_BIODIVERSITY_FLEMISH_TREEROWS:OCCURRENCE:carabid beetles:Pitfall:Me2:crtl:2023-06-12:1237"
"1238","Me2","crtl","Brachyiulus pusillus",1,"M","","Pitfall","Pallieter De Smedt","Ad",2,"Julidae","Julida","millipedes",50.988483,3.808303,2023-06-12,"DIGITAF_BIODIVERSITY_FLEMISH_TREEROWS:OCCURRENCE:millipedes:Pitfall:Me2:crtl:2023-06-12:1238"
"1239","Me2","crtl","Amara aenea",2,"M","","Pitfall","Marc Vankerckvoorde","Ad",4,"Carabidae","Coleoptera","carabid beetles",50.988483,3.808303,2023-06-12,"DIGITAF_BIODIVERSITY_FLEMISH_TREEROWS:OCCURRENCE:carabid beetles:Pitfall:Me2:crtl:2023-06-12:1239"
"1240","Me2","crtl","Parophonus maculicornis",2,"F","","Pitfall","Marc Vankerckvoorde","Ad",1,"Carabidae","Coleoptera","carabid beetles",50.988483,3.808303,2023-06-12,"DIGITAF_BIODIVERSITY_FLEMISH_TREEROWS:OCCURRENCE:carabid beetles:Pitfall:Me2:crtl:2023-06-12:1240"
"1241","Me2","crtl","Margarinotus purpurascens",1,"","","","Marc Vankerckvoorde","Ad",1,"Histeridae","Coleoptera","other beetles",50.988483,3.808303,2023-06-12,"DIGITAF_BIODIVERSITY_FLEMISH_TREEROWS:OCCURRENCE:other beetles::Me2:crtl:2023-06-12:1241"
"1242","Me2","crtl","Anisodactylus binotatus",1,"F","","Pitfall","Marc Vankerckvoorde","Ad",2,"Carabidae","Coleoptera","carabid beetles",50.988483,3.808303,2023-06-12,"DIGITAF_BIODIVERSITY_FLEMISH_TREEROWS:OCCURRENCE:carabid beetles:Pitfall:Me2:crtl:2023-06-12:1242"
"1243","Me2","crtl","Armadillidium vulgare",1,"","","Pitfall","Pallieter De Smedt","Ad",25,"Armadillidiidae","Isopoda","woodlice",50.988483,3.808303,2023-06-12,"DIGITAF_BIODIVERSITY_FLEMISH_TREEROWS:OCCURRENCE:woodlice:Pitfall:Me2:crtl:2023-06-12:1243"
"1244","Me2","crtl","Lamyctes emarginatus",1,"","","Pitfall","Koen Lock","Ad",1,"Henicopidae","Lithobiomorpha","centipedes",50.988483,3.808303,2023-06-12,"DIGITAF_BIODIVERSITY_FLEMISH_TREEROWS:OCCURRENCE:centipedes:Pitfall:Me2:crtl:2023-06-12:1244"
"1245","Me2","crtl","Amara communis",1,"F","","Pitfall","Marc Vankerckvoorde","Ad",1,"Carabidae","Coleoptera","carabid beetles",50.988483,3.808303,2023-06-12,"DIGITAF_BIODIVERSITY_FLEMISH_TREEROWS:OCCURRENCE:carabid beetles:Pitfall:Me2:crtl:2023-06-12:1245"
"1246","Me2","crtl","Pardosa palustris",2,"M","","Pitfall","Johan Van Keer","Ad",1,"Lycosidae","Araneae","spiders",50.988483,3.808303,2023-06-12,"DIGITAF_BIODIVERSITY_FLEMISH_TREEROWS:OCCURRENCE:spiders:Pitfall:Me2:crtl:2023-06-12:1246"
"1247","Me2","crtl","Anisodactylus binotatus",2,"F","","Pitfall","Marc Vankerckvoorde","Ad",1,"Carabidae","Coleoptera","carabid beetles",50.988483,3.808303,2023-06-12,"DIGITAF_BIODIVERSITY_FLEMISH_TREEROWS:OCCURRENCE:carabid beetles:Pitfall:Me2:crtl:2023-06-12:1247"
"1248","Me2","crtl","Pardosa nigriceps",1,"M","","Pitfall","Johan Van Keer","Ad",1,"Lycosidae","Araneae","spiders",50.988483,3.808303,2023-06-12,"DIGITAF_BIODIVERSITY_FLEMISH_TREEROWS:OCCURRENCE:spiders:Pitfall:Me2:crtl:2023-06-12:1248"
"1249","Me2","crtl","Poecilus versicolor",1,"M","","Pitfall","Marc Vankerckvoorde","Ad",4,"Carabidae","Coleoptera","carabid beetles",50.988483,3.808303,2023-06-12,"DIGITAF_BIODIVERSITY_FLEMISH_TREEROWS:OCCURRENCE:carabid beetles:Pitfall:Me2:crtl:2023-06-12:1249"
"1250","Me2","crtl","Trochosa ruricola",1,"M","","Pitfall","Johan Van Keer","Ad",1,"Lycosidae","Araneae","spiders",50.988483,3.808303,2023-06-12,"DIGITAF_BIODIVERSITY_FLEMISH_TREEROWS:OCCURRENCE:spiders:Pitfall:Me2:crtl:2023-06-12:1250"
"1251","Me2","crtl","Pardosa tenuipes",1,"F","","Pitfall","Johan Van Keer","Ad",5,"Lycosidae","Araneae","spiders",50.988483,3.808303,2023-06-12,"DIGITAF_BIODIVERSITY_FLEMISH_TREEROWS:OCCURRENCE:spiders:Pitfall:Me2:crtl:2023-06-12:1251"
"1252","Me2","crtl","Parophonus maculicornis",1,"F","","Pitfall","Marc Vankerckvoorde","Ad",4,"Carabidae","Coleoptera","carabid beetles",50.988483,3.808303,2023-06-12,"DIGITAF_BIODIVERSITY_FLEMISH_TREEROWS:OCCURRENCE:carabid beetles:Pitfall:Me2:crtl:2023-06-12:1252"
"1253","Me2","crtl","Amara communis",2,"M","","Pitfall","Marc Vankerckvoorde","Ad",2,"Carabidae","Coleoptera","carabid beetles",50.988483,3.808303,2023-06-12,"DIGITAF_BIODIVERSITY_FLEMISH_TREEROWS:OCCURRENCE:carabid beetles:Pitfall:Me2:crtl:2023-06-12:1253"
"1254","Me2","crtl","Amara aenea",1,"F","","Pitfall","Marc Vankerckvoorde","Ad",3,"Carabidae","Coleoptera","carabid beetles",50.988483,3.808303,2023-06-12,"DIGITAF_BIODIVERSITY_FLEMISH_TREEROWS:OCCURRENCE:carabid beetles:Pitfall:Me2:crtl:2023-06-12:1254"
"1255","Me2","crtl","Erigone dentipalpis",2,"M","","Pitfall","Johan Van Keer","Ad",1,"Linyphiidae","Araneae","spiders",50.988483,3.808303,2023-06-12,"DIGITAF_BIODIVERSITY_FLEMISH_TREEROWS:OCCURRENCE:spiders:Pitfall:Me2:crtl:2023-06-12:1255"
"1256","Me2","crtl","Drassyllus pusillus",2,"M","","Pitfall","Johan Van Keer","Ad",2,"Gnaphosidae","Araneae","spiders",50.988483,3.808303,2023-06-12,"DIGITAF_BIODIVERSITY_FLEMISH_TREEROWS:OCCURRENCE:spiders:Pitfall:Me2:crtl:2023-06-12:1256"
"1257","Me2","crtl","Pardosa tenuipes",1,"M","","Pitfall","Johan Van Keer","Ad",1,"Lycosidae","Araneae","spiders",50.988483,3.808303,2023-06-12,"DIGITAF_BIODIVERSITY_FLEMISH_TREEROWS:OCCURRENCE:spiders:Pitfall:Me2:crtl:2023-06-12:1257"
"1258","Me2","crtl","Poecilus cupreus",2,"M","","Pitfall","Marc Vankerckvoorde","Ad",1,"Carabidae","Coleoptera","carabid beetles",50.988483,3.808303,2023-06-12,"DIGITAF_BIODIVERSITY_FLEMISH_TREEROWS:OCCURRENCE:carabid beetles:Pitfall:Me2:crtl:2023-06-12:1258"
"1259","Me2","crtl","Pardosa tenuipes",2,"F","","Pitfall","Johan Van Keer","Ad",3,"Lycosidae","Araneae","spiders",50.988483,3.808303,2023-06-12,"DIGITAF_BIODIVERSITY_FLEMISH_TREEROWS:OCCURRENCE:spiders:Pitfall:Me2:crtl:2023-06-12:1259"
"1260","Me2","crtl","Pardosa nigriceps",2,"M","","Pitfall","Johan Van Keer","Ad",2,"Lycosidae","Araneae","spiders",50.988483,3.808303,2023-06-12,"DIGITAF_BIODIVERSITY_FLEMISH_TREEROWS:OCCURRENCE:spiders:Pitfall:Me2:crtl:2023-06-12:1260"
"1261","Me2","crtl","Trachelipus rathkii",1,"","","Pitfall","Pallieter De Smedt","Ad",3,"Trachelipodidae","Isopoda","woodlice",50.988483,3.808303,2023-06-12,"DIGITAF_BIODIVERSITY_FLEMISH_TREEROWS:OCCURRENCE:woodlice:Pitfall:Me2:crtl:2023-06-12:1261"
"1262","Me2","crtl","Harpalus luteicornis",2,"M","","Pitfall","Marc Vankerckvoorde","Ad",1,"Carabidae","Coleoptera","carabid beetles",50.988483,3.808303,2023-06-12,"DIGITAF_BIODIVERSITY_FLEMISH_TREEROWS:OCCURRENCE:carabid beetles:Pitfall:Me2:crtl:2023-06-12:1262"
"1263","Me2","crtl","Trochosa ruricola",2,"M","","Pitfall","Johan Van Keer","Ad",2,"Lycosidae","Araneae","spiders",50.988483,3.808303,2023-06-12,"DIGITAF_BIODIVERSITY_FLEMISH_TREEROWS:OCCURRENCE:spiders:Pitfall:Me2:crtl:2023-06-12:1263"
"1264","Me2","crtl","Lasius niger",1,"F","","Pitfall","Wouter Dekoninck","Ad",81,"Formicidae","Hymenoptera","ants",50.988483,3.808303,2023-06-12,"DIGITAF_BIODIVERSITY_FLEMISH_TREEROWS:OCCURRENCE:ants:Pitfall:Me2:crtl:2023-06-12:1264"
"1265","Me2","crtl","Alopecosa pulverulenta",1,"F","","Pitfall","Johan Van Keer","Ad",1,"Lycosidae","Araneae","spiders",50.988483,3.808303,2023-06-12,"DIGITAF_BIODIVERSITY_FLEMISH_TREEROWS:OCCURRENCE:spiders:Pitfall:Me2:crtl:2023-06-12:1265"
"1266","Me2","crtl","Cylindroiulus britannicus",1,"M","","Pitfall","Pallieter De Smedt","Ad",1,"Julidae","Julida","millipedes",50.988483,3.808303,2023-06-12,"DIGITAF_BIODIVERSITY_FLEMISH_TREEROWS:OCCURRENCE:millipedes:Pitfall:Me2:crtl:2023-06-12:1266"
"1267","Me2","tree","Pterostichus melanarius",1,"M","","Pitfall","Marc Vankerckvoorde","Ad",1,"Carabidae","Coleoptera","carabid beetles",50.988411,3.808989,2023-06-12,"DIGITAF_BIODIVERSITY_FLEMISH_TREEROWS:OCCURRENCE:carabid beetles:Pitfall:Me2:tree:2023-06-12:1267"
"1268","Me2","tree","Philonthus carbonarius",1,"","","Pitfall","Marc Vankerckvoorde","Ad",2,"Staphylinidae","Coleoptera","staphylinid beetles",50.988411,3.808989,2023-06-12,"DIGITAF_BIODIVERSITY_FLEMISH_TREEROWS:OCCURRENCE:staphylinid beetles:Pitfall:Me2:tree:2023-06-12:1268"
"1269","Me2","tree","Diachromus germanus",2,"M","","Pitfall","Marc Vankerckvoorde","Ad",1,"Carabidae","Coleoptera","carabid beetles",50.988411,3.808989,2023-06-12,"DIGITAF_BIODIVERSITY_FLEMISH_TREEROWS:OCCURRENCE:carabid beetles:Pitfall:Me2:tree:2023-06-12:1269"
"1270","Me2","tree","Pella limbata",2,"","","Pitfall","Marc Vankerckvoorde","Ad",1,"Staphylinidae","Coleoptera","staphylinid beetles",50.988411,3.808989,2023-06-12,"DIGITAF_BIODIVERSITY_FLEMISH_TREEROWS:OCCURRENCE:staphylinid beetles:Pitfall:Me2:tree:2023-06-12:1270"
"1271","Me2","tree","Nebria brevicollis",1,"M","","Pitfall","Marc Vankerckvoorde","Ad",2,"Carabidae","Coleoptera","carabid beetles",50.988411,3.808989,2023-06-12,"DIGITAF_BIODIVERSITY_FLEMISH_TREEROWS:OCCURRENCE:carabid beetles:Pitfall:Me2:tree:2023-06-12:1271"
"1272","Me2","tree","Julidae indet.",1,"","","Pitfall","Pallieter De Smedt","Juv",1,"Julidae","Julida","millipedes",50.988411,3.808989,2023-06-12,"DIGITAF_BIODIVERSITY_FLEMISH_TREEROWS:OCCURRENCE:millipedes:Pitfall:Me2:tree:2023-06-12:1272"
"1273","Me2","tree","Trachyzelotes pedestris",1,"F","","Pitfall","Johan Van Keer","Ad",1,"Gnaphosidae","Araneae","spiders",50.988411,3.808989,2023-06-12,"DIGITAF_BIODIVERSITY_FLEMISH_TREEROWS:OCCURRENCE:spiders:Pitfall:Me2:tree:2023-06-12:1273"
"1274","Me2","tree","Pterostichus melanarius",1,"F","","Pitfall","Marc Vankerckvoorde","Ad",1,"Carabidae","Coleoptera","carabid beetles",50.988411,3.808989,2023-06-12,"DIGITAF_BIODIVERSITY_FLEMISH_TREEROWS:OCCURRENCE:carabid beetles:Pitfall:Me2:tree:2023-06-12:1274"
"1275","Me2","tree","Anchomenus dorsalis",2,"M","","Pitfall","Marc Vankerckvoorde","Ad",1,"Carabidae","Coleoptera","carabid beetles",50.988411,3.808989,2023-06-12,"DIGITAF_BIODIVERSITY_FLEMISH_TREEROWS:OCCURRENCE:carabid beetles:Pitfall:Me2:tree:2023-06-12:1275"
"1276","Me2","tree","Harpalus tardus",2,"M","","Pitfall","Marc Vankerckvoorde","Ad",1,"Carabidae","Coleoptera","carabid beetles",50.988411,3.808989,2023-06-12,"DIGITAF_BIODIVERSITY_FLEMISH_TREEROWS:OCCURRENCE:carabid beetles:Pitfall:Me2:tree:2023-06-12:1276"
"1277","Me2","tree","Tachyporus hypnorum",1,"","","Pitfall","Marc Vankerckvoorde","Ad",1,"Staphylinidae","Coleoptera","staphylinid beetles",50.988411,3.808989,2023-06-12,"DIGITAF_BIODIVERSITY_FLEMISH_TREEROWS:OCCURRENCE:staphylinid beetles:Pitfall:Me2:tree:2023-06-12:1277"
"1278","Me2","tree","Cylindroiulus latestriatus/britannicus",2,"F","","Pitfall","Pallieter De Smedt","Ad",1,"Julidae","Julida","millipedes",50.988411,3.808989,2023-06-12,"DIGITAF_BIODIVERSITY_FLEMISH_TREEROWS:OCCURRENCE:millipedes:Pitfall:Me2:tree:2023-06-12:1278"
"1279","Me2","tree","Xysticus kochi",2,"F","","Pitfall","Johan Van Keer","Ad",1,"Thomisidae","Araneae","spiders",50.988411,3.808989,2023-06-12,"DIGITAF_BIODIVERSITY_FLEMISH_TREEROWS:OCCURRENCE:spiders:Pitfall:Me2:tree:2023-06-12:1279"
"1280","Me2","tree","Harpalus tardus",1,"F","","Pitfall","Marc Vankerckvoorde","Ad",1,"Carabidae","Coleoptera","carabid beetles",50.988411,3.808989,2023-06-12,"DIGITAF_BIODIVERSITY_FLEMISH_TREEROWS:OCCURRENCE:carabid beetles:Pitfall:Me2:tree:2023-06-12:1280"
"1281","Me2","tree","Amara aenea",1,"F","","Pitfall","Marc Vankerckvoorde","Ad",1,"Carabidae","Coleoptera","carabid beetles",50.988411,3.808989,2023-06-12,"DIGITAF_BIODIVERSITY_FLEMISH_TREEROWS:OCCURRENCE:carabid beetles:Pitfall:Me2:tree:2023-06-12:1281"
"1282","Me2","tree","Poecilus cupreus",2,"F","","Pitfall","Marc Vankerckvoorde","Ad",1,"Carabidae","Coleoptera","carabid beetles",50.988411,3.808989,2023-06-12,"DIGITAF_BIODIVERSITY_FLEMISH_TREEROWS:OCCURRENCE:carabid beetles:Pitfall:Me2:tree:2023-06-12:1282"
"1283","Me2","tree","Phrurolithus festivus",2,"M","","Pitfall","Johan Van Keer","Ad",1,"Phrurolithidae","Araneae","spiders",50.988411,3.808989,2023-06-12,"DIGITAF_BIODIVERSITY_FLEMISH_TREEROWS:OCCURRENCE:spiders:Pitfall:Me2:tree:2023-06-12:1283"
"1284","Me2","tree","Agyneta rurestris",1,"M","","Pitfall","Johan Van Keer","Ad",1,"Linyphiidae","Araneae","spiders",50.988411,3.808989,2023-06-12,"DIGITAF_BIODIVERSITY_FLEMISH_TREEROWS:OCCURRENCE:spiders:Pitfall:Me2:tree:2023-06-12:1284"
"1285","Me2","tree","Pardosa palustris",2,"M","","Pitfall","Johan Van Keer","Ad",1,"Lycosidae","Araneae","spiders",50.988411,3.808989,2023-06-12,"DIGITAF_BIODIVERSITY_FLEMISH_TREEROWS:OCCURRENCE:spiders:Pitfall:Me2:tree:2023-06-12:1285"
"1286","Me2","tree","Parophonus maculicornis",2,"M","","Pitfall","Marc Vankerckvoorde","Ad",3,"Carabidae","Coleoptera","carabid beetles",50.988411,3.808989,2023-06-12,"DIGITAF_BIODIVERSITY_FLEMISH_TREEROWS:OCCURRENCE:carabid beetles:Pitfall:Me2:tree:2023-06-12:1286"
"1287","Me2","tree","Porcellio scaber",1,"","","Pitfall","Pallieter De Smedt","Ad",1,"Porcellionidae","Isopoda","woodlice",50.988411,3.808989,2023-06-12,"DIGITAF_BIODIVERSITY_FLEMISH_TREEROWS:OCCURRENCE:woodlice:Pitfall:Me2:tree:2023-06-12:1287"
"1288","Me2","tree","Sepedophilus spec.",2,"F","","Pitfall","Marc Vankerckvoorde","Ad",1,"Staphylinidae","Coleoptera","staphylinid beetles",50.988411,3.808989,2023-06-12,"DIGITAF_BIODIVERSITY_FLEMISH_TREEROWS:OCCURRENCE:staphylinid beetles:Pitfall:Me2:tree:2023-06-12:1288"
"1289","Me2","tree","Pardosa nigriceps",2,"F","","Pitfall","Johan Van Keer","Ad",1,"Lycosidae","Araneae","spiders",50.988411,3.808989,2023-06-12,"DIGITAF_BIODIVERSITY_FLEMISH_TREEROWS:OCCURRENCE:spiders:Pitfall:Me2:tree:2023-06-12:1289"
"1290","Me2","tree","Philonthus cognatus",1,"M","","Pitfall","Marc Vankerckvoorde","Ad",2,"Staphylinidae","Coleoptera","staphylinid beetles",50.988411,3.808989,2023-06-12,"DIGITAF_BIODIVERSITY_FLEMISH_TREEROWS:OCCURRENCE:staphylinid beetles:Pitfall:Me2:tree:2023-06-12:1290"
"1291","Me2","tree","Harpalus luteicornis",1,"","","Pitfall","Marc Vankerckvoorde","Ad",1,"Carabidae","Coleoptera","carabid beetles",50.988411,3.808989,2023-06-12,"DIGITAF_BIODIVERSITY_FLEMISH_TREEROWS:OCCURRENCE:carabid beetles:Pitfall:Me2:tree:2023-06-12:1291"
"1292","Me2","tree","Cylindroiulus caeruleocinctus",1,"F","","Pitfall","Pallieter De Smedt","Ad",1,"Julidae","Julida","millipedes",50.988411,3.808989,2023-06-12,"DIGITAF_BIODIVERSITY_FLEMISH_TREEROWS:OCCURRENCE:millipedes:Pitfall:Me2:tree:2023-06-12:1292"
"1293","Me2","tree","Poecilus versicolor",1,"M","","Pitfall","Marc Vankerckvoorde","Ad",8,"Carabidae","Coleoptera","carabid beetles",50.988411,3.808989,2023-06-12,"DIGITAF_BIODIVERSITY_FLEMISH_TREEROWS:OCCURRENCE:carabid beetles:Pitfall:Me2:tree:2023-06-12:1293"
"1294","Me2","tree","Trachyzelotes pedestris",2,"M","","Pitfall","Johan Van Keer","Ad",1,"Gnaphosidae","Araneae","spiders",50.988411,3.808989,2023-06-12,"DIGITAF_BIODIVERSITY_FLEMISH_TREEROWS:OCCURRENCE:spiders:Pitfall:Me2:tree:2023-06-12:1294"
"1295","Me2","tree","Rugilus rufipes",1,"","","Pitfall","Marc Vankerckvoorde","Ad",1,"Staphylinidae","Coleoptera","staphylinid beetles",50.988411,3.808989,2023-06-12,"DIGITAF_BIODIVERSITY_FLEMISH_TREEROWS:OCCURRENCE:staphylinid beetles:Pitfall:Me2:tree:2023-06-12:1295"
"1296","Me2","tree","Piratula latitans",2,"M","","Pitfall","Johan Van Keer","Ad",1,"Lycosidae","Araneae","spiders",50.988411,3.808989,2023-06-12,"DIGITAF_BIODIVERSITY_FLEMISH_TREEROWS:OCCURRENCE:spiders:Pitfall:Me2:tree:2023-06-12:1296"
"1297","Me2","tree","Poecilus versicolor",2,"M","","Pitfall","Marc Vankerckvoorde","Ad",1,"Carabidae","Coleoptera","carabid beetles",50.988411,3.808989,2023-06-12,"DIGITAF_BIODIVERSITY_FLEMISH_TREEROWS:OCCURRENCE:carabid beetles:Pitfall:Me2:tree:2023-06-12:1297"
"1298","Me2","tree","Poecilus cupreus",1,"F","","Pitfall","Marc Vankerckvoorde","Ad",1,"Carabidae","Coleoptera","carabid beetles",50.988411,3.808989,2023-06-12,"DIGITAF_BIODIVERSITY_FLEMISH_TREEROWS:OCCURRENCE:carabid beetles:Pitfall:Me2:tree:2023-06-12:1298"
"1299","Me2","tree","Philonthus cognatus",2,"","","Pitfall","Marc Vankerckvoorde","Ad",1,"Staphylinidae","Coleoptera","staphylinid beetles",50.988411,3.808989,2023-06-12,"DIGITAF_BIODIVERSITY_FLEMISH_TREEROWS:OCCURRENCE:staphylinid beetles:Pitfall:Me2:tree:2023-06-12:1299"
"1300","Me2","tree","Parophonus maculicornis",1,"M","","Pitfall","Marc Vankerckvoorde","Ad",3,"Carabidae","Coleoptera","carabid beetles",50.988411,3.808989,2023-06-12,"DIGITAF_BIODIVERSITY_FLEMISH_TREEROWS:OCCURRENCE:carabid beetles:Pitfall:Me2:tree:2023-06-12:1300"
"1301","Me2","tree","Lasius niger",1,"F","","Pitfall","Wouter Dekoninck","Ad",12,"Formicidae","Hymenoptera","ants",50.988411,3.808989,2023-06-12,"DIGITAF_BIODIVERSITY_FLEMISH_TREEROWS:OCCURRENCE:ants:Pitfall:Me2:tree:2023-06-12:1301"
"1302","Me2","tree","Armadillidium vulgare",2,"","","Pitfall","Pallieter De Smedt","Ad",80,"Armadillidiidae","Isopoda","woodlice",50.988411,3.808989,2023-06-12,"DIGITAF_BIODIVERSITY_FLEMISH_TREEROWS:OCCURRENCE:woodlice:Pitfall:Me2:tree:2023-06-12:1302"
"1303","Me2","tree","Pardosa pullata",2,"M","","Pitfall","Johan Van Keer","Ad",3,"Lycosidae","Araneae","spiders",50.988411,3.808989,2023-06-12,"DIGITAF_BIODIVERSITY_FLEMISH_TREEROWS:OCCURRENCE:spiders:Pitfall:Me2:tree:2023-06-12:1303"
"1304","Me2","tree","Armadillidium vulgare",1,"","","Pitfall","Pallieter De Smedt","Ad",142,"Armadillidiidae","Isopoda","woodlice",50.988411,3.808989,2023-06-12,"DIGITAF_BIODIVERSITY_FLEMISH_TREEROWS:OCCURRENCE:woodlice:Pitfall:Me2:tree:2023-06-12:1304"
"1305","Me2","tree","Parophonus maculicornis",2,"F","","Pitfall","Marc Vankerckvoorde","Ad",5,"Carabidae","Coleoptera","carabid beetles",50.988411,3.808989,2023-06-12,"DIGITAF_BIODIVERSITY_FLEMISH_TREEROWS:OCCURRENCE:carabid beetles:Pitfall:Me2:tree:2023-06-12:1305"
"1306","Me2","tree","Arctosa leopardus",1,"F","","Pitfall","Johan Van Keer","Ad",1,"Lycosidae","Araneae","spiders",50.988411,3.808989,2023-06-12,"DIGITAF_BIODIVERSITY_FLEMISH_TREEROWS:OCCURRENCE:spiders:Pitfall:Me2:tree:2023-06-12:1306"
"1307","Me2","tree","Amara plebeja",2,"F","","Pitfall","Marc Vankerckvoorde","Ad",1,"Carabidae","Coleoptera","carabid beetles",50.988411,3.808989,2023-06-12,"DIGITAF_BIODIVERSITY_FLEMISH_TREEROWS:OCCURRENCE:carabid beetles:Pitfall:Me2:tree:2023-06-12:1307"
"1308","Me2","tree","Pardosa nigriceps",1,"M","","Pitfall","Johan Van Keer","Ad",1,"Lycosidae","Araneae","spiders",50.988411,3.808989,2023-06-12,"DIGITAF_BIODIVERSITY_FLEMISH_TREEROWS:OCCURRENCE:spiders:Pitfall:Me2:tree:2023-06-12:1308"
"1309","Me2","tree","Philoscia muscorum",2,"","","Pitfall","Pallieter De Smedt","Ad",3,"Philosciidae","Isopoda","woodlice",50.988411,3.808989,2023-06-12,"DIGITAF_BIODIVERSITY_FLEMISH_TREEROWS:OCCURRENCE:woodlice:Pitfall:Me2:tree:2023-06-12:1309"
"1310","Me2","tree","Pardosa nigriceps",1,"F","","Pitfall","Johan Van Keer","Ad",2,"Lycosidae","Araneae","spiders",50.988411,3.808989,2023-06-12,"DIGITAF_BIODIVERSITY_FLEMISH_TREEROWS:OCCURRENCE:spiders:Pitfall:Me2:tree:2023-06-12:1310"
"1311","Me2","tree","Lasius niger",2,"F","","Pitfall","Wouter Dekoninck","Ad",20,"Formicidae","Hymenoptera","ants",50.988411,3.808989,2023-06-12,"DIGITAF_BIODIVERSITY_FLEMISH_TREEROWS:OCCURRENCE:ants:Pitfall:Me2:tree:2023-06-12:1311"
"1312","Me2","tree","Lasius brunneus",1,"F","","Pitfall","Wouter Dekoninck","Ad",2,"Formicidae","Hymenoptera","ants",50.988411,3.808989,2023-06-12,"DIGITAF_BIODIVERSITY_FLEMISH_TREEROWS:OCCURRENCE:ants:Pitfall:Me2:tree:2023-06-12:1312"
"1313","Me2","tree","Parophonus maculicornis",1,"F","","Pitfall","Marc Vankerckvoorde","Ad",2,"Carabidae","Coleoptera","carabid beetles",50.988411,3.808989,2023-06-12,"DIGITAF_BIODIVERSITY_FLEMISH_TREEROWS:OCCURRENCE:carabid beetles:Pitfall:Me2:tree:2023-06-12:1313"
"1314","Me2","tree","Poecilus versicolor",1,"F","","Pitfall","Marc Vankerckvoorde","Ad",2,"Carabidae","Coleoptera","carabid beetles",50.988411,3.808989,2023-06-12,"DIGITAF_BIODIVERSITY_FLEMISH_TREEROWS:OCCURRENCE:carabid beetles:Pitfall:Me2:tree:2023-06-12:1314"
"1315","Me2","tree","Tenuiphantes tenuis",1,"M","","Pitfall","Johan Van Keer","Ad",1,"Linyphiidae","Araneae","spiders",50.988411,3.808989,2023-06-12,"DIGITAF_BIODIVERSITY_FLEMISH_TREEROWS:OCCURRENCE:spiders:Pitfall:Me2:tree:2023-06-12:1315"
"1316","Me2","tree","Trachyzelotes pedestris",1,"M","","Pitfall","Johan Van Keer","Ad",3,"Gnaphosidae","Araneae","spiders",50.988411,3.808989,2023-06-12,"DIGITAF_BIODIVERSITY_FLEMISH_TREEROWS:OCCURRENCE:spiders:Pitfall:Me2:tree:2023-06-12:1316"
"1317","Me2","tree","Tachyporus spec.",1,"","","Pitfall","Marc Vankerckvoorde","Ad",1,"Staphylinidae","Coleoptera","staphylinid beetles",50.988411,3.808989,2023-06-12,"DIGITAF_BIODIVERSITY_FLEMISH_TREEROWS:OCCURRENCE:staphylinid beetles:Pitfall:Me2:tree:2023-06-12:1317"
"1318","Me2","tree","Syntomus foveatus",2,"F","","Pitfall","Marc Vankerckvoorde","Ad",1,"Carabidae","Coleoptera","carabid beetles",50.988411,3.808989,2023-06-12,"DIGITAF_BIODIVERSITY_FLEMISH_TREEROWS:OCCURRENCE:carabid beetles:Pitfall:Me2:tree:2023-06-12:1318"
"1319","Me2","tree","Dysdera crocata",1,"M","","Pitfall","Johan Van Keer","Ad",1,"Dysderidae","Araneae","spiders",50.988411,3.808989,2023-06-12,"DIGITAF_BIODIVERSITY_FLEMISH_TREEROWS:OCCURRENCE:spiders:Pitfall:Me2:tree:2023-06-12:1319"
"1320","Me2","tree","Harpalus rufipes",2,"M","","Pitfall","Marc Vankerckvoorde","Ad",1,"Carabidae","Coleoptera","carabid beetles",50.988411,3.808989,2023-06-12,"DIGITAF_BIODIVERSITY_FLEMISH_TREEROWS:OCCURRENCE:carabid beetles:Pitfall:Me2:tree:2023-06-12:1320"
"1321","Oz","crop","Amara familiaris",2,"M","","Pitfall","Marc Vankerckvoorde","Ad",1,"Carabidae","Coleoptera","carabid beetles",50.930752,3.833002,2023-06-12,"DIGITAF_BIODIVERSITY_FLEMISH_TREEROWS:OCCURRENCE:carabid beetles:Pitfall:Oz:crop:2023-06-12:1321"
"1322","Oz","crop","Lathrobium fulvipenne",2,"M","","Pitfall","Marc Vankerckvoorde","Ad",1,"Staphylinidae","Coleoptera","staphylinid beetles",50.930752,3.833002,2023-06-12,"DIGITAF_BIODIVERSITY_FLEMISH_TREEROWS:OCCURRENCE:staphylinid beetles:Pitfall:Oz:crop:2023-06-12:1322"
"1323","Oz","crop","Oedothorax apicatus",1,"F","","Pitfall","Johan Van Keer","Ad",1,"Linyphiidae","Araneae","spiders",50.930752,3.833002,2023-06-12,"DIGITAF_BIODIVERSITY_FLEMISH_TREEROWS:OCCURRENCE:spiders:Pitfall:Oz:crop:2023-06-12:1323"
"1324","Oz","crop","Amara familiaris",1,"M","","Pitfall","Marc Vankerckvoorde","Ad",1,"Carabidae","Coleoptera","carabid beetles",50.930752,3.833002,2023-06-12,"DIGITAF_BIODIVERSITY_FLEMISH_TREEROWS:OCCURRENCE:carabid beetles:Pitfall:Oz:crop:2023-06-12:1324"
"1325","Oz","crop","Pterostichus vernalis",1,"M","","Pitfall","Marc Vankerckvoorde","Ad",1,"Carabidae","Coleoptera","carabid beetles",50.930752,3.833002,2023-06-12,"DIGITAF_BIODIVERSITY_FLEMISH_TREEROWS:OCCURRENCE:carabid beetles:Pitfall:Oz:crop:2023-06-12:1325"
"1326","Oz","crop","Poecilus cupreus",1,"F","","Pitfall","Marc Vankerckvoorde","Ad",19,"Carabidae","Coleoptera","carabid beetles",50.930752,3.833002,2023-06-12,"DIGITAF_BIODIVERSITY_FLEMISH_TREEROWS:OCCURRENCE:carabid beetles:Pitfall:Oz:crop:2023-06-12:1326"
"1327","Oz","crop","Harpalus distinguendus",1,"M","","Pitfall","Marc Vankerckvoorde","Ad",2,"Carabidae","Coleoptera","carabid beetles",50.930752,3.833002,2023-06-12,"DIGITAF_BIODIVERSITY_FLEMISH_TREEROWS:OCCURRENCE:carabid beetles:Pitfall:Oz:crop:2023-06-12:1327"
"1328","Oz","crop","Poecilus cupreus",1,"M","","Pitfall","Marc Vankerckvoorde","Ad",37,"Carabidae","Coleoptera","carabid beetles",50.930752,3.833002,2023-06-12,"DIGITAF_BIODIVERSITY_FLEMISH_TREEROWS:OCCURRENCE:carabid beetles:Pitfall:Oz:crop:2023-06-12:1328"
"1329","Oz","crop","Pardosa palustris",1,"M","","Pitfall","Johan Van Keer","Ad",2,"Lycosidae","Araneae","spiders",50.930752,3.833002,2023-06-12,"DIGITAF_BIODIVERSITY_FLEMISH_TREEROWS:OCCURRENCE:spiders:Pitfall:Oz:crop:2023-06-12:1329"
"1330","Oz","crop","Collinsia inerrans",1,"M","","Pitfall","Johan Van Keer","Ad",1,"Linyphiidae","Araneae","spiders",50.930752,3.833002,2023-06-12,"DIGITAF_BIODIVERSITY_FLEMISH_TREEROWS:OCCURRENCE:spiders:Pitfall:Oz:crop:2023-06-12:1330"
"1331","Oz","crop","Collinsia inerrans",1,"F","","Pitfall","Johan Van Keer","Ad",1,"Linyphiidae","Araneae","spiders",50.930752,3.833002,2023-06-12,"DIGITAF_BIODIVERSITY_FLEMISH_TREEROWS:OCCURRENCE:spiders:Pitfall:Oz:crop:2023-06-12:1331"
"1332","Oz","crop","Erigone dentipalpis",1,"M","","Pitfall","Johan Van Keer","Ad",8,"Linyphiidae","Araneae","spiders",50.930752,3.833002,2023-06-12,"DIGITAF_BIODIVERSITY_FLEMISH_TREEROWS:OCCURRENCE:spiders:Pitfall:Oz:crop:2023-06-12:1332"
"1333","Oz","crop","Erigone dentipalpis",2,"M","","Pitfall","Johan Van Keer","Ad",5,"Linyphiidae","Araneae","spiders",50.930752,3.833002,2023-06-12,"DIGITAF_BIODIVERSITY_FLEMISH_TREEROWS:OCCURRENCE:spiders:Pitfall:Oz:crop:2023-06-12:1333"
"1334","Oz","crop","Anisodactylus binotatus",2,"F","","Pitfall","Marc Vankerckvoorde","Ad",1,"Carabidae","Coleoptera","carabid beetles",50.930752,3.833002,2023-06-12,"DIGITAF_BIODIVERSITY_FLEMISH_TREEROWS:OCCURRENCE:carabid beetles:Pitfall:Oz:crop:2023-06-12:1334"
"1335","Oz","crop","Oedothorax apicatus",2,"M","","Pitfall","Léon Baert","Ad",2,"Linyphiidae","Araneae","spiders",50.930752,3.833002,2023-06-12,"DIGITAF_BIODIVERSITY_FLEMISH_TREEROWS:OCCURRENCE:spiders:Pitfall:Oz:crop:2023-06-12:1335"
"1336","Oz","crop","Amara familiaris",1,"F","","Pitfall","Marc Vankerckvoorde","Ad",2,"Carabidae","Coleoptera","carabid beetles",50.930752,3.833002,2023-06-12,"DIGITAF_BIODIVERSITY_FLEMISH_TREEROWS:OCCURRENCE:carabid beetles:Pitfall:Oz:crop:2023-06-12:1336"
"1337","Oz","crop","Tachinus rufipes",1,"","","Pitfall","Marc Vankerckvoorde","Ad",1,"Staphylinidae","Coleoptera","staphylinid beetles",50.930752,3.833002,2023-06-12,"DIGITAF_BIODIVERSITY_FLEMISH_TREEROWS:OCCURRENCE:staphylinid beetles:Pitfall:Oz:crop:2023-06-12:1337"
"1338","Oz","crop","Pachygnatha degeeri",1,"M","","Pitfall","Johan Van Keer","Ad",2,"Tetragnathidae","Araneae","spiders",50.930752,3.833002,2023-06-12,"DIGITAF_BIODIVERSITY_FLEMISH_TREEROWS:OCCURRENCE:spiders:Pitfall:Oz:crop:2023-06-12:1338"
"1339","Oz","crop","Tachyporus hypnorum",2,"","","Pitfall","Marc Vankerckvoorde","Ad",1,"Staphylinidae","Coleoptera","staphylinid beetles",50.930752,3.833002,2023-06-12,"DIGITAF_BIODIVERSITY_FLEMISH_TREEROWS:OCCURRENCE:staphylinid beetles:Pitfall:Oz:crop:2023-06-12:1339"
"1340","Oz","crop","Pardosa palustris",1,"F","","Pitfall","Johan Van Keer","Ad",1,"Lycosidae","Araneae","spiders",50.930752,3.833002,2023-06-12,"DIGITAF_BIODIVERSITY_FLEMISH_TREEROWS:OCCURRENCE:spiders:Pitfall:Oz:crop:2023-06-12:1340"
"1341","Oz","crop","Anchomenus dorsalis",1,"F","","Pitfall","Marc Vankerckvoorde","Ad",1,"Carabidae","Coleoptera","carabid beetles",50.930752,3.833002,2023-06-12,"DIGITAF_BIODIVERSITY_FLEMISH_TREEROWS:OCCURRENCE:carabid beetles:Pitfall:Oz:crop:2023-06-12:1341"
"1342","Oz","crop","Philonthus carbonarius",1,"","","Pitfall","Marc Vankerckvoorde","Ad",3,"Staphylinidae","Coleoptera","staphylinid beetles",50.930752,3.833002,2023-06-12,"DIGITAF_BIODIVERSITY_FLEMISH_TREEROWS:OCCURRENCE:staphylinid beetles:Pitfall:Oz:crop:2023-06-12:1342"
"1343","Oz","crop","Tiso vagans",1,"M","","Pitfall","Johan Van Keer","Ad",1,"Linyphiidae","Araneae","spiders",50.930752,3.833002,2023-06-12,"DIGITAF_BIODIVERSITY_FLEMISH_TREEROWS:OCCURRENCE:spiders:Pitfall:Oz:crop:2023-06-12:1343"
"1344","Oz","crop","Piratula latitans",1,"M","","Pitfall","Johan Van Keer","Ad",2,"Lycosidae","Araneae","spiders",50.930752,3.833002,2023-06-12,"DIGITAF_BIODIVERSITY_FLEMISH_TREEROWS:OCCURRENCE:spiders:Pitfall:Oz:crop:2023-06-12:1344"
"1345","Oz","crop","Poecilus cupreus",2,"F","","Pitfall","Marc Vankerckvoorde","Ad",14,"Carabidae","Coleoptera","carabid beetles",50.930752,3.833002,2023-06-12,"DIGITAF_BIODIVERSITY_FLEMISH_TREEROWS:OCCURRENCE:carabid beetles:Pitfall:Oz:crop:2023-06-12:1345"
"1346","Oz","crop","Bembidion tetracolum",1,"M","","Pitfall","Marc Vankerckvoorde","Ad",2,"Carabidae","Coleoptera","carabid beetles",50.930752,3.833002,2023-06-12,"DIGITAF_BIODIVERSITY_FLEMISH_TREEROWS:OCCURRENCE:carabid beetles:Pitfall:Oz:crop:2023-06-12:1346"
"1347","Oz","crop","Philonthus carbonarius",2,"","","Pitfall","Marc Vankerckvoorde","Ad",7,"Staphylinidae","Coleoptera","staphylinid beetles",50.930752,3.833002,2023-06-12,"DIGITAF_BIODIVERSITY_FLEMISH_TREEROWS:OCCURRENCE:staphylinid beetles:Pitfall:Oz:crop:2023-06-12:1347"
"1348","Oz","crop","Bembidion properans",2,"F","","Pitfall","Marc Vankerckvoorde","Ad",1,"Carabidae","Coleoptera","carabid beetles",50.930752,3.833002,2023-06-12,"DIGITAF_BIODIVERSITY_FLEMISH_TREEROWS:OCCURRENCE:carabid beetles:Pitfall:Oz:crop:2023-06-12:1348"
"1349","Oz","crop","Poecilus cupreus",2,"M","","Pitfall","Marc Vankerckvoorde","Ad",34,"Carabidae","Coleoptera","carabid beetles",50.930752,3.833002,2023-06-12,"DIGITAF_BIODIVERSITY_FLEMISH_TREEROWS:OCCURRENCE:carabid beetles:Pitfall:Oz:crop:2023-06-12:1349"
"1350","Oz","crop","Harpalus distinguendus",2,"M","","Pitfall","Marc Vankerckvoorde","Ad",1,"Carabidae","Coleoptera","carabid beetles",50.930752,3.833002,2023-06-12,"DIGITAF_BIODIVERSITY_FLEMISH_TREEROWS:OCCURRENCE:carabid beetles:Pitfall:Oz:crop:2023-06-12:1350"
"1351","Oz","crop","Erigone dentipalpis",2,"M","","Pitfall","Léon Baert","Ad",7,"Linyphiidae","Araneae","spiders",50.930752,3.833002,2023-06-12,"DIGITAF_BIODIVERSITY_FLEMISH_TREEROWS:OCCURRENCE:spiders:Pitfall:Oz:crop:2023-06-12:1351"
"1352","Oz","crop","Aleocharinae spec.",2,"","","Pitfall","Marc Vankerckvoorde","Ad",3,"Staphylinidae","Coleoptera","staphylinid beetles",50.930752,3.833002,2023-06-12,"DIGITAF_BIODIVERSITY_FLEMISH_TREEROWS:OCCURRENCE:staphylinid beetles:Pitfall:Oz:crop:2023-06-12:1352"
"1353","Oz","crop","Xantholinus longiventris",2,"","","Pitfall","Marc Vankerckvoorde","Ad",1,"Staphylinidae","Coleoptera","staphylinid beetles",50.930752,3.833002,2023-06-12,"DIGITAF_BIODIVERSITY_FLEMISH_TREEROWS:OCCURRENCE:staphylinid beetles:Pitfall:Oz:crop:2023-06-12:1353"
"1354","Oz","crop","Piratula latitans",2,"F","","Pitfall","Johan Van Keer","Ad",1,"Lycosidae","Araneae","spiders",50.930752,3.833002,2023-06-12,"DIGITAF_BIODIVERSITY_FLEMISH_TREEROWS:OCCURRENCE:spiders:Pitfall:Oz:crop:2023-06-12:1354"
"1355","Oz","crop","Oedothorax fuscus",1,"M","","Pitfall","Johan Van Keer","Ad",7,"Linyphiidae","Araneae","spiders",50.930752,3.833002,2023-06-12,"DIGITAF_BIODIVERSITY_FLEMISH_TREEROWS:OCCURRENCE:spiders:Pitfall:Oz:crop:2023-06-12:1355"
"1356","Oz","crop","Prinerigone vagans",1,"M","","Pitfall","Johan Van Keer","Ad",1,"Linyphiidae","Araneae","spiders",50.930752,3.833002,2023-06-12,"DIGITAF_BIODIVERSITY_FLEMISH_TREEROWS:OCCURRENCE:spiders:Pitfall:Oz:crop:2023-06-12:1356"
"1357","Oz","crop","Pachygnatha degeeri",2,"M","","Pitfall","Léon Baert","Ad",1,"Tetragnathidae","Araneae","spiders",50.930752,3.833002,2023-06-12,"DIGITAF_BIODIVERSITY_FLEMISH_TREEROWS:OCCURRENCE:spiders:Pitfall:Oz:crop:2023-06-12:1357"
"1358","Oz","crop","Oedothorax fuscus",2,"M","","Pitfall","Léon Baert","Ad",6,"Linyphiidae","Araneae","spiders",50.930752,3.833002,2023-06-12,"DIGITAF_BIODIVERSITY_FLEMISH_TREEROWS:OCCURRENCE:spiders:Pitfall:Oz:crop:2023-06-12:1358"
"1359","Oz","crop","Amara aenea",1,"F","","Pitfall","Marc Vankerckvoorde","Ad",2,"Carabidae","Coleoptera","carabid beetles",50.930752,3.833002,2023-06-12,"DIGITAF_BIODIVERSITY_FLEMISH_TREEROWS:OCCURRENCE:carabid beetles:Pitfall:Oz:crop:2023-06-12:1359"
"1360","Oz","crop","Trochosa ruricola",2,"M","","Pitfall","Johan Van Keer","Ad",1,"Lycosidae","Araneae","spiders",50.930752,3.833002,2023-06-12,"DIGITAF_BIODIVERSITY_FLEMISH_TREEROWS:OCCURRENCE:spiders:Pitfall:Oz:crop:2023-06-12:1360"
"1361","Oz","crop","Piratula latitans",2,"M","","Pitfall","Johan Van Keer","Ad",3,"Lycosidae","Araneae","spiders",50.930752,3.833002,2023-06-12,"DIGITAF_BIODIVERSITY_FLEMISH_TREEROWS:OCCURRENCE:spiders:Pitfall:Oz:crop:2023-06-12:1361"
"1362","Oz","crop","Aleocharinae spec.",1,"","","Pitfall","Marc Vankerckvoorde","Ad",5,"Staphylinidae","Coleoptera","staphylinid beetles",50.930752,3.833002,2023-06-12,"DIGITAF_BIODIVERSITY_FLEMISH_TREEROWS:OCCURRENCE:staphylinid beetles:Pitfall:Oz:crop:2023-06-12:1362"
"1363","Oz","crop","Pardosa pullata",2,"F","","Pitfall","Johan Van Keer","Ad",1,"Lycosidae","Araneae","spiders",50.930752,3.833002,2023-06-12,"DIGITAF_BIODIVERSITY_FLEMISH_TREEROWS:OCCURRENCE:spiders:Pitfall:Oz:crop:2023-06-12:1363"
"1364","Oz","crop","Philonthus cognatus",1,"","","Pitfall","Marc Vankerckvoorde","Ad",20,"Staphylinidae","Coleoptera","staphylinid beetles",50.930752,3.833002,2023-06-12,"DIGITAF_BIODIVERSITY_FLEMISH_TREEROWS:OCCURRENCE:staphylinid beetles:Pitfall:Oz:crop:2023-06-12:1364"
"1365","Oz","crop","Loricera pilicornis",1,"F","","Pitfall","Marc Vankerckvoorde","Ad",1,"Carabidae","Coleoptera","carabid beetles",50.930752,3.833002,2023-06-12,"DIGITAF_BIODIVERSITY_FLEMISH_TREEROWS:OCCURRENCE:carabid beetles:Pitfall:Oz:crop:2023-06-12:1365"
"1366","Oz","crop","Pachygnatha degeeri",1,"F","","Pitfall","Johan Van Keer","Ad",1,"Tetragnathidae","Araneae","spiders",50.930752,3.833002,2023-06-12,"DIGITAF_BIODIVERSITY_FLEMISH_TREEROWS:OCCURRENCE:spiders:Pitfall:Oz:crop:2023-06-12:1366"
"1367","Oz","crop","Pardosa pullata",1,"M","","Pitfall","Johan Van Keer","Ad",3,"Lycosidae","Araneae","spiders",50.930752,3.833002,2023-06-12,"DIGITAF_BIODIVERSITY_FLEMISH_TREEROWS:OCCURRENCE:spiders:Pitfall:Oz:crop:2023-06-12:1367"
"1368","Oz","crop","Erigone atra",2,"M","","Pitfall","Léon Baert","Ad",4,"Linyphiidae","Araneae","spiders",50.930752,3.833002,2023-06-12,"DIGITAF_BIODIVERSITY_FLEMISH_TREEROWS:OCCURRENCE:spiders:Pitfall:Oz:crop:2023-06-12:1368"
"1369","Oz","crop","Poecilus versicolor",1,"M","","Pitfall","Marc Vankerckvoorde","Ad",1,"Carabidae","Coleoptera","carabid beetles",50.930752,3.833002,2023-06-12,"DIGITAF_BIODIVERSITY_FLEMISH_TREEROWS:OCCURRENCE:carabid beetles:Pitfall:Oz:crop:2023-06-12:1369"
"1370","Oz","crop","Pardosa pullata",2,"M","","Pitfall","Johan Van Keer","Ad",1,"Lycosidae","Araneae","spiders",50.930752,3.833002,2023-06-12,"DIGITAF_BIODIVERSITY_FLEMISH_TREEROWS:OCCURRENCE:spiders:Pitfall:Oz:crop:2023-06-12:1370"
"1371","Oz","crop","Amara aenea",1,"M","","Pitfall","Marc Vankerckvoorde","Ad",6,"Carabidae","Coleoptera","carabid beetles",50.930752,3.833002,2023-06-12,"DIGITAF_BIODIVERSITY_FLEMISH_TREEROWS:OCCURRENCE:carabid beetles:Pitfall:Oz:crop:2023-06-12:1371"
"1372","Oz","crop","Anchomenus dorsalis",1,"M","","Pitfall","Marc Vankerckvoorde","Ad",2,"Carabidae","Coleoptera","carabid beetles",50.930752,3.833002,2023-06-12,"DIGITAF_BIODIVERSITY_FLEMISH_TREEROWS:OCCURRENCE:carabid beetles:Pitfall:Oz:crop:2023-06-12:1372"
"1373","Oz","crop","Philonthus cognatus",2,"","","Pitfall","Marc Vankerckvoorde","Ad",27,"Staphylinidae","Coleoptera","staphylinid beetles",50.930752,3.833002,2023-06-12,"DIGITAF_BIODIVERSITY_FLEMISH_TREEROWS:OCCURRENCE:staphylinid beetles:Pitfall:Oz:crop:2023-06-12:1373"
"1374","Oz","crop","Oedothorax apicatus",1,"M","","Pitfall","Johan Van Keer","Ad",1,"Linyphiidae","Araneae","spiders",50.930752,3.833002,2023-06-12,"DIGITAF_BIODIVERSITY_FLEMISH_TREEROWS:OCCURRENCE:spiders:Pitfall:Oz:crop:2023-06-12:1374"
"1375","Oz","crop","Anchomenus dorsalis",2,"M","","Pitfall","Marc Vankerckvoorde","Ad",1,"Carabidae","Coleoptera","carabid beetles",50.930752,3.833002,2023-06-12,"DIGITAF_BIODIVERSITY_FLEMISH_TREEROWS:OCCURRENCE:carabid beetles:Pitfall:Oz:crop:2023-06-12:1375"
"1376","Oz","crop","Lasius niger",2,"F","","Pitfall","Wouter Dekoninck","Ad",4,"Formicidae","Hymenoptera","ants",50.930752,3.833002,2023-06-12,"DIGITAF_BIODIVERSITY_FLEMISH_TREEROWS:OCCURRENCE:ants:Pitfall:Oz:crop:2023-06-12:1376"
"1377","Oz","crop","Pardosa tenuipes",2,"M","","Pitfall","Johan Van Keer","Ad",4,"Lycosidae","Araneae","spiders",50.930752,3.833002,2023-06-12,"DIGITAF_BIODIVERSITY_FLEMISH_TREEROWS:OCCURRENCE:spiders:Pitfall:Oz:crop:2023-06-12:1377"
"1378","Oz","crop","Oedothorax fuscus",1,"F","","Pitfall","Johan Van Keer","Ad",2,"Linyphiidae","Araneae","spiders",50.930752,3.833002,2023-06-12,"DIGITAF_BIODIVERSITY_FLEMISH_TREEROWS:OCCURRENCE:spiders:Pitfall:Oz:crop:2023-06-12:1378"
"1379","Oz","crop","Lasius niger",1,"F","","Pitfall","Wouter Dekoninck","Ad",8,"Formicidae","Hymenoptera","ants",50.930752,3.833002,2023-06-12,"DIGITAF_BIODIVERSITY_FLEMISH_TREEROWS:OCCURRENCE:ants:Pitfall:Oz:crop:2023-06-12:1379"
"1380","Oz","crop","Amara aenea",2,"M","","Pitfall","Marc Vankerckvoorde","Ad",6,"Carabidae","Coleoptera","carabid beetles",50.930752,3.833002,2023-06-12,"DIGITAF_BIODIVERSITY_FLEMISH_TREEROWS:OCCURRENCE:carabid beetles:Pitfall:Oz:crop:2023-06-12:1380"
"1381","Oz","crop","Pardosa nigriceps",2,"F","","Pitfall","Johan Van Keer","Ad",1,"Lycosidae","Araneae","spiders",50.930752,3.833002,2023-06-12,"DIGITAF_BIODIVERSITY_FLEMISH_TREEROWS:OCCURRENCE:spiders:Pitfall:Oz:crop:2023-06-12:1381"
"1382","Oz","crop","Amara communis",1,"M","","Pitfall","Marc Vankerckvoorde","Ad",1,"Carabidae","Coleoptera","carabid beetles",50.930752,3.833002,2023-06-12,"DIGITAF_BIODIVERSITY_FLEMISH_TREEROWS:OCCURRENCE:carabid beetles:Pitfall:Oz:crop:2023-06-12:1382"
"1383","Oz","crop","Alopecosa pulverulenta",1,"M","","Pitfall","Johan Van Keer","Ad",3,"Lycosidae","Araneae","spiders",50.930752,3.833002,2023-06-12,"DIGITAF_BIODIVERSITY_FLEMISH_TREEROWS:OCCURRENCE:spiders:Pitfall:Oz:crop:2023-06-12:1383"
"1384","Oz","crop","Amara plebeja",1,"M","","Pitfall","Marc Vankerckvoorde","Ad",2,"Carabidae","Coleoptera","carabid beetles",50.930752,3.833002,2023-06-12,"DIGITAF_BIODIVERSITY_FLEMISH_TREEROWS:OCCURRENCE:carabid beetles:Pitfall:Oz:crop:2023-06-12:1384"
"1385","Oz","crop","Amara plebeja",2,"F","","Pitfall","Marc Vankerckvoorde","Ad",1,"Carabidae","Coleoptera","carabid beetles",50.930752,3.833002,2023-06-12,"DIGITAF_BIODIVERSITY_FLEMISH_TREEROWS:OCCURRENCE:carabid beetles:Pitfall:Oz:crop:2023-06-12:1385"
"1386","Oz","crop","Pardosa tenuipes",1,"M","","Pitfall","Johan Van Keer","Ad",5,"Lycosidae","Araneae","spiders",50.930752,3.833002,2023-06-12,"DIGITAF_BIODIVERSITY_FLEMISH_TREEROWS:OCCURRENCE:spiders:Pitfall:Oz:crop:2023-06-12:1386"
"1387","Oz","crop","Philonthus laminatus",2,"","","Pitfall","Marc Vankerckvoorde","Ad",1,"Staphylinidae","Coleoptera","staphylinid beetles",50.930752,3.833002,2023-06-12,"DIGITAF_BIODIVERSITY_FLEMISH_TREEROWS:OCCURRENCE:staphylinid beetles:Pitfall:Oz:crop:2023-06-12:1387"
"1388","Oz","crop","Oedothorax fuscus",2,"M","","Pitfall","Johan Van Keer","Ad",1,"Linyphiidae","Araneae","spiders",50.930752,3.833002,2023-06-12,"DIGITAF_BIODIVERSITY_FLEMISH_TREEROWS:OCCURRENCE:spiders:Pitfall:Oz:crop:2023-06-12:1388"
"1389","Oz","crop","Philoscia muscorum",2,"","","Pitfall","Pallieter De Smedt","Ad",1,"Philosciidae","Isopoda","woodlice",50.930752,3.833002,2023-06-12,"DIGITAF_BIODIVERSITY_FLEMISH_TREEROWS:OCCURRENCE:woodlice:Pitfall:Oz:crop:2023-06-12:1389"
"1390","Oz","crop","Amara plebeja",2,"M","","Pitfall","Marc Vankerckvoorde","Ad",2,"Carabidae","Coleoptera","carabid beetles",50.930752,3.833002,2023-06-12,"DIGITAF_BIODIVERSITY_FLEMISH_TREEROWS:OCCURRENCE:carabid beetles:Pitfall:Oz:crop:2023-06-12:1390"
"1391","Oz","crop","Tenuiphantes tenuis",2,"M","","Pitfall","Léon Baert","Ad",1,"Linyphiidae","Araneae","spiders",50.930752,3.833002,2023-06-12,"DIGITAF_BIODIVERSITY_FLEMISH_TREEROWS:OCCURRENCE:spiders:Pitfall:Oz:crop:2023-06-12:1391"
"1392","Oz","crop","Pardosa tenuipes",2,"M","","Pitfall","Léon Baert","Ad",1,"Lycosidae","Araneae","spiders",50.930752,3.833002,2023-06-12,"DIGITAF_BIODIVERSITY_FLEMISH_TREEROWS:OCCURRENCE:spiders:Pitfall:Oz:crop:2023-06-12:1392"
"1393","Oz","crop","Bembidion lampros",2,"M","","Pitfall","Marc Vankerckvoorde","Ad",2,"Carabidae","Coleoptera","carabid beetles",50.930752,3.833002,2023-06-12,"DIGITAF_BIODIVERSITY_FLEMISH_TREEROWS:OCCURRENCE:carabid beetles:Pitfall:Oz:crop:2023-06-12:1393"
"1394","Oz","crop","Anotylus sculpturatus",1,"","","Pitfall","Marc Vankerckvoorde","Ad",1,"Staphylinidae","Coleoptera","staphylinid beetles",50.930752,3.833002,2023-06-12,"DIGITAF_BIODIVERSITY_FLEMISH_TREEROWS:OCCURRENCE:staphylinid beetles:Pitfall:Oz:crop:2023-06-12:1394"
"1395","Oz","crop","Bembidion lampros",2,"F","","Pitfall","Marc Vankerckvoorde","Ad",1,"Carabidae","Coleoptera","carabid beetles",50.930752,3.833002,2023-06-12,"DIGITAF_BIODIVERSITY_FLEMISH_TREEROWS:OCCURRENCE:carabid beetles:Pitfall:Oz:crop:2023-06-12:1395"
"1396","Oz","crop","Erigone atra",2,"M","","Pitfall","Johan Van Keer","Ad",3,"Linyphiidae","Araneae","spiders",50.930752,3.833002,2023-06-12,"DIGITAF_BIODIVERSITY_FLEMISH_TREEROWS:OCCURRENCE:spiders:Pitfall:Oz:crop:2023-06-12:1396"
"1397","Oz","crop","Tenuiphantes tenuis",2,"F","","Pitfall","Johan Van Keer","Ad",1,"Linyphiidae","Araneae","spiders",50.930752,3.833002,2023-06-12,"DIGITAF_BIODIVERSITY_FLEMISH_TREEROWS:OCCURRENCE:spiders:Pitfall:Oz:crop:2023-06-12:1397"
"1398","Oz","crop","Prinerigone vagans",2,"M","","Pitfall","Johan Van Keer","Ad",1,"Linyphiidae","Araneae","spiders",50.930752,3.833002,2023-06-12,"DIGITAF_BIODIVERSITY_FLEMISH_TREEROWS:OCCURRENCE:spiders:Pitfall:Oz:crop:2023-06-12:1398"
"1399","Oz","crop","Amara plebeja",1,"F","","Pitfall","Marc Vankerckvoorde","Ad",1,"Carabidae","Coleoptera","carabid beetles",50.930752,3.833002,2023-06-12,"DIGITAF_BIODIVERSITY_FLEMISH_TREEROWS:OCCURRENCE:carabid beetles:Pitfall:Oz:crop:2023-06-12:1399"
"1400","Oz","crop","Philonthus nitidicollis",1,"","","Pitfall","Marc Vankerckvoorde","Ad",1,"Staphylinidae","Coleoptera","staphylinid beetles",50.930752,3.833002,2023-06-12,"DIGITAF_BIODIVERSITY_FLEMISH_TREEROWS:OCCURRENCE:staphylinid beetles:Pitfall:Oz:crop:2023-06-12:1400"
"1401","Oz","crop","Erigone atra",1,"M","","Pitfall","Johan Van Keer","Ad",3,"Linyphiidae","Araneae","spiders",50.930752,3.833002,2023-06-12,"DIGITAF_BIODIVERSITY_FLEMISH_TREEROWS:OCCURRENCE:spiders:Pitfall:Oz:crop:2023-06-12:1401"
"1402","Oz","crop","Pardosa tenuipes",1,"F","","Pitfall","Johan Van Keer","Ad",1,"Lycosidae","Araneae","spiders",50.930752,3.833002,2023-06-12,"DIGITAF_BIODIVERSITY_FLEMISH_TREEROWS:OCCURRENCE:spiders:Pitfall:Oz:crop:2023-06-12:1402"
"1403","Oz","crop","Anotylus rugosus",1,"","","Pitfall","Marc Vankerckvoorde","Ad",1,"Staphylinidae","Coleoptera","staphylinid beetles",50.930752,3.833002,2023-06-12,"DIGITAF_BIODIVERSITY_FLEMISH_TREEROWS:OCCURRENCE:staphylinid beetles:Pitfall:Oz:crop:2023-06-12:1403"
"1404","Oz","crtl","Bembidion obtusum",1,"M","","Pitfall","Marc Vankerckvoorde","Ad",1,"Carabidae","Coleoptera","carabid beetles",50.930698,3.833295,2023-06-12,"DIGITAF_BIODIVERSITY_FLEMISH_TREEROWS:OCCURRENCE:carabid beetles:Pitfall:Oz:crtl:2023-06-12:1404"
"1405","Oz","crtl","Tachinus rufipes",1,"","","Pitfall","Marc Vankerckvoorde","Ad",1,"Staphylinidae","Coleoptera","staphylinid beetles",50.930698,3.833295,2023-06-12,"DIGITAF_BIODIVERSITY_FLEMISH_TREEROWS:OCCURRENCE:staphylinid beetles:Pitfall:Oz:crtl:2023-06-12:1405"
"1406","Oz","crtl","Harpalus distinguendus",1,"M","","Pitfall","Marc Vankerckvoorde","Ad",1,"Carabidae","Coleoptera","carabid beetles",50.930698,3.833295,2023-06-12,"DIGITAF_BIODIVERSITY_FLEMISH_TREEROWS:OCCURRENCE:carabid beetles:Pitfall:Oz:crtl:2023-06-12:1406"
"1407","Oz","crtl","Poecilus cupreus",2,"M","","Pitfall","Marc Vankerckvoorde","Ad",1,"Carabidae","Coleoptera","carabid beetles",50.930698,3.833295,2023-06-12,"DIGITAF_BIODIVERSITY_FLEMISH_TREEROWS:OCCURRENCE:carabid beetles:Pitfall:Oz:crtl:2023-06-12:1407"
"1408","Oz","crtl","Porcellio scaber",2,"","","Pitfall","Pallieter De Smedt","Ad",1,"Porcellionidae","Isopoda","woodlice",50.930698,3.833295,2023-06-12,"DIGITAF_BIODIVERSITY_FLEMISH_TREEROWS:OCCURRENCE:woodlice:Pitfall:Oz:crtl:2023-06-12:1408"
"1409","Oz","crtl","Erigone dentipalpis",1,"M","","Pitfall","Johan Van Keer","Ad",1,"Linyphiidae","Araneae","spiders",50.930698,3.833295,2023-06-12,"DIGITAF_BIODIVERSITY_FLEMISH_TREEROWS:OCCURRENCE:spiders:Pitfall:Oz:crtl:2023-06-12:1409"
"1410","Oz","crtl","Pardosa palustris",2,"M","","Pitfall","Johan Van Keer","Ad",6,"Lycosidae","Araneae","spiders",50.930698,3.833295,2023-06-12,"DIGITAF_BIODIVERSITY_FLEMISH_TREEROWS:OCCURRENCE:spiders:Pitfall:Oz:crtl:2023-06-12:1410"
"1411","Oz","crtl","Diplostyla concolor",1,"M","","Pitfall","Johan Van Keer","Ad",1,"Linyphiidae","Araneae","spiders",50.930698,3.833295,2023-06-12,"DIGITAF_BIODIVERSITY_FLEMISH_TREEROWS:OCCURRENCE:spiders:Pitfall:Oz:crtl:2023-06-12:1411"
"1412","Oz","crtl","Pardosa palustris",1,"M","","Pitfall","Johan Van Keer","Ad",2,"Lycosidae","Araneae","spiders",50.930698,3.833295,2023-06-12,"DIGITAF_BIODIVERSITY_FLEMISH_TREEROWS:OCCURRENCE:spiders:Pitfall:Oz:crtl:2023-06-12:1412"
"1413","Oz","crtl","Amara similata",2,"F","","Pitfall","Marc Vankerckvoorde","Ad",1,"Carabidae","Coleoptera","carabid beetles",50.930698,3.833295,2023-06-12,"DIGITAF_BIODIVERSITY_FLEMISH_TREEROWS:OCCURRENCE:carabid beetles:Pitfall:Oz:crtl:2023-06-12:1413"
"1414","Oz","crtl","Trachyzelotes pedestris",2,"M","","Pitfall","Johan Van Keer","Ad",4,"Gnaphosidae","Araneae","spiders",50.930698,3.833295,2023-06-12,"DIGITAF_BIODIVERSITY_FLEMISH_TREEROWS:OCCURRENCE:spiders:Pitfall:Oz:crtl:2023-06-12:1414"
"1415","Oz","crtl","Oedothorax fuscus",2,"M","","Pitfall","Johan Van Keer","Ad",1,"Linyphiidae","Araneae","spiders",50.930698,3.833295,2023-06-12,"DIGITAF_BIODIVERSITY_FLEMISH_TREEROWS:OCCURRENCE:spiders:Pitfall:Oz:crtl:2023-06-12:1415"
"1416","Oz","crtl","Harpalus latus",2,"M","","Pitfall","Marc Vankerckvoorde","Ad",1,"Carabidae","Coleoptera","carabid beetles",50.930698,3.833295,2023-06-12,"DIGITAF_BIODIVERSITY_FLEMISH_TREEROWS:OCCURRENCE:carabid beetles:Pitfall:Oz:crtl:2023-06-12:1416"
"1417","Oz","crtl","Tiso vagans",1,"M","","Pitfall","Johan Van Keer","Ad",1,"Linyphiidae","Araneae","spiders",50.930698,3.833295,2023-06-12,"DIGITAF_BIODIVERSITY_FLEMISH_TREEROWS:OCCURRENCE:spiders:Pitfall:Oz:crtl:2023-06-12:1417"
"1418","Oz","crtl","Margarinotus purpurascens",1,"","","Pitfall","Marc Vankerckvoorde","Ad",1,"Histeridae","Coleoptera","other beetles",50.930698,3.833295,2023-06-12,"DIGITAF_BIODIVERSITY_FLEMISH_TREEROWS:OCCURRENCE:other beetles:Pitfall:Oz:crtl:2023-06-12:1418"
"1419","Oz","crtl","Bembidion properans",1,"M","","Pitfall","Marc Vankerckvoorde","Ad",1,"Carabidae","Coleoptera","carabid beetles",50.930698,3.833295,2023-06-12,"DIGITAF_BIODIVERSITY_FLEMISH_TREEROWS:OCCURRENCE:carabid beetles:Pitfall:Oz:crtl:2023-06-12:1419"
"1420","Oz","crtl","Poecilus cupreus",1,"F","","Pitfall","Marc Vankerckvoorde","Ad",1,"Carabidae","Coleoptera","carabid beetles",50.930698,3.833295,2023-06-12,"DIGITAF_BIODIVERSITY_FLEMISH_TREEROWS:OCCURRENCE:carabid beetles:Pitfall:Oz:crtl:2023-06-12:1420"
"1421","Oz","crtl","Badister lacertosus",1,"M","","Pitfall","Marc Vankerckvoorde","Ad",1,"Carabidae","Coleoptera","carabid beetles",50.930698,3.833295,2023-06-12,"DIGITAF_BIODIVERSITY_FLEMISH_TREEROWS:OCCURRENCE:carabid beetles:Pitfall:Oz:crtl:2023-06-12:1421"
"1422","Oz","crtl","Harpalus affinis",1,"M","","Pitfall","Marc Vankerckvoorde","Ad",2,"Carabidae","Coleoptera","carabid beetles",50.930698,3.833295,2023-06-12,"DIGITAF_BIODIVERSITY_FLEMISH_TREEROWS:OCCURRENCE:carabid beetles:Pitfall:Oz:crtl:2023-06-12:1422"
"1423","Oz","crtl","Aleocharinae spec.",1,"","","Pitfall","Marc Vankerckvoorde","Ad",6,"Staphylinidae","Coleoptera","staphylinid beetles",50.930698,3.833295,2023-06-12,"DIGITAF_BIODIVERSITY_FLEMISH_TREEROWS:OCCURRENCE:staphylinid beetles:Pitfall:Oz:crtl:2023-06-12:1423"
"1424","Oz","crtl","Neottiura bimaculata",1,"F","","Pitfall","Johan Van Keer","Ad",1,"Theridiidae","Araneae","spiders",50.930698,3.833295,2023-06-12,"DIGITAF_BIODIVERSITY_FLEMISH_TREEROWS:OCCURRENCE:spiders:Pitfall:Oz:crtl:2023-06-12:1424"
"1425","Oz","crtl","Trachyzelotes pedestris",1,"F","","Pitfall","Johan Van Keer","Ad",1,"Gnaphosidae","Araneae","spiders",50.930698,3.833295,2023-06-12,"DIGITAF_BIODIVERSITY_FLEMISH_TREEROWS:OCCURRENCE:spiders:Pitfall:Oz:crtl:2023-06-12:1425"
"1426","Oz","crtl","Philonthus concinnus",2,"","","Pitfall","Marc Vankerckvoorde","Ad",1,"Staphylinidae","Coleoptera","staphylinid beetles",50.930698,3.833295,2023-06-12,"DIGITAF_BIODIVERSITY_FLEMISH_TREEROWS:OCCURRENCE:staphylinid beetles:Pitfall:Oz:crtl:2023-06-12:1426"
"1427","Oz","crtl","Micaria micans",2,"M","CJVK","Pitfall","Johan Van Keer","Ad",2,"Gnaphosidae","Araneae","spiders",50.930698,3.833295,2023-06-12,"DIGITAF_BIODIVERSITY_FLEMISH_TREEROWS:OCCURRENCE:spiders:Pitfall:Oz:crtl:2023-06-12:1427"
"1428","Oz","crtl","Xantholinus longiventris",1,"","","Pitfall","Marc Vankerckvoorde","Ad",2,"Staphylinidae","Coleoptera","staphylinid beetles",50.930698,3.833295,2023-06-12,"DIGITAF_BIODIVERSITY_FLEMISH_TREEROWS:OCCURRENCE:staphylinid beetles:Pitfall:Oz:crtl:2023-06-12:1428"
"1429","Oz","crtl","Harpalus distinguendus",2,"F","","Pitfall","Marc Vankerckvoorde","Ad",2,"Carabidae","Coleoptera","carabid beetles",50.930698,3.833295,2023-06-12,"DIGITAF_BIODIVERSITY_FLEMISH_TREEROWS:OCCURRENCE:carabid beetles:Pitfall:Oz:crtl:2023-06-12:1429"
"1430","Oz","crtl","Aleocharinae spec.",2,"","","Pitfall","Marc Vankerckvoorde","Ad",5,"Staphylinidae","Coleoptera","staphylinid beetles",50.930698,3.833295,2023-06-12,"DIGITAF_BIODIVERSITY_FLEMISH_TREEROWS:OCCURRENCE:staphylinid beetles:Pitfall:Oz:crtl:2023-06-12:1430"
"1431","Oz","crtl","Philonthus carbonarius",1,"","","Pitfall","Marc Vankerckvoorde","Ad",2,"Staphylinidae","Coleoptera","staphylinid beetles",50.930698,3.833295,2023-06-12,"DIGITAF_BIODIVERSITY_FLEMISH_TREEROWS:OCCURRENCE:staphylinid beetles:Pitfall:Oz:crtl:2023-06-12:1431"
"1432","Oz","crtl","Trechus quadristriatus",1,"F","","Pitfall","Marc Vankerckvoorde","Ad",3,"Carabidae","Coleoptera","carabid beetles",50.930698,3.833295,2023-06-12,"DIGITAF_BIODIVERSITY_FLEMISH_TREEROWS:OCCURRENCE:carabid beetles:Pitfall:Oz:crtl:2023-06-12:1432"
"1433","Oz","crtl","Collinsia inerrans",1,"M","","Pitfall","Johan Van Keer","Ad",1,"Linyphiidae","Araneae","spiders",50.930698,3.833295,2023-06-12,"DIGITAF_BIODIVERSITY_FLEMISH_TREEROWS:OCCURRENCE:spiders:Pitfall:Oz:crtl:2023-06-12:1433"
"1434","Oz","crtl","Lasius niger",2,"F","","Pitfall","Wouter Dekoninck","Ad",20,"Formicidae","Hymenoptera","ants",50.930698,3.833295,2023-06-12,"DIGITAF_BIODIVERSITY_FLEMISH_TREEROWS:OCCURRENCE:ants:Pitfall:Oz:crtl:2023-06-12:1434"
"1435","Oz","crtl","Bembidion tetracolum",1,"M","","Pitfall","Marc Vankerckvoorde","Ad",2,"Carabidae","Coleoptera","carabid beetles",50.930698,3.833295,2023-06-12,"DIGITAF_BIODIVERSITY_FLEMISH_TREEROWS:OCCURRENCE:carabid beetles:Pitfall:Oz:crtl:2023-06-12:1435"
"1436","Oz","crtl","Margarinotus purpurascens",2,"","","Pitfall","Marc Vankerckvoorde","Ad",1,"Histeridae","Coleoptera","other beetles",50.930698,3.833295,2023-06-12,"DIGITAF_BIODIVERSITY_FLEMISH_TREEROWS:OCCURRENCE:other beetles:Pitfall:Oz:crtl:2023-06-12:1436"
"1437","Oz","crtl","Anotylus insecatus",2,"","","Pitfall","Marc Vankerckvoorde","Ad",1,"Staphylinidae","Coleoptera","staphylinid beetles",50.930698,3.833295,2023-06-12,"DIGITAF_BIODIVERSITY_FLEMISH_TREEROWS:OCCURRENCE:staphylinid beetles:Pitfall:Oz:crtl:2023-06-12:1437"
"1438","Oz","crtl","Pterostichus melanarius",1,"M","","Pitfall","Marc Vankerckvoorde","Ad",1,"Carabidae","Coleoptera","carabid beetles",50.930698,3.833295,2023-06-12,"DIGITAF_BIODIVERSITY_FLEMISH_TREEROWS:OCCURRENCE:carabid beetles:Pitfall:Oz:crtl:2023-06-12:1438"
"1439","Oz","crtl","Harpalus tardus",2,"M","","Pitfall","Marc Vankerckvoorde","Ad",1,"Carabidae","Coleoptera","carabid beetles",50.930698,3.833295,2023-06-12,"DIGITAF_BIODIVERSITY_FLEMISH_TREEROWS:OCCURRENCE:carabid beetles:Pitfall:Oz:crtl:2023-06-12:1439"
"1440","Oz","crtl","Robertus lividus",2,"M","","Pitfall","Johan Van Keer","Ad",1,"Theridiidae","Araneae","spiders",50.930698,3.833295,2023-06-12,"DIGITAF_BIODIVERSITY_FLEMISH_TREEROWS:OCCURRENCE:spiders:Pitfall:Oz:crtl:2023-06-12:1440"
"1441","Oz","crtl","Lasius niger",1,"F","","Pitfall","Wouter Dekoninck","Ad",9,"Formicidae","Hymenoptera","ants",50.930698,3.833295,2023-06-12,"DIGITAF_BIODIVERSITY_FLEMISH_TREEROWS:OCCURRENCE:ants:Pitfall:Oz:crtl:2023-06-12:1441"
"1442","Oz","crtl","Opiliones indet.",2,"","","Pitfall","Pallieter De Smedt","Juv",1,NA,"Opiliones","harvestmen",50.930698,3.833295,2023-06-12,"DIGITAF_BIODIVERSITY_FLEMISH_TREEROWS:OCCURRENCE:harvestmen:Pitfall:Oz:crtl:2023-06-12:1442"
"1443","Oz","crtl","Pardosa pullata",2,"M","","Pitfall","Johan Van Keer","Ad",3,"Lycosidae","Araneae","spiders",50.930698,3.833295,2023-06-12,"DIGITAF_BIODIVERSITY_FLEMISH_TREEROWS:OCCURRENCE:spiders:Pitfall:Oz:crtl:2023-06-12:1443"
"1444","Oz","crtl","Eratigena picta",2,"M","","Pitfall","Johan Van Keer","Ad",1,"Agelenidae","Araneae","spiders",50.930698,3.833295,2023-06-12,"DIGITAF_BIODIVERSITY_FLEMISH_TREEROWS:OCCURRENCE:spiders:Pitfall:Oz:crtl:2023-06-12:1444"
"1445","Oz","crtl","Badister bullatus",2,"F","","Pitfall","Marc Vankerckvoorde","Ad",1,"Carabidae","Coleoptera","carabid beetles",50.930698,3.833295,2023-06-12,"DIGITAF_BIODIVERSITY_FLEMISH_TREEROWS:OCCURRENCE:carabid beetles:Pitfall:Oz:crtl:2023-06-12:1445"
"1446","Oz","crtl","Bembidion tetracolum",2,"F","","Pitfall","Marc Vankerckvoorde","Ad",1,"Carabidae","Coleoptera","carabid beetles",50.930698,3.833295,2023-06-12,"DIGITAF_BIODIVERSITY_FLEMISH_TREEROWS:OCCURRENCE:carabid beetles:Pitfall:Oz:crtl:2023-06-12:1446"
"1447","Oz","crtl","Gabrius osseticus",1,"","","Pitfall","Marc Vankerckvoorde","Ad",1,"Staphylinidae","Coleoptera","staphylinid beetles",50.930698,3.833295,2023-06-12,"DIGITAF_BIODIVERSITY_FLEMISH_TREEROWS:OCCURRENCE:staphylinid beetles:Pitfall:Oz:crtl:2023-06-12:1447"
"1448","Oz","crtl","Bembidion properans",2,"F","","Pitfall","Marc Vankerckvoorde","Ad",1,"Carabidae","Coleoptera","carabid beetles",50.930698,3.833295,2023-06-12,"DIGITAF_BIODIVERSITY_FLEMISH_TREEROWS:OCCURRENCE:carabid beetles:Pitfall:Oz:crtl:2023-06-12:1448"
"1449","Oz","crtl","Pardosa pullata",1,"M","","Pitfall","Johan Van Keer","Ad",2,"Lycosidae","Araneae","spiders",50.930698,3.833295,2023-06-12,"DIGITAF_BIODIVERSITY_FLEMISH_TREEROWS:OCCURRENCE:spiders:Pitfall:Oz:crtl:2023-06-12:1449"
"1450","Oz","crtl","Pardosa nigriceps",2,"M","","Pitfall","Johan Van Keer","Ad",2,"Lycosidae","Araneae","spiders",50.930698,3.833295,2023-06-12,"DIGITAF_BIODIVERSITY_FLEMISH_TREEROWS:OCCURRENCE:spiders:Pitfall:Oz:crtl:2023-06-12:1450"
"1451","Oz","crtl","Myrmica scabrinodis",2,"F","","Pitfall","Wouter Dekoninck","Ad",3,"Formicidae","Hymenoptera","ants",50.930698,3.833295,2023-06-12,"DIGITAF_BIODIVERSITY_FLEMISH_TREEROWS:OCCURRENCE:ants:Pitfall:Oz:crtl:2023-06-12:1451"
"1452","Oz","crtl","Pardosa nigriceps",1,"M","","Pitfall","Johan Van Keer","Ad",1,"Lycosidae","Araneae","spiders",50.930698,3.833295,2023-06-12,"DIGITAF_BIODIVERSITY_FLEMISH_TREEROWS:OCCURRENCE:spiders:Pitfall:Oz:crtl:2023-06-12:1452"
"1453","Oz","crtl","Harpalus affinis",2,"M","","Pitfall","Marc Vankerckvoorde","Ad",1,"Carabidae","Coleoptera","carabid beetles",50.930698,3.833295,2023-06-12,"DIGITAF_BIODIVERSITY_FLEMISH_TREEROWS:OCCURRENCE:carabid beetles:Pitfall:Oz:crtl:2023-06-12:1453"
"1454","Oz","crtl","Harpalus distinguendus",2,"M","","Pitfall","Marc Vankerckvoorde","Ad",4,"Carabidae","Coleoptera","carabid beetles",50.930698,3.833295,2023-06-12,"DIGITAF_BIODIVERSITY_FLEMISH_TREEROWS:OCCURRENCE:carabid beetles:Pitfall:Oz:crtl:2023-06-12:1454"
"1455","Oz","crtl","Trochosa ruricola",2,"M","","Pitfall","Johan Van Keer","Ad",2,"Lycosidae","Araneae","spiders",50.930698,3.833295,2023-06-12,"DIGITAF_BIODIVERSITY_FLEMISH_TREEROWS:OCCURRENCE:spiders:Pitfall:Oz:crtl:2023-06-12:1455"
"1456","Oz","crtl","Brachyiulus pusillus",2,"F","","Pitfall","Pallieter De Smedt","Ad",1,"Julidae","Julida","millipedes",50.930698,3.833295,2023-06-12,"DIGITAF_BIODIVERSITY_FLEMISH_TREEROWS:OCCURRENCE:millipedes:Pitfall:Oz:crtl:2023-06-12:1456"
"1457","Oz","crtl","Tachinus corticinus",1,"","","Pitfall","Marc Vankerckvoorde","Ad",1,"Staphylinidae","Coleoptera","staphylinid beetles",50.930698,3.833295,2023-06-12,"DIGITAF_BIODIVERSITY_FLEMISH_TREEROWS:OCCURRENCE:staphylinid beetles:Pitfall:Oz:crtl:2023-06-12:1457"
"1458","Oz","crtl","Trochosa ruricola",1,"M","","Pitfall","Johan Van Keer","Ad",1,"Lycosidae","Araneae","spiders",50.930698,3.833295,2023-06-12,"DIGITAF_BIODIVERSITY_FLEMISH_TREEROWS:OCCURRENCE:spiders:Pitfall:Oz:crtl:2023-06-12:1458"
"1459","Oz","crtl","Pachygnatha degeeri",2,"M","","Pitfall","Johan Van Keer","Ad",1,"Tetragnathidae","Araneae","spiders",50.930698,3.833295,2023-06-12,"DIGITAF_BIODIVERSITY_FLEMISH_TREEROWS:OCCURRENCE:spiders:Pitfall:Oz:crtl:2023-06-12:1459"
"1460","Oz","crtl","Porcellio scaber",1,"","","Pitfall","Pallieter De Smedt","Ad",1,"Porcellionidae","Isopoda","woodlice",50.930698,3.833295,2023-06-12,"DIGITAF_BIODIVERSITY_FLEMISH_TREEROWS:OCCURRENCE:woodlice:Pitfall:Oz:crtl:2023-06-12:1460"
"1461","Oz","crtl","Pterostichus melanarius",2,"F","","Pitfall","Marc Vankerckvoorde","Ad",1,"Carabidae","Coleoptera","carabid beetles",50.930698,3.833295,2023-06-12,"DIGITAF_BIODIVERSITY_FLEMISH_TREEROWS:OCCURRENCE:carabid beetles:Pitfall:Oz:crtl:2023-06-12:1461"
"1462","Oz","crtl","Philoscia muscorum",1,"","","Pitfall","Pallieter De Smedt","Ad",13,"Philosciidae","Isopoda","woodlice",50.930698,3.833295,2023-06-12,"DIGITAF_BIODIVERSITY_FLEMISH_TREEROWS:OCCURRENCE:woodlice:Pitfall:Oz:crtl:2023-06-12:1462"
"1463","Oz","crtl","Bolitobius castaneus",1,"","","Pitfall","Marc Vankerckvoorde","Ad",1,"Staphylinidae","Coleoptera","staphylinid beetles",50.930698,3.833295,2023-06-12,"DIGITAF_BIODIVERSITY_FLEMISH_TREEROWS:OCCURRENCE:staphylinid beetles:Pitfall:Oz:crtl:2023-06-12:1463"
"1464","Oz","crtl","Eratigena picta",1,"F","","Pitfall","Johan Van Keer","Ad",1,"Agelenidae","Araneae","spiders",50.930698,3.833295,2023-06-12,"DIGITAF_BIODIVERSITY_FLEMISH_TREEROWS:OCCURRENCE:spiders:Pitfall:Oz:crtl:2023-06-12:1464"
"1465","Oz","crtl","Drassyllus pusillus",2,"M","","Pitfall","Johan Van Keer","Ad",3,"Gnaphosidae","Araneae","spiders",50.930698,3.833295,2023-06-12,"DIGITAF_BIODIVERSITY_FLEMISH_TREEROWS:OCCURRENCE:spiders:Pitfall:Oz:crtl:2023-06-12:1465"
"1466","Oz","crtl","Bembidion obtusum",2,"F","","Pitfall","Marc Vankerckvoorde","Ad",1,"Carabidae","Coleoptera","carabid beetles",50.930698,3.833295,2023-06-12,"DIGITAF_BIODIVERSITY_FLEMISH_TREEROWS:OCCURRENCE:carabid beetles:Pitfall:Oz:crtl:2023-06-12:1466"
"1467","Oz","crtl","Micrargus subaequalis",1,"M","","Pitfall","Johan Van Keer","Ad",1,"Linyphiidae","Araneae","spiders",50.930698,3.833295,2023-06-12,"DIGITAF_BIODIVERSITY_FLEMISH_TREEROWS:OCCURRENCE:spiders:Pitfall:Oz:crtl:2023-06-12:1467"
"1468","Oz","crtl","Philoscia muscorum",2,"","","Pitfall","Pallieter De Smedt","Ad",1,"Philosciidae","Isopoda","woodlice",50.930698,3.833295,2023-06-12,"DIGITAF_BIODIVERSITY_FLEMISH_TREEROWS:OCCURRENCE:woodlice:Pitfall:Oz:crtl:2023-06-12:1468"
"1469","Oz","crtl","Badister bullatus",1,"M","","Pitfall","Marc Vankerckvoorde","Ad",2,"Carabidae","Coleoptera","carabid beetles",50.930698,3.833295,2023-06-12,"DIGITAF_BIODIVERSITY_FLEMISH_TREEROWS:OCCURRENCE:carabid beetles:Pitfall:Oz:crtl:2023-06-12:1469"
"1470","Oz","crtl","Syntomus truncatellus",2,"M","","Pitfall","Marc Vankerckvoorde","Ad",1,"Carabidae","Coleoptera","carabid beetles",50.930698,3.833295,2023-06-12,"DIGITAF_BIODIVERSITY_FLEMISH_TREEROWS:OCCURRENCE:carabid beetles:Pitfall:Oz:crtl:2023-06-12:1470"
"1471","Oz","crtl","Phrurolithus festivus",1,"F","","Pitfall","Johan Van Keer","Ad",1,"Phrurolithidae","Araneae","spiders",50.930698,3.833295,2023-06-12,"DIGITAF_BIODIVERSITY_FLEMISH_TREEROWS:OCCURRENCE:spiders:Pitfall:Oz:crtl:2023-06-12:1471"
"1472","Oz","crtl","Phrurolithus festivus",1,"M","","Pitfall","Johan Van Keer","Ad",3,"Phrurolithidae","Araneae","spiders",50.930698,3.833295,2023-06-12,"DIGITAF_BIODIVERSITY_FLEMISH_TREEROWS:OCCURRENCE:spiders:Pitfall:Oz:crtl:2023-06-12:1472"
"1473","Oz","crtl","Trechus quadristriatus",1,"M","","Pitfall","Marc Vankerckvoorde","Ad",1,"Carabidae","Coleoptera","carabid beetles",50.930698,3.833295,2023-06-12,"DIGITAF_BIODIVERSITY_FLEMISH_TREEROWS:OCCURRENCE:carabid beetles:Pitfall:Oz:crtl:2023-06-12:1473"
"1474","Oz","crtl","Harpalus luteicornis",1,"M","","Pitfall","Marc Vankerckvoorde","Ad",3,"Carabidae","Coleoptera","carabid beetles",50.930698,3.833295,2023-06-12,"DIGITAF_BIODIVERSITY_FLEMISH_TREEROWS:OCCURRENCE:carabid beetles:Pitfall:Oz:crtl:2023-06-12:1474"
"1475","Oz","crtl","Parophonus maculicornis",2,"M","","Pitfall","Marc Vankerckvoorde","Ad",1,"Carabidae","Coleoptera","carabid beetles",50.930698,3.833295,2023-06-12,"DIGITAF_BIODIVERSITY_FLEMISH_TREEROWS:OCCURRENCE:carabid beetles:Pitfall:Oz:crtl:2023-06-12:1475"
"1476","Oz","crtl","Pardosa tenuipes",2,"M","","Pitfall","Johan Van Keer","Ad",9,"Lycosidae","Araneae","spiders",50.930698,3.833295,2023-06-12,"DIGITAF_BIODIVERSITY_FLEMISH_TREEROWS:OCCURRENCE:spiders:Pitfall:Oz:crtl:2023-06-12:1476"
"1477","Oz","crtl","Armadillidium vulgare",1,"","","Pitfall","Pallieter De Smedt","Ad",51,"Armadillidiidae","Isopoda","woodlice",50.930698,3.833295,2023-06-12,"DIGITAF_BIODIVERSITY_FLEMISH_TREEROWS:OCCURRENCE:woodlice:Pitfall:Oz:crtl:2023-06-12:1477"
"1478","Oz","crtl","Pardosa tenuipes",2,"F","","Pitfall","Johan Van Keer","Ad",1,"Lycosidae","Araneae","spiders",50.930698,3.833295,2023-06-12,"DIGITAF_BIODIVERSITY_FLEMISH_TREEROWS:OCCURRENCE:spiders:Pitfall:Oz:crtl:2023-06-12:1478"
"1479","Oz","crtl","Drassyllus pusillus",1,"M","","Pitfall","Johan Van Keer","Ad",3,"Gnaphosidae","Araneae","spiders",50.930698,3.833295,2023-06-12,"DIGITAF_BIODIVERSITY_FLEMISH_TREEROWS:OCCURRENCE:spiders:Pitfall:Oz:crtl:2023-06-12:1479"
"1480","Oz","crtl","Gongylidiellum vivum",2,"F","","Pitfall","Johan Van Keer","Ad",1,"Linyphiidae","Araneae","spiders",50.930698,3.833295,2023-06-12,"DIGITAF_BIODIVERSITY_FLEMISH_TREEROWS:OCCURRENCE:spiders:Pitfall:Oz:crtl:2023-06-12:1480"
"1481","Oz","crtl","Bembidion obtusum",1,"F","","Pitfall","Marc Vankerckvoorde","Ad",1,"Carabidae","Coleoptera","carabid beetles",50.930698,3.833295,2023-06-12,"DIGITAF_BIODIVERSITY_FLEMISH_TREEROWS:OCCURRENCE:carabid beetles:Pitfall:Oz:crtl:2023-06-12:1481"
"1482","Oz","crtl","Notiophilus quadripunctatus",2,"F","","Pitfall","Marc Vankerckvoorde","Ad",1,"Carabidae","Coleoptera","carabid beetles",50.930698,3.833295,2023-06-12,"DIGITAF_BIODIVERSITY_FLEMISH_TREEROWS:OCCURRENCE:carabid beetles:Pitfall:Oz:crtl:2023-06-12:1482"
"1483","Oz","crtl","Pardosa nigriceps",1,"F","","Pitfall","Johan Van Keer","Ad",1,"Lycosidae","Araneae","spiders",50.930698,3.833295,2023-06-12,"DIGITAF_BIODIVERSITY_FLEMISH_TREEROWS:OCCURRENCE:spiders:Pitfall:Oz:crtl:2023-06-12:1483"
"1484","Oz","crtl","Brachyiulus pusillus",2,"M","","Pitfall","Pallieter De Smedt","Ad",1,"Julidae","Julida","millipedes",50.930698,3.833295,2023-06-12,"DIGITAF_BIODIVERSITY_FLEMISH_TREEROWS:OCCURRENCE:millipedes:Pitfall:Oz:crtl:2023-06-12:1484"
"1485","Oz","crtl","Harpalus luteicornis",1,"F","","Pitfall","Marc Vankerckvoorde","Ad",1,"Carabidae","Coleoptera","carabid beetles",50.930698,3.833295,2023-06-12,"DIGITAF_BIODIVERSITY_FLEMISH_TREEROWS:OCCURRENCE:carabid beetles:Pitfall:Oz:crtl:2023-06-12:1485"
"1486","Oz","crtl","Notiophilus quadripunctatus",2,"M","","Pitfall","Marc Vankerckvoorde","Ad",1,"Carabidae","Coleoptera","carabid beetles",50.930698,3.833295,2023-06-12,"DIGITAF_BIODIVERSITY_FLEMISH_TREEROWS:OCCURRENCE:carabid beetles:Pitfall:Oz:crtl:2023-06-12:1486"
"1487","Oz","crtl","Mermessus trilobatus",1,"F","","Pitfall","Johan Van Keer","Ad",1,"Linyphiidae","Araneae","spiders",50.930698,3.833295,2023-06-12,"DIGITAF_BIODIVERSITY_FLEMISH_TREEROWS:OCCURRENCE:spiders:Pitfall:Oz:crtl:2023-06-12:1487"
"1488","Oz","crtl","Brachyiulus pusillus",1,"M","","Pitfall","Pallieter De Smedt","Ad",1,"Julidae","Julida","millipedes",50.930698,3.833295,2023-06-12,"DIGITAF_BIODIVERSITY_FLEMISH_TREEROWS:OCCURRENCE:millipedes:Pitfall:Oz:crtl:2023-06-12:1488"
"1489","Oz","crtl","Pardosa tenuipes",1,"M","","Pitfall","Johan Van Keer","Ad",6,"Lycosidae","Araneae","spiders",50.930698,3.833295,2023-06-12,"DIGITAF_BIODIVERSITY_FLEMISH_TREEROWS:OCCURRENCE:spiders:Pitfall:Oz:crtl:2023-06-12:1489"
"1490","Oz","crtl","Harpalus luteicornis",2,"M","","Pitfall","Marc Vankerckvoorde","Ad",2,"Carabidae","Coleoptera","carabid beetles",50.930698,3.833295,2023-06-12,"DIGITAF_BIODIVERSITY_FLEMISH_TREEROWS:OCCURRENCE:carabid beetles:Pitfall:Oz:crtl:2023-06-12:1490"
"1491","Oz","crtl","Phrurolithus festivus",2,"M","","Pitfall","Johan Van Keer","Ad",4,"Phrurolithidae","Araneae","spiders",50.930698,3.833295,2023-06-12,"DIGITAF_BIODIVERSITY_FLEMISH_TREEROWS:OCCURRENCE:spiders:Pitfall:Oz:crtl:2023-06-12:1491"
"1492","Oz","crtl","Tenuiphantes tenuis",2,"M","","Pitfall","Johan Van Keer","Ad",1,"Linyphiidae","Araneae","spiders",50.930698,3.833295,2023-06-12,"DIGITAF_BIODIVERSITY_FLEMISH_TREEROWS:OCCURRENCE:spiders:Pitfall:Oz:crtl:2023-06-12:1492"
"1493","Oz","tree","Pardosa pullata",1,"M","","Pitfall","Johan Van Keer","Ad",4,"Lycosidae","Araneae","spiders",50.930286,3.833097,2023-06-12,"DIGITAF_BIODIVERSITY_FLEMISH_TREEROWS:OCCURRENCE:spiders:Pitfall:Oz:tree:2023-06-12:1493"
"1494","Oz","tree","Aleocharinae spec.",1,"","","Pitfall","Marc Vankerckvoorde","Ad",2,"Staphylinidae","Coleoptera","staphylinid beetles",50.930286,3.833097,2023-06-12,"DIGITAF_BIODIVERSITY_FLEMISH_TREEROWS:OCCURRENCE:staphylinid beetles:Pitfall:Oz:tree:2023-06-12:1494"
"1495","Oz","tree","Micaria micans",1,"M","CJVK","Pitfall","Johan Van Keer","Ad",1,"Gnaphosidae","Araneae","spiders",50.930286,3.833097,2023-06-12,"DIGITAF_BIODIVERSITY_FLEMISH_TREEROWS:OCCURRENCE:spiders:Pitfall:Oz:tree:2023-06-12:1495"
"1496","Oz","tree","Philonthus carbonarius",1,"","","Pitfall","Marc Vankerckvoorde","Ad",1,"Staphylinidae","Coleoptera","staphylinid beetles",50.930286,3.833097,2023-06-12,"DIGITAF_BIODIVERSITY_FLEMISH_TREEROWS:OCCURRENCE:staphylinid beetles:Pitfall:Oz:tree:2023-06-12:1496"
"1497","Oz","tree","Pardosa palustris",2,"M","","Pitfall","Johan Van Keer","Ad",2,"Lycosidae","Araneae","spiders",50.930286,3.833097,2023-06-12,"DIGITAF_BIODIVERSITY_FLEMISH_TREEROWS:OCCURRENCE:spiders:Pitfall:Oz:tree:2023-06-12:1497"
"1498","Oz","tree","Harpalus latus",2,"M","","Pitfall","Marc Vankerckvoorde","Ad",2,"Carabidae","Coleoptera","carabid beetles",50.930286,3.833097,2023-06-12,"DIGITAF_BIODIVERSITY_FLEMISH_TREEROWS:OCCURRENCE:carabid beetles:Pitfall:Oz:tree:2023-06-12:1498"
"1499","Oz","tree","Tachinus rufipes",2,"","","Pitfall","Marc Vankerckvoorde","Ad",2,"Staphylinidae","Coleoptera","staphylinid beetles",50.930286,3.833097,2023-06-12,"DIGITAF_BIODIVERSITY_FLEMISH_TREEROWS:OCCURRENCE:staphylinid beetles:Pitfall:Oz:tree:2023-06-12:1499"
"1500","Oz","tree","Pardosa palustris",1,"M","","Pitfall","Johan Van Keer","Ad",5,"Lycosidae","Araneae","spiders",50.930286,3.833097,2023-06-12,"DIGITAF_BIODIVERSITY_FLEMISH_TREEROWS:OCCURRENCE:spiders:Pitfall:Oz:tree:2023-06-12:1500"
"1501","Oz","tree","Bembidion properans",2,"F","","Pitfall","Marc Vankerckvoorde","Ad",1,"Carabidae","Coleoptera","carabid beetles",50.930286,3.833097,2023-06-12,"DIGITAF_BIODIVERSITY_FLEMISH_TREEROWS:OCCURRENCE:carabid beetles:Pitfall:Oz:tree:2023-06-12:1501"
"1502","Oz","tree","Pocadicnemis juncea",2,"M","","Pitfall","Johan Van Keer","Ad",1,"Linyphiidae","Araneae","spiders",50.930286,3.833097,2023-06-12,"DIGITAF_BIODIVERSITY_FLEMISH_TREEROWS:OCCURRENCE:spiders:Pitfall:Oz:tree:2023-06-12:1502"
"1503","Oz","tree","Xantholinus longiventris",2,"","","Pitfall","Marc Vankerckvoorde","Ad",1,"Staphylinidae","Coleoptera","staphylinid beetles",50.930286,3.833097,2023-06-12,"DIGITAF_BIODIVERSITY_FLEMISH_TREEROWS:OCCURRENCE:staphylinid beetles:Pitfall:Oz:tree:2023-06-12:1503"
"1504","Oz","tree","Harpalus latus",1,"F","","Pitfall","Marc Vankerckvoorde","Ad",1,"Carabidae","Coleoptera","carabid beetles",50.930286,3.833097,2023-06-12,"DIGITAF_BIODIVERSITY_FLEMISH_TREEROWS:OCCURRENCE:carabid beetles:Pitfall:Oz:tree:2023-06-12:1504"
"1505","Oz","tree","Eratigena picta",1,"M","","Pitfall","Johan Van Keer","Ad",3,"Agelenidae","Araneae","spiders",50.930286,3.833097,2023-06-12,"DIGITAF_BIODIVERSITY_FLEMISH_TREEROWS:OCCURRENCE:spiders:Pitfall:Oz:tree:2023-06-12:1505"
"1506","Oz","tree","Lasius niger",2,"F","","Pitfall","Wouter Dekoninck","Ad",68,"Formicidae","Hymenoptera","ants",50.930286,3.833097,2023-06-12,"DIGITAF_BIODIVERSITY_FLEMISH_TREEROWS:OCCURRENCE:ants:Pitfall:Oz:tree:2023-06-12:1506"
"1507","Oz","tree","Rugilus erichsonii",1,"","","Pitfall","Marc Vankerckvoorde","Ad",1,"Staphylinidae","Coleoptera","staphylinid beetles",50.930286,3.833097,2023-06-12,"DIGITAF_BIODIVERSITY_FLEMISH_TREEROWS:OCCURRENCE:staphylinid beetles:Pitfall:Oz:tree:2023-06-12:1507"
"1508","Oz","tree","Trochosa ruricola",1,"M","","Pitfall","Johan Van Keer","Ad",2,"Lycosidae","Araneae","spiders",50.930286,3.833097,2023-06-12,"DIGITAF_BIODIVERSITY_FLEMISH_TREEROWS:OCCURRENCE:spiders:Pitfall:Oz:tree:2023-06-12:1508"
"1509","Oz","tree","Porcellio scaber",1,"","","Pitfall","Pallieter De Smedt","Ad",1,"Porcellionidae","Isopoda","woodlice",50.930286,3.833097,2023-06-12,"DIGITAF_BIODIVERSITY_FLEMISH_TREEROWS:OCCURRENCE:woodlice:Pitfall:Oz:tree:2023-06-12:1509"
"1510","Oz","tree","Trochosa ruricola",2,"M","","Pitfall","Johan Van Keer","Ad",1,"Lycosidae","Araneae","spiders",50.930286,3.833097,2023-06-12,"DIGITAF_BIODIVERSITY_FLEMISH_TREEROWS:OCCURRENCE:spiders:Pitfall:Oz:tree:2023-06-12:1510"
"1511","Oz","tree","Xantholinus longiventris",1,"","","Pitfall","Marc Vankerckvoorde","Ad",1,"Staphylinidae","Coleoptera","staphylinid beetles",50.930286,3.833097,2023-06-12,"DIGITAF_BIODIVERSITY_FLEMISH_TREEROWS:OCCURRENCE:staphylinid beetles:Pitfall:Oz:tree:2023-06-12:1511"
"1512","Oz","tree","Aleocharinae spec.",2,"","","Pitfall","Marc Vankerckvoorde","Ad",1,"Staphylinidae","Coleoptera","staphylinid beetles",50.930286,3.833097,2023-06-12,"DIGITAF_BIODIVERSITY_FLEMISH_TREEROWS:OCCURRENCE:staphylinid beetles:Pitfall:Oz:tree:2023-06-12:1512"
"1513","Oz","tree","Pardosa nigriceps",1,"M","","Pitfall","Johan Van Keer","Ad",8,"Lycosidae","Araneae","spiders",50.930286,3.833097,2023-06-12,"DIGITAF_BIODIVERSITY_FLEMISH_TREEROWS:OCCURRENCE:spiders:Pitfall:Oz:tree:2023-06-12:1513"
"1514","Oz","tree","Harpalus luteicornis",2,"M","","Pitfall","Marc Vankerckvoorde","Ad",1,"Carabidae","Coleoptera","carabid beetles",50.930286,3.833097,2023-06-12,"DIGITAF_BIODIVERSITY_FLEMISH_TREEROWS:OCCURRENCE:carabid beetles:Pitfall:Oz:tree:2023-06-12:1514"
"1515","Oz","tree","Pardosa tenuipes",2,"F","","Pitfall","Johan Van Keer","Ad",1,"Lycosidae","Araneae","spiders",50.930286,3.833097,2023-06-12,"DIGITAF_BIODIVERSITY_FLEMISH_TREEROWS:OCCURRENCE:spiders:Pitfall:Oz:tree:2023-06-12:1515"
"1516","Oz","tree","Tenuiphantes tenuis",2,"M","","Pitfall","Léon Baert","Ad",2,"Linyphiidae","Araneae","spiders",50.930286,3.833097,2023-06-12,"DIGITAF_BIODIVERSITY_FLEMISH_TREEROWS:OCCURRENCE:spiders:Pitfall:Oz:tree:2023-06-12:1516"
"1517","Oz","tree","Lasius niger",1,"F","","Pitfall","Wouter Dekoninck","Ad",20,"Formicidae","Hymenoptera","ants",50.930286,3.833097,2023-06-12,"DIGITAF_BIODIVERSITY_FLEMISH_TREEROWS:OCCURRENCE:ants:Pitfall:Oz:tree:2023-06-12:1517"
"1518","Oz","tree","Piratula latitans",1,"M","","Pitfall","Johan Van Keer","Ad",1,"Lycosidae","Araneae","spiders",50.930286,3.833097,2023-06-12,"DIGITAF_BIODIVERSITY_FLEMISH_TREEROWS:OCCURRENCE:spiders:Pitfall:Oz:tree:2023-06-12:1518"
"1519","Oz","tree","Trechus obtusus",1,"M","","Pitfall","Marc Vankerckvoorde","Ad",1,"Carabidae","Coleoptera","carabid beetles",50.930286,3.833097,2023-06-12,"DIGITAF_BIODIVERSITY_FLEMISH_TREEROWS:OCCURRENCE:carabid beetles:Pitfall:Oz:tree:2023-06-12:1519"
"1520","Oz","tree","Harpalus latus",2,"F","","Pitfall","Marc Vankerckvoorde","Ad",1,"Carabidae","Coleoptera","carabid beetles",50.930286,3.833097,2023-06-12,"DIGITAF_BIODIVERSITY_FLEMISH_TREEROWS:OCCURRENCE:carabid beetles:Pitfall:Oz:tree:2023-06-12:1520"
"1521","Oz","tree","Trachyzelotes pedestris",2,"M","","Pitfall","Johan Van Keer","Ad",1,"Gnaphosidae","Araneae","spiders",50.930286,3.833097,2023-06-12,"DIGITAF_BIODIVERSITY_FLEMISH_TREEROWS:OCCURRENCE:spiders:Pitfall:Oz:tree:2023-06-12:1521"
"1522","Oz","tree","Tenuiphantes tenuis",1,"M","","Pitfall","Johan Van Keer","Ad",1,"Linyphiidae","Araneae","spiders",50.930286,3.833097,2023-06-12,"DIGITAF_BIODIVERSITY_FLEMISH_TREEROWS:OCCURRENCE:spiders:Pitfall:Oz:tree:2023-06-12:1522"
"1523","Oz","tree","Pardosa nigriceps",2,"M","","Pitfall","Johan Van Keer","Ad",13,"Lycosidae","Araneae","spiders",50.930286,3.833097,2023-06-12,"DIGITAF_BIODIVERSITY_FLEMISH_TREEROWS:OCCURRENCE:spiders:Pitfall:Oz:tree:2023-06-12:1523"
"1524","Oz","tree","Robertus lividus",1,"F","","Pitfall","Johan Van Keer","Ad",1,"Theridiidae","Araneae","spiders",50.930286,3.833097,2023-06-12,"DIGITAF_BIODIVERSITY_FLEMISH_TREEROWS:OCCURRENCE:spiders:Pitfall:Oz:tree:2023-06-12:1524"
"1525","Oz","tree","Pardosa pullata",2,"M","","Pitfall","Johan Van Keer","Ad",8,"Lycosidae","Araneae","spiders",50.930286,3.833097,2023-06-12,"DIGITAF_BIODIVERSITY_FLEMISH_TREEROWS:OCCURRENCE:spiders:Pitfall:Oz:tree:2023-06-12:1525"
"1526","Oz","tree","Tenuiphantes tenuis",1,"M","","Pitfall","Léon Baert","Ad",1,"Linyphiidae","Araneae","spiders",50.930286,3.833097,2023-06-12,"DIGITAF_BIODIVERSITY_FLEMISH_TREEROWS:OCCURRENCE:spiders:Pitfall:Oz:tree:2023-06-12:1526"
"1527","Oz","tree","Alopecosa pulverulenta",1,"M","","Pitfall","Johan Van Keer","Ad",1,"Lycosidae","Araneae","spiders",50.930286,3.833097,2023-06-12,"DIGITAF_BIODIVERSITY_FLEMISH_TREEROWS:OCCURRENCE:spiders:Pitfall:Oz:tree:2023-06-12:1527"
"1528","Oz","tree","Pardosa nigriceps",1,"F","","Pitfall","Johan Van Keer","Ad",2,"Lycosidae","Araneae","spiders",50.930286,3.833097,2023-06-12,"DIGITAF_BIODIVERSITY_FLEMISH_TREEROWS:OCCURRENCE:spiders:Pitfall:Oz:tree:2023-06-12:1528"
"1529","Oz","tree","Harpalus affinis",1,"M","","Pitfall","Marc Vankerckvoorde","Ad",1,"Carabidae","Coleoptera","carabid beetles",50.930286,3.833097,2023-06-12,"DIGITAF_BIODIVERSITY_FLEMISH_TREEROWS:OCCURRENCE:carabid beetles:Pitfall:Oz:tree:2023-06-12:1529"
"1530","Oz","tree","Mermessus trilobatus",2,"M","","Pitfall","Johan Van Keer","Ad",1,"Linyphiidae","Araneae","spiders",50.930286,3.833097,2023-06-12,"DIGITAF_BIODIVERSITY_FLEMISH_TREEROWS:OCCURRENCE:spiders:Pitfall:Oz:tree:2023-06-12:1530"
"1531","Oz","tree","Phrurolithus festivus",1,"M","","Pitfall","Johan Van Keer","Ad",1,"Phrurolithidae","Araneae","spiders",50.930286,3.833097,2023-06-12,"DIGITAF_BIODIVERSITY_FLEMISH_TREEROWS:OCCURRENCE:spiders:Pitfall:Oz:tree:2023-06-12:1531"
"1532","Oz","tree","Pachygnatha degeeri",1,"F","","Pitfall","Johan Van Keer","Ad",1,"Tetragnathidae","Araneae","spiders",50.930286,3.833097,2023-06-12,"DIGITAF_BIODIVERSITY_FLEMISH_TREEROWS:OCCURRENCE:spiders:Pitfall:Oz:tree:2023-06-12:1532"
"1533","Oz","tree","Philoscia muscorum",2,"","","Pitfall","Pallieter De Smedt","Ad",1,"Philosciidae","Isopoda","woodlice",50.930286,3.833097,2023-06-12,"DIGITAF_BIODIVERSITY_FLEMISH_TREEROWS:OCCURRENCE:woodlice:Pitfall:Oz:tree:2023-06-12:1533"
"1534","Oz","tree","Pachygnatha degeeri",1,"M","","Pitfall","Johan Van Keer","Ad",1,"Tetragnathidae","Araneae","spiders",50.930286,3.833097,2023-06-12,"DIGITAF_BIODIVERSITY_FLEMISH_TREEROWS:OCCURRENCE:spiders:Pitfall:Oz:tree:2023-06-12:1534"
"1535","Oz","tree","Pardosa tenuipes",1,"F","","Pitfall","Johan Van Keer","Ad",2,"Lycosidae","Araneae","spiders",50.930286,3.833097,2023-06-12,"DIGITAF_BIODIVERSITY_FLEMISH_TREEROWS:OCCURRENCE:spiders:Pitfall:Oz:tree:2023-06-12:1535"
"1536","Oz","tree","Pardosa tenuipes",1,"M","","Pitfall","Johan Van Keer","Ad",1,"Lycosidae","Araneae","spiders",50.930286,3.833097,2023-06-12,"DIGITAF_BIODIVERSITY_FLEMISH_TREEROWS:OCCURRENCE:spiders:Pitfall:Oz:tree:2023-06-12:1536"
"1537","Oz","tree","Tenuiphantes tenuis",1,"F","","Pitfall","Johan Van Keer","Ad",1,"Linyphiidae","Araneae","spiders",50.930286,3.833097,2023-06-12,"DIGITAF_BIODIVERSITY_FLEMISH_TREEROWS:OCCURRENCE:spiders:Pitfall:Oz:tree:2023-06-12:1537"
"1538","Oz","tree","Anotylus inustus",1,"","","Pitfall","Marc Vankerckvoorde","Ad",1,"Staphylinidae","Coleoptera","staphylinid beetles",50.930286,3.833097,2023-06-12,"DIGITAF_BIODIVERSITY_FLEMISH_TREEROWS:OCCURRENCE:staphylinid beetles:Pitfall:Oz:tree:2023-06-12:1538"
"1539","Oz","tree","Philonthus laminatus",1,"","","Pitfall","Marc Vankerckvoorde","Ad",1,"Staphylinidae","Coleoptera","staphylinid beetles",50.930286,3.833097,2023-06-12,"DIGITAF_BIODIVERSITY_FLEMISH_TREEROWS:OCCURRENCE:staphylinid beetles:Pitfall:Oz:tree:2023-06-12:1539"
"1540","Oz","tree","Philoscia muscorum",1,"","","Pitfall","Pallieter De Smedt","Ad",2,"Philosciidae","Isopoda","woodlice",50.930286,3.833097,2023-06-12,"DIGITAF_BIODIVERSITY_FLEMISH_TREEROWS:OCCURRENCE:woodlice:Pitfall:Oz:tree:2023-06-12:1540"
"1541","Oz","tree","Pardosa tenuipes",2,"M","","Pitfall","Johan Van Keer","Ad",5,"Lycosidae","Araneae","spiders",50.930286,3.833097,2023-06-12,"DIGITAF_BIODIVERSITY_FLEMISH_TREEROWS:OCCURRENCE:spiders:Pitfall:Oz:tree:2023-06-12:1541"
"1542","PL","crop","Harpalus distinguendus",2,"M","","Pitfall","Marc Vankerckvoorde","Ad",1,"Carabidae","Coleoptera","carabid beetles",50.759422,4.036237,2023-06-13,"DIGITAF_BIODIVERSITY_FLEMISH_TREEROWS:OCCURRENCE:carabid beetles:Pitfall:PL:crop:2023-06-13:1542"
"1543","PL","crop","Pardosa amentata",1,"F","","Pitfall","Johan Van Keer","Ad",3,"Lycosidae","Araneae","spiders",50.759422,4.036237,2023-06-13,"DIGITAF_BIODIVERSITY_FLEMISH_TREEROWS:OCCURRENCE:spiders:Pitfall:PL:crop:2023-06-13:1543"
"1544","PL","crop","Poecilus cupreus",1,"F","","Pitfall","Marc Vankerckvoorde","Ad",6,"Carabidae","Coleoptera","carabid beetles",50.759422,4.036237,2023-06-13,"DIGITAF_BIODIVERSITY_FLEMISH_TREEROWS:OCCURRENCE:carabid beetles:Pitfall:PL:crop:2023-06-13:1544"
"1545","PL","crop","Poecilus cupreus",2,"M","","Pitfall","Marc Vankerckvoorde","Ad",11,"Carabidae","Coleoptera","carabid beetles",50.759422,4.036237,2023-06-13,"DIGITAF_BIODIVERSITY_FLEMISH_TREEROWS:OCCURRENCE:carabid beetles:Pitfall:PL:crop:2023-06-13:1545"
"1546","PL","crop","Polydesmus inconstans",2,"F","","Pitfall","Pallieter De Smedt","Ad",1,"Polydesmidae","Polydesmida","millipedes",50.759422,4.036237,2023-06-13,"DIGITAF_BIODIVERSITY_FLEMISH_TREEROWS:OCCURRENCE:millipedes:Pitfall:PL:crop:2023-06-13:1546"
"1547","PL","crop","Aleocharinae spec.",1,"","","Pitfall","Marc Vankerckvoorde","Ad",1,"Staphylinidae","Coleoptera","staphylinid beetles",50.759422,4.036237,2023-06-13,"DIGITAF_BIODIVERSITY_FLEMISH_TREEROWS:OCCURRENCE:staphylinid beetles:Pitfall:PL:crop:2023-06-13:1547"
"1548","PL","crop","Aleocharinae spec.",2,"","","Pitfall","Marc Vankerckvoorde","Ad",1,"Staphylinidae","Coleoptera","staphylinid beetles",50.759422,4.036237,2023-06-13,"DIGITAF_BIODIVERSITY_FLEMISH_TREEROWS:OCCURRENCE:staphylinid beetles:Pitfall:PL:crop:2023-06-13:1548"
"1549","PL","crop","Nebria brevicollis",1,"M","","Pitfall","Marc Vankerckvoorde","Ad",1,"Carabidae","Coleoptera","carabid beetles",50.759422,4.036237,2023-06-13,"DIGITAF_BIODIVERSITY_FLEMISH_TREEROWS:OCCURRENCE:carabid beetles:Pitfall:PL:crop:2023-06-13:1549"
"1550","PL","crop","Xysticus kochi",1,"M","","Pitfall","Johan Van Keer","Ad",3,"Thomisidae","Araneae","spiders",50.759422,4.036237,2023-06-13,"DIGITAF_BIODIVERSITY_FLEMISH_TREEROWS:OCCURRENCE:spiders:Pitfall:PL:crop:2023-06-13:1550"
"1551","PL","crop","Poecilus cupreus",2,"F","","Pitfall","Marc Vankerckvoorde","Ad",13,"Carabidae","Coleoptera","carabid beetles",50.759422,4.036237,2023-06-13,"DIGITAF_BIODIVERSITY_FLEMISH_TREEROWS:OCCURRENCE:carabid beetles:Pitfall:PL:crop:2023-06-13:1551"
"1552","PL","crop","Poecilus cupreus",1,"M","","Pitfall","Marc Vankerckvoorde","Ad",1,"Carabidae","Coleoptera","carabid beetles",50.759422,4.036237,2023-06-13,"DIGITAF_BIODIVERSITY_FLEMISH_TREEROWS:OCCURRENCE:carabid beetles:Pitfall:PL:crop:2023-06-13:1552"
"1553","PL","crop","Pterostichus melanarius",2,"F","","Pitfall","Marc Vankerckvoorde","Ad",1,"Carabidae","Coleoptera","carabid beetles",50.759422,4.036237,2023-06-13,"DIGITAF_BIODIVERSITY_FLEMISH_TREEROWS:OCCURRENCE:carabid beetles:Pitfall:PL:crop:2023-06-13:1553"
"1554","PL","crop","Trochosa ruricola",2,"M","","Pitfall","Johan Van Keer","Ad",4,"Lycosidae","Araneae","spiders",50.759422,4.036237,2023-06-13,"DIGITAF_BIODIVERSITY_FLEMISH_TREEROWS:OCCURRENCE:spiders:Pitfall:PL:crop:2023-06-13:1554"
"1555","PL","crop","Trochosa ruricola",1,"M","","Pitfall","Johan Van Keer","Ad",4,"Lycosidae","Araneae","spiders",50.759422,4.036237,2023-06-13,"DIGITAF_BIODIVERSITY_FLEMISH_TREEROWS:OCCURRENCE:spiders:Pitfall:PL:crop:2023-06-13:1555"
"1556","PL","crop","Oedothorax apicatus",1,"F","","Pitfall","Johan Van Keer","Ad",1,"Linyphiidae","Araneae","spiders",50.759422,4.036237,2023-06-13,"DIGITAF_BIODIVERSITY_FLEMISH_TREEROWS:OCCURRENCE:spiders:Pitfall:PL:crop:2023-06-13:1556"
"1557","PL","crop","Walckenaeria nudipalpis",1,"F","","Pitfall","Johan Van Keer","Ad",1,"Linyphiidae","Araneae","spiders",50.759422,4.036237,2023-06-13,"DIGITAF_BIODIVERSITY_FLEMISH_TREEROWS:OCCURRENCE:spiders:Pitfall:PL:crop:2023-06-13:1557"
"1558","PL","crop","Bembidion lampros",2,"F","","Pitfall","Marc Vankerckvoorde","Ad",1,"Carabidae","Coleoptera","carabid beetles",50.759422,4.036237,2023-06-13,"DIGITAF_BIODIVERSITY_FLEMISH_TREEROWS:OCCURRENCE:carabid beetles:Pitfall:PL:crop:2023-06-13:1558"
"1559","PL","crop","Trechus quadristriatus",1,"M","","Pitfall","Marc Vankerckvoorde","Ad",1,"Carabidae","Coleoptera","carabid beetles",50.759422,4.036237,2023-06-13,"DIGITAF_BIODIVERSITY_FLEMISH_TREEROWS:OCCURRENCE:carabid beetles:Pitfall:PL:crop:2023-06-13:1559"
"1560","PL","crop","Pardosa amentata",2,"F","","Pitfall","Johan Van Keer","Ad",1,"Lycosidae","Araneae","spiders",50.759422,4.036237,2023-06-13,"DIGITAF_BIODIVERSITY_FLEMISH_TREEROWS:OCCURRENCE:spiders:Pitfall:PL:crop:2023-06-13:1560"
"1561","PL","crop","Oedothorax apicatus",1,"M","","Pitfall","Johan Van Keer","Ad",2,"Linyphiidae","Araneae","spiders",50.759422,4.036237,2023-06-13,"DIGITAF_BIODIVERSITY_FLEMISH_TREEROWS:OCCURRENCE:spiders:Pitfall:PL:crop:2023-06-13:1561"
"1562","PL","crop","Pterostichus melanarius",2,"M","","Pitfall","Marc Vankerckvoorde","Ad",6,"Carabidae","Coleoptera","carabid beetles",50.759422,4.036237,2023-06-13,"DIGITAF_BIODIVERSITY_FLEMISH_TREEROWS:OCCURRENCE:carabid beetles:Pitfall:PL:crop:2023-06-13:1562"
"1563","PL","crop","Pterostichus melanarius",1,"F","","Pitfall","Marc Vankerckvoorde","Ad",1,"Carabidae","Coleoptera","carabid beetles",50.759422,4.036237,2023-06-13,"DIGITAF_BIODIVERSITY_FLEMISH_TREEROWS:OCCURRENCE:carabid beetles:Pitfall:PL:crop:2023-06-13:1563"
"1564","PL","crop","Oedothorax apicatus",2,"F","","Pitfall","Johan Van Keer","Ad",1,"Linyphiidae","Araneae","spiders",50.759422,4.036237,2023-06-13,"DIGITAF_BIODIVERSITY_FLEMISH_TREEROWS:OCCURRENCE:spiders:Pitfall:PL:crop:2023-06-13:1564"
"1565","PL","crop","Trechus quadristriatus",2,"M","","Pitfall","Marc Vankerckvoorde","Ad",1,"Carabidae","Coleoptera","carabid beetles",50.759422,4.036237,2023-06-13,"DIGITAF_BIODIVERSITY_FLEMISH_TREEROWS:OCCURRENCE:carabid beetles:Pitfall:PL:crop:2023-06-13:1565"
"1566","PL","crop","Pardosa tenuipes",1,"F","","Pitfall","Johan Van Keer","Ad",4,"Lycosidae","Araneae","spiders",50.759422,4.036237,2023-06-13,"DIGITAF_BIODIVERSITY_FLEMISH_TREEROWS:OCCURRENCE:spiders:Pitfall:PL:crop:2023-06-13:1566"
"1567","PL","crop","Polydesmus inconstans",1,"F","","Pitfall","Pallieter De Smedt","Ad",3,"Polydesmidae","Polydesmida","millipedes",50.759422,4.036237,2023-06-13,"DIGITAF_BIODIVERSITY_FLEMISH_TREEROWS:OCCURRENCE:millipedes:Pitfall:PL:crop:2023-06-13:1567"
"1568","PL","crop","Trochosa ruricola",2,"F","","Pitfall","Johan Van Keer","Ad",1,"Lycosidae","Araneae","spiders",50.759422,4.036237,2023-06-13,"DIGITAF_BIODIVERSITY_FLEMISH_TREEROWS:OCCURRENCE:spiders:Pitfall:PL:crop:2023-06-13:1568"
"1569","PL","crop","Pardosa tenuipes",2,"F","","Pitfall","Johan Van Keer","Ad",6,"Lycosidae","Araneae","spiders",50.759422,4.036237,2023-06-13,"DIGITAF_BIODIVERSITY_FLEMISH_TREEROWS:OCCURRENCE:spiders:Pitfall:PL:crop:2023-06-13:1569"
"1570","PL","crop","Bembidion lampros",2,"M","","Pitfall","Marc Vankerckvoorde","Ad",3,"Carabidae","Coleoptera","carabid beetles",50.759422,4.036237,2023-06-13,"DIGITAF_BIODIVERSITY_FLEMISH_TREEROWS:OCCURRENCE:carabid beetles:Pitfall:PL:crop:2023-06-13:1570"
"1571","PL","crop","Pterostichus melanarius",1,"M","","Pitfall","Marc Vankerckvoorde","Ad",3,"Carabidae","Coleoptera","carabid beetles",50.759422,4.036237,2023-06-13,"DIGITAF_BIODIVERSITY_FLEMISH_TREEROWS:OCCURRENCE:carabid beetles:Pitfall:PL:crop:2023-06-13:1571"
"1572","PL","crop","Pardosa tenuipes",2,"M","","Pitfall","Johan Van Keer","Ad",1,"Lycosidae","Araneae","spiders",50.759422,4.036237,2023-06-13,"DIGITAF_BIODIVERSITY_FLEMISH_TREEROWS:OCCURRENCE:spiders:Pitfall:PL:crop:2023-06-13:1572"
"1573","PL","crop","Trechus quadristriatus",1,"F","","Pitfall","Marc Vankerckvoorde","Ad",1,"Carabidae","Coleoptera","carabid beetles",50.759422,4.036237,2023-06-13,"DIGITAF_BIODIVERSITY_FLEMISH_TREEROWS:OCCURRENCE:carabid beetles:Pitfall:PL:crop:2023-06-13:1573"
"1574","PL","crop","Oedothorax apicatus",2,"M","","Pitfall","Johan Van Keer","Ad",17,"Linyphiidae","Araneae","spiders",50.759422,4.036237,2023-06-13,"DIGITAF_BIODIVERSITY_FLEMISH_TREEROWS:OCCURRENCE:spiders:Pitfall:PL:crop:2023-06-13:1574"
"1575","PL","crop","Nebria brevicollis",2,"F","","Pitfall","Marc Vankerckvoorde","Ad",1,"Carabidae","Coleoptera","carabid beetles",50.759422,4.036237,2023-06-13,"DIGITAF_BIODIVERSITY_FLEMISH_TREEROWS:OCCURRENCE:carabid beetles:Pitfall:PL:crop:2023-06-13:1575"
"1576","PL","crop","Harpalus affinis",2,"M","","Pitfall","Marc Vankerckvoorde","Ad",1,"Carabidae","Coleoptera","carabid beetles",50.759422,4.036237,2023-06-13,"DIGITAF_BIODIVERSITY_FLEMISH_TREEROWS:OCCURRENCE:carabid beetles:Pitfall:PL:crop:2023-06-13:1576"
"1577","PL","crop","Brachyiulus pusillus",1,"M","","Pitfall","Pallieter De Smedt","Ad",1,"Julidae","Julida","millipedes",50.759422,4.036237,2023-06-13,"DIGITAF_BIODIVERSITY_FLEMISH_TREEROWS:OCCURRENCE:millipedes:Pitfall:PL:crop:2023-06-13:1577"
"1578","PL","crop","Pterostichus strenuus",2,"M","","Pitfall","Marc Vankerckvoorde","Ad",1,"Carabidae","Coleoptera","carabid beetles",50.759422,4.036237,2023-06-13,"DIGITAF_BIODIVERSITY_FLEMISH_TREEROWS:OCCURRENCE:carabid beetles:Pitfall:PL:crop:2023-06-13:1578"
"1579","PL","crtl","Paederus fuscipes",1,"","","Pitfall","Marc Vankerckvoorde","Ad",1,"Staphylinidae","Coleoptera","staphylinid beetles",50.75819,4.03304,2023-06-13,"DIGITAF_BIODIVERSITY_FLEMISH_TREEROWS:OCCURRENCE:staphylinid beetles:Pitfall:PL:crtl:2023-06-13:1579"
"1580","PL","crtl","Trachyzelotes pedestris",1,"M","","Pitfall","Johan Van Keer","Ad",2,"Gnaphosidae","Araneae","spiders",50.75819,4.03304,2023-06-13,"DIGITAF_BIODIVERSITY_FLEMISH_TREEROWS:OCCURRENCE:spiders:Pitfall:PL:crtl:2023-06-13:1580"
"1581","PL","crtl","Lasius flavus",1,"F","","Pitfall","Wouter Dekoninck","Ad",1,"Formicidae","Hymenoptera","ants",50.75819,4.03304,2023-06-13,"DIGITAF_BIODIVERSITY_FLEMISH_TREEROWS:OCCURRENCE:ants:Pitfall:PL:crtl:2023-06-13:1581"
"1582","PL","crtl","Poecilus cupreus",1,"M","","Pitfall","Marc Vankerckvoorde","Ad",4,"Carabidae","Coleoptera","carabid beetles",50.75819,4.03304,2023-06-13,"DIGITAF_BIODIVERSITY_FLEMISH_TREEROWS:OCCURRENCE:carabid beetles:Pitfall:PL:crtl:2023-06-13:1582"
"1583","PL","crtl","Pardosa amentata",2,"F","","Pitfall","Johan Van Keer","Ad",2,"Lycosidae","Araneae","spiders",50.75819,4.03304,2023-06-13,"DIGITAF_BIODIVERSITY_FLEMISH_TREEROWS:OCCURRENCE:spiders:Pitfall:PL:crtl:2023-06-13:1583"
"1584","PL","crtl","Poecilus cupreus",2,"M","","Pitfall","Marc Vankerckvoorde","Ad",1,"Carabidae","Coleoptera","carabid beetles",50.75819,4.03304,2023-06-13,"DIGITAF_BIODIVERSITY_FLEMISH_TREEROWS:OCCURRENCE:carabid beetles:Pitfall:PL:crtl:2023-06-13:1584"
"1585","PL","crtl","Myrmica rubra",1,"F","","Pitfall","Wouter Dekoninck","Ad",1,"Formicidae","Hymenoptera","ants",50.75819,4.03304,2023-06-13,"DIGITAF_BIODIVERSITY_FLEMISH_TREEROWS:OCCURRENCE:ants:Pitfall:PL:crtl:2023-06-13:1585"
"1586","PL","crtl","Amara similata",1,"F","","Pitfall","Marc Vankerckvoorde","Ad",1,"Carabidae","Coleoptera","carabid beetles",50.75819,4.03304,2023-06-13,"DIGITAF_BIODIVERSITY_FLEMISH_TREEROWS:OCCURRENCE:carabid beetles:Pitfall:PL:crtl:2023-06-13:1586"
"1587","PL","crtl","Polydesmus coriaceus",2,"F","","Pitfall","Pallieter De Smedt","Ad",2,"Polydesmidae","Polydesmida","millipedes",50.75819,4.03304,2023-06-13,"DIGITAF_BIODIVERSITY_FLEMISH_TREEROWS:OCCURRENCE:millipedes:Pitfall:PL:crtl:2023-06-13:1587"
"1588","PL","crtl","Aleocharinae spec.",1,"","","Pitfall","Marc Vankerckvoorde","Ad",1,"Staphylinidae","Coleoptera","staphylinid beetles",50.75819,4.03304,2023-06-13,"DIGITAF_BIODIVERSITY_FLEMISH_TREEROWS:OCCURRENCE:staphylinid beetles:Pitfall:PL:crtl:2023-06-13:1588"
"1589","PL","crtl","Pardosa amentata",1,"F","","Pitfall","Johan Van Keer","Ad",1,"Lycosidae","Araneae","spiders",50.75819,4.03304,2023-06-13,"DIGITAF_BIODIVERSITY_FLEMISH_TREEROWS:OCCURRENCE:spiders:Pitfall:PL:crtl:2023-06-13:1589"
"1590","PL","crtl","Pardosa amentata",2,"M","","Pitfall","Johan Van Keer","Ad",1,"Lycosidae","Araneae","spiders",50.75819,4.03304,2023-06-13,"DIGITAF_BIODIVERSITY_FLEMISH_TREEROWS:OCCURRENCE:spiders:Pitfall:PL:crtl:2023-06-13:1590"
"1591","PL","crtl","Pardosa tenuipes",1,"F","","Pitfall","Johan Van Keer","Ad",4,"Lycosidae","Araneae","spiders",50.75819,4.03304,2023-06-13,"DIGITAF_BIODIVERSITY_FLEMISH_TREEROWS:OCCURRENCE:spiders:Pitfall:PL:crtl:2023-06-13:1591"
"1592","PL","crtl","Amara plebeja",2,"F","","Pitfall","Marc Vankerckvoorde","Ad",1,"Carabidae","Coleoptera","carabid beetles",50.75819,4.03304,2023-06-13,"DIGITAF_BIODIVERSITY_FLEMISH_TREEROWS:OCCURRENCE:carabid beetles:Pitfall:PL:crtl:2023-06-13:1592"
"1593","PL","crtl","Amara similata",2,"F","","Pitfall","Marc Vankerckvoorde","Ad",1,"Carabidae","Coleoptera","carabid beetles",50.75819,4.03304,2023-06-13,"DIGITAF_BIODIVERSITY_FLEMISH_TREEROWS:OCCURRENCE:carabid beetles:Pitfall:PL:crtl:2023-06-13:1593"
"1594","PL","crtl","Poecilus cupreus",2,"F","","Pitfall","Marc Vankerckvoorde","Ad",3,"Carabidae","Coleoptera","carabid beetles",50.75819,4.03304,2023-06-13,"DIGITAF_BIODIVERSITY_FLEMISH_TREEROWS:OCCURRENCE:carabid beetles:Pitfall:PL:crtl:2023-06-13:1594"
"1595","PL","crtl","Poecilus versicolor",2,"F","","Pitfall","Marc Vankerckvoorde","Ad",1,"Carabidae","Coleoptera","carabid beetles",50.75819,4.03304,2023-06-13,"DIGITAF_BIODIVERSITY_FLEMISH_TREEROWS:OCCURRENCE:carabid beetles:Pitfall:PL:crtl:2023-06-13:1595"
"1596","PL","crtl","Trochosa ruricola",1,"M","","Pitfall","Johan Van Keer","Ad",3,"Lycosidae","Araneae","spiders",50.75819,4.03304,2023-06-13,"DIGITAF_BIODIVERSITY_FLEMISH_TREEROWS:OCCURRENCE:spiders:Pitfall:PL:crtl:2023-06-13:1596"
"1597","PL","crtl","Myrmica rubra",2,"F","","Pitfall","Wouter Dekoninck","Ad",1,"Formicidae","Hymenoptera","ants",50.75819,4.03304,2023-06-13,"DIGITAF_BIODIVERSITY_FLEMISH_TREEROWS:OCCURRENCE:ants:Pitfall:PL:crtl:2023-06-13:1597"
"1598","PL","crtl","Tachypodoiulus niger",1,"M","","Pitfall","Pallieter De Smedt","Ad",1,"Julidae","Julida","millipedes",50.75819,4.03304,2023-06-13,"DIGITAF_BIODIVERSITY_FLEMISH_TREEROWS:OCCURRENCE:millipedes:Pitfall:PL:crtl:2023-06-13:1598"
"1599","PL","crtl","Polydesmus coriaceus",1,"F","","Pitfall","Pallieter De Smedt","Ad",1,"Polydesmidae","Polydesmida","millipedes",50.75819,4.03304,2023-06-13,"DIGITAF_BIODIVERSITY_FLEMISH_TREEROWS:OCCURRENCE:millipedes:Pitfall:PL:crtl:2023-06-13:1599"
"1600","PL","crtl","Trochosa ruricola",2,"M","","Pitfall","Johan Van Keer","Ad",1,"Lycosidae","Araneae","spiders",50.75819,4.03304,2023-06-13,"DIGITAF_BIODIVERSITY_FLEMISH_TREEROWS:OCCURRENCE:spiders:Pitfall:PL:crtl:2023-06-13:1600"
"1601","PL","crtl","Tenuiphantes tenuis",2,"M","","Pitfall","Johan Van Keer","Ad",1,"Linyphiidae","Araneae","spiders",50.75819,4.03304,2023-06-13,"DIGITAF_BIODIVERSITY_FLEMISH_TREEROWS:OCCURRENCE:spiders:Pitfall:PL:crtl:2023-06-13:1601"
"1602","PL","crtl","Oedothorax apicatus",1,"M","","Pitfall","Johan Van Keer","Ad",2,"Linyphiidae","Araneae","spiders",50.75819,4.03304,2023-06-13,"DIGITAF_BIODIVERSITY_FLEMISH_TREEROWS:OCCURRENCE:spiders:Pitfall:PL:crtl:2023-06-13:1602"
"1603","PL","crtl","Pardosa tenuipes",2,"F","","Pitfall","Johan Van Keer","Ad",3,"Lycosidae","Araneae","spiders",50.75819,4.03304,2023-06-13,"DIGITAF_BIODIVERSITY_FLEMISH_TREEROWS:OCCURRENCE:spiders:Pitfall:PL:crtl:2023-06-13:1603"
"1604","PL","crtl","Amara similata",2,"M","","Pitfall","Marc Vankerckvoorde","Ad",1,"Carabidae","Coleoptera","carabid beetles",50.75819,4.03304,2023-06-13,"DIGITAF_BIODIVERSITY_FLEMISH_TREEROWS:OCCURRENCE:carabid beetles:Pitfall:PL:crtl:2023-06-13:1604"
"1605","PL","crtl","Poecilus cupreus",1,"F","","Pitfall","Marc Vankerckvoorde","Ad",5,"Carabidae","Coleoptera","carabid beetles",50.75819,4.03304,2023-06-13,"DIGITAF_BIODIVERSITY_FLEMISH_TREEROWS:OCCURRENCE:carabid beetles:Pitfall:PL:crtl:2023-06-13:1605"
"1606","PL","crtl","Eratigena picta",1,"F","","Pitfall","Johan Van Keer","Ad",2,"Agelenidae","Araneae","spiders",50.75819,4.03304,2023-06-13,"DIGITAF_BIODIVERSITY_FLEMISH_TREEROWS:OCCURRENCE:spiders:Pitfall:PL:crtl:2023-06-13:1606"
"1607","PL","crtl","Tachypodoiulus niger",2,"M","","Pitfall","Pallieter De Smedt","Ad",1,"Julidae","Julida","millipedes",50.75819,4.03304,2023-06-13,"DIGITAF_BIODIVERSITY_FLEMISH_TREEROWS:OCCURRENCE:millipedes:Pitfall:PL:crtl:2023-06-13:1607"
"1608","PL","crtl","Drassyllus pusillus",2,"M","","Pitfall","Johan Van Keer","Ad",1,"Gnaphosidae","Araneae","spiders",50.75819,4.03304,2023-06-13,"DIGITAF_BIODIVERSITY_FLEMISH_TREEROWS:OCCURRENCE:spiders:Pitfall:PL:crtl:2023-06-13:1608"
"1609","PL","crtl","Amara aenea",2,"M","","Pitfall","Marc Vankerckvoorde","Ad",1,"Carabidae","Coleoptera","carabid beetles",50.75819,4.03304,2023-06-13,"DIGITAF_BIODIVERSITY_FLEMISH_TREEROWS:OCCURRENCE:carabid beetles:Pitfall:PL:crtl:2023-06-13:1609"
"1610","PL","crtl","Poecilus versicolor",1,"M","","Pitfall","Marc Vankerckvoorde","Ad",1,"Carabidae","Coleoptera","carabid beetles",50.75819,4.03304,2023-06-13,"DIGITAF_BIODIVERSITY_FLEMISH_TREEROWS:OCCURRENCE:carabid beetles:Pitfall:PL:crtl:2023-06-13:1610"
"1611","PL","crtl","Trachyzelotes pedestris",2,"F","","Pitfall","Johan Van Keer","Ad",1,"Gnaphosidae","Araneae","spiders",50.75819,4.03304,2023-06-13,"DIGITAF_BIODIVERSITY_FLEMISH_TREEROWS:OCCURRENCE:spiders:Pitfall:PL:crtl:2023-06-13:1611"
"1612","PL","crtl","Lasius niger",1,"F","","Pitfall","Wouter Dekoninck","Ad",18,"Formicidae","Hymenoptera","ants",50.75819,4.03304,2023-06-13,"DIGITAF_BIODIVERSITY_FLEMISH_TREEROWS:OCCURRENCE:ants:Pitfall:PL:crtl:2023-06-13:1612"
"1613","PL","crtl","Harpalus rufipes",2,"F","","Pitfall","Marc Vankerckvoorde","Ad",1,"Carabidae","Coleoptera","carabid beetles",50.75819,4.03304,2023-06-13,"DIGITAF_BIODIVERSITY_FLEMISH_TREEROWS:OCCURRENCE:carabid beetles:Pitfall:PL:crtl:2023-06-13:1613"
"1614","PL","crtl","Anotylus insecatus",2,"","","Pitfall","Marc Vankerckvoorde","Ad",1,"Staphylinidae","Coleoptera","staphylinid beetles",50.75819,4.03304,2023-06-13,"DIGITAF_BIODIVERSITY_FLEMISH_TREEROWS:OCCURRENCE:staphylinid beetles:Pitfall:PL:crtl:2023-06-13:1614"
"1615","PL","crtl","Diplostyla concolor",1,"F","","Pitfall","Johan Van Keer","Ad",1,"Linyphiidae","Araneae","spiders",50.75819,4.03304,2023-06-13,"DIGITAF_BIODIVERSITY_FLEMISH_TREEROWS:OCCURRENCE:spiders:Pitfall:PL:crtl:2023-06-13:1615"
"1616","PL","crtl","Lasius niger",2,"F","","Pitfall","Wouter Dekoninck","Ad",31,"Formicidae","Hymenoptera","ants",50.75819,4.03304,2023-06-13,"DIGITAF_BIODIVERSITY_FLEMISH_TREEROWS:OCCURRENCE:ants:Pitfall:PL:crtl:2023-06-13:1616"
"1617","PL","crtl","Poecilus versicolor",1,"F","","Pitfall","Marc Vankerckvoorde","Ad",1,"Carabidae","Coleoptera","carabid beetles",50.75819,4.03304,2023-06-13,"DIGITAF_BIODIVERSITY_FLEMISH_TREEROWS:OCCURRENCE:carabid beetles:Pitfall:PL:crtl:2023-06-13:1617"
"1618","PL","crtl","Amara plebeja",1,"F","","Pitfall","Marc Vankerckvoorde","Ad",1,"Carabidae","Coleoptera","carabid beetles",50.75819,4.03304,2023-06-13,"DIGITAF_BIODIVERSITY_FLEMISH_TREEROWS:OCCURRENCE:carabid beetles:Pitfall:PL:crtl:2023-06-13:1618"
"1619","PL","crtl","Trachyzelotes pedestris",1,"F","","Pitfall","Johan Van Keer","Ad",1,"Gnaphosidae","Araneae","spiders",50.75819,4.03304,2023-06-13,"DIGITAF_BIODIVERSITY_FLEMISH_TREEROWS:OCCURRENCE:spiders:Pitfall:PL:crtl:2023-06-13:1619"
"1620","PL","crtl","Diplostyla concolor",1,"M","","Pitfall","Johan Van Keer","Ad",2,"Linyphiidae","Araneae","spiders",50.75819,4.03304,2023-06-13,"DIGITAF_BIODIVERSITY_FLEMISH_TREEROWS:OCCURRENCE:spiders:Pitfall:PL:crtl:2023-06-13:1620"
"1621","PL","crtl","Pardosa tenuipes",2,"M","","Pitfall","Johan Van Keer","Ad",1,"Lycosidae","Araneae","spiders",50.75819,4.03304,2023-06-13,"DIGITAF_BIODIVERSITY_FLEMISH_TREEROWS:OCCURRENCE:spiders:Pitfall:PL:crtl:2023-06-13:1621"
"1622","PL","crtl","Micrargus subaequalis",1,"M","","Pitfall","Johan Van Keer","Ad",1,"Linyphiidae","Araneae","spiders",50.75819,4.03304,2023-06-13,"DIGITAF_BIODIVERSITY_FLEMISH_TREEROWS:OCCURRENCE:spiders:Pitfall:PL:crtl:2023-06-13:1622"
"1623","PL","crtl","Harpalus rufipes",1,"M","","Pitfall","Marc Vankerckvoorde","Ad",1,"Carabidae","Coleoptera","carabid beetles",50.75819,4.03304,2023-06-13,"DIGITAF_BIODIVERSITY_FLEMISH_TREEROWS:OCCURRENCE:carabid beetles:Pitfall:PL:crtl:2023-06-13:1623"
"1624","PL","crtl","Trachyzelotes pedestris",2,"M","","Pitfall","Johan Van Keer","Ad",2,"Gnaphosidae","Araneae","spiders",50.75819,4.03304,2023-06-13,"DIGITAF_BIODIVERSITY_FLEMISH_TREEROWS:OCCURRENCE:spiders:Pitfall:PL:crtl:2023-06-13:1624"
"1625","PL","crtl","Pardosa tenuipes",1,"M","","Pitfall","Johan Van Keer","Ad",1,"Lycosidae","Araneae","spiders",50.75819,4.03304,2023-06-13,"DIGITAF_BIODIVERSITY_FLEMISH_TREEROWS:OCCURRENCE:spiders:Pitfall:PL:crtl:2023-06-13:1625"
"1626","PL","crtl","Harpalus rufipes",2,"M","","Pitfall","Marc Vankerckvoorde","Ad",1,"Carabidae","Coleoptera","carabid beetles",50.75819,4.03304,2023-06-13,"DIGITAF_BIODIVERSITY_FLEMISH_TREEROWS:OCCURRENCE:carabid beetles:Pitfall:PL:crtl:2023-06-13:1626"
"1627","PL","crtl","Amara plebeja",2,"M","","Pitfall","Marc Vankerckvoorde","Ad",1,"Carabidae","Coleoptera","carabid beetles",50.75819,4.03304,2023-06-13,"DIGITAF_BIODIVERSITY_FLEMISH_TREEROWS:OCCURRENCE:carabid beetles:Pitfall:PL:crtl:2023-06-13:1627"
"1628","PL","tree","Poecilus cupreus",2,"F","","Pitfall","Marc Vankerckvoorde","Ad",1,"Carabidae","Coleoptera","carabid beetles",50.760017,4.03697,2023-06-13,"DIGITAF_BIODIVERSITY_FLEMISH_TREEROWS:OCCURRENCE:carabid beetles:Pitfall:PL:tree:2023-06-13:1628"
"1629","PL","tree","Bembidion lampros",1,"M","","Pitfall","Marc Vankerckvoorde","Ad",4,"Carabidae","Coleoptera","carabid beetles",50.760017,4.03697,2023-06-13,"DIGITAF_BIODIVERSITY_FLEMISH_TREEROWS:OCCURRENCE:carabid beetles:Pitfall:PL:tree:2023-06-13:1629"
"1630","PL","tree","Pardosa amentata",1,"F","","Pitfall","Johan Van Keer","Ad",1,"Lycosidae","Araneae","spiders",50.760017,4.03697,2023-06-13,"DIGITAF_BIODIVERSITY_FLEMISH_TREEROWS:OCCURRENCE:spiders:Pitfall:PL:tree:2023-06-13:1630"
"1631","PL","tree","Philoscia muscorum",2,"","","Pitfall","Pallieter De Smedt","Ad",2,"Philosciidae","Isopoda","woodlice",50.760017,4.03697,2023-06-13,"DIGITAF_BIODIVERSITY_FLEMISH_TREEROWS:OCCURRENCE:woodlice:Pitfall:PL:tree:2023-06-13:1631"
"1632","PL","tree","Anotylus insecatus",2,"","","Pitfall","Marc Vankerckvoorde","Ad",1,"Staphylinidae","Coleoptera","staphylinid beetles",50.760017,4.03697,2023-06-13,"DIGITAF_BIODIVERSITY_FLEMISH_TREEROWS:OCCURRENCE:staphylinid beetles:Pitfall:PL:tree:2023-06-13:1632"
"1633","PL","tree","Pardosa tenuipes",2,"M","","Pitfall","Johan Van Keer","Ad",3,"Lycosidae","Araneae","spiders",50.760017,4.03697,2023-06-13,"DIGITAF_BIODIVERSITY_FLEMISH_TREEROWS:OCCURRENCE:spiders:Pitfall:PL:tree:2023-06-13:1633"
"1634","PL","tree","Bembidion lampros",1,"F","","Pitfall","Marc Vankerckvoorde","Ad",4,"Carabidae","Coleoptera","carabid beetles",50.760017,4.03697,2023-06-13,"DIGITAF_BIODIVERSITY_FLEMISH_TREEROWS:OCCURRENCE:carabid beetles:Pitfall:PL:tree:2023-06-13:1634"
"1635","PL","tree","Harpalus luteicornis",2,"M","","Pitfall","Marc Vankerckvoorde","Ad",1,"Carabidae","Coleoptera","carabid beetles",50.760017,4.03697,2023-06-13,"DIGITAF_BIODIVERSITY_FLEMISH_TREEROWS:OCCURRENCE:carabid beetles:Pitfall:PL:tree:2023-06-13:1635"
"1636","PL","tree","Parophonus maculicornis",1,"F","","Pitfall","Marc Vankerckvoorde","Ad",1,"Carabidae","Coleoptera","carabid beetles",50.760017,4.03697,2023-06-13,"DIGITAF_BIODIVERSITY_FLEMISH_TREEROWS:OCCURRENCE:carabid beetles:Pitfall:PL:tree:2023-06-13:1636"
"1637","PL","tree","Piratula latitans",2,"M","","Pitfall","Johan Van Keer","Ad",1,"Lycosidae","Araneae","spiders",50.760017,4.03697,2023-06-13,"DIGITAF_BIODIVERSITY_FLEMISH_TREEROWS:OCCURRENCE:spiders:Pitfall:PL:tree:2023-06-13:1637"
"1638","PL","tree","Brachyiulus pusillus",2,"F","","Pitfall","Pallieter De Smedt","Ad",1,"Julidae","Julida","millipedes",50.760017,4.03697,2023-06-13,"DIGITAF_BIODIVERSITY_FLEMISH_TREEROWS:OCCURRENCE:millipedes:Pitfall:PL:tree:2023-06-13:1638"
"1639","PL","tree","Stomis pumicatus",1,"M","","Pitfall","Marc Vankerckvoorde","Ad",1,"Carabidae","Coleoptera","carabid beetles",50.760017,4.03697,2023-06-13,"DIGITAF_BIODIVERSITY_FLEMISH_TREEROWS:OCCURRENCE:carabid beetles:Pitfall:PL:tree:2023-06-13:1639"
"1640","PL","tree","Polydesmus inconstans",2,"F","","Pitfall","Pallieter De Smedt","Ad",3,"Polydesmidae","Polydesmida","millipedes",50.760017,4.03697,2023-06-13,"DIGITAF_BIODIVERSITY_FLEMISH_TREEROWS:OCCURRENCE:millipedes:Pitfall:PL:tree:2023-06-13:1640"
"1641","PL","tree","Parophonus maculicornis",2,"F","","Pitfall","Marc Vankerckvoorde","Ad",2,"Carabidae","Coleoptera","carabid beetles",50.760017,4.03697,2023-06-13,"DIGITAF_BIODIVERSITY_FLEMISH_TREEROWS:OCCURRENCE:carabid beetles:Pitfall:PL:tree:2023-06-13:1641"
"1642","PL","tree","Quedius levicollis",2,"","","Pitfall","Marc Vankerckvoorde","Ad",2,"Staphylinidae","Coleoptera","staphylinid beetles",50.760017,4.03697,2023-06-13,"DIGITAF_BIODIVERSITY_FLEMISH_TREEROWS:OCCURRENCE:staphylinid beetles:Pitfall:PL:tree:2023-06-13:1642"
"1643","PL","tree","Pterostichus melanarius",2,"F","","Pitfall","Marc Vankerckvoorde","Ad",1,"Carabidae","Coleoptera","carabid beetles",50.760017,4.03697,2023-06-13,"DIGITAF_BIODIVERSITY_FLEMISH_TREEROWS:OCCURRENCE:carabid beetles:Pitfall:PL:tree:2023-06-13:1643"
"1644","PL","tree","Oedothorax apicatus",2,"M","","Pitfall","Léon Baert","Ad",1,"Linyphiidae","Araneae","spiders",50.760017,4.03697,2023-06-13,"DIGITAF_BIODIVERSITY_FLEMISH_TREEROWS:OCCURRENCE:spiders:Pitfall:PL:tree:2023-06-13:1644"
"1645","PL","tree","Quedius schatzmayri",1,"M","","Pitfall","Marc Vankerckvoorde","Ad",1,"Staphylinidae","Coleoptera","staphylinid beetles",50.760017,4.03697,2023-06-13,"DIGITAF_BIODIVERSITY_FLEMISH_TREEROWS:OCCURRENCE:staphylinid beetles:Pitfall:PL:tree:2023-06-13:1645"
"1646","PL","tree","Kissister minimus",1,"","","Pitfall","Marc Vankerckvoorde","Ad",1,"Histeridae","Coleoptera","other beetles",50.760017,4.03697,2023-06-13,"DIGITAF_BIODIVERSITY_FLEMISH_TREEROWS:OCCURRENCE:other beetles:Pitfall:PL:tree:2023-06-13:1646"
"1647","PL","tree","Pardosa amentata",2,"M","","Pitfall","Johan Van Keer","Ad",1,"Lycosidae","Araneae","spiders",50.760017,4.03697,2023-06-13,"DIGITAF_BIODIVERSITY_FLEMISH_TREEROWS:OCCURRENCE:spiders:Pitfall:PL:tree:2023-06-13:1647"
"1648","PL","tree","Pachygnatha degeeri",2,"M","","Pitfall","Johan Van Keer","Ad",6,"Tetragnathidae","Araneae","spiders",50.760017,4.03697,2023-06-13,"DIGITAF_BIODIVERSITY_FLEMISH_TREEROWS:OCCURRENCE:spiders:Pitfall:PL:tree:2023-06-13:1648"
"1649","PL","tree","Pachygnatha clercki",1,"M","","Pitfall","Johan Van Keer","Ad",1,"Tetragnathidae","Araneae","spiders",50.760017,4.03697,2023-06-13,"DIGITAF_BIODIVERSITY_FLEMISH_TREEROWS:OCCURRENCE:spiders:Pitfall:PL:tree:2023-06-13:1649"
"1650","PL","tree","Amara plebeja",1,"M","","Pitfall","Marc Vankerckvoorde","Ad",1,"Carabidae","Coleoptera","carabid beetles",50.760017,4.03697,2023-06-13,"DIGITAF_BIODIVERSITY_FLEMISH_TREEROWS:OCCURRENCE:carabid beetles:Pitfall:PL:tree:2023-06-13:1650"
"1651","PL","tree","Anisodactylus binotatus",2,"M","","Pitfall","Marc Vankerckvoorde","Ad",1,"Carabidae","Coleoptera","carabid beetles",50.760017,4.03697,2023-06-13,"DIGITAF_BIODIVERSITY_FLEMISH_TREEROWS:OCCURRENCE:carabid beetles:Pitfall:PL:tree:2023-06-13:1651"
"1652","PL","tree","Parophonus maculicornis",2,"M","","Pitfall","Marc Vankerckvoorde","Ad",1,"Carabidae","Coleoptera","carabid beetles",50.760017,4.03697,2023-06-13,"DIGITAF_BIODIVERSITY_FLEMISH_TREEROWS:OCCURRENCE:carabid beetles:Pitfall:PL:tree:2023-06-13:1652"
"1653","PL","tree","Oedothorax apicatus",2,"F","","Pitfall","Johan Van Keer","Ad",1,"Linyphiidae","Araneae","spiders",50.760017,4.03697,2023-06-13,"DIGITAF_BIODIVERSITY_FLEMISH_TREEROWS:OCCURRENCE:spiders:Pitfall:PL:tree:2023-06-13:1653"
"1654","PL","tree","Bembidion lampros",2,"M","","Pitfall","Marc Vankerckvoorde","Ad",4,"Carabidae","Coleoptera","carabid beetles",50.760017,4.03697,2023-06-13,"DIGITAF_BIODIVERSITY_FLEMISH_TREEROWS:OCCURRENCE:carabid beetles:Pitfall:PL:tree:2023-06-13:1654"
"1655","PL","tree","Pardosa pullata",2,"F","","Pitfall","Johan Van Keer","Ad",2,"Lycosidae","Araneae","spiders",50.760017,4.03697,2023-06-13,"DIGITAF_BIODIVERSITY_FLEMISH_TREEROWS:OCCURRENCE:spiders:Pitfall:PL:tree:2023-06-13:1655"
"1656","PL","tree","Poecilus versicolor",2,"M","","Pitfall","Marc Vankerckvoorde","Ad",2,"Carabidae","Coleoptera","carabid beetles",50.760017,4.03697,2023-06-13,"DIGITAF_BIODIVERSITY_FLEMISH_TREEROWS:OCCURRENCE:carabid beetles:Pitfall:PL:tree:2023-06-13:1656"
"1657","PL","tree","Gyrohypnus angustatus",1,"","","Pitfall","Marc Vankerckvoorde","Ad",1,"Staphylinidae","Coleoptera","staphylinid beetles",50.760017,4.03697,2023-06-13,"DIGITAF_BIODIVERSITY_FLEMISH_TREEROWS:OCCURRENCE:staphylinid beetles:Pitfall:PL:tree:2023-06-13:1657"
"1658","PL","tree","Amara lunicollis",1,"F","","Pitfall","Marc Vankerckvoorde","Ad",1,"Carabidae","Coleoptera","carabid beetles",50.760017,4.03697,2023-06-13,"DIGITAF_BIODIVERSITY_FLEMISH_TREEROWS:OCCURRENCE:carabid beetles:Pitfall:PL:tree:2023-06-13:1658"
"1659","PL","tree","Pachygnatha degeeri",2,"F","","Pitfall","Johan Van Keer","Ad",2,"Tetragnathidae","Araneae","spiders",50.760017,4.03697,2023-06-13,"DIGITAF_BIODIVERSITY_FLEMISH_TREEROWS:OCCURRENCE:spiders:Pitfall:PL:tree:2023-06-13:1659"
"1660","PL","tree","Amara plebeja",2,"F","","Pitfall","Marc Vankerckvoorde","Ad",2,"Carabidae","Coleoptera","carabid beetles",50.760017,4.03697,2023-06-13,"DIGITAF_BIODIVERSITY_FLEMISH_TREEROWS:OCCURRENCE:carabid beetles:Pitfall:PL:tree:2023-06-13:1660"
"1661","PL","tree","Palliduphantes insignis",2,"M","","Pitfall","Johan Van Keer","Ad",1,"Linyphiidae","Araneae","spiders",50.760017,4.03697,2023-06-13,"DIGITAF_BIODIVERSITY_FLEMISH_TREEROWS:OCCURRENCE:spiders:Pitfall:PL:tree:2023-06-13:1661"
"1662","PL","tree","Pterostichus melanarius",1,"F","","Pitfall","Marc Vankerckvoorde","Ad",1,"Carabidae","Coleoptera","carabid beetles",50.760017,4.03697,2023-06-13,"DIGITAF_BIODIVERSITY_FLEMISH_TREEROWS:OCCURRENCE:carabid beetles:Pitfall:PL:tree:2023-06-13:1662"
"1663","PL","tree","Bembidion tetracolum",2,"F","","Pitfall","Marc Vankerckvoorde","Ad",1,"Carabidae","Coleoptera","carabid beetles",50.760017,4.03697,2023-06-13,"DIGITAF_BIODIVERSITY_FLEMISH_TREEROWS:OCCURRENCE:carabid beetles:Pitfall:PL:tree:2023-06-13:1663"
"1664","PL","tree","Harpalus luteicornis",2,"F","","Pitfall","Marc Vankerckvoorde","Ad",1,"Carabidae","Coleoptera","carabid beetles",50.760017,4.03697,2023-06-13,"DIGITAF_BIODIVERSITY_FLEMISH_TREEROWS:OCCURRENCE:carabid beetles:Pitfall:PL:tree:2023-06-13:1664"
"1665","PL","tree","Pardosa amentata",2,"F","","Pitfall","Johan Van Keer","Ad",2,"Lycosidae","Araneae","spiders",50.760017,4.03697,2023-06-13,"DIGITAF_BIODIVERSITY_FLEMISH_TREEROWS:OCCURRENCE:spiders:Pitfall:PL:tree:2023-06-13:1665"
"1666","PL","tree","Walckenaeria nudipalpis",2,"F","","Pitfall","Johan Van Keer","Ad",1,"Linyphiidae","Araneae","spiders",50.760017,4.03697,2023-06-13,"DIGITAF_BIODIVERSITY_FLEMISH_TREEROWS:OCCURRENCE:spiders:Pitfall:PL:tree:2023-06-13:1666"
"1667","PL","tree","Polydesmus inconstans",1,"F","","Pitfall","Pallieter De Smedt","Ad",1,"Polydesmidae","Polydesmida","millipedes",50.760017,4.03697,2023-06-13,"DIGITAF_BIODIVERSITY_FLEMISH_TREEROWS:OCCURRENCE:millipedes:Pitfall:PL:tree:2023-06-13:1667"
"1668","PL","tree","Anchomenus dorsalis",1,"F","","Pitfall","Marc Vankerckvoorde","Ad",2,"Carabidae","Coleoptera","carabid beetles",50.760017,4.03697,2023-06-13,"DIGITAF_BIODIVERSITY_FLEMISH_TREEROWS:OCCURRENCE:carabid beetles:Pitfall:PL:tree:2023-06-13:1668"
"1669","PL","tree","Myrmecina graminicola",2,"F","apart","Pitfall","Wouter Dekoninck","Ad",1,"Formicidae","Hymenoptera","ants",50.760017,4.03697,2023-06-13,"DIGITAF_BIODIVERSITY_FLEMISH_TREEROWS:OCCURRENCE:ants:Pitfall:PL:tree:2023-06-13:1669"
"1670","PL","tree","Harpalus rufipes",2,"F","","Pitfall","Marc Vankerckvoorde","Ad",1,"Carabidae","Coleoptera","carabid beetles",50.760017,4.03697,2023-06-13,"DIGITAF_BIODIVERSITY_FLEMISH_TREEROWS:OCCURRENCE:carabid beetles:Pitfall:PL:tree:2023-06-13:1670"
"1671","PL","tree","Pachygnatha degeeri",1,"F","","Pitfall","Johan Van Keer","Ad",1,"Tetragnathidae","Araneae","spiders",50.760017,4.03697,2023-06-13,"DIGITAF_BIODIVERSITY_FLEMISH_TREEROWS:OCCURRENCE:spiders:Pitfall:PL:tree:2023-06-13:1671"
"1672","PL","tree","Pterostichus melanarius",2,"M","","Pitfall","Marc Vankerckvoorde","Ad",1,"Carabidae","Coleoptera","carabid beetles",50.760017,4.03697,2023-06-13,"DIGITAF_BIODIVERSITY_FLEMISH_TREEROWS:OCCURRENCE:carabid beetles:Pitfall:PL:tree:2023-06-13:1672"
"1673","PL","tree","Philonthus cognatus",1,"","","Pitfall","Marc Vankerckvoorde","Ad",1,"Staphylinidae","Coleoptera","staphylinid beetles",50.760017,4.03697,2023-06-13,"DIGITAF_BIODIVERSITY_FLEMISH_TREEROWS:OCCURRENCE:staphylinid beetles:Pitfall:PL:tree:2023-06-13:1673"
"1674","PL","tree","Lasius niger",2,"F","","Pitfall","Wouter Dekoninck","Ad",3,"Formicidae","Hymenoptera","ants",50.760017,4.03697,2023-06-13,"DIGITAF_BIODIVERSITY_FLEMISH_TREEROWS:OCCURRENCE:ants:Pitfall:PL:tree:2023-06-13:1674"
"1675","PL","tree","Amara plebeja",2,"M","","Pitfall","Marc Vankerckvoorde","Ad",1,"Carabidae","Coleoptera","carabid beetles",50.760017,4.03697,2023-06-13,"DIGITAF_BIODIVERSITY_FLEMISH_TREEROWS:OCCURRENCE:carabid beetles:Pitfall:PL:tree:2023-06-13:1675"
"1676","PL","tree","Quedius curtipennis",2,"","","Pitfall","Marc Vankerckvoorde","Ad",1,"Staphylinidae","Coleoptera","staphylinid beetles",50.760017,4.03697,2023-06-13,"DIGITAF_BIODIVERSITY_FLEMISH_TREEROWS:OCCURRENCE:staphylinid beetles:Pitfall:PL:tree:2023-06-13:1676"
"1677","PL","tree","Bembidion properans",2,"M","","Pitfall","Marc Vankerckvoorde","Ad",1,"Carabidae","Coleoptera","carabid beetles",50.760017,4.03697,2023-06-13,"DIGITAF_BIODIVERSITY_FLEMISH_TREEROWS:OCCURRENCE:carabid beetles:Pitfall:PL:tree:2023-06-13:1677"
"1678","PL","tree","Polydesmus coriaceus",1,"M","","Pitfall","Pallieter De Smedt","Ad",1,"Polydesmidae","Polydesmida","millipedes",50.760017,4.03697,2023-06-13,"DIGITAF_BIODIVERSITY_FLEMISH_TREEROWS:OCCURRENCE:millipedes:Pitfall:PL:tree:2023-06-13:1678"
"1679","PL","tree","Amara convexior",2,"F","","Pitfall","Marc Vankerckvoorde","Ad",1,"Carabidae","Coleoptera","carabid beetles",50.760017,4.03697,2023-06-13,"DIGITAF_BIODIVERSITY_FLEMISH_TREEROWS:OCCURRENCE:carabid beetles:Pitfall:PL:tree:2023-06-13:1679"
"1680","PL","tree","Anchomenus dorsalis",1,"M","","Pitfall","Marc Vankerckvoorde","Ad",1,"Carabidae","Coleoptera","carabid beetles",50.760017,4.03697,2023-06-13,"DIGITAF_BIODIVERSITY_FLEMISH_TREEROWS:OCCURRENCE:carabid beetles:Pitfall:PL:tree:2023-06-13:1680"
"1681","PL","tree","Tachinus rufipes",1,"","","Pitfall","Marc Vankerckvoorde","Ad",1,"Staphylinidae","Coleoptera","staphylinid beetles",50.760017,4.03697,2023-06-13,"DIGITAF_BIODIVERSITY_FLEMISH_TREEROWS:OCCURRENCE:staphylinid beetles:Pitfall:PL:tree:2023-06-13:1681"
"1682","PL","tree","Porcellio scaber",1,"","","Pitfall","Pallieter De Smedt","Ad",1,"Porcellionidae","Isopoda","woodlice",50.760017,4.03697,2023-06-13,"DIGITAF_BIODIVERSITY_FLEMISH_TREEROWS:OCCURRENCE:woodlice:Pitfall:PL:tree:2023-06-13:1682"
"1683","PL","tree","Pardosa tenuipes",2,"F","","Pitfall","Johan Van Keer","Ad",16,"Lycosidae","Araneae","spiders",50.760017,4.03697,2023-06-13,"DIGITAF_BIODIVERSITY_FLEMISH_TREEROWS:OCCURRENCE:spiders:Pitfall:PL:tree:2023-06-13:1683"
"1684","PL","tree","Pterostichus vernalis",1,"F","","Pitfall","Marc Vankerckvoorde","Ad",1,"Carabidae","Coleoptera","carabid beetles",50.760017,4.03697,2023-06-13,"DIGITAF_BIODIVERSITY_FLEMISH_TREEROWS:OCCURRENCE:carabid beetles:Pitfall:PL:tree:2023-06-13:1684"
"1685","PL","tree","Pardosa tenuipes",1,"F","","Pitfall","Johan Van Keer","Ad",1,"Lycosidae","Araneae","spiders",50.760017,4.03697,2023-06-13,"DIGITAF_BIODIVERSITY_FLEMISH_TREEROWS:OCCURRENCE:spiders:Pitfall:PL:tree:2023-06-13:1685"
"1686","PL","tree","Nebria brevicollis",1,"M","","Pitfall","Marc Vankerckvoorde","Ad",1,"Carabidae","Coleoptera","carabid beetles",50.760017,4.03697,2023-06-13,"DIGITAF_BIODIVERSITY_FLEMISH_TREEROWS:OCCURRENCE:carabid beetles:Pitfall:PL:tree:2023-06-13:1686"
"1687","PL","tree","Pterostichus vernalis",2,"M","","Pitfall","Marc Vankerckvoorde","Ad",2,"Carabidae","Coleoptera","carabid beetles",50.760017,4.03697,2023-06-13,"DIGITAF_BIODIVERSITY_FLEMISH_TREEROWS:OCCURRENCE:carabid beetles:Pitfall:PL:tree:2023-06-13:1687"
"1688","PL","tree","Aleocharinae spec.",2,"","","Pitfall","Marc Vankerckvoorde","Ad",2,"Staphylinidae","Coleoptera","staphylinid beetles",50.760017,4.03697,2023-06-13,"DIGITAF_BIODIVERSITY_FLEMISH_TREEROWS:OCCURRENCE:staphylinid beetles:Pitfall:PL:tree:2023-06-13:1688"
"1689","PL","tree","Pardosa pullata",2,"M","","Pitfall","Johan Van Keer","Ad",4,"Lycosidae","Araneae","spiders",50.760017,4.03697,2023-06-13,"DIGITAF_BIODIVERSITY_FLEMISH_TREEROWS:OCCURRENCE:spiders:Pitfall:PL:tree:2023-06-13:1689"
"1690","PL","tree","Lasius niger",1,"F","","Pitfall","Wouter Dekoninck","Ad",2,"Formicidae","Hymenoptera","ants",50.760017,4.03697,2023-06-13,"DIGITAF_BIODIVERSITY_FLEMISH_TREEROWS:OCCURRENCE:ants:Pitfall:PL:tree:2023-06-13:1690"
"1691","PL","tree","Bembidion lampros",2,"F","","Pitfall","Marc Vankerckvoorde","Ad",3,"Carabidae","Coleoptera","carabid beetles",50.760017,4.03697,2023-06-13,"DIGITAF_BIODIVERSITY_FLEMISH_TREEROWS:OCCURRENCE:carabid beetles:Pitfall:PL:tree:2023-06-13:1691"
"1692","PL","tree","Trochosa ruricola",2,"M","","Pitfall","Johan Van Keer","Ad",5,"Lycosidae","Araneae","spiders",50.760017,4.03697,2023-06-13,"DIGITAF_BIODIVERSITY_FLEMISH_TREEROWS:OCCURRENCE:spiders:Pitfall:PL:tree:2023-06-13:1692"
"1693","Ti1","crtl","Amara aenea",2,"F","","Pitfall","Marc Vankerckvoorde","Ad",1,"Carabidae","Coleoptera","carabid beetles",51.014877,3.473279,2023-06-12,"DIGITAF_BIODIVERSITY_FLEMISH_TREEROWS:OCCURRENCE:carabid beetles:Pitfall:Ti1:crtl:2023-06-12:1693"
"1694","Ti1","crtl","Harpalus affinis",2,"M","","Pitfall","Marc Vankerckvoorde","Ad",1,"Carabidae","Coleoptera","carabid beetles",51.014877,3.473279,2023-06-12,"DIGITAF_BIODIVERSITY_FLEMISH_TREEROWS:OCCURRENCE:carabid beetles:Pitfall:Ti1:crtl:2023-06-12:1694"
"1695","Ti1","crtl","Poecilus versicolor",2,"M","","Pitfall","Marc Vankerckvoorde","Ad",2,"Carabidae","Coleoptera","carabid beetles",51.014877,3.473279,2023-06-12,"DIGITAF_BIODIVERSITY_FLEMISH_TREEROWS:OCCURRENCE:carabid beetles:Pitfall:Ti1:crtl:2023-06-12:1695"
"1696","Ti1","crtl","Pardosa palustris",1,"M","","Pitfall","Johan Van Keer","Ad",5,"Lycosidae","Araneae","spiders",51.014877,3.473279,2023-06-12,"DIGITAF_BIODIVERSITY_FLEMISH_TREEROWS:OCCURRENCE:spiders:Pitfall:Ti1:crtl:2023-06-12:1696"
"1697","Ti1","crtl","Aleocharinae spec.",1,"","","Pitfall","Marc Vankerckvoorde","Ad",1,"Staphylinidae","Coleoptera","staphylinid beetles",51.014877,3.473279,2023-06-12,"DIGITAF_BIODIVERSITY_FLEMISH_TREEROWS:OCCURRENCE:staphylinid beetles:Pitfall:Ti1:crtl:2023-06-12:1697"
"1698","Ti1","crtl","Quedius semiobscurus",2,"","","Pitfall","Marc Vankerckvoorde","Ad",1,"Staphylinidae","Coleoptera","staphylinid beetles",51.014877,3.473279,2023-06-12,"DIGITAF_BIODIVERSITY_FLEMISH_TREEROWS:OCCURRENCE:staphylinid beetles:Pitfall:Ti1:crtl:2023-06-12:1698"
"1699","Ti1","crtl","Enoplognatha thoracica",2,"M","","Pitfall","Johan Van Keer","Ad",1,"Theridiidae","Araneae","spiders",51.014877,3.473279,2023-06-12,"DIGITAF_BIODIVERSITY_FLEMISH_TREEROWS:OCCURRENCE:spiders:Pitfall:Ti1:crtl:2023-06-12:1699"
"1700","Ti1","crtl","Lasius niger",2,"F","","Pitfall","Wouter Dekoninck","Ad",51,"Formicidae","Hymenoptera","ants",51.014877,3.473279,2023-06-12,"DIGITAF_BIODIVERSITY_FLEMISH_TREEROWS:OCCURRENCE:ants:Pitfall:Ti1:crtl:2023-06-12:1700"
"1701","Ti1","crtl","Bathyphantes gracilis",1,"M","","Pitfall","Johan Van Keer","Ad",1,"Linyphiidae","Araneae","spiders",51.014877,3.473279,2023-06-12,"DIGITAF_BIODIVERSITY_FLEMISH_TREEROWS:OCCURRENCE:spiders:Pitfall:Ti1:crtl:2023-06-12:1701"
"1702","Ti1","crtl","Gomphocerinae indet.",2,NA,NA,"Pitfall","Jari Vandendriessche","Ad",3,"Acrididae","Orthoptera","grasshoppers",51.014877,3.473279,2023-06-12,"DIGITAF_BIODIVERSITY_FLEMISH_TREEROWS:OCCURRENCE:grasshoppers:Pitfall:Ti1:crtl:2023-06-12:1702"
"1703","Ti1","crtl","Amara communis",1,"M","","Pitfall","Marc Vankerckvoorde","Ad",1,"Carabidae","Coleoptera","carabid beetles",51.014877,3.473279,2023-06-12,"DIGITAF_BIODIVERSITY_FLEMISH_TREEROWS:OCCURRENCE:carabid beetles:Pitfall:Ti1:crtl:2023-06-12:1703"
"1704","Ti1","crtl","Phrurolithus festivus",1,"M","","Pitfall","Johan Van Keer","Ad",4,"Phrurolithidae","Araneae","spiders",51.014877,3.473279,2023-06-12,"DIGITAF_BIODIVERSITY_FLEMISH_TREEROWS:OCCURRENCE:spiders:Pitfall:Ti1:crtl:2023-06-12:1704"
"1705","Ti1","crtl","Pardosa palustris",2,"F","","Pitfall","Johan Van Keer","Ad",1,"Lycosidae","Araneae","spiders",51.014877,3.473279,2023-06-12,"DIGITAF_BIODIVERSITY_FLEMISH_TREEROWS:OCCURRENCE:spiders:Pitfall:Ti1:crtl:2023-06-12:1705"
"1706","Ti1","crtl","Poecilus cupreus",1,"M","","Pitfall","Marc Vankerckvoorde","Ad",1,"Carabidae","Coleoptera","carabid beetles",51.014877,3.473279,2023-06-12,"DIGITAF_BIODIVERSITY_FLEMISH_TREEROWS:OCCURRENCE:carabid beetles:Pitfall:Ti1:crtl:2023-06-12:1706"
"1707","Ti1","crtl","Erigone dentipalpis",1,"F","","Pitfall","Johan Van Keer","Ad",1,"Linyphiidae","Araneae","spiders",51.014877,3.473279,2023-06-12,"DIGITAF_BIODIVERSITY_FLEMISH_TREEROWS:OCCURRENCE:spiders:Pitfall:Ti1:crtl:2023-06-12:1707"
"1708","Ti1","crtl","Harpalus affinis",2,"F","","Pitfall","Marc Vankerckvoorde","Ad",1,"Carabidae","Coleoptera","carabid beetles",51.014877,3.473279,2023-06-12,"DIGITAF_BIODIVERSITY_FLEMISH_TREEROWS:OCCURRENCE:carabid beetles:Pitfall:Ti1:crtl:2023-06-12:1708"
"1709","Ti1","crtl","Tenuiphantes tenuis",1,"F","","Pitfall","Johan Van Keer","Ad",1,"Linyphiidae","Araneae","spiders",51.014877,3.473279,2023-06-12,"DIGITAF_BIODIVERSITY_FLEMISH_TREEROWS:OCCURRENCE:spiders:Pitfall:Ti1:crtl:2023-06-12:1709"
"1710","Ti1","crtl","Armadillidium vulgare",1,"","","Pitfall","Pallieter De Smedt","Ad",3,"Armadillidiidae","Isopoda","woodlice",51.014877,3.473279,2023-06-12,"DIGITAF_BIODIVERSITY_FLEMISH_TREEROWS:OCCURRENCE:woodlice:Pitfall:Ti1:crtl:2023-06-12:1710"
"1711","Ti1","crtl","Porcellio scaber",2,"","","Pitfall","Pallieter De Smedt","Ad",1,"Porcellionidae","Isopoda","woodlice",51.014877,3.473279,2023-06-12,"DIGITAF_BIODIVERSITY_FLEMISH_TREEROWS:OCCURRENCE:woodlice:Pitfall:Ti1:crtl:2023-06-12:1711"
"1712","Ti1","crtl","Lasius niger",1,"F","","Pitfall","Wouter Dekoninck","Ad",35,"Formicidae","Hymenoptera","ants",51.014877,3.473279,2023-06-12,"DIGITAF_BIODIVERSITY_FLEMISH_TREEROWS:OCCURRENCE:ants:Pitfall:Ti1:crtl:2023-06-12:1712"
"1713","Ti1","crtl","Parophonus maculicornis",2,"M","","Pitfall","Marc Vankerckvoorde","Ad",1,"Carabidae","Coleoptera","carabid beetles",51.014877,3.473279,2023-06-12,"DIGITAF_BIODIVERSITY_FLEMISH_TREEROWS:OCCURRENCE:carabid beetles:Pitfall:Ti1:crtl:2023-06-12:1713"
"1714","Ti1","crtl","Armadillidium vulgare",2,"","","Pitfall","Pallieter De Smedt","Ad",11,"Armadillidiidae","Isopoda","woodlice",51.014877,3.473279,2023-06-12,"DIGITAF_BIODIVERSITY_FLEMISH_TREEROWS:OCCURRENCE:woodlice:Pitfall:Ti1:crtl:2023-06-12:1714"
"1715","Ti1","crtl","Pardosa tenuipes",1,"F","","Pitfall","Johan Van Keer","Ad",2,"Lycosidae","Araneae","spiders",51.014877,3.473279,2023-06-12,"DIGITAF_BIODIVERSITY_FLEMISH_TREEROWS:OCCURRENCE:spiders:Pitfall:Ti1:crtl:2023-06-12:1715"
"1716","Ti1","crtl","Trachyzelotes pedestris",1,"M","","Pitfall","Johan Van Keer","Ad",1,"Gnaphosidae","Araneae","spiders",51.014877,3.473279,2023-06-12,"DIGITAF_BIODIVERSITY_FLEMISH_TREEROWS:OCCURRENCE:spiders:Pitfall:Ti1:crtl:2023-06-12:1716"
"1717","Ti1","crtl","Drassyllus pusillus",1,"M","","Pitfall","Johan Van Keer","Ad",2,"Gnaphosidae","Araneae","spiders",51.014877,3.473279,2023-06-12,"DIGITAF_BIODIVERSITY_FLEMISH_TREEROWS:OCCURRENCE:spiders:Pitfall:Ti1:crtl:2023-06-12:1717"
"1718","Ti1","crtl","Parophonus maculicornis",2,"F","","Pitfall","Marc Vankerckvoorde","Ad",1,"Carabidae","Coleoptera","carabid beetles",51.014877,3.473279,2023-06-12,"DIGITAF_BIODIVERSITY_FLEMISH_TREEROWS:OCCURRENCE:carabid beetles:Pitfall:Ti1:crtl:2023-06-12:1718"
"1719","Ti1","tree","Micaria micans",2,"F","","Pitfall","Johan Van Keer","Ad",1,"Gnaphosidae","Araneae","spiders",51.017292,3.472148,2023-06-12,"DIGITAF_BIODIVERSITY_FLEMISH_TREEROWS:OCCURRENCE:spiders:Pitfall:Ti1:tree:2023-06-12:1719"
"1720","Ti1","tree","Drassyllus pusillus",2,"F","","Pitfall","Johan Van Keer","Ad",1,"Gnaphosidae","Araneae","spiders",51.017292,3.472148,2023-06-12,"DIGITAF_BIODIVERSITY_FLEMISH_TREEROWS:OCCURRENCE:spiders:Pitfall:Ti1:tree:2023-06-12:1720"
"1721","Ti1","tree","Harpalus affinis",2,"M","","Pitfall","Marc Vankerckvoorde","Ad",1,"Carabidae","Coleoptera","carabid beetles",51.017292,3.472148,2023-06-12,"DIGITAF_BIODIVERSITY_FLEMISH_TREEROWS:OCCURRENCE:carabid beetles:Pitfall:Ti1:tree:2023-06-12:1721"
"1722","Ti1","tree","Myrmica specioides",1,"F","","Pitfall","Wouter Dekoninck","Ad",1,"Formicidae","Hymenoptera","ants",51.017292,3.472148,2023-06-12,"DIGITAF_BIODIVERSITY_FLEMISH_TREEROWS:OCCURRENCE:ants:Pitfall:Ti1:tree:2023-06-12:1722"
"1723","Ti1","tree","Trachyzelotes pedestris",1,"M","","Pitfall","Johan Van Keer","Ad",3,"Gnaphosidae","Araneae","spiders",51.017292,3.472148,2023-06-12,"DIGITAF_BIODIVERSITY_FLEMISH_TREEROWS:OCCURRENCE:spiders:Pitfall:Ti1:tree:2023-06-12:1723"
"1724","Ti1","tree","Pardosa nigriceps",1,"F","","Pitfall","Johan Van Keer","Ad",1,"Lycosidae","Araneae","spiders",51.017292,3.472148,2023-06-12,"DIGITAF_BIODIVERSITY_FLEMISH_TREEROWS:OCCURRENCE:spiders:Pitfall:Ti1:tree:2023-06-12:1724"
"1725","Ti1","tree","Myrmica specioides",2,"F","","Pitfall","Wouter Dekoninck","Ad",1,"Formicidae","Hymenoptera","ants",51.017292,3.472148,2023-06-12,"DIGITAF_BIODIVERSITY_FLEMISH_TREEROWS:OCCURRENCE:ants:Pitfall:Ti1:tree:2023-06-12:1725"
"1726","Ti1","tree","Drassyllus pusillus",1,"F","","Pitfall","Johan Van Keer","Ad",1,"Gnaphosidae","Araneae","spiders",51.017292,3.472148,2023-06-12,"DIGITAF_BIODIVERSITY_FLEMISH_TREEROWS:OCCURRENCE:spiders:Pitfall:Ti1:tree:2023-06-12:1726"
"1727","Ti1","tree","Pardosa pullata",2,"F","","Pitfall","Johan Van Keer","Ad",1,"Lycosidae","Araneae","spiders",51.017292,3.472148,2023-06-12,"DIGITAF_BIODIVERSITY_FLEMISH_TREEROWS:OCCURRENCE:spiders:Pitfall:Ti1:tree:2023-06-12:1727"
"1728","Ti1","tree","Trachyzelotes pedestris",1,"F","","Pitfall","Johan Van Keer","Ad",4,"Gnaphosidae","Araneae","spiders",51.017292,3.472148,2023-06-12,"DIGITAF_BIODIVERSITY_FLEMISH_TREEROWS:OCCURRENCE:spiders:Pitfall:Ti1:tree:2023-06-12:1728"
"1729","Ti1","tree","Lasius niger",1,"F","","Pitfall","Wouter Dekoninck","Ad",1,"Formicidae","Hymenoptera","ants",51.017292,3.472148,2023-06-12,"DIGITAF_BIODIVERSITY_FLEMISH_TREEROWS:OCCURRENCE:ants:Pitfall:Ti1:tree:2023-06-12:1729"
"1730","Ti1","tree","Amara lunicollis",1,"M","","Pitfall","Marc Vankerckvoorde","Ad",1,"Carabidae","Coleoptera","carabid beetles",51.017292,3.472148,2023-06-12,"DIGITAF_BIODIVERSITY_FLEMISH_TREEROWS:OCCURRENCE:carabid beetles:Pitfall:Ti1:tree:2023-06-12:1730"
"1731","Ti1","tree","Lasius flavus",2,"F","","Pitfall","Wouter Dekoninck","Ad",9,"Formicidae","Hymenoptera","ants",51.017292,3.472148,2023-06-12,"DIGITAF_BIODIVERSITY_FLEMISH_TREEROWS:OCCURRENCE:ants:Pitfall:Ti1:tree:2023-06-12:1731"
"1732","Ti1","tree","Erigone dentipalpis",2,"F","","Pitfall","Johan Van Keer","Ad",2,"Linyphiidae","Araneae","spiders",51.017292,3.472148,2023-06-12,"DIGITAF_BIODIVERSITY_FLEMISH_TREEROWS:OCCURRENCE:spiders:Pitfall:Ti1:tree:2023-06-12:1732"
"1733","Ti1","tree","Lasius flavus",1,"F","","Pitfall","Wouter Dekoninck","Ad",45,"Formicidae","Hymenoptera","ants",51.017292,3.472148,2023-06-12,"DIGITAF_BIODIVERSITY_FLEMISH_TREEROWS:OCCURRENCE:ants:Pitfall:Ti1:tree:2023-06-12:1733"
"1734","Ti1","tree","Harpalus latus",2,"M","","Pitfall","Marc Vankerckvoorde","Ad",1,"Carabidae","Coleoptera","carabid beetles",51.017292,3.472148,2023-06-12,"DIGITAF_BIODIVERSITY_FLEMISH_TREEROWS:OCCURRENCE:carabid beetles:Pitfall:Ti1:tree:2023-06-12:1734"
"1735","Ti1","tree","Euophrys frontalis",2,"M","","Pitfall","Johan Van Keer","Ad",1,"Salticidae","Araneae","spiders",51.017292,3.472148,2023-06-12,"DIGITAF_BIODIVERSITY_FLEMISH_TREEROWS:OCCURRENCE:spiders:Pitfall:Ti1:tree:2023-06-12:1735"
"1736","Ti1","tree","Phrurolithus festivus",2,"M","","Pitfall","Johan Van Keer","Ad",2,"Phrurolithidae","Araneae","spiders",51.017292,3.472148,2023-06-12,"DIGITAF_BIODIVERSITY_FLEMISH_TREEROWS:OCCURRENCE:spiders:Pitfall:Ti1:tree:2023-06-12:1736"
"1737","Ti1","tree","Pardosa palustris",2,"M","","Pitfall","Johan Van Keer","Ad",3,"Lycosidae","Araneae","spiders",51.017292,3.472148,2023-06-12,"DIGITAF_BIODIVERSITY_FLEMISH_TREEROWS:OCCURRENCE:spiders:Pitfall:Ti1:tree:2023-06-12:1737"
"1738","Ti1","tree","Micaria micans",1,"M","CJVK","Pitfall","Johan Van Keer","Ad",1,"Gnaphosidae","Araneae","spiders",51.017292,3.472148,2023-06-12,"DIGITAF_BIODIVERSITY_FLEMISH_TREEROWS:OCCURRENCE:spiders:Pitfall:Ti1:tree:2023-06-12:1738"
"1739","Ti1","tree","Poecilus versicolor",2,"M","","Pitfall","Marc Vankerckvoorde","Ad",1,"Carabidae","Coleoptera","carabid beetles",51.017292,3.472148,2023-06-12,"DIGITAF_BIODIVERSITY_FLEMISH_TREEROWS:OCCURRENCE:carabid beetles:Pitfall:Ti1:tree:2023-06-12:1739"
"1740","Ti1","tree","Piratula latitans",2,"M","","Pitfall","Johan Van Keer","Ad",1,"Lycosidae","Araneae","spiders",51.017292,3.472148,2023-06-12,"DIGITAF_BIODIVERSITY_FLEMISH_TREEROWS:OCCURRENCE:spiders:Pitfall:Ti1:tree:2023-06-12:1740"
"1741","Ti1","tree","Lasius niger",2,"F","","Pitfall","Wouter Dekoninck","Ad",16,"Formicidae","Hymenoptera","ants",51.017292,3.472148,2023-06-12,"DIGITAF_BIODIVERSITY_FLEMISH_TREEROWS:OCCURRENCE:ants:Pitfall:Ti1:tree:2023-06-12:1741"
"1742","Ti1","tree","Pardosa palustris",1,"M","","Pitfall","Johan Van Keer","Ad",1,"Lycosidae","Araneae","spiders",51.017292,3.472148,2023-06-12,"DIGITAF_BIODIVERSITY_FLEMISH_TREEROWS:OCCURRENCE:spiders:Pitfall:Ti1:tree:2023-06-12:1742"
"1743","Ti1","tree","Alopecosa pulverulenta",2,"F","","Pitfall","Johan Van Keer","Ad",3,"Lycosidae","Araneae","spiders",51.017292,3.472148,2023-06-12,"DIGITAF_BIODIVERSITY_FLEMISH_TREEROWS:OCCURRENCE:spiders:Pitfall:Ti1:tree:2023-06-12:1743"
"1744","Ti1","tree","Trachyzelotes pedestris",2,"M","","Pitfall","Johan Van Keer","Ad",12,"Gnaphosidae","Araneae","spiders",51.017292,3.472148,2023-06-12,"DIGITAF_BIODIVERSITY_FLEMISH_TREEROWS:OCCURRENCE:spiders:Pitfall:Ti1:tree:2023-06-12:1744"
"1745","Ti1","tree","Trachyzelotes pedestris",2,"F","","Pitfall","Johan Van Keer","Ad",3,"Gnaphosidae","Araneae","spiders",51.017292,3.472148,2023-06-12,"DIGITAF_BIODIVERSITY_FLEMISH_TREEROWS:OCCURRENCE:spiders:Pitfall:Ti1:tree:2023-06-12:1745"
"1746","Ti1","tree","Harpalus latus",1,"M","","Pitfall","Marc Vankerckvoorde","Ad",1,"Carabidae","Coleoptera","carabid beetles",51.017292,3.472148,2023-06-12,"DIGITAF_BIODIVERSITY_FLEMISH_TREEROWS:OCCURRENCE:carabid beetles:Pitfall:Ti1:tree:2023-06-12:1746"
"1747","Ti1","tree","Diplostyla concolor",2,"M","","Pitfall","Léon Baert","Ad",1,"Linyphiidae","Araneae","spiders",51.017292,3.472148,2023-06-12,"DIGITAF_BIODIVERSITY_FLEMISH_TREEROWS:OCCURRENCE:spiders:Pitfall:Ti1:tree:2023-06-12:1747"
"1748","Ti1","tree","Armadillidium vulgare",2,"","","Pitfall","Pallieter De Smedt","Ad",6,"Armadillidiidae","Isopoda","woodlice",51.017292,3.472148,2023-06-12,"DIGITAF_BIODIVERSITY_FLEMISH_TREEROWS:OCCURRENCE:woodlice:Pitfall:Ti1:tree:2023-06-12:1748"
"1749","Ti1","tree","Armadillidium vulgare",1,"","","Pitfall","Pallieter De Smedt","Ad",12,"Armadillidiidae","Isopoda","woodlice",51.017292,3.472148,2023-06-12,"DIGITAF_BIODIVERSITY_FLEMISH_TREEROWS:OCCURRENCE:woodlice:Pitfall:Ti1:tree:2023-06-12:1749"
"1750","Ti1","tree","Alopecosa pulverulenta",1,"F","","Pitfall","Johan Van Keer","Ad",1,"Lycosidae","Araneae","spiders",51.017292,3.472148,2023-06-12,"DIGITAF_BIODIVERSITY_FLEMISH_TREEROWS:OCCURRENCE:spiders:Pitfall:Ti1:tree:2023-06-12:1750"
"1751","Ti1","tree","Poecilus versicolor",1,"M","","Pitfall","Marc Vankerckvoorde","Ad",3,"Carabidae","Coleoptera","carabid beetles",51.017292,3.472148,2023-06-12,"DIGITAF_BIODIVERSITY_FLEMISH_TREEROWS:OCCURRENCE:carabid beetles:Pitfall:Ti1:tree:2023-06-12:1751"
"1752","Ti1","tree","Poecilus versicolor",2,"F","","Pitfall","Marc Vankerckvoorde","Ad",1,"Carabidae","Coleoptera","carabid beetles",51.017292,3.472148,2023-06-12,"DIGITAF_BIODIVERSITY_FLEMISH_TREEROWS:OCCURRENCE:carabid beetles:Pitfall:Ti1:tree:2023-06-12:1752"
"1753","TW","crop","Pardosa pullata",1,"M","","Pitfall","Johan Van Keer","Ad",7,"Lycosidae","Araneae","spiders",50.930634,4.915771,2023-06-13,"DIGITAF_BIODIVERSITY_FLEMISH_TREEROWS:OCCURRENCE:spiders:Pitfall:TW:crop:2023-06-13:1753"
"1754","TW","crop","Pardosa palustris",1,"M","","Pitfall","Johan Van Keer","Ad",28,"Lycosidae","Araneae","spiders",50.930634,4.915771,2023-06-13,"DIGITAF_BIODIVERSITY_FLEMISH_TREEROWS:OCCURRENCE:spiders:Pitfall:TW:crop:2023-06-13:1754"
"1755","TW","crop","Erigone dentipalpis",1,"M","","Pitfall","Johan Van Keer","Ad",3,"Linyphiidae","Araneae","spiders",50.930634,4.915771,2023-06-13,"DIGITAF_BIODIVERSITY_FLEMISH_TREEROWS:OCCURRENCE:spiders:Pitfall:TW:crop:2023-06-13:1755"
"1756","TW","crop","Pardosa prativaga",1,"M","","Pitfall","Johan Van Keer","Ad",54,"Lycosidae","Araneae","spiders",50.930634,4.915771,2023-06-13,"DIGITAF_BIODIVERSITY_FLEMISH_TREEROWS:OCCURRENCE:spiders:Pitfall:TW:crop:2023-06-13:1756"
"1757","TW","crop","Margarinotus purpurascens",1,"","","Pitfall","Marc Vankerckvoorde","Ad",1,"Histeridae","Coleoptera","other beetles",50.930634,4.915771,2023-06-13,"DIGITAF_BIODIVERSITY_FLEMISH_TREEROWS:OCCURRENCE:other beetles:Pitfall:TW:crop:2023-06-13:1757"
"1758","TW","crop","Poecilus versicolor",1,"F","","Pitfall","Marc Vankerckvoorde","Ad",1,"Carabidae","Coleoptera","carabid beetles",50.930634,4.915771,2023-06-13,"DIGITAF_BIODIVERSITY_FLEMISH_TREEROWS:OCCURRENCE:carabid beetles:Pitfall:TW:crop:2023-06-13:1758"
"1759","TW","crop","Trechus quadristriatus",1,"","","Pitfall","Marc Vankerckvoorde","Ad",1,"Carabidae","Coleoptera","carabid beetles",50.930634,4.915771,2023-06-13,"DIGITAF_BIODIVERSITY_FLEMISH_TREEROWS:OCCURRENCE:carabid beetles:Pitfall:TW:crop:2023-06-13:1759"
"1760","TW","crop","Pardosa prativaga",2,"M","","Pitfall","Johan Van Keer","Ad",21,"Lycosidae","Araneae","spiders",50.930634,4.915771,2023-06-13,"DIGITAF_BIODIVERSITY_FLEMISH_TREEROWS:OCCURRENCE:spiders:Pitfall:TW:crop:2023-06-13:1760"
"1761","TW","crop","Tenuiphantes tenuis",2,"F","","Pitfall","Johan Van Keer","Ad",1,"Linyphiidae","Araneae","spiders",50.930634,4.915771,2023-06-13,"DIGITAF_BIODIVERSITY_FLEMISH_TREEROWS:OCCURRENCE:spiders:Pitfall:TW:crop:2023-06-13:1761"
"1762","TW","crop","Poecilus cupreus",1,"M","","Pitfall","Marc Vankerckvoorde","Ad",24,"Carabidae","Coleoptera","carabid beetles",50.930634,4.915771,2023-06-13,"DIGITAF_BIODIVERSITY_FLEMISH_TREEROWS:OCCURRENCE:carabid beetles:Pitfall:TW:crop:2023-06-13:1762"
"1763","TW","crop","Xantholinus longiventris",2,"","","Pitfall","Marc Vankerckvoorde","Ad",2,"Staphylinidae","Coleoptera","staphylinid beetles",50.930634,4.915771,2023-06-13,"DIGITAF_BIODIVERSITY_FLEMISH_TREEROWS:OCCURRENCE:staphylinid beetles:Pitfall:TW:crop:2023-06-13:1763"
"1764","TW","crop","Philonthus cognatus",2,"","","Pitfall","Marc Vankerckvoorde","Ad",11,"Staphylinidae","Coleoptera","staphylinid beetles",50.930634,4.915771,2023-06-13,"DIGITAF_BIODIVERSITY_FLEMISH_TREEROWS:OCCURRENCE:staphylinid beetles:Pitfall:TW:crop:2023-06-13:1764"
"1765","TW","crop","Syntomus foveatus",1,"F","","Pitfall","Marc Vankerckvoorde","Ad",2,"Carabidae","Coleoptera","carabid beetles",50.930634,4.915771,2023-06-13,"DIGITAF_BIODIVERSITY_FLEMISH_TREEROWS:OCCURRENCE:carabid beetles:Pitfall:TW:crop:2023-06-13:1765"
"1766","TW","crop","Syntomus foveatus",1,"","","Pitfall","Marc Vankerckvoorde","Ad",2,"Carabidae","Coleoptera","carabid beetles",50.930634,4.915771,2023-06-13,"DIGITAF_BIODIVERSITY_FLEMISH_TREEROWS:OCCURRENCE:carabid beetles:Pitfall:TW:crop:2023-06-13:1766"
"1767","TW","crop","Anotylus inustus",1,"","","Pitfall","Marc Vankerckvoorde","Ad",1,"Staphylinidae","Coleoptera","staphylinid beetles",50.930634,4.915771,2023-06-13,"DIGITAF_BIODIVERSITY_FLEMISH_TREEROWS:OCCURRENCE:staphylinid beetles:Pitfall:TW:crop:2023-06-13:1767"
"1768","TW","crop","Pardosa palustris",2,"M","","Pitfall","Johan Van Keer","Ad",6,"Lycosidae","Araneae","spiders",50.930634,4.915771,2023-06-13,"DIGITAF_BIODIVERSITY_FLEMISH_TREEROWS:OCCURRENCE:spiders:Pitfall:TW:crop:2023-06-13:1768"
"1769","TW","crop","Erigone dentipalpis",2,"M","","Pitfall","Johan Van Keer","Ad",6,"Linyphiidae","Araneae","spiders",50.930634,4.915771,2023-06-13,"DIGITAF_BIODIVERSITY_FLEMISH_TREEROWS:OCCURRENCE:spiders:Pitfall:TW:crop:2023-06-13:1769"
"1770","TW","crop","Drassyllus pusillus",1,"M","","Pitfall","Johan Van Keer","Ad",1,"Gnaphosidae","Araneae","spiders",50.930634,4.915771,2023-06-13,"DIGITAF_BIODIVERSITY_FLEMISH_TREEROWS:OCCURRENCE:spiders:Pitfall:TW:crop:2023-06-13:1770"
"1771","TW","crop","Pardosa palustris",2,"F","","Pitfall","Johan Van Keer","Ad",2,"Lycosidae","Araneae","spiders",50.930634,4.915771,2023-06-13,"DIGITAF_BIODIVERSITY_FLEMISH_TREEROWS:OCCURRENCE:spiders:Pitfall:TW:crop:2023-06-13:1771"
"1772","TW","crop","Syntomus foveatus",1,"M","","Pitfall","Marc Vankerckvoorde","Ad",2,"Carabidae","Coleoptera","carabid beetles",50.930634,4.915771,2023-06-13,"DIGITAF_BIODIVERSITY_FLEMISH_TREEROWS:OCCURRENCE:carabid beetles:Pitfall:TW:crop:2023-06-13:1772"
"1773","TW","crop","Amara aenea",2,"M","","Pitfall","Marc Vankerckvoorde","Ad",1,"Carabidae","Coleoptera","carabid beetles",50.930634,4.915771,2023-06-13,"DIGITAF_BIODIVERSITY_FLEMISH_TREEROWS:OCCURRENCE:carabid beetles:Pitfall:TW:crop:2023-06-13:1773"
"1774","TW","crop","Tachyporus hypnorum",2,"","","Pitfall","Marc Vankerckvoorde","Ad",1,"Staphylinidae","Coleoptera","staphylinid beetles",50.930634,4.915771,2023-06-13,"DIGITAF_BIODIVERSITY_FLEMISH_TREEROWS:OCCURRENCE:staphylinid beetles:Pitfall:TW:crop:2023-06-13:1774"
"1775","TW","crop","Lasius niger",1,"F","","Pitfall","Wouter Dekoninck","Ad",11,"Formicidae","Hymenoptera","ants",50.930634,4.915771,2023-06-13,"DIGITAF_BIODIVERSITY_FLEMISH_TREEROWS:OCCURRENCE:ants:Pitfall:TW:crop:2023-06-13:1775"
"1776","TW","crop","Poecilus cupreus",1,"F","","Pitfall","Marc Vankerckvoorde","Ad",10,"Carabidae","Coleoptera","carabid beetles",50.930634,4.915771,2023-06-13,"DIGITAF_BIODIVERSITY_FLEMISH_TREEROWS:OCCURRENCE:carabid beetles:Pitfall:TW:crop:2023-06-13:1776"
"1777","TW","crop","Erigone atra",1,"F","","Pitfall","Johan Van Keer","Ad",1,"Linyphiidae","Araneae","spiders",50.930634,4.915771,2023-06-13,"DIGITAF_BIODIVERSITY_FLEMISH_TREEROWS:OCCURRENCE:spiders:Pitfall:TW:crop:2023-06-13:1777"
"1778","TW","crop","Tachyporus hypnorum",1,"","","Pitfall","Marc Vankerckvoorde","Ad",2,"Staphylinidae","Coleoptera","staphylinid beetles",50.930634,4.915771,2023-06-13,"DIGITAF_BIODIVERSITY_FLEMISH_TREEROWS:OCCURRENCE:staphylinid beetles:Pitfall:TW:crop:2023-06-13:1778"
"1779","TW","crop","Poecilus cupreus",2,"F","","Pitfall","Marc Vankerckvoorde","Ad",2,"Carabidae","Coleoptera","carabid beetles",50.930634,4.915771,2023-06-13,"DIGITAF_BIODIVERSITY_FLEMISH_TREEROWS:OCCURRENCE:carabid beetles:Pitfall:TW:crop:2023-06-13:1779"
"1780","TW","crop","Pardosa pullata",2,"M","","Pitfall","Johan Van Keer","Ad",2,"Lycosidae","Araneae","spiders",50.930634,4.915771,2023-06-13,"DIGITAF_BIODIVERSITY_FLEMISH_TREEROWS:OCCURRENCE:spiders:Pitfall:TW:crop:2023-06-13:1780"
"1781","TW","crop","Trachyzelotes pedestris",1,"M","","Pitfall","Johan Van Keer","Ad",2,"Gnaphosidae","Araneae","spiders",50.930634,4.915771,2023-06-13,"DIGITAF_BIODIVERSITY_FLEMISH_TREEROWS:OCCURRENCE:spiders:Pitfall:TW:crop:2023-06-13:1781"
"1782","TW","crop","Xantholinus longiventris",1,"","","Pitfall","Marc Vankerckvoorde","Ad",3,"Staphylinidae","Coleoptera","staphylinid beetles",50.930634,4.915771,2023-06-13,"DIGITAF_BIODIVERSITY_FLEMISH_TREEROWS:OCCURRENCE:staphylinid beetles:Pitfall:TW:crop:2023-06-13:1782"
"1783","TW","crop","Pardosa pullata",1,"F","","Pitfall","Johan Van Keer","Ad",1,"Lycosidae","Araneae","spiders",50.930634,4.915771,2023-06-13,"DIGITAF_BIODIVERSITY_FLEMISH_TREEROWS:OCCURRENCE:spiders:Pitfall:TW:crop:2023-06-13:1783"
"1784","TW","crop","Bembidion lampros",1,"M","","Pitfall","Marc Vankerckvoorde","Ad",1,"Carabidae","Coleoptera","carabid beetles",50.930634,4.915771,2023-06-13,"DIGITAF_BIODIVERSITY_FLEMISH_TREEROWS:OCCURRENCE:carabid beetles:Pitfall:TW:crop:2023-06-13:1784"
"1785","TW","crop","Bembidion lunulatum",2,"F","","Pitfall","Marc Vankerckvoorde","Ad",1,"Carabidae","Coleoptera","carabid beetles",50.930634,4.915771,2023-06-13,"DIGITAF_BIODIVERSITY_FLEMISH_TREEROWS:OCCURRENCE:carabid beetles:Pitfall:TW:crop:2023-06-13:1785"
"1786","TW","crop","Harpalus affinis",1,"M","","Pitfall","Marc Vankerckvoorde","Ad",3,"Carabidae","Coleoptera","carabid beetles",50.930634,4.915771,2023-06-13,"DIGITAF_BIODIVERSITY_FLEMISH_TREEROWS:OCCURRENCE:carabid beetles:Pitfall:TW:crop:2023-06-13:1786"
"1787","TW","crop","Philonthus carbonarius",1,"","","Pitfall","Marc Vankerckvoorde","Ad",1,"Staphylinidae","Coleoptera","staphylinid beetles",50.930634,4.915771,2023-06-13,"DIGITAF_BIODIVERSITY_FLEMISH_TREEROWS:OCCURRENCE:staphylinid beetles:Pitfall:TW:crop:2023-06-13:1787"
"1788","TW","crop","Trachyzelotes pedestris",2,"M","","Pitfall","Johan Van Keer","Ad",1,"Gnaphosidae","Araneae","spiders",50.930634,4.915771,2023-06-13,"DIGITAF_BIODIVERSITY_FLEMISH_TREEROWS:OCCURRENCE:spiders:Pitfall:TW:crop:2023-06-13:1788"
"1789","TW","crop","Harpalus affinis",2,"M","","Pitfall","Marc Vankerckvoorde","Ad",1,"Carabidae","Coleoptera","carabid beetles",50.930634,4.915771,2023-06-13,"DIGITAF_BIODIVERSITY_FLEMISH_TREEROWS:OCCURRENCE:carabid beetles:Pitfall:TW:crop:2023-06-13:1789"
"1790","TW","crop","Philonthus cognatus",1,"","","Pitfall","Marc Vankerckvoorde","Ad",14,"Staphylinidae","Coleoptera","staphylinid beetles",50.930634,4.915771,2023-06-13,"DIGITAF_BIODIVERSITY_FLEMISH_TREEROWS:OCCURRENCE:staphylinid beetles:Pitfall:TW:crop:2023-06-13:1790"
"1791","TW","crop","Cylindroiulus punctatus",1,"F","","Pitfall","Pallieter De Smedt","Ad",1,"Julidae","Julida","millipedes",50.930634,4.915771,2023-06-13,"DIGITAF_BIODIVERSITY_FLEMISH_TREEROWS:OCCURRENCE:millipedes:Pitfall:TW:crop:2023-06-13:1791"
"1792","TW","crop","Pardosa tenuipes",1,"M","","Pitfall","Johan Van Keer","Ad",1,"Lycosidae","Araneae","spiders",50.930634,4.915771,2023-06-13,"DIGITAF_BIODIVERSITY_FLEMISH_TREEROWS:OCCURRENCE:spiders:Pitfall:TW:crop:2023-06-13:1792"
"1793","TW","crop","Poecilus cupreus",2,"M","","Pitfall","Marc Vankerckvoorde","Ad",3,"Carabidae","Coleoptera","carabid beetles",50.930634,4.915771,2023-06-13,"DIGITAF_BIODIVERSITY_FLEMISH_TREEROWS:OCCURRENCE:carabid beetles:Pitfall:TW:crop:2023-06-13:1793"
"1794","TW","crop","Aleocharinae spec.",1,"","","Pitfall","Marc Vankerckvoorde","Ad",2,"Staphylinidae","Coleoptera","staphylinid beetles",50.930634,4.915771,2023-06-13,"DIGITAF_BIODIVERSITY_FLEMISH_TREEROWS:OCCURRENCE:staphylinid beetles:Pitfall:TW:crop:2023-06-13:1794"
"1795","TW","crop","Phrurolithus festivus",1,"M","","Pitfall","Johan Van Keer","Ad",1,"Phrurolithidae","Araneae","spiders",50.930634,4.915771,2023-06-13,"DIGITAF_BIODIVERSITY_FLEMISH_TREEROWS:OCCURRENCE:spiders:Pitfall:TW:crop:2023-06-13:1795"
"1796","TW","crop","Pardosa palustris",1,"F","","Pitfall","Johan Van Keer","Ad",4,"Lycosidae","Araneae","spiders",50.930634,4.915771,2023-06-13,"DIGITAF_BIODIVERSITY_FLEMISH_TREEROWS:OCCURRENCE:spiders:Pitfall:TW:crop:2023-06-13:1796"
"1797","TW","crop","Amara kulti",2,"F","","Pitfall","Marc Vankerckvoorde","Ad",1,"Carabidae","Coleoptera","carabid beetles",50.930634,4.915771,2023-06-13,"DIGITAF_BIODIVERSITY_FLEMISH_TREEROWS:OCCURRENCE:carabid beetles:Pitfall:TW:crop:2023-06-13:1797"
"1798","TW","crop","Lasius niger",2,"F","","Pitfall","Wouter Dekoninck","Ad",3,"Formicidae","Hymenoptera","ants",50.930634,4.915771,2023-06-13,"DIGITAF_BIODIVERSITY_FLEMISH_TREEROWS:OCCURRENCE:ants:Pitfall:TW:crop:2023-06-13:1798"
"1799","TW","crop","Harpalus affinis",1,"F","","Pitfall","Marc Vankerckvoorde","Ad",4,"Carabidae","Coleoptera","carabid beetles",50.930634,4.915771,2023-06-13,"DIGITAF_BIODIVERSITY_FLEMISH_TREEROWS:OCCURRENCE:carabid beetles:Pitfall:TW:crop:2023-06-13:1799"
"1800","TW","crop","Pardosa prativaga",2,"F","","Pitfall","Johan Van Keer","Ad",5,"Lycosidae","Araneae","spiders",50.930634,4.915771,2023-06-13,"DIGITAF_BIODIVERSITY_FLEMISH_TREEROWS:OCCURRENCE:spiders:Pitfall:TW:crop:2023-06-13:1800"
"1801","TW","crop","Polydesmus inconstans",1,"M","","Pitfall","Pallieter De Smedt","Ad",1,"Polydesmidae","Polydesmida","millipedes",50.930634,4.915771,2023-06-13,"DIGITAF_BIODIVERSITY_FLEMISH_TREEROWS:OCCURRENCE:millipedes:Pitfall:TW:crop:2023-06-13:1801"
"1802","TW","crop","Aleocharinae spec.",2,"","","Pitfall","Marc Vankerckvoorde","Ad",1,"Staphylinidae","Coleoptera","staphylinid beetles",50.930634,4.915771,2023-06-13,"DIGITAF_BIODIVERSITY_FLEMISH_TREEROWS:OCCURRENCE:staphylinid beetles:Pitfall:TW:crop:2023-06-13:1802"
"1803","TW","crop","Polydesmus inconstans",1,"F","","Pitfall","Pallieter De Smedt","Ad",1,"Polydesmidae","Polydesmida","millipedes",50.930634,4.915771,2023-06-13,"DIGITAF_BIODIVERSITY_FLEMISH_TREEROWS:OCCURRENCE:millipedes:Pitfall:TW:crop:2023-06-13:1803"
"1804","TW","crop","Bembidion lampros",2,"","","Pitfall","Marc Vankerckvoorde","Ad",2,"Carabidae","Coleoptera","carabid beetles",50.930634,4.915771,2023-06-13,"DIGITAF_BIODIVERSITY_FLEMISH_TREEROWS:OCCURRENCE:carabid beetles:Pitfall:TW:crop:2023-06-13:1804"
"1805","TW","crop","Bembidion lampros",2,"F","","Pitfall","Marc Vankerckvoorde","Ad",1,"Carabidae","Coleoptera","carabid beetles",50.930634,4.915771,2023-06-13,"DIGITAF_BIODIVERSITY_FLEMISH_TREEROWS:OCCURRENCE:carabid beetles:Pitfall:TW:crop:2023-06-13:1805"
"1806","TW","crop","Harpalus rubripes",1,"F","","Pitfall","Marc Vankerckvoorde","Ad",2,"Carabidae","Coleoptera","carabid beetles",50.930634,4.915771,2023-06-13,"DIGITAF_BIODIVERSITY_FLEMISH_TREEROWS:OCCURRENCE:carabid beetles:Pitfall:TW:crop:2023-06-13:1806"
"1807","TW","crop","Trochosa ruricola",1,"M","","Pitfall","Johan Van Keer","Ad",4,"Lycosidae","Araneae","spiders",50.930634,4.915771,2023-06-13,"DIGITAF_BIODIVERSITY_FLEMISH_TREEROWS:OCCURRENCE:spiders:Pitfall:TW:crop:2023-06-13:1807"
"1808","TW","crop","Oedothorax apicatus",1,"M","","Pitfall","Johan Van Keer","Ad",1,"Linyphiidae","Araneae","spiders",50.930634,4.915771,2023-06-13,"DIGITAF_BIODIVERSITY_FLEMISH_TREEROWS:OCCURRENCE:spiders:Pitfall:TW:crop:2023-06-13:1808"
"1809","TW","crop","Pardosa tenuipes",1,"F","","Pitfall","Johan Van Keer","Ad",1,"Lycosidae","Araneae","spiders",50.930634,4.915771,2023-06-13,"DIGITAF_BIODIVERSITY_FLEMISH_TREEROWS:OCCURRENCE:spiders:Pitfall:TW:crop:2023-06-13:1809"
"1810","TW","crop","Harpalus affinis",2,"F","","Pitfall","Marc Vankerckvoorde","Ad",2,"Carabidae","Coleoptera","carabid beetles",50.930634,4.915771,2023-06-13,"DIGITAF_BIODIVERSITY_FLEMISH_TREEROWS:OCCURRENCE:carabid beetles:Pitfall:TW:crop:2023-06-13:1810"
"1811","TW","crop","Anchomenus dorsalis",2,"M","","Pitfall","Marc Vankerckvoorde","Ad",1,"Carabidae","Coleoptera","carabid beetles",50.930634,4.915771,2023-06-13,"DIGITAF_BIODIVERSITY_FLEMISH_TREEROWS:OCCURRENCE:carabid beetles:Pitfall:TW:crop:2023-06-13:1811"
"1812","TW","crop","Pardosa prativaga",1,"F","","Pitfall","Johan Van Keer","Ad",14,"Lycosidae","Araneae","spiders",50.930634,4.915771,2023-06-13,"DIGITAF_BIODIVERSITY_FLEMISH_TREEROWS:OCCURRENCE:spiders:Pitfall:TW:crop:2023-06-13:1812"
"1813","TW","tree","Amara similata",2,"F","","Pitfall","Marc Vankerckvoorde","Ad",1,"Carabidae","Coleoptera","carabid beetles",50.931244,4.916273,2023-06-13,"DIGITAF_BIODIVERSITY_FLEMISH_TREEROWS:OCCURRENCE:carabid beetles:Pitfall:TW:tree:2023-06-13:1813"
"1814","TW","tree","Zelotes subterraneus",1,"M","","Pitfall","Johan Van Keer","Ad",2,"Gnaphosidae","Araneae","spiders",50.931244,4.916273,2023-06-13,"DIGITAF_BIODIVERSITY_FLEMISH_TREEROWS:OCCURRENCE:spiders:Pitfall:TW:tree:2023-06-13:1814"
"1815","TW","tree","Harpalus tardus",1,"M","","Pitfall","Marc Vankerckvoorde","Ad",1,"Carabidae","Coleoptera","carabid beetles",50.931244,4.916273,2023-06-13,"DIGITAF_BIODIVERSITY_FLEMISH_TREEROWS:OCCURRENCE:carabid beetles:Pitfall:TW:tree:2023-06-13:1815"
"1816","TW","tree","Trachyzelotes pedestris",1,"F","","Pitfall","Johan Van Keer","Ad",1,"Gnaphosidae","Araneae","spiders",50.931244,4.916273,2023-06-13,"DIGITAF_BIODIVERSITY_FLEMISH_TREEROWS:OCCURRENCE:spiders:Pitfall:TW:tree:2023-06-13:1816"
"1817","TW","tree","Trachyzelotes pedestris",2,"F","","Pitfall","Johan Van Keer","Ad",1,"Gnaphosidae","Araneae","spiders",50.931244,4.916273,2023-06-13,"DIGITAF_BIODIVERSITY_FLEMISH_TREEROWS:OCCURRENCE:spiders:Pitfall:TW:tree:2023-06-13:1817"
"1818","TW","tree","Glomeris marginata",2,"F","","Pitfall","Pallieter De Smedt","Ad",2,"Glomeridae","Glomerida","millipedes",50.931244,4.916273,2023-06-13,"DIGITAF_BIODIVERSITY_FLEMISH_TREEROWS:OCCURRENCE:millipedes:Pitfall:TW:tree:2023-06-13:1818"
"1819","TW","tree","Lithobius microps",2,"","","Pitfall","Koen Lock","Ad",2,"Lithobiidae","Lithobiomorpha","centipedes",50.931244,4.916273,2023-06-13,"DIGITAF_BIODIVERSITY_FLEMISH_TREEROWS:OCCURRENCE:centipedes:Pitfall:TW:tree:2023-06-13:1819"
"1820","TW","tree","Zelotes subterraneus",2,"M","","Pitfall","Johan Van Keer","Ad",3,"Gnaphosidae","Araneae","spiders",50.931244,4.916273,2023-06-13,"DIGITAF_BIODIVERSITY_FLEMISH_TREEROWS:OCCURRENCE:spiders:Pitfall:TW:tree:2023-06-13:1820"
"1821","TW","tree","Glomeris marginata",2,"M","","Pitfall","Pallieter De Smedt","Ad",1,"Glomeridae","Glomerida","millipedes",50.931244,4.916273,2023-06-13,"DIGITAF_BIODIVERSITY_FLEMISH_TREEROWS:OCCURRENCE:millipedes:Pitfall:TW:tree:2023-06-13:1821"
"1822","TW","tree","Myrmica scabrinodis",2,"F","","Pitfall","Wouter Dekoninck","Ad",1,"Formicidae","Hymenoptera","ants",50.931244,4.916273,2023-06-13,"DIGITAF_BIODIVERSITY_FLEMISH_TREEROWS:OCCURRENCE:ants:Pitfall:TW:tree:2023-06-13:1822"
"1823","TW","tree","Zelotes subterraneus",1,"F","","Pitfall","Johan Van Keer","Ad",3,"Gnaphosidae","Araneae","spiders",50.931244,4.916273,2023-06-13,"DIGITAF_BIODIVERSITY_FLEMISH_TREEROWS:OCCURRENCE:spiders:Pitfall:TW:tree:2023-06-13:1823"
"1824","TW","tree","Myrmica scabrinodis",1,"F","","Pitfall","Wouter Dekoninck","Ad",4,"Formicidae","Hymenoptera","ants",50.931244,4.916273,2023-06-13,"DIGITAF_BIODIVERSITY_FLEMISH_TREEROWS:OCCURRENCE:ants:Pitfall:TW:tree:2023-06-13:1824"
"1825","TW","tree","Harpalus tardus",2,"F","","Pitfall","Marc Vankerckvoorde","Ad",5,"Carabidae","Coleoptera","carabid beetles",50.931244,4.916273,2023-06-13,"DIGITAF_BIODIVERSITY_FLEMISH_TREEROWS:OCCURRENCE:carabid beetles:Pitfall:TW:tree:2023-06-13:1825"
"1826","TW","tree","Trachyzelotes pedestris",1,"M","","Pitfall","Johan Van Keer","Ad",4,"Gnaphosidae","Araneae","spiders",50.931244,4.916273,2023-06-13,"DIGITAF_BIODIVERSITY_FLEMISH_TREEROWS:OCCURRENCE:spiders:Pitfall:TW:tree:2023-06-13:1826"
"1827","TW","tree","Formica fusca",2,"F","","Pitfall","Wouter Dekoninck","Ad",2,"Formicidae","Hymenoptera","ants",50.931244,4.916273,2023-06-13,"DIGITAF_BIODIVERSITY_FLEMISH_TREEROWS:OCCURRENCE:ants:Pitfall:TW:tree:2023-06-13:1827"
"1828","TW","tree","Formica cunicularia",1,"F","","Pitfall","Wouter Dekoninck","Ad",1,"Formicidae","Hymenoptera","ants",50.931244,4.916273,2023-06-13,"DIGITAF_BIODIVERSITY_FLEMISH_TREEROWS:OCCURRENCE:ants:Pitfall:TW:tree:2023-06-13:1828"
"1829","TW","tree","Haplodrassus silvestris",2,"F","","Pitfall","Johan Van Keer","Ad",1,"Gnaphosidae","Araneae","spiders",50.931244,4.916273,2023-06-13,"DIGITAF_BIODIVERSITY_FLEMISH_TREEROWS:OCCURRENCE:spiders:Pitfall:TW:tree:2023-06-13:1829"
"1830","TW","tree","Margarinotus purpurascens",2,"","","Pitfall","Marc Vankerckvoorde","Ad",1,"Histeridae","Coleoptera","other beetles",50.931244,4.916273,2023-06-13,"DIGITAF_BIODIVERSITY_FLEMISH_TREEROWS:OCCURRENCE:other beetles:Pitfall:TW:tree:2023-06-13:1830"
"1831","TW","tree","Glomeris marginata",1,"F","","Pitfall","Pallieter De Smedt","Ad",3,"Glomeridae","Glomerida","millipedes",50.931244,4.916273,2023-06-13,"DIGITAF_BIODIVERSITY_FLEMISH_TREEROWS:OCCURRENCE:millipedes:Pitfall:TW:tree:2023-06-13:1831"
"1832","TW","tree","Myrmica ruginodis",2,"F","","Pitfall","Wouter Dekoninck","Ad",1,"Formicidae","Hymenoptera","ants",50.931244,4.916273,2023-06-13,"DIGITAF_BIODIVERSITY_FLEMISH_TREEROWS:OCCURRENCE:ants:Pitfall:TW:tree:2023-06-13:1832"
"1833","TW","tree","Zelotes subterraneus",2,"F","","Pitfall","Johan Van Keer","Ad",4,"Gnaphosidae","Araneae","spiders",50.931244,4.916273,2023-06-13,"DIGITAF_BIODIVERSITY_FLEMISH_TREEROWS:OCCURRENCE:spiders:Pitfall:TW:tree:2023-06-13:1833"
"1834","TW","tree","Harpalus rubripes",2,"M","","Pitfall","Marc Vankerckvoorde","Ad",1,"Carabidae","Coleoptera","carabid beetles",50.931244,4.916273,2023-06-13,"DIGITAF_BIODIVERSITY_FLEMISH_TREEROWS:OCCURRENCE:carabid beetles:Pitfall:TW:tree:2023-06-13:1834"
"1835","TW","tree","Trachyzelotes pedestris",2,"M","","Pitfall","Johan Van Keer","Ad",21,"Gnaphosidae","Araneae","spiders",50.931244,4.916273,2023-06-13,"DIGITAF_BIODIVERSITY_FLEMISH_TREEROWS:OCCURRENCE:spiders:Pitfall:TW:tree:2023-06-13:1835"
"1836","TW","tree","Phlegra fasciata",2,"M","","Pitfall","Johan Van Keer","Ad",1,"Salticidae","Araneae","spiders",50.931244,4.916273,2023-06-13,"DIGITAF_BIODIVERSITY_FLEMISH_TREEROWS:OCCURRENCE:spiders:Pitfall:TW:tree:2023-06-13:1836"
"1837","TW","tree","Lasius brunneus",1,"F","","Pitfall","Wouter Dekoninck","Ad",1,"Formicidae","Hymenoptera","ants",50.931244,4.916273,2023-06-13,"DIGITAF_BIODIVERSITY_FLEMISH_TREEROWS:OCCURRENCE:ants:Pitfall:TW:tree:2023-06-13:1837"
"1838","TW","tree","Armadillidium vulgare",1,"","","Pitfall","Pallieter De Smedt","Ad",9,"Armadillidiidae","Isopoda","woodlice",50.931244,4.916273,2023-06-13,"DIGITAF_BIODIVERSITY_FLEMISH_TREEROWS:OCCURRENCE:woodlice:Pitfall:TW:tree:2023-06-13:1838"
"1839","TW","tree","Amara convexior",1,"M","","Pitfall","Marc Vankerckvoorde","Ad",1,"Carabidae","Coleoptera","carabid beetles",50.931244,4.916273,2023-06-13,"DIGITAF_BIODIVERSITY_FLEMISH_TREEROWS:OCCURRENCE:carabid beetles:Pitfall:TW:tree:2023-06-13:1839"
"1840","TW","tree","Harpactea hombergi",1,"M","","Pitfall","Johan Van Keer","Ad",2,"Dysderidae","Araneae","spiders",50.931244,4.916273,2023-06-13,"DIGITAF_BIODIVERSITY_FLEMISH_TREEROWS:OCCURRENCE:spiders:Pitfall:TW:tree:2023-06-13:1840"
"1841","TW","tree","Armadillidium vulgare",2,"","","Pitfall","Pallieter De Smedt","Ad",23,"Armadillidiidae","Isopoda","woodlice",50.931244,4.916273,2023-06-13,"DIGITAF_BIODIVERSITY_FLEMISH_TREEROWS:OCCURRENCE:woodlice:Pitfall:TW:tree:2023-06-13:1841"
"1842","TW","tree","Formica cunicularia",2,"F","","Pitfall","Wouter Dekoninck","Ad",26,"Formicidae","Hymenoptera","ants",50.931244,4.916273,2023-06-13,"DIGITAF_BIODIVERSITY_FLEMISH_TREEROWS:OCCURRENCE:ants:Pitfall:TW:tree:2023-06-13:1842"
"1843","TW1","crop","Pelecopsis parallela",1,"M","","Pitfall","Léon Baert","Ad",1,"Linyphiidae","Araneae","spiders",50.952758,4.725003,2023-06-13,"DIGITAF_BIODIVERSITY_FLEMISH_TREEROWS:OCCURRENCE:spiders:Pitfall:TW1:crop:2023-06-13:1843"
"1844","TW1","crop","Stenus impressus",2,"","","Pitfall","Marc Vankerckvoorde","Ad",1,"Staphylinidae","Coleoptera","staphylinid beetles",50.952758,4.725003,2023-06-13,"DIGITAF_BIODIVERSITY_FLEMISH_TREEROWS:OCCURRENCE:staphylinid beetles:Pitfall:TW1:crop:2023-06-13:1844"
"1845","TW1","crop","Polydesmus coriaceus",1,"F","","Pitfall","Pallieter De Smedt","Ad",1,"Polydesmidae","Polydesmida","millipedes",50.952758,4.725003,2023-06-13,"DIGITAF_BIODIVERSITY_FLEMISH_TREEROWS:OCCURRENCE:millipedes:Pitfall:TW1:crop:2023-06-13:1845"
"1846","TW1","crop","Lamyctes emarginatus",2,"","","Pitfall","Koen Lock","Ad",3,"Henicopidae","Lithobiomorpha","centipedes",50.952758,4.725003,2023-06-13,"DIGITAF_BIODIVERSITY_FLEMISH_TREEROWS:OCCURRENCE:centipedes:Pitfall:TW1:crop:2023-06-13:1846"
"1847","TW1","crop","Cylindroiulus punctatus",2,"M","","Pitfall","Pallieter De Smedt","Ad",1,"Julidae","Julida","millipedes",50.952758,4.725003,2023-06-13,"DIGITAF_BIODIVERSITY_FLEMISH_TREEROWS:OCCURRENCE:millipedes:Pitfall:TW1:crop:2023-06-13:1847"
"1848","TW1","crop","Tachyporus hypnorum",2,"","","Pitfall","Marc Vankerckvoorde","Ad",1,"Staphylinidae","Coleoptera","staphylinid beetles",50.952758,4.725003,2023-06-13,"DIGITAF_BIODIVERSITY_FLEMISH_TREEROWS:OCCURRENCE:staphylinid beetles:Pitfall:TW1:crop:2023-06-13:1848"
"1849","TW1","crop","Lamyctes emarginatus",1,"","","Pitfall","Koen Lock","Ad",7,"Henicopidae","Lithobiomorpha","centipedes",50.952758,4.725003,2023-06-13,"DIGITAF_BIODIVERSITY_FLEMISH_TREEROWS:OCCURRENCE:centipedes:Pitfall:TW1:crop:2023-06-13:1849"
"1850","TW1","crop","Brachyiulus pusillus",1,"F","","Pitfall","Pallieter De Smedt","Ad",1,"Julidae","Julida","millipedes",50.952758,4.725003,2023-06-13,"DIGITAF_BIODIVERSITY_FLEMISH_TREEROWS:OCCURRENCE:millipedes:Pitfall:TW1:crop:2023-06-13:1850"
"1851","TW1","crop","Amara aenea",2,"M","","Pitfall","Marc Vankerckvoorde","Ad",2,"Carabidae","Coleoptera","carabid beetles",50.952758,4.725003,2023-06-13,"DIGITAF_BIODIVERSITY_FLEMISH_TREEROWS:OCCURRENCE:carabid beetles:Pitfall:TW1:crop:2023-06-13:1851"
"1852","TW1","crop","Trechus quadristriatus",2,"M","","Pitfall","Marc Vankerckvoorde","Ad",1,"Carabidae","Coleoptera","carabid beetles",50.952758,4.725003,2023-06-13,"DIGITAF_BIODIVERSITY_FLEMISH_TREEROWS:OCCURRENCE:carabid beetles:Pitfall:TW1:crop:2023-06-13:1852"
"1853","TW1","crop","Phalangium opilio",1,"F","","Pitfall","Pallieter De Smedt","Ad",1,"Phalangiidae","Opiliones","harvestmen",50.952758,4.725003,2023-06-13,"DIGITAF_BIODIVERSITY_FLEMISH_TREEROWS:OCCURRENCE:harvestmen:Pitfall:TW1:crop:2023-06-13:1853"
"1854","TW1","crop","Poecilus cupreus",1,"M","","Pitfall","Marc Vankerckvoorde","Ad",1,"Carabidae","Coleoptera","carabid beetles",50.952758,4.725003,2023-06-13,"DIGITAF_BIODIVERSITY_FLEMISH_TREEROWS:OCCURRENCE:carabid beetles:Pitfall:TW1:crop:2023-06-13:1854"
"1855","TW1","crop","Piratula latitans",2,"M","","Pitfall","Johan Van Keer","Ad",1,"Lycosidae","Araneae","spiders",50.952758,4.725003,2023-06-13,"DIGITAF_BIODIVERSITY_FLEMISH_TREEROWS:OCCURRENCE:spiders:Pitfall:TW1:crop:2023-06-13:1855"
"1856","TW1","crop","Xysticus cristatus",1,"F","","Pitfall","Johan Van Keer","Ad",1,"Thomisidae","Araneae","spiders",50.952758,4.725003,2023-06-13,"DIGITAF_BIODIVERSITY_FLEMISH_TREEROWS:OCCURRENCE:spiders:Pitfall:TW1:crop:2023-06-13:1856"
"1857","TW1","crop","Philonthus cognatus",2,"","","Pitfall","Marc Vankerckvoorde","Ad",1,"Staphylinidae","Coleoptera","staphylinid beetles",50.952758,4.725003,2023-06-13,"DIGITAF_BIODIVERSITY_FLEMISH_TREEROWS:OCCURRENCE:staphylinid beetles:Pitfall:TW1:crop:2023-06-13:1857"
"1858","TW1","crop","Phalangium opilio",2,"F","","Pitfall","Pallieter De Smedt","Ad",1,"Phalangiidae","Opiliones","harvestmen",50.952758,4.725003,2023-06-13,"DIGITAF_BIODIVERSITY_FLEMISH_TREEROWS:OCCURRENCE:harvestmen:Pitfall:TW1:crop:2023-06-13:1858"
"1859","TW1","crop","Poecilus lepidus",1,"F","","Pitfall","Marc Vankerckvoorde","Ad",1,"Carabidae","Coleoptera","carabid beetles",50.952758,4.725003,2023-06-13,"DIGITAF_BIODIVERSITY_FLEMISH_TREEROWS:OCCURRENCE:carabid beetles:Pitfall:TW1:crop:2023-06-13:1859"
"1860","TW1","crop","Amara aenea",1,"F","","Pitfall","Marc Vankerckvoorde","Ad",1,"Carabidae","Coleoptera","carabid beetles",50.952758,4.725003,2023-06-13,"DIGITAF_BIODIVERSITY_FLEMISH_TREEROWS:OCCURRENCE:carabid beetles:Pitfall:TW1:crop:2023-06-13:1860"
"1861","TW1","crop","Lasius platythorax",1,"F","","Pitfall","Wouter Dekoninck","Ad",2,"Formicidae","Hymenoptera","ants",50.952758,4.725003,2023-06-13,"DIGITAF_BIODIVERSITY_FLEMISH_TREEROWS:OCCURRENCE:ants:Pitfall:TW1:crop:2023-06-13:1861"
"1862","TW1","crop","Cylindroiulus indet.",1,"","","Pitfall","Pallieter De Smedt","Juv",1,"Julidae","Julida","millipedes",50.952758,4.725003,2023-06-13,"DIGITAF_BIODIVERSITY_FLEMISH_TREEROWS:OCCURRENCE:millipedes:Pitfall:TW1:crop:2023-06-13:1862"
"1863","TW1","crop","Brachyiulus pusillus",2,"M","","Pitfall","Pallieter De Smedt","Ad",2,"Julidae","Julida","millipedes",50.952758,4.725003,2023-06-13,"DIGITAF_BIODIVERSITY_FLEMISH_TREEROWS:OCCURRENCE:millipedes:Pitfall:TW1:crop:2023-06-13:1863"
"1864","TW1","crop","Cylindroiulus caeruleocinctus",1,"M","","Pitfall","Pallieter De Smedt","Ad",1,"Julidae","Julida","millipedes",50.952758,4.725003,2023-06-13,"DIGITAF_BIODIVERSITY_FLEMISH_TREEROWS:OCCURRENCE:millipedes:Pitfall:TW1:crop:2023-06-13:1864"
"1865","TW1","crop","Oedothorax apicatus",2,"M","","Pitfall","Léon Baert","Ad",1,"Linyphiidae","Araneae","spiders",50.952758,4.725003,2023-06-13,"DIGITAF_BIODIVERSITY_FLEMISH_TREEROWS:OCCURRENCE:spiders:Pitfall:TW1:crop:2023-06-13:1865"
"1866","TW1","crop","Anotylus insecatus",2,"","","Pitfall","Marc Vankerckvoorde","Ad",1,"Staphylinidae","Coleoptera","staphylinid beetles",50.952758,4.725003,2023-06-13,"DIGITAF_BIODIVERSITY_FLEMISH_TREEROWS:OCCURRENCE:staphylinid beetles:Pitfall:TW1:crop:2023-06-13:1866"
"1867","TW1","crop","Trachyzelotes pedestris",2,"M","","Pitfall","Johan Van Keer","Ad",1,"Gnaphosidae","Araneae","spiders",50.952758,4.725003,2023-06-13,"DIGITAF_BIODIVERSITY_FLEMISH_TREEROWS:OCCURRENCE:spiders:Pitfall:TW1:crop:2023-06-13:1867"
"1868","TW1","crop","Phalangium opilio",1,"","","Pitfall","Pallieter De Smedt","Juv",2,"Phalangiidae","Opiliones","harvestmen",50.952758,4.725003,2023-06-13,"DIGITAF_BIODIVERSITY_FLEMISH_TREEROWS:OCCURRENCE:harvestmen:Pitfall:TW1:crop:2023-06-13:1868"
"1869","TW1","crop","Bembidion lampros",1,"F","","Pitfall","Marc Vankerckvoorde","Ad",1,"Carabidae","Coleoptera","carabid beetles",50.952758,4.725003,2023-06-13,"DIGITAF_BIODIVERSITY_FLEMISH_TREEROWS:OCCURRENCE:carabid beetles:Pitfall:TW1:crop:2023-06-13:1869"
"1870","TW1","crop","Acupalpus meridianus",1,"F","","Pitfall","Marc Vankerckvoorde","Ad",1,"Carabidae","Coleoptera","carabid beetles",50.952758,4.725003,2023-06-13,"DIGITAF_BIODIVERSITY_FLEMISH_TREEROWS:OCCURRENCE:carabid beetles:Pitfall:TW1:crop:2023-06-13:1870"
"1871","TW1","crop","Asaphidion flavipes",2,"M","","Pitfall","Marc Vankerckvoorde","Ad",1,"Carabidae","Coleoptera","carabid beetles",50.952758,4.725003,2023-06-13,"DIGITAF_BIODIVERSITY_FLEMISH_TREEROWS:OCCURRENCE:carabid beetles:Pitfall:TW1:crop:2023-06-13:1871"
"1872","TW1","crop","Pardosa lugubris",2,"F","","Pitfall","Johan Van Keer","Ad",1,"Lycosidae","Araneae","spiders",50.952758,4.725003,2023-06-13,"DIGITAF_BIODIVERSITY_FLEMISH_TREEROWS:OCCURRENCE:spiders:Pitfall:TW1:crop:2023-06-13:1872"
"1873","TW1","crop","Oedothorax apicatus",1,"M","","Pitfall","Léon Baert","Ad",1,"Linyphiidae","Araneae","spiders",50.952758,4.725003,2023-06-13,"DIGITAF_BIODIVERSITY_FLEMISH_TREEROWS:OCCURRENCE:spiders:Pitfall:TW1:crop:2023-06-13:1873"
"1874","TW1","crop","Cicindela campestris",2,"M","","Pitfall","Marc Vankerckvoorde","Ad",1,"Carabidae","Coleoptera","carabid beetles",50.952758,4.725003,2023-06-13,"DIGITAF_BIODIVERSITY_FLEMISH_TREEROWS:OCCURRENCE:carabid beetles:Pitfall:TW1:crop:2023-06-13:1874"
"1875","TW1","crop","Tachyporus nitidulus",2,"","","Pitfall","Marc Vankerckvoorde","Ad",1,"Staphylinidae","Coleoptera","staphylinid beetles",50.952758,4.725003,2023-06-13,"DIGITAF_BIODIVERSITY_FLEMISH_TREEROWS:OCCURRENCE:staphylinid beetles:Pitfall:TW1:crop:2023-06-13:1875"
"1876","TW1","crop","Trochosa ruricola",1,"M","","Pitfall","Johan Van Keer","Ad",1,"Lycosidae","Araneae","spiders",50.952758,4.725003,2023-06-13,"DIGITAF_BIODIVERSITY_FLEMISH_TREEROWS:OCCURRENCE:spiders:Pitfall:TW1:crop:2023-06-13:1876"
"1877","TW1","crop","Pardosa lugubris",1,"F","","Pitfall","Johan Van Keer","Ad",3,"Lycosidae","Araneae","spiders",50.952758,4.725003,2023-06-13,"DIGITAF_BIODIVERSITY_FLEMISH_TREEROWS:OCCURRENCE:spiders:Pitfall:TW1:crop:2023-06-13:1877"
"1878","TW1","crop","Sibianor aurocinctus",1,"M","","Pitfall","Léon Baert","Ad",1,"Salticidae","Araneae","spiders",50.952758,4.725003,2023-06-13,"DIGITAF_BIODIVERSITY_FLEMISH_TREEROWS:OCCURRENCE:spiders:Pitfall:TW1:crop:2023-06-13:1878"
"1879","TW1","crop","Pterostichus anthracinus",1,"M","","Pitfall","Marc Vankerckvoorde","Ad",1,"Carabidae","Coleoptera","carabid beetles",50.952758,4.725003,2023-06-13,"DIGITAF_BIODIVERSITY_FLEMISH_TREEROWS:OCCURRENCE:carabid beetles:Pitfall:TW1:crop:2023-06-13:1879"
"1880","TW1","crtl","Harpalus rufipes",2,"M","","Pitfall","Marc Vankerckvoorde","Ad",3,"Carabidae","Coleoptera","carabid beetles",50.952572,4.724937,2023-06-13,"DIGITAF_BIODIVERSITY_FLEMISH_TREEROWS:OCCURRENCE:carabid beetles:Pitfall:TW1:crtl:2023-06-13:1880"
"1881","TW1","crtl","Poecilus versicolor",2,"M","","Pitfall","Marc Vankerckvoorde","Ad",1,"Carabidae","Coleoptera","carabid beetles",50.952572,4.724937,2023-06-13,"DIGITAF_BIODIVERSITY_FLEMISH_TREEROWS:OCCURRENCE:carabid beetles:Pitfall:TW1:crtl:2023-06-13:1881"
"1882","TW1","crtl","Brachyiulus pusillus",2,"M","","Pitfall","Pallieter De Smedt","Ad",11,"Julidae","Julida","millipedes",50.952572,4.724937,2023-06-13,"DIGITAF_BIODIVERSITY_FLEMISH_TREEROWS:OCCURRENCE:millipedes:Pitfall:TW1:crtl:2023-06-13:1882"
"1883","TW1","crtl","Xysticus cristatus",1,"M","","Pitfall","Johan Van Keer","Ad",2,"Thomisidae","Araneae","spiders",50.952572,4.724937,2023-06-13,"DIGITAF_BIODIVERSITY_FLEMISH_TREEROWS:OCCURRENCE:spiders:Pitfall:TW1:crtl:2023-06-13:1883"
"1884","TW1","crtl","Tenuiphantes tenuis",1,"M","","Pitfall","Léon Baert","Ad",1,"Linyphiidae","Araneae","spiders",50.952572,4.724937,2023-06-13,"DIGITAF_BIODIVERSITY_FLEMISH_TREEROWS:OCCURRENCE:spiders:Pitfall:TW1:crtl:2023-06-13:1884"
"1885","TW1","crtl","Nebria brevicollis",1,"F","","Pitfall","Marc Vankerckvoorde","Ad",2,"Carabidae","Coleoptera","carabid beetles",50.952572,4.724937,2023-06-13,"DIGITAF_BIODIVERSITY_FLEMISH_TREEROWS:OCCURRENCE:carabid beetles:Pitfall:TW1:crtl:2023-06-13:1885"
"1886","TW1","crtl","Harpalus affinis",2,"F","","Pitfall","Marc Vankerckvoorde","Ad",2,"Carabidae","Coleoptera","carabid beetles",50.952572,4.724937,2023-06-13,"DIGITAF_BIODIVERSITY_FLEMISH_TREEROWS:OCCURRENCE:carabid beetles:Pitfall:TW1:crtl:2023-06-13:1886"
"1887","TW1","crtl","Trechus quadristriatus",2,"F","","Pitfall","Marc Vankerckvoorde","Ad",1,"Carabidae","Coleoptera","carabid beetles",50.952572,4.724937,2023-06-13,"DIGITAF_BIODIVERSITY_FLEMISH_TREEROWS:OCCURRENCE:carabid beetles:Pitfall:TW1:crtl:2023-06-13:1887"
"1888","TW1","crtl","Pterostichus melanarius",2,"F","","Pitfall","Marc Vankerckvoorde","Ad",2,"Carabidae","Coleoptera","carabid beetles",50.952572,4.724937,2023-06-13,"DIGITAF_BIODIVERSITY_FLEMISH_TREEROWS:OCCURRENCE:carabid beetles:Pitfall:TW1:crtl:2023-06-13:1888"
"1889","TW1","crtl","Philonthus cognatus",1,"","","Pitfall","Marc Vankerckvoorde","Ad",2,"Staphylinidae","Coleoptera","staphylinid beetles",50.952572,4.724937,2023-06-13,"DIGITAF_BIODIVERSITY_FLEMISH_TREEROWS:OCCURRENCE:staphylinid beetles:Pitfall:TW1:crtl:2023-06-13:1889"
"1890","TW1","crtl","Pterostichus vernalis",2,"M","","Pitfall","Marc Vankerckvoorde","Ad",2,"Carabidae","Coleoptera","carabid beetles",50.952572,4.724937,2023-06-13,"DIGITAF_BIODIVERSITY_FLEMISH_TREEROWS:OCCURRENCE:carabid beetles:Pitfall:TW1:crtl:2023-06-13:1890"
"1891","TW1","crtl","Pardosa saltans",1,"M","","Pitfall","Johan Van Keer","Ad",1,"Lycosidae","Araneae","spiders",50.952572,4.724937,2023-06-13,"DIGITAF_BIODIVERSITY_FLEMISH_TREEROWS:OCCURRENCE:spiders:Pitfall:TW1:crtl:2023-06-13:1891"
"1892","TW1","crtl","Harpalus distinguendus",1,"M","","Pitfall","Marc Vankerckvoorde","Ad",1,"Carabidae","Coleoptera","carabid beetles",50.952572,4.724937,2023-06-13,"DIGITAF_BIODIVERSITY_FLEMISH_TREEROWS:OCCURRENCE:carabid beetles:Pitfall:TW1:crtl:2023-06-13:1892"
"1893","TW1","crtl","Harpalus rufipes",2,"F","","Pitfall","Marc Vankerckvoorde","Ad",1,"Carabidae","Coleoptera","carabid beetles",50.952572,4.724937,2023-06-13,"DIGITAF_BIODIVERSITY_FLEMISH_TREEROWS:OCCURRENCE:carabid beetles:Pitfall:TW1:crtl:2023-06-13:1893"
"1894","TW1","crtl","Polydesmus inconstans",2,"F","","Pitfall","Pallieter De Smedt","Ad",3,"Polydesmidae","Polydesmida","millipedes",50.952572,4.724937,2023-06-13,"DIGITAF_BIODIVERSITY_FLEMISH_TREEROWS:OCCURRENCE:millipedes:Pitfall:TW1:crtl:2023-06-13:1894"
"1895","TW1","crtl","Stenus clavicornis",1,"","","Pitfall","Marc Vankerckvoorde","Ad",1,"Staphylinidae","Coleoptera","staphylinid beetles",50.952572,4.724937,2023-06-13,"DIGITAF_BIODIVERSITY_FLEMISH_TREEROWS:OCCURRENCE:staphylinid beetles:Pitfall:TW1:crtl:2023-06-13:1895"
"1896","TW1","crtl","Poecilus lepidus",2,"F","","Pitfall","Marc Vankerckvoorde","Ad",1,"Carabidae","Coleoptera","carabid beetles",50.952572,4.724937,2023-06-13,"DIGITAF_BIODIVERSITY_FLEMISH_TREEROWS:OCCURRENCE:carabid beetles:Pitfall:TW1:crtl:2023-06-13:1896"
"1897","TW1","crtl","Julus scandinavius",2,"M","","Pitfall","Pallieter De Smedt","Ad",2,"Julidae","Julida","millipedes",50.952572,4.724937,2023-06-13,"DIGITAF_BIODIVERSITY_FLEMISH_TREEROWS:OCCURRENCE:millipedes:Pitfall:TW1:crtl:2023-06-13:1897"
"1898","TW1","crtl","Pardosa prativaga",2,"F","","Pitfall","Johan Van Keer","Ad",1,"Lycosidae","Araneae","spiders",50.952572,4.724937,2023-06-13,"DIGITAF_BIODIVERSITY_FLEMISH_TREEROWS:OCCURRENCE:spiders:Pitfall:TW1:crtl:2023-06-13:1898"
"1899","TW1","crtl","Pardosa prativaga",2,"M","","Pitfall","Johan Van Keer","Ad",1,"Lycosidae","Araneae","spiders",50.952572,4.724937,2023-06-13,"DIGITAF_BIODIVERSITY_FLEMISH_TREEROWS:OCCURRENCE:spiders:Pitfall:TW1:crtl:2023-06-13:1899"
"1900","TW1","crtl","Rilaena triangularis",2,"M","","Pitfall","Pallieter De Smedt","Ad",1,"Phalangiidae","Opiliones","harvestmen",50.952572,4.724937,2023-06-13,"DIGITAF_BIODIVERSITY_FLEMISH_TREEROWS:OCCURRENCE:harvestmen:Pitfall:TW1:crtl:2023-06-13:1900"
"1901","TW1","crtl","Erigone dentipalpis",2,"M","","Pitfall","Johan Van Keer","Ad",1,"Linyphiidae","Araneae","spiders",50.952572,4.724937,2023-06-13,"DIGITAF_BIODIVERSITY_FLEMISH_TREEROWS:OCCURRENCE:spiders:Pitfall:TW1:crtl:2023-06-13:1901"
"1902","TW1","crtl","Nebria salina",2,"M","","Pitfall","Marc Vankerckvoorde","Ad",2,"Carabidae","Coleoptera","carabid beetles",50.952572,4.724937,2023-06-13,"DIGITAF_BIODIVERSITY_FLEMISH_TREEROWS:OCCURRENCE:carabid beetles:Pitfall:TW1:crtl:2023-06-13:1902"
"1903","TW1","crtl","Parophonus maculicornis",2,"M","","Pitfall","Marc Vankerckvoorde","Ad",2,"Carabidae","Coleoptera","carabid beetles",50.952572,4.724937,2023-06-13,"DIGITAF_BIODIVERSITY_FLEMISH_TREEROWS:OCCURRENCE:carabid beetles:Pitfall:TW1:crtl:2023-06-13:1903"
"1904","TW1","crtl","Julidae indet.",2,"F","","Pitfall","Pallieter De Smedt","Ad",1,"Julidae","Julida","millipedes",50.952572,4.724937,2023-06-13,"DIGITAF_BIODIVERSITY_FLEMISH_TREEROWS:OCCURRENCE:millipedes:Pitfall:TW1:crtl:2023-06-13:1904"
"1905","TW1","crtl","Trochosa terricola",2,"F","","Pitfall","Johan Van Keer","Ad",1,"Lycosidae","Araneae","spiders",50.952572,4.724937,2023-06-13,"DIGITAF_BIODIVERSITY_FLEMISH_TREEROWS:OCCURRENCE:spiders:Pitfall:TW1:crtl:2023-06-13:1905"
"1906","TW1","crtl","Pterostichus vernalis",2,"F","","Pitfall","Marc Vankerckvoorde","Ad",2,"Carabidae","Coleoptera","carabid beetles",50.952572,4.724937,2023-06-13,"DIGITAF_BIODIVERSITY_FLEMISH_TREEROWS:OCCURRENCE:carabid beetles:Pitfall:TW1:crtl:2023-06-13:1906"
"1907","TW1","crtl","Brachyiulus pusillus",2,"F","","Pitfall","Pallieter De Smedt","Ad",11,"Julidae","Julida","millipedes",50.952572,4.724937,2023-06-13,"DIGITAF_BIODIVERSITY_FLEMISH_TREEROWS:OCCURRENCE:millipedes:Pitfall:TW1:crtl:2023-06-13:1907"
"1908","TW1","crtl","Philoscia muscorum",2,"","","Pitfall","Pallieter De Smedt","Ad",1,"Philosciidae","Isopoda","woodlice",50.952572,4.724937,2023-06-13,"DIGITAF_BIODIVERSITY_FLEMISH_TREEROWS:OCCURRENCE:woodlice:Pitfall:TW1:crtl:2023-06-13:1908"
"1909","TW1","crtl","Pardosa lugubris",2,"F","","Pitfall","Johan Van Keer","Ad",1,"Lycosidae","Araneae","spiders",50.952572,4.724937,2023-06-13,"DIGITAF_BIODIVERSITY_FLEMISH_TREEROWS:OCCURRENCE:spiders:Pitfall:TW1:crtl:2023-06-13:1909"
"1910","TW1","crtl","Phalangium opilio",2,"F","","Pitfall","Pallieter De Smedt","Ad",1,"Phalangiidae","Opiliones","harvestmen",50.952572,4.724937,2023-06-13,"DIGITAF_BIODIVERSITY_FLEMISH_TREEROWS:OCCURRENCE:harvestmen:Pitfall:TW1:crtl:2023-06-13:1910"
"1911","TW1","crtl","Pardosa prativaga",1,"F","","Pitfall","Johan Van Keer","Ad",2,"Lycosidae","Araneae","spiders",50.952572,4.724937,2023-06-13,"DIGITAF_BIODIVERSITY_FLEMISH_TREEROWS:OCCURRENCE:spiders:Pitfall:TW1:crtl:2023-06-13:1911"
"1912","TW1","crtl","Nebria brevicollis",2,"M","","Pitfall","Marc Vankerckvoorde","Ad",1,"Carabidae","Coleoptera","carabid beetles",50.952572,4.724937,2023-06-13,"DIGITAF_BIODIVERSITY_FLEMISH_TREEROWS:OCCURRENCE:carabid beetles:Pitfall:TW1:crtl:2023-06-13:1912"
"1913","TW1","crtl","Harpalus affinis",2,"M","","Pitfall","Marc Vankerckvoorde","Ad",2,"Carabidae","Coleoptera","carabid beetles",50.952572,4.724937,2023-06-13,"DIGITAF_BIODIVERSITY_FLEMISH_TREEROWS:OCCURRENCE:carabid beetles:Pitfall:TW1:crtl:2023-06-13:1913"
"1914","TW1","crtl","Oedothorax retusus",2,"F","","Pitfall","Johan Van Keer","Ad",1,"Linyphiidae","Araneae","spiders",50.952572,4.724937,2023-06-13,"DIGITAF_BIODIVERSITY_FLEMISH_TREEROWS:OCCURRENCE:spiders:Pitfall:TW1:crtl:2023-06-13:1914"
"1915","TW1","crtl","Philonthus carbonarius",2,"","","Pitfall","Marc Vankerckvoorde","Ad",2,"Staphylinidae","Coleoptera","staphylinid beetles",50.952572,4.724937,2023-06-13,"DIGITAF_BIODIVERSITY_FLEMISH_TREEROWS:OCCURRENCE:staphylinid beetles:Pitfall:TW1:crtl:2023-06-13:1915"
"1916","TW1","crtl","Bembidion lampros",1,"F","","Pitfall","Marc Vankerckvoorde","Ad",1,"Carabidae","Coleoptera","carabid beetles",50.952572,4.724937,2023-06-13,"DIGITAF_BIODIVERSITY_FLEMISH_TREEROWS:OCCURRENCE:carabid beetles:Pitfall:TW1:crtl:2023-06-13:1916"
"1917","TW1","crtl","Parophonus maculicornis",2,"F","","Pitfall","Marc Vankerckvoorde","Ad",1,"Carabidae","Coleoptera","carabid beetles",50.952572,4.724937,2023-06-13,"DIGITAF_BIODIVERSITY_FLEMISH_TREEROWS:OCCURRENCE:carabid beetles:Pitfall:TW1:crtl:2023-06-13:1917"
"1918","TW1","crtl","Clubiona terrestris",1,"F","","Pitfall","Johan Van Keer","Ad",1,"Clubionidae","Araneae","spiders",50.952572,4.724937,2023-06-13,"DIGITAF_BIODIVERSITY_FLEMISH_TREEROWS:OCCURRENCE:spiders:Pitfall:TW1:crtl:2023-06-13:1918"
"1919","TW1","crtl","Poecilus cupreus",2,"F","","Pitfall","Marc Vankerckvoorde","Ad",2,"Carabidae","Coleoptera","carabid beetles",50.952572,4.724937,2023-06-13,"DIGITAF_BIODIVERSITY_FLEMISH_TREEROWS:OCCURRENCE:carabid beetles:Pitfall:TW1:crtl:2023-06-13:1919"
"1920","TW1","crtl","Poecilus lepidus",1,"F","","Pitfall","Marc Vankerckvoorde","Ad",1,"Carabidae","Coleoptera","carabid beetles",50.952572,4.724937,2023-06-13,"DIGITAF_BIODIVERSITY_FLEMISH_TREEROWS:OCCURRENCE:carabid beetles:Pitfall:TW1:crtl:2023-06-13:1920"
"1921","TW1","crtl","Pardosa hortensis",2,"F","","Pitfall","Johan Van Keer","Ad",2,"Lycosidae","Araneae","spiders",50.952572,4.724937,2023-06-13,"DIGITAF_BIODIVERSITY_FLEMISH_TREEROWS:OCCURRENCE:spiders:Pitfall:TW1:crtl:2023-06-13:1921"
"1922","TW1","crtl","Trachyzelotes pedestris",2,"F","","Pitfall","Johan Van Keer","Ad",2,"Gnaphosidae","Araneae","spiders",50.952572,4.724937,2023-06-13,"DIGITAF_BIODIVERSITY_FLEMISH_TREEROWS:OCCURRENCE:spiders:Pitfall:TW1:crtl:2023-06-13:1922"
"1923","TW1","crtl","Trachyzelotes pedestris",1,"M","","Pitfall","Johan Van Keer","Ad",1,"Gnaphosidae","Araneae","spiders",50.952572,4.724937,2023-06-13,"DIGITAF_BIODIVERSITY_FLEMISH_TREEROWS:OCCURRENCE:spiders:Pitfall:TW1:crtl:2023-06-13:1923"
"1924","TW1","crtl","Pardosa prativaga",1,"M","","Pitfall","Johan Van Keer","Ad",3,"Lycosidae","Araneae","spiders",50.952572,4.724937,2023-06-13,"DIGITAF_BIODIVERSITY_FLEMISH_TREEROWS:OCCURRENCE:spiders:Pitfall:TW1:crtl:2023-06-13:1924"
"1925","TW1","crtl","Trochosa ruricola",1,"M","","Pitfall","Johan Van Keer","Ad",2,"Lycosidae","Araneae","spiders",50.952572,4.724937,2023-06-13,"DIGITAF_BIODIVERSITY_FLEMISH_TREEROWS:OCCURRENCE:spiders:Pitfall:TW1:crtl:2023-06-13:1925"
"1926","TW1","crtl","Pachygnatha degeeri",2,"M","","Pitfall","Johan Van Keer","Ad",2,"Tetragnathidae","Araneae","spiders",50.952572,4.724937,2023-06-13,"DIGITAF_BIODIVERSITY_FLEMISH_TREEROWS:OCCURRENCE:spiders:Pitfall:TW1:crtl:2023-06-13:1926"
"1927","TW1","crtl","Lasius niger",1,"F","","Pitfall","Wouter Dekoninck","Ad",4,"Formicidae","Hymenoptera","ants",50.952572,4.724937,2023-06-13,"DIGITAF_BIODIVERSITY_FLEMISH_TREEROWS:OCCURRENCE:ants:Pitfall:TW1:crtl:2023-06-13:1927"
"1928","TW1","crtl","Harpalus tardus",2,"F","","Pitfall","Marc Vankerckvoorde","Ad",1,"Carabidae","Coleoptera","carabid beetles",50.952572,4.724937,2023-06-13,"DIGITAF_BIODIVERSITY_FLEMISH_TREEROWS:OCCURRENCE:carabid beetles:Pitfall:TW1:crtl:2023-06-13:1928"
"1929","TW1","crtl","Lasius fuliginosus",1,"F","","Pitfall","Wouter Dekoninck","Ad",5,"Formicidae","Hymenoptera","ants",50.952572,4.724937,2023-06-13,"DIGITAF_BIODIVERSITY_FLEMISH_TREEROWS:OCCURRENCE:ants:Pitfall:TW1:crtl:2023-06-13:1929"
"1930","TW1","crtl","Rugilus erichsonii",2,"","","Pitfall","Marc Vankerckvoorde","Ad",1,"Staphylinidae","Coleoptera","staphylinid beetles",50.952572,4.724937,2023-06-13,"DIGITAF_BIODIVERSITY_FLEMISH_TREEROWS:OCCURRENCE:staphylinid beetles:Pitfall:TW1:crtl:2023-06-13:1930"
"1931","TW1","crtl","Trachyzelotes pedestris",2,"M","","Pitfall","Johan Van Keer","Ad",1,"Gnaphosidae","Araneae","spiders",50.952572,4.724937,2023-06-13,"DIGITAF_BIODIVERSITY_FLEMISH_TREEROWS:OCCURRENCE:spiders:Pitfall:TW1:crtl:2023-06-13:1931"
"1932","TW1","crtl","Philoscia muscorum",1,"","","Pitfall","Pallieter De Smedt","Ad",2,"Philosciidae","Isopoda","woodlice",50.952572,4.724937,2023-06-13,"DIGITAF_BIODIVERSITY_FLEMISH_TREEROWS:OCCURRENCE:woodlice:Pitfall:TW1:crtl:2023-06-13:1932"
"1933","TW1","crtl","Gyrohypnus angustatus",2,"","","Pitfall","Marc Vankerckvoorde","Ad",1,"Staphylinidae","Coleoptera","staphylinid beetles",50.952572,4.724937,2023-06-13,"DIGITAF_BIODIVERSITY_FLEMISH_TREEROWS:OCCURRENCE:staphylinid beetles:Pitfall:TW1:crtl:2023-06-13:1933"
"1934","TW1","crtl","Lasius niger",2,"F","","Pitfall","Wouter Dekoninck","Ad",13,"Formicidae","Hymenoptera","ants",50.952572,4.724937,2023-06-13,"DIGITAF_BIODIVERSITY_FLEMISH_TREEROWS:OCCURRENCE:ants:Pitfall:TW1:crtl:2023-06-13:1934"
"1935","TW1","crtl","Oedothorax apicatus",1,"M","","Pitfall","Léon Baert","Ad",1,"Linyphiidae","Araneae","spiders",50.952572,4.724937,2023-06-13,"DIGITAF_BIODIVERSITY_FLEMISH_TREEROWS:OCCURRENCE:spiders:Pitfall:TW1:crtl:2023-06-13:1935"
"1936","TW1","crtl","Lamyctes emarginatus",2,"","","Pitfall","Koen Lock","Ad",1,"Henicopidae","Lithobiomorpha","centipedes",50.952572,4.724937,2023-06-13,"DIGITAF_BIODIVERSITY_FLEMISH_TREEROWS:OCCURRENCE:centipedes:Pitfall:TW1:crtl:2023-06-13:1936"
"1937","TW1","crtl","Polydesmus coriaceus",2,"F","","Pitfall","Pallieter De Smedt","Ad",2,"Polydesmidae","Polydesmida","millipedes",50.952572,4.724937,2023-06-13,"DIGITAF_BIODIVERSITY_FLEMISH_TREEROWS:OCCURRENCE:millipedes:Pitfall:TW1:crtl:2023-06-13:1937"
"1938","TW1","crtl","Cylindroiulus caeruleocinctus",1,"M","","Pitfall","Pallieter De Smedt","Ad",1,"Julidae","Julida","millipedes",50.952572,4.724937,2023-06-13,"DIGITAF_BIODIVERSITY_FLEMISH_TREEROWS:OCCURRENCE:millipedes:Pitfall:TW1:crtl:2023-06-13:1938"
"1939","TW1","crtl","Julus scandinavius",1,"M","","Pitfall","Pallieter De Smedt","Ad",2,"Julidae","Julida","millipedes",50.952572,4.724937,2023-06-13,"DIGITAF_BIODIVERSITY_FLEMISH_TREEROWS:OCCURRENCE:millipedes:Pitfall:TW1:crtl:2023-06-13:1939"
"1940","TW1","crtl","Cylindroiulus latestriatus/britannicus",2,"F","","Pitfall","Pallieter De Smedt","Ad",1,"Julidae","Julida","millipedes",50.952572,4.724937,2023-06-13,"DIGITAF_BIODIVERSITY_FLEMISH_TREEROWS:OCCURRENCE:millipedes:Pitfall:TW1:crtl:2023-06-13:1940"
"1941","TW1","crtl","Gyrohypnus angustatus",1,"","","Pitfall","Marc Vankerckvoorde","Ad",1,"Staphylinidae","Coleoptera","staphylinid beetles",50.952572,4.724937,2023-06-13,"DIGITAF_BIODIVERSITY_FLEMISH_TREEROWS:OCCURRENCE:staphylinid beetles:Pitfall:TW1:crtl:2023-06-13:1941"
"1942","TW1","crtl","Pardosa hortensis",1,"F","","Pitfall","Johan Van Keer","Ad",2,"Lycosidae","Araneae","spiders",50.952572,4.724937,2023-06-13,"DIGITAF_BIODIVERSITY_FLEMISH_TREEROWS:OCCURRENCE:spiders:Pitfall:TW1:crtl:2023-06-13:1942"
"1943","TW1","crtl","Rilaena triangularis",2,"F","","Pitfall","Pallieter De Smedt","Ad",2,"Phalangiidae","Opiliones","harvestmen",50.952572,4.724937,2023-06-13,"DIGITAF_BIODIVERSITY_FLEMISH_TREEROWS:OCCURRENCE:harvestmen:Pitfall:TW1:crtl:2023-06-13:1943"
"1944","TW1","crtl","Calathus fuscipes",2,"F","","Pitfall","Marc Vankerckvoorde","Ad",1,"Carabidae","Coleoptera","carabid beetles",50.952572,4.724937,2023-06-13,"DIGITAF_BIODIVERSITY_FLEMISH_TREEROWS:OCCURRENCE:carabid beetles:Pitfall:TW1:crtl:2023-06-13:1944"
"1945","TW1","crtl","Cylindroiulus caeruleocinctus",2,"M","","Pitfall","Pallieter De Smedt","Ad",4,"Julidae","Julida","millipedes",50.952572,4.724937,2023-06-13,"DIGITAF_BIODIVERSITY_FLEMISH_TREEROWS:OCCURRENCE:millipedes:Pitfall:TW1:crtl:2023-06-13:1945"
"1946","TW1","crtl","Trochosa ruricola",1,"F","","Pitfall","Johan Van Keer","Ad",1,"Lycosidae","Araneae","spiders",50.952572,4.724937,2023-06-13,"DIGITAF_BIODIVERSITY_FLEMISH_TREEROWS:OCCURRENCE:spiders:Pitfall:TW1:crtl:2023-06-13:1946"
"1947","TW1","crtl","Polydesmus inconstans",2,"M","","Pitfall","Pallieter De Smedt","Ad",1,"Polydesmidae","Polydesmida","millipedes",50.952572,4.724937,2023-06-13,"DIGITAF_BIODIVERSITY_FLEMISH_TREEROWS:OCCURRENCE:millipedes:Pitfall:TW1:crtl:2023-06-13:1947"
"1948","TW1","crtl","Agelena labyrinthica",1,"M","","Pitfall","Johan Van Keer","Ad",1,"Agelenidae","Araneae","spiders",50.952572,4.724937,2023-06-13,"DIGITAF_BIODIVERSITY_FLEMISH_TREEROWS:OCCURRENCE:spiders:Pitfall:TW1:crtl:2023-06-13:1948"
"1949","TW1","crtl","Lasius fuliginosus",1,"M","","Pitfall","Wouter Dekoninck","Ad",1,"Formicidae","Hymenoptera","ants",50.952572,4.724937,2023-06-13,"DIGITAF_BIODIVERSITY_FLEMISH_TREEROWS:OCCURRENCE:ants:Pitfall:TW1:crtl:2023-06-13:1949"
"1950","TW1","crtl","Zora spinimana",2,"M","","Pitfall","Johan Van Keer","Ad",1,"Miturgidae","Araneae","spiders",50.952572,4.724937,2023-06-13,"DIGITAF_BIODIVERSITY_FLEMISH_TREEROWS:OCCURRENCE:spiders:Pitfall:TW1:crtl:2023-06-13:1950"
"1951","TW1","crtl","Trochosa ruricola",2,"F","","Pitfall","Johan Van Keer","Ad",1,"Lycosidae","Araneae","spiders",50.952572,4.724937,2023-06-13,"DIGITAF_BIODIVERSITY_FLEMISH_TREEROWS:OCCURRENCE:spiders:Pitfall:TW1:crtl:2023-06-13:1951"
"1952","TW1","tree","Leptoiulus kervillei",1,"M","","Pitfall","Pallieter De Smedt","Ad",1,"Julidae","Julida","millipedes",50.953194,4.724807,2023-06-13,"DIGITAF_BIODIVERSITY_FLEMISH_TREEROWS:OCCURRENCE:millipedes:Pitfall:TW1:tree:2023-06-13:1952"
"1953","TW1","tree","Neriene clathrata",2,"F","","Pitfall","Johan Van Keer","Ad",1,"Linyphiidae","Araneae","spiders",50.953194,4.724807,2023-06-13,"DIGITAF_BIODIVERSITY_FLEMISH_TREEROWS:OCCURRENCE:spiders:Pitfall:TW1:tree:2023-06-13:1953"
"1954","TW1","tree","Badister lacertosus",1,"F","","Pitfall","Marc Vankerckvoorde","Ad",1,"Carabidae","Coleoptera","carabid beetles",50.953194,4.724807,2023-06-13,"DIGITAF_BIODIVERSITY_FLEMISH_TREEROWS:OCCURRENCE:carabid beetles:Pitfall:TW1:tree:2023-06-13:1954"
"1955","TW1","tree","Pterostichus strenuus",1,"F","","Pitfall","Marc Vankerckvoorde","Ad",7,"Carabidae","Coleoptera","carabid beetles",50.953194,4.724807,2023-06-13,"DIGITAF_BIODIVERSITY_FLEMISH_TREEROWS:OCCURRENCE:carabid beetles:Pitfall:TW1:tree:2023-06-13:1955"
"1956","TW1","tree","Xantholinus linearis",1,"","","Pitfall","Marc Vankerckvoorde","Ad",1,"Staphylinidae","Coleoptera","staphylinid beetles",50.953194,4.724807,2023-06-13,"DIGITAF_BIODIVERSITY_FLEMISH_TREEROWS:OCCURRENCE:staphylinid beetles:Pitfall:TW1:tree:2023-06-13:1956"
"1957","TW1","tree","Nebria brevicollis",1,"M","","Pitfall","Marc Vankerckvoorde","Ad",1,"Carabidae","Coleoptera","carabid beetles",50.953194,4.724807,2023-06-13,"DIGITAF_BIODIVERSITY_FLEMISH_TREEROWS:OCCURRENCE:carabid beetles:Pitfall:TW1:tree:2023-06-13:1957"
"1958","TW1","tree","Aleocharinae spec.",1,"","","Pitfall","Marc Vankerckvoorde","Ad",3,"Staphylinidae","Coleoptera","staphylinid beetles",50.953194,4.724807,2023-06-13,"DIGITAF_BIODIVERSITY_FLEMISH_TREEROWS:OCCURRENCE:staphylinid beetles:Pitfall:TW1:tree:2023-06-13:1958"
"1959","TW1","tree","Julus scandinavius",1,"M","","Pitfall","Pallieter De Smedt","Ad",1,"Julidae","Julida","millipedes",50.953194,4.724807,2023-06-13,"DIGITAF_BIODIVERSITY_FLEMISH_TREEROWS:OCCURRENCE:millipedes:Pitfall:TW1:tree:2023-06-13:1959"
"1960","TW1","tree","Lasius niger",2,"F","","Pitfall","Wouter Dekoninck","Ad",3,"Formicidae","Hymenoptera","ants",50.953194,4.724807,2023-06-13,"DIGITAF_BIODIVERSITY_FLEMISH_TREEROWS:OCCURRENCE:ants:Pitfall:TW1:tree:2023-06-13:1960"
"1961","TW1","tree","Brachyiulus pusillus",2,"M","","Pitfall","Pallieter De Smedt","Ad",1,"Julidae","Julida","millipedes",50.953194,4.724807,2023-06-13,"DIGITAF_BIODIVERSITY_FLEMISH_TREEROWS:OCCURRENCE:millipedes:Pitfall:TW1:tree:2023-06-13:1961"
"1962","TW1","tree","Lasius brunneus",2,"F","","Pitfall","Wouter Dekoninck","Ad",1,"Formicidae","Hymenoptera","ants",50.953194,4.724807,2023-06-13,"DIGITAF_BIODIVERSITY_FLEMISH_TREEROWS:OCCURRENCE:ants:Pitfall:TW1:tree:2023-06-13:1962"
"1963","TW1","tree","Nebria brevicollis",1,"F","","Pitfall","Marc Vankerckvoorde","Ad",4,"Carabidae","Coleoptera","carabid beetles",50.953194,4.724807,2023-06-13,"DIGITAF_BIODIVERSITY_FLEMISH_TREEROWS:OCCURRENCE:carabid beetles:Pitfall:TW1:tree:2023-06-13:1963"
"1964","TW1","tree","Diplostyla concolor",1,"M","","Pitfall","Johan Van Keer","Ad",1,"Linyphiidae","Araneae","spiders",50.953194,4.724807,2023-06-13,"DIGITAF_BIODIVERSITY_FLEMISH_TREEROWS:OCCURRENCE:spiders:Pitfall:TW1:tree:2023-06-13:1964"
"1965","TW1","tree","Pterostichus melanarius",1,"M","","Pitfall","Marc Vankerckvoorde","Ad",1,"Carabidae","Coleoptera","carabid beetles",50.953194,4.724807,2023-06-13,"DIGITAF_BIODIVERSITY_FLEMISH_TREEROWS:OCCURRENCE:carabid beetles:Pitfall:TW1:tree:2023-06-13:1965"
"1966","TW1","tree","Cylindroiulus truncorum",2,"M","","Pitfall","Pallieter De Smedt","Ad",1,"Julidae","Julida","millipedes",50.953194,4.724807,2023-06-13,"DIGITAF_BIODIVERSITY_FLEMISH_TREEROWS:OCCURRENCE:millipedes:Pitfall:TW1:tree:2023-06-13:1966"
"1967","TW1","tree","Ozyptila praticola",2,"M","","Pitfall","Johan Van Keer","Ad",1,"Thomisidae","Araneae","spiders",50.953194,4.724807,2023-06-13,"DIGITAF_BIODIVERSITY_FLEMISH_TREEROWS:OCCURRENCE:spiders:Pitfall:TW1:tree:2023-06-13:1967"
"1968","TW1","tree","Lasius brunneus",1,"F","","Pitfall","Wouter Dekoninck","Ad",1,"Formicidae","Hymenoptera","ants",50.953194,4.724807,2023-06-13,"DIGITAF_BIODIVERSITY_FLEMISH_TREEROWS:OCCURRENCE:ants:Pitfall:TW1:tree:2023-06-13:1968"
"1969","TW1","tree","Pardosa lugubris",1,"F","","Pitfall","Johan Van Keer","Ad",1,"Lycosidae","Araneae","spiders",50.953194,4.724807,2023-06-13,"DIGITAF_BIODIVERSITY_FLEMISH_TREEROWS:OCCURRENCE:spiders:Pitfall:TW1:tree:2023-06-13:1969"
"1970","TW1","tree","Porcellio scaber",1,"","","Pitfall","Pallieter De Smedt","Ad",54,"Porcellionidae","Isopoda","woodlice",50.953194,4.724807,2023-06-13,"DIGITAF_BIODIVERSITY_FLEMISH_TREEROWS:OCCURRENCE:woodlice:Pitfall:TW1:tree:2023-06-13:1970"
"1971","TW1","tree","Pardosa prativaga",1,"F","","Pitfall","Johan Van Keer","Ad",2,"Lycosidae","Araneae","spiders",50.953194,4.724807,2023-06-13,"DIGITAF_BIODIVERSITY_FLEMISH_TREEROWS:OCCURRENCE:spiders:Pitfall:TW1:tree:2023-06-13:1971"
"1972","TW1","tree","Philonthus decorus",2,"","","Pitfall","Marc Vankerckvoorde","Ad",1,"Staphylinidae","Coleoptera","staphylinid beetles",50.953194,4.724807,2023-06-13,"DIGITAF_BIODIVERSITY_FLEMISH_TREEROWS:OCCURRENCE:staphylinid beetles:Pitfall:TW1:tree:2023-06-13:1972"
"1973","TW1","tree","Lasius niger",1,"F","","Pitfall","Wouter Dekoninck","Ad",2,"Formicidae","Hymenoptera","ants",50.953194,4.724807,2023-06-13,"DIGITAF_BIODIVERSITY_FLEMISH_TREEROWS:OCCURRENCE:ants:Pitfall:TW1:tree:2023-06-13:1973"
"1974","TW1","tree","Omalium italicum",1,"","","Pitfall","Marc Vankerckvoorde","Ad",1,"Staphylinidae","Coleoptera","staphylinid beetles",50.953194,4.724807,2023-06-13,"DIGITAF_BIODIVERSITY_FLEMISH_TREEROWS:OCCURRENCE:staphylinid beetles:Pitfall:TW1:tree:2023-06-13:1974"
"1975","TW1","tree","Notiophilus palustris",2,"F","","Pitfall","Marc Vankerckvoorde","Ad",1,"Carabidae","Coleoptera","carabid beetles",50.953194,4.724807,2023-06-13,"DIGITAF_BIODIVERSITY_FLEMISH_TREEROWS:OCCURRENCE:carabid beetles:Pitfall:TW1:tree:2023-06-13:1975"
"1976","TW1","tree","Bembidion tetracolum",1,"F","","Pitfall","Marc Vankerckvoorde","Ad",3,"Carabidae","Coleoptera","carabid beetles",50.953194,4.724807,2023-06-13,"DIGITAF_BIODIVERSITY_FLEMISH_TREEROWS:OCCURRENCE:carabid beetles:Pitfall:TW1:tree:2023-06-13:1976"
"1977","TW1","tree","Poecilus versicolor",1,"M","","Pitfall","Marc Vankerckvoorde","Ad",2,"Carabidae","Coleoptera","carabid beetles",50.953194,4.724807,2023-06-13,"DIGITAF_BIODIVERSITY_FLEMISH_TREEROWS:OCCURRENCE:carabid beetles:Pitfall:TW1:tree:2023-06-13:1977"
"1978","TW1","tree","Porcellio scaber",2,"","","Pitfall","Pallieter De Smedt","Ad",45,"Porcellionidae","Isopoda","woodlice",50.953194,4.724807,2023-06-13,"DIGITAF_BIODIVERSITY_FLEMISH_TREEROWS:OCCURRENCE:woodlice:Pitfall:TW1:tree:2023-06-13:1978"
"1979","TW1","tree","Philonthus decorus",1,"","","Pitfall","Marc Vankerckvoorde","Ad",2,"Staphylinidae","Coleoptera","staphylinid beetles",50.953194,4.724807,2023-06-13,"DIGITAF_BIODIVERSITY_FLEMISH_TREEROWS:OCCURRENCE:staphylinid beetles:Pitfall:TW1:tree:2023-06-13:1979"
"1980","TW1","tree","Cylindroiulus caeruleocinctus",1,"M","","Pitfall","Pallieter De Smedt","Ad",7,"Julidae","Julida","millipedes",50.953194,4.724807,2023-06-13,"DIGITAF_BIODIVERSITY_FLEMISH_TREEROWS:OCCURRENCE:millipedes:Pitfall:TW1:tree:2023-06-13:1980"
"1981","TW1","tree","Pardosa hortensis",1,"F","","Pitfall","Johan Van Keer","Ad",1,"Lycosidae","Araneae","spiders",50.953194,4.724807,2023-06-13,"DIGITAF_BIODIVERSITY_FLEMISH_TREEROWS:OCCURRENCE:spiders:Pitfall:TW1:tree:2023-06-13:1981"
"1982","TW1","tree","Trechus obtusus",2,"M","","Pitfall","Marc Vankerckvoorde","Ad",1,"Carabidae","Coleoptera","carabid beetles",50.953194,4.724807,2023-06-13,"DIGITAF_BIODIVERSITY_FLEMISH_TREEROWS:OCCURRENCE:carabid beetles:Pitfall:TW1:tree:2023-06-13:1982"
"1983","TW1","tree","Julidae indet.",2,"","","Pitfall","Pallieter De Smedt","Juv",1,"Julidae","Julida","millipedes",50.953194,4.724807,2023-06-13,"DIGITAF_BIODIVERSITY_FLEMISH_TREEROWS:OCCURRENCE:millipedes:Pitfall:TW1:tree:2023-06-13:1983"
"1984","TW1","tree","Notiophilus rufipes",2,"M","","Pitfall","Marc Vankerckvoorde","Ad",2,"Carabidae","Coleoptera","carabid beetles",50.953194,4.724807,2023-06-13,"DIGITAF_BIODIVERSITY_FLEMISH_TREEROWS:OCCURRENCE:carabid beetles:Pitfall:TW1:tree:2023-06-13:1984"
"1985","TW1","tree","Erigone dentipalpis",2,"M","","Pitfall","Johan Van Keer","Ad",1,"Linyphiidae","Araneae","spiders",50.953194,4.724807,2023-06-13,"DIGITAF_BIODIVERSITY_FLEMISH_TREEROWS:OCCURRENCE:spiders:Pitfall:TW1:tree:2023-06-13:1985"
"1986","TW1","tree","Eratigena picta",2,"M","","Pitfall","Johan Van Keer","Ad",1,"Agelenidae","Araneae","spiders",50.953194,4.724807,2023-06-13,"DIGITAF_BIODIVERSITY_FLEMISH_TREEROWS:OCCURRENCE:spiders:Pitfall:TW1:tree:2023-06-13:1986"
"1987","TW1","tree","Drusilla canaliculata",1,"","","Pitfall","Marc Vankerckvoorde","Ad",1,"Staphylinidae","Coleoptera","staphylinid beetles",50.953194,4.724807,2023-06-13,"DIGITAF_BIODIVERSITY_FLEMISH_TREEROWS:OCCURRENCE:staphylinid beetles:Pitfall:TW1:tree:2023-06-13:1987"
"1988","TW1","tree","Pardosa prativaga",2,"F","","Pitfall","Johan Van Keer","Ad",1,"Lycosidae","Araneae","spiders",50.953194,4.724807,2023-06-13,"DIGITAF_BIODIVERSITY_FLEMISH_TREEROWS:OCCURRENCE:spiders:Pitfall:TW1:tree:2023-06-13:1988"
"1989","TW1","tree","Lamyctes emarginatus",2,"","","Pitfall","Koen Lock","Ad",1,"Henicopidae","Lithobiomorpha","centipedes",50.953194,4.724807,2023-06-13,"DIGITAF_BIODIVERSITY_FLEMISH_TREEROWS:OCCURRENCE:centipedes:Pitfall:TW1:tree:2023-06-13:1989"
"1990","TW1","tree","Asaphidion curtum",1,"M","","Pitfall","Marc Vankerckvoorde","Ad",2,"Carabidae","Coleoptera","carabid beetles",50.953194,4.724807,2023-06-13,"DIGITAF_BIODIVERSITY_FLEMISH_TREEROWS:OCCURRENCE:carabid beetles:Pitfall:TW1:tree:2023-06-13:1990"
"1991","TW1","tree","Pardosa lugubris",2,"F","","Pitfall","Johan Van Keer","Ad",1,"Lycosidae","Araneae","spiders",50.953194,4.724807,2023-06-13,"DIGITAF_BIODIVERSITY_FLEMISH_TREEROWS:OCCURRENCE:spiders:Pitfall:TW1:tree:2023-06-13:1991"
"1992","TW1","tree","Anotylus sculpturatus",1,"","","Pitfall","Marc Vankerckvoorde","Ad",3,"Staphylinidae","Coleoptera","staphylinid beetles",50.953194,4.724807,2023-06-13,"DIGITAF_BIODIVERSITY_FLEMISH_TREEROWS:OCCURRENCE:staphylinid beetles:Pitfall:TW1:tree:2023-06-13:1992"
"1993","TW1","tree","Brachyiulus pusillus",2,"F","","Pitfall","Pallieter De Smedt","Ad",2,"Julidae","Julida","millipedes",50.953194,4.724807,2023-06-13,"DIGITAF_BIODIVERSITY_FLEMISH_TREEROWS:OCCURRENCE:millipedes:Pitfall:TW1:tree:2023-06-13:1993"
"1994","TW1","tree","Trachyzelotes pedestris",1,"M","","Pitfall","Johan Van Keer","Ad",1,"Gnaphosidae","Araneae","spiders",50.953194,4.724807,2023-06-13,"DIGITAF_BIODIVERSITY_FLEMISH_TREEROWS:OCCURRENCE:spiders:Pitfall:TW1:tree:2023-06-13:1994"
"1995","TW1","tree","Trochosa ruricola",2,"M","","Pitfall","Johan Van Keer","Ad",1,"Lycosidae","Araneae","spiders",50.953194,4.724807,2023-06-13,"DIGITAF_BIODIVERSITY_FLEMISH_TREEROWS:OCCURRENCE:spiders:Pitfall:TW1:tree:2023-06-13:1995"
"1996","TW1","tree","Pterostichus strenuus",2,"M","","Pitfall","Marc Vankerckvoorde","Ad",1,"Carabidae","Coleoptera","carabid beetles",50.953194,4.724807,2023-06-13,"DIGITAF_BIODIVERSITY_FLEMISH_TREEROWS:OCCURRENCE:carabid beetles:Pitfall:TW1:tree:2023-06-13:1996"
"1997","TW1","tree","Philoscia muscorum",2,"","","Pitfall","Pallieter De Smedt","Ad",3,"Philosciidae","Isopoda","woodlice",50.953194,4.724807,2023-06-13,"DIGITAF_BIODIVERSITY_FLEMISH_TREEROWS:OCCURRENCE:woodlice:Pitfall:TW1:tree:2023-06-13:1997"
"1998","TW1","tree","Julidae indet.",1,"F","","Pitfall","Pallieter De Smedt","Ad",1,"Julidae","Julida","millipedes",50.953194,4.724807,2023-06-13,"DIGITAF_BIODIVERSITY_FLEMISH_TREEROWS:OCCURRENCE:millipedes:Pitfall:TW1:tree:2023-06-13:1998"
"1999","TW1","tree","Aleochara spec.",1,"","","Pitfall","Marc Vankerckvoorde","Ad",3,"Staphylinidae","Coleoptera","staphylinid beetles",50.953194,4.724807,2023-06-13,"DIGITAF_BIODIVERSITY_FLEMISH_TREEROWS:OCCURRENCE:staphylinid beetles:Pitfall:TW1:tree:2023-06-13:1999"
"2000","TW1","tree","Poecilus versicolor",2,"M","","Pitfall","Marc Vankerckvoorde","Ad",1,"Carabidae","Coleoptera","carabid beetles",50.953194,4.724807,2023-06-13,"DIGITAF_BIODIVERSITY_FLEMISH_TREEROWS:OCCURRENCE:carabid beetles:Pitfall:TW1:tree:2023-06-13:2000"
"2001","TW1","tree","Lasius fuliginosus",1,"F","","Pitfall","Wouter Dekoninck","Ad",3,"Formicidae","Hymenoptera","ants",50.953194,4.724807,2023-06-13,"DIGITAF_BIODIVERSITY_FLEMISH_TREEROWS:OCCURRENCE:ants:Pitfall:TW1:tree:2023-06-13:2001"
"2002","TW1","tree","Tenuiphantes tenuis",2,"F","","Pitfall","Johan Van Keer","Ad",1,"Linyphiidae","Araneae","spiders",50.953194,4.724807,2023-06-13,"DIGITAF_BIODIVERSITY_FLEMISH_TREEROWS:OCCURRENCE:spiders:Pitfall:TW1:tree:2023-06-13:2002"
"2003","TW1","tree","Trachyzelotes pedestris",2,"F","","Pitfall","Johan Van Keer","Ad",1,"Gnaphosidae","Araneae","spiders",50.953194,4.724807,2023-06-13,"DIGITAF_BIODIVERSITY_FLEMISH_TREEROWS:OCCURRENCE:spiders:Pitfall:TW1:tree:2023-06-13:2003"
"2004","TW1","tree","Pterostichus strenuus",2,"F","","Pitfall","Marc Vankerckvoorde","Ad",1,"Carabidae","Coleoptera","carabid beetles",50.953194,4.724807,2023-06-13,"DIGITAF_BIODIVERSITY_FLEMISH_TREEROWS:OCCURRENCE:carabid beetles:Pitfall:TW1:tree:2023-06-13:2004"
"2005","TW1","tree","Aleocharinae spec.",2,"","","Pitfall","Marc Vankerckvoorde","Ad",1,"Staphylinidae","Coleoptera","staphylinid beetles",50.953194,4.724807,2023-06-13,"DIGITAF_BIODIVERSITY_FLEMISH_TREEROWS:OCCURRENCE:staphylinid beetles:Pitfall:TW1:tree:2023-06-13:2005"
"2006","TW1","tree","Philoscia muscorum",1,"","","Pitfall","Pallieter De Smedt","Ad",1,"Philosciidae","Isopoda","woodlice",50.953194,4.724807,2023-06-13,"DIGITAF_BIODIVERSITY_FLEMISH_TREEROWS:OCCURRENCE:woodlice:Pitfall:TW1:tree:2023-06-13:2006"
"2007","TW1","tree","Julidae indet.",2,"F","","Pitfall","Pallieter De Smedt","Ad",1,"Julidae","Julida","millipedes",50.953194,4.724807,2023-06-13,"DIGITAF_BIODIVERSITY_FLEMISH_TREEROWS:OCCURRENCE:millipedes:Pitfall:TW1:tree:2023-06-13:2007"
"2008","TW1","tree","Asaphidion curtum",1,"F","","Pitfall","Marc Vankerckvoorde","Ad",1,"Carabidae","Coleoptera","carabid beetles",50.953194,4.724807,2023-06-13,"DIGITAF_BIODIVERSITY_FLEMISH_TREEROWS:OCCURRENCE:carabid beetles:Pitfall:TW1:tree:2023-06-13:2008"
"2009","TW1","tree","Cylindroiulus caeruleocinctus",1,"","","Pitfall","Pallieter De Smedt","Ad",1,"Julidae","Julida","millipedes",50.953194,4.724807,2023-06-13,"DIGITAF_BIODIVERSITY_FLEMISH_TREEROWS:OCCURRENCE:millipedes:Pitfall:TW1:tree:2023-06-13:2009"
"2010","TW1","tree","Stenus impressus",2,"","","Pitfall","Marc Vankerckvoorde","Ad",1,"Staphylinidae","Coleoptera","staphylinid beetles",50.953194,4.724807,2023-06-13,"DIGITAF_BIODIVERSITY_FLEMISH_TREEROWS:OCCURRENCE:staphylinid beetles:Pitfall:TW1:tree:2023-06-13:2010"
"2011","TW1","tree","Harpalus tardus",2,"F","","Pitfall","Marc Vankerckvoorde","Ad",1,"Carabidae","Coleoptera","carabid beetles",50.953194,4.724807,2023-06-13,"DIGITAF_BIODIVERSITY_FLEMISH_TREEROWS:OCCURRENCE:carabid beetles:Pitfall:TW1:tree:2023-06-13:2011"
"2012","TW1","tree","Trachyzelotes pedestris",2,"M","","Pitfall","Johan Van Keer","Ad",2,"Gnaphosidae","Araneae","spiders",50.953194,4.724807,2023-06-13,"DIGITAF_BIODIVERSITY_FLEMISH_TREEROWS:OCCURRENCE:spiders:Pitfall:TW1:tree:2023-06-13:2012"
"2013","TW1","tree","Polydesmus coriaceus",2,"F","","Pitfall","Pallieter De Smedt","Ad",2,"Polydesmidae","Polydesmida","millipedes",50.953194,4.724807,2023-06-13,"DIGITAF_BIODIVERSITY_FLEMISH_TREEROWS:OCCURRENCE:millipedes:Pitfall:TW1:tree:2023-06-13:2013"
"2014","TW1","tree","Lasius fuliginosus",2,"F","","Pitfall","Wouter Dekoninck","Ad",2,"Formicidae","Hymenoptera","ants",50.953194,4.724807,2023-06-13,"DIGITAF_BIODIVERSITY_FLEMISH_TREEROWS:OCCURRENCE:ants:Pitfall:TW1:tree:2023-06-13:2014"
"2015","TW1","tree","Myrmica rubra",2,"F","","Pitfall","Wouter Dekoninck","Ad",2,"Formicidae","Hymenoptera","ants",50.953194,4.724807,2023-06-13,"DIGITAF_BIODIVERSITY_FLEMISH_TREEROWS:OCCURRENCE:ants:Pitfall:TW1:tree:2023-06-13:2015"
"2016","TW2","crtl","Pterostichus melanarius",2,"M","","Pitfall","Marc Vankerckvoorde","Ad",1,"Carabidae","Coleoptera","carabid beetles",50.93,4.91899,2023-06-13,"DIGITAF_BIODIVERSITY_FLEMISH_TREEROWS:OCCURRENCE:carabid beetles:Pitfall:TW2:crtl:2023-06-13:2016"
"2017","TW2","crtl","Polydesmus coriaceus",2,"F","","Pitfall","Pallieter De Smedt","Ad",1,"Polydesmidae","Polydesmida","millipedes",50.93,4.91899,2023-06-13,"DIGITAF_BIODIVERSITY_FLEMISH_TREEROWS:OCCURRENCE:millipedes:Pitfall:TW2:crtl:2023-06-13:2017"
"2018","TW2","crtl","Pterostichus melanarius",2,"F","","Pitfall","Marc Vankerckvoorde","Ad",1,"Carabidae","Coleoptera","carabid beetles",50.93,4.91899,2023-06-13,"DIGITAF_BIODIVERSITY_FLEMISH_TREEROWS:OCCURRENCE:carabid beetles:Pitfall:TW2:crtl:2023-06-13:2018"
"2019","TW2","crtl","Tachyporus hypnorum",1,"","","Pitfall","Marc Vankerckvoorde","Ad",1,"Staphylinidae","Coleoptera","staphylinid beetles",50.93,4.91899,2023-06-13,"DIGITAF_BIODIVERSITY_FLEMISH_TREEROWS:OCCURRENCE:staphylinid beetles:Pitfall:TW2:crtl:2023-06-13:2019"
"2020","TW2","crtl","Calathus fuscipes",1,"F","","Pitfall","Marc Vankerckvoorde","Ad",1,"Carabidae","Coleoptera","carabid beetles",50.93,4.91899,2023-06-13,"DIGITAF_BIODIVERSITY_FLEMISH_TREEROWS:OCCURRENCE:carabid beetles:Pitfall:TW2:crtl:2023-06-13:2020"
"2021","TW2","crtl","Lasius fuliginosus",2,"F","","Pitfall","Wouter Dekoninck","Ad",1,"Formicidae","Hymenoptera","ants",50.93,4.91899,2023-06-13,"DIGITAF_BIODIVERSITY_FLEMISH_TREEROWS:OCCURRENCE:ants:Pitfall:TW2:crtl:2023-06-13:2021"
"2022","TW2","crtl","Anotylus insecatus",1,"","","Pitfall","Marc Vankerckvoorde","Ad",1,"Staphylinidae","Coleoptera","staphylinid beetles",50.93,4.91899,2023-06-13,"DIGITAF_BIODIVERSITY_FLEMISH_TREEROWS:OCCURRENCE:staphylinid beetles:Pitfall:TW2:crtl:2023-06-13:2022"
"2023","TW2","crtl","Philoscia muscorum",2,"","","Pitfall","Pallieter De Smedt","Ad",7,"Philosciidae","Isopoda","woodlice",50.93,4.91899,2023-06-13,"DIGITAF_BIODIVERSITY_FLEMISH_TREEROWS:OCCURRENCE:woodlice:Pitfall:TW2:crtl:2023-06-13:2023"
"2024","TW2","crtl","Aleocharinae spec.",1,"","","Pitfall","Marc Vankerckvoorde","Ad",2,"Staphylinidae","Coleoptera","staphylinid beetles",50.93,4.91899,2023-06-13,"DIGITAF_BIODIVERSITY_FLEMISH_TREEROWS:OCCURRENCE:staphylinid beetles:Pitfall:TW2:crtl:2023-06-13:2024"
"2025","TW2","crtl","Pterostichus melanarius",1,"F","","Pitfall","Marc Vankerckvoorde","Ad",2,"Carabidae","Coleoptera","carabid beetles",50.93,4.91899,2023-06-13,"DIGITAF_BIODIVERSITY_FLEMISH_TREEROWS:OCCURRENCE:carabid beetles:Pitfall:TW2:crtl:2023-06-13:2025"
"2026","TW2","crtl","Harpalus affinis",2,"F","","Pitfall","Marc Vankerckvoorde","Ad",1,"Carabidae","Coleoptera","carabid beetles",50.93,4.91899,2023-06-13,"DIGITAF_BIODIVERSITY_FLEMISH_TREEROWS:OCCURRENCE:carabid beetles:Pitfall:TW2:crtl:2023-06-13:2026"
"2027","TW2","crtl","Lasius niger",2,"F","","Pitfall","Wouter Dekoninck","Ad",7,"Formicidae","Hymenoptera","ants",50.93,4.91899,2023-06-13,"DIGITAF_BIODIVERSITY_FLEMISH_TREEROWS:OCCURRENCE:ants:Pitfall:TW2:crtl:2023-06-13:2027"
"2028","TW2","crtl","Quedius semiobscurus",1,"M","","Pitfall","Marc Vankerckvoorde","Ad",1,"Staphylinidae","Coleoptera","staphylinid beetles",50.93,4.91899,2023-06-13,"DIGITAF_BIODIVERSITY_FLEMISH_TREEROWS:OCCURRENCE:staphylinid beetles:Pitfall:TW2:crtl:2023-06-13:2028"
"2029","TW2","crtl","Zelotes subterraneus",1,"M","","Pitfall","Johan Van Keer","Ad",3,"Gnaphosidae","Araneae","spiders",50.93,4.91899,2023-06-13,"DIGITAF_BIODIVERSITY_FLEMISH_TREEROWS:OCCURRENCE:spiders:Pitfall:TW2:crtl:2023-06-13:2029"
"2030","TW2","crtl","Lasius niger",1,"F","","Pitfall","Wouter Dekoninck","Ad",4,"Formicidae","Hymenoptera","ants",50.93,4.91899,2023-06-13,"DIGITAF_BIODIVERSITY_FLEMISH_TREEROWS:OCCURRENCE:ants:Pitfall:TW2:crtl:2023-06-13:2030"
"2031","TW2","crtl","Trochosa ruricola",1,"F","","Pitfall","Johan Van Keer","Ad",1,"Lycosidae","Araneae","spiders",50.93,4.91899,2023-06-13,"DIGITAF_BIODIVERSITY_FLEMISH_TREEROWS:OCCURRENCE:spiders:Pitfall:TW2:crtl:2023-06-13:2031"
"2032","TW2","crtl","Tachyporus hypnorum",2,"","","Pitfall","Marc Vankerckvoorde","Ad",1,"Staphylinidae","Coleoptera","staphylinid beetles",50.93,4.91899,2023-06-13,"DIGITAF_BIODIVERSITY_FLEMISH_TREEROWS:OCCURRENCE:staphylinid beetles:Pitfall:TW2:crtl:2023-06-13:2032"
"2033","TW2","crtl","Harpalus affinis",2,"M","","Pitfall","Marc Vankerckvoorde","Ad",1,"Carabidae","Coleoptera","carabid beetles",50.93,4.91899,2023-06-13,"DIGITAF_BIODIVERSITY_FLEMISH_TREEROWS:OCCURRENCE:carabid beetles:Pitfall:TW2:crtl:2023-06-13:2033"
"2034","TW2","crtl","Trochosa terricola",2,"F","","Pitfall","Johan Van Keer","Ad",1,"Lycosidae","Araneae","spiders",50.93,4.91899,2023-06-13,"DIGITAF_BIODIVERSITY_FLEMISH_TREEROWS:OCCURRENCE:spiders:Pitfall:TW2:crtl:2023-06-13:2034"
"2035","TW2","crtl","Myrmica scabrinodis",2,"F","","Pitfall","Wouter Dekoninck","Ad",16,"Formicidae","Hymenoptera","ants",50.93,4.91899,2023-06-13,"DIGITAF_BIODIVERSITY_FLEMISH_TREEROWS:OCCURRENCE:ants:Pitfall:TW2:crtl:2023-06-13:2035"
"2036","TW2","crtl","Armadillidium vulgare",1,"","","Pitfall","Pallieter De Smedt","Ad",5,"Armadillidiidae","Isopoda","woodlice",50.93,4.91899,2023-06-13,"DIGITAF_BIODIVERSITY_FLEMISH_TREEROWS:OCCURRENCE:woodlice:Pitfall:TW2:crtl:2023-06-13:2036"
"2037","TW2","crtl","Drassyllus pusillus",1,"M","","Pitfall","Johan Van Keer","Ad",1,"Gnaphosidae","Araneae","spiders",50.93,4.91899,2023-06-13,"DIGITAF_BIODIVERSITY_FLEMISH_TREEROWS:OCCURRENCE:spiders:Pitfall:TW2:crtl:2023-06-13:2037"
"2038","TW2","crtl","Pardosa saltans",1,"F","","Pitfall","Johan Van Keer","Ad",1,"Lycosidae","Araneae","spiders",50.93,4.91899,2023-06-13,"DIGITAF_BIODIVERSITY_FLEMISH_TREEROWS:OCCURRENCE:spiders:Pitfall:TW2:crtl:2023-06-13:2038"
"2039","TW2","crtl","Harpalus distinguendus",2,"M","","Pitfall","Marc Vankerckvoorde","Ad",1,"Carabidae","Coleoptera","carabid beetles",50.93,4.91899,2023-06-13,"DIGITAF_BIODIVERSITY_FLEMISH_TREEROWS:OCCURRENCE:carabid beetles:Pitfall:TW2:crtl:2023-06-13:2039"
"2040","TW2","crtl","Pardosa saltans",2,"F","","Pitfall","Johan Van Keer","Ad",1,"Lycosidae","Araneae","spiders",50.93,4.91899,2023-06-13,"DIGITAF_BIODIVERSITY_FLEMISH_TREEROWS:OCCURRENCE:spiders:Pitfall:TW2:crtl:2023-06-13:2040"
"2041","TW2","crtl","Philoscia muscorum",1,"","","Pitfall","Pallieter De Smedt","Ad",8,"Philosciidae","Isopoda","woodlice",50.93,4.91899,2023-06-13,"DIGITAF_BIODIVERSITY_FLEMISH_TREEROWS:OCCURRENCE:woodlice:Pitfall:TW2:crtl:2023-06-13:2041"
"2042","TW2","crtl","Calathus fuscipes",2,"M","","Pitfall","Marc Vankerckvoorde","Ad",2,"Carabidae","Coleoptera","carabid beetles",50.93,4.91899,2023-06-13,"DIGITAF_BIODIVERSITY_FLEMISH_TREEROWS:OCCURRENCE:carabid beetles:Pitfall:TW2:crtl:2023-06-13:2042"
"2043","TW2","crtl","Poecilus versicolor",1,"F","","Pitfall","Marc Vankerckvoorde","Ad",1,"Carabidae","Coleoptera","carabid beetles",50.93,4.91899,2023-06-13,"DIGITAF_BIODIVERSITY_FLEMISH_TREEROWS:OCCURRENCE:carabid beetles:Pitfall:TW2:crtl:2023-06-13:2043"
"2044","TW2","crtl","Trachyzelotes pedestris",1,"M","","Pitfall","Léon Baert","Ad",1,"Gnaphosidae","Araneae","spiders",50.93,4.91899,2023-06-13,"DIGITAF_BIODIVERSITY_FLEMISH_TREEROWS:OCCURRENCE:spiders:Pitfall:TW2:crtl:2023-06-13:2044"
"2045","TW2","crtl","Trachyzelotes pedestris",1,"F","","Pitfall","Johan Van Keer","Ad",1,"Gnaphosidae","Araneae","spiders",50.93,4.91899,2023-06-13,"DIGITAF_BIODIVERSITY_FLEMISH_TREEROWS:OCCURRENCE:spiders:Pitfall:TW2:crtl:2023-06-13:2045"
"2046","TW2","crtl","Oniscus asellus",2,"","","Pitfall","Pallieter De Smedt","Ad",2,"Oniscidae","Isopoda","woodlice",50.93,4.91899,2023-06-13,"DIGITAF_BIODIVERSITY_FLEMISH_TREEROWS:OCCURRENCE:woodlice:Pitfall:TW2:crtl:2023-06-13:2046"
"2047","TW2","crtl","Formica cunicularia",1,"F","","Pitfall","Wouter Dekoninck","Ad",1,"Formicidae","Hymenoptera","ants",50.93,4.91899,2023-06-13,"DIGITAF_BIODIVERSITY_FLEMISH_TREEROWS:OCCURRENCE:ants:Pitfall:TW2:crtl:2023-06-13:2047"
"2048","TW2","crtl","Amara similata",1,"F","","Pitfall","Marc Vankerckvoorde","Ad",1,"Carabidae","Coleoptera","carabid beetles",50.93,4.91899,2023-06-13,"DIGITAF_BIODIVERSITY_FLEMISH_TREEROWS:OCCURRENCE:carabid beetles:Pitfall:TW2:crtl:2023-06-13:2048"
"2049","TW2","crtl","Bembidion lampros",1,"","","Pitfall","Marc Vankerckvoorde","Ad",1,"Carabidae","Coleoptera","carabid beetles",50.93,4.91899,2023-06-13,"DIGITAF_BIODIVERSITY_FLEMISH_TREEROWS:OCCURRENCE:carabid beetles:Pitfall:TW2:crtl:2023-06-13:2049"
"2050","TW2","crtl","Anotylus insecatus",2,"","","Pitfall","Marc Vankerckvoorde","Ad",5,"Staphylinidae","Coleoptera","staphylinid beetles",50.93,4.91899,2023-06-13,"DIGITAF_BIODIVERSITY_FLEMISH_TREEROWS:OCCURRENCE:staphylinid beetles:Pitfall:TW2:crtl:2023-06-13:2050"
"2051","TW2","crtl","Lasius platythorax",1,"F","","Pitfall","Wouter Dekoninck","Ad",5,"Formicidae","Hymenoptera","ants",50.93,4.91899,2023-06-13,"DIGITAF_BIODIVERSITY_FLEMISH_TREEROWS:OCCURRENCE:ants:Pitfall:TW2:crtl:2023-06-13:2051"
"2052","TW2","crtl","Porcellio scaber",1,"","","Pitfall","Pallieter De Smedt","Ad",1,"Porcellionidae","Isopoda","woodlice",50.93,4.91899,2023-06-13,"DIGITAF_BIODIVERSITY_FLEMISH_TREEROWS:OCCURRENCE:woodlice:Pitfall:TW2:crtl:2023-06-13:2052"
"2053","TW2","crtl","Phrurolithus festivus",2,"M","","Pitfall","Johan Van Keer","Ad",1,"Phrurolithidae","Araneae","spiders",50.93,4.91899,2023-06-13,"DIGITAF_BIODIVERSITY_FLEMISH_TREEROWS:OCCURRENCE:spiders:Pitfall:TW2:crtl:2023-06-13:2053"
"2054","TW2","crtl","Trachyzelotes pedestris",1,"M","","Pitfall","Johan Van Keer","Ad",4,"Gnaphosidae","Araneae","spiders",50.93,4.91899,2023-06-13,"DIGITAF_BIODIVERSITY_FLEMISH_TREEROWS:OCCURRENCE:spiders:Pitfall:TW2:crtl:2023-06-13:2054"
"2055","TW2","crtl","Trachyzelotes pedestris",2,"M","","Pitfall","Johan Van Keer","Ad",3,"Gnaphosidae","Araneae","spiders",50.93,4.91899,2023-06-13,"DIGITAF_BIODIVERSITY_FLEMISH_TREEROWS:OCCURRENCE:spiders:Pitfall:TW2:crtl:2023-06-13:2055"
"2056","TW2","crtl","Stenus ossium",2,"","","Pitfall","Marc Vankerckvoorde","Ad",2,"Staphylinidae","Coleoptera","staphylinid beetles",50.93,4.91899,2023-06-13,"DIGITAF_BIODIVERSITY_FLEMISH_TREEROWS:OCCURRENCE:staphylinid beetles:Pitfall:TW2:crtl:2023-06-13:2056"
"2057","TW2","crtl","Harpalus tardus",1,"F","","Pitfall","Marc Vankerckvoorde","Ad",1,"Carabidae","Coleoptera","carabid beetles",50.93,4.91899,2023-06-13,"DIGITAF_BIODIVERSITY_FLEMISH_TREEROWS:OCCURRENCE:carabid beetles:Pitfall:TW2:crtl:2023-06-13:2057"
"2058","TW2","crtl","Armadillidium vulgare",2,"","","Pitfall","Pallieter De Smedt","Ad",2,"Armadillidiidae","Isopoda","woodlice",50.93,4.91899,2023-06-13,"DIGITAF_BIODIVERSITY_FLEMISH_TREEROWS:OCCURRENCE:woodlice:Pitfall:TW2:crtl:2023-06-13:2058"
"2059","TW2","crtl","Harpalus distinguendus",2,"F","","Pitfall","Marc Vankerckvoorde","Ad",1,"Carabidae","Coleoptera","carabid beetles",50.93,4.91899,2023-06-13,"DIGITAF_BIODIVERSITY_FLEMISH_TREEROWS:OCCURRENCE:carabid beetles:Pitfall:TW2:crtl:2023-06-13:2059"
"2060","TW2","tree","Formica fusca",2,"F","","Pitfall","Wouter Dekoninck","Ad",1,"Formicidae","Hymenoptera","ants",50.929592,4.919866,2023-06-13,"DIGITAF_BIODIVERSITY_FLEMISH_TREEROWS:OCCURRENCE:ants:Pitfall:TW2:tree:2023-06-13:2060"
"2061","TW2","tree","Phrurolithus festivus",2,"M","","Pitfall","Johan Van Keer","Ad",1,"Phrurolithidae","Araneae","spiders",50.929592,4.919866,2023-06-13,"DIGITAF_BIODIVERSITY_FLEMISH_TREEROWS:OCCURRENCE:spiders:Pitfall:TW2:tree:2023-06-13:2061"
"2062","TW2","tree","Trachyzelotes pedestris",2,"M","","Pitfall","Johan Van Keer","Ad",12,"Gnaphosidae","Araneae","spiders",50.929592,4.919866,2023-06-13,"DIGITAF_BIODIVERSITY_FLEMISH_TREEROWS:OCCURRENCE:spiders:Pitfall:TW2:tree:2023-06-13:2062"
"2063","TW2","tree","Harpalus affinis",2,"F","","Pitfall","Marc Vankerckvoorde","Ad",1,"Carabidae","Coleoptera","carabid beetles",50.929592,4.919866,2023-06-13,"DIGITAF_BIODIVERSITY_FLEMISH_TREEROWS:OCCURRENCE:carabid beetles:Pitfall:TW2:tree:2023-06-13:2063"
"2064","TW2","tree","Polydesmus coriaceus",1,"F","","Pitfall","Pallieter De Smedt","Ad",1,"Polydesmidae","Polydesmida","millipedes",50.929592,4.919866,2023-06-13,"DIGITAF_BIODIVERSITY_FLEMISH_TREEROWS:OCCURRENCE:millipedes:Pitfall:TW2:tree:2023-06-13:2064"
"2065","TW2","tree","Harpalus rufipes",1,"F","","Pitfall","Marc Vankerckvoorde","Ad",1,"Carabidae","Coleoptera","carabid beetles",50.929592,4.919866,2023-06-13,"DIGITAF_BIODIVERSITY_FLEMISH_TREEROWS:OCCURRENCE:carabid beetles:Pitfall:TW2:tree:2023-06-13:2065"
"2066","TW2","tree","Phrurolithus festivus",2,"F","","Pitfall","Johan Van Keer","Ad",1,"Phrurolithidae","Araneae","spiders",50.929592,4.919866,2023-06-13,"DIGITAF_BIODIVERSITY_FLEMISH_TREEROWS:OCCURRENCE:spiders:Pitfall:TW2:tree:2023-06-13:2066"
"2067","TW2","tree","Myrmica sabuleti",2,"F","","Pitfall","Wouter Dekoninck","Ad",1,"Formicidae","Hymenoptera","ants",50.929592,4.919866,2023-06-13,"DIGITAF_BIODIVERSITY_FLEMISH_TREEROWS:OCCURRENCE:ants:Pitfall:TW2:tree:2023-06-13:2067"
"2068","TW2","tree","Trachyzelotes pedestris",1,"M","","Pitfall","Johan Van Keer","Ad",3,"Gnaphosidae","Araneae","spiders",50.929592,4.919866,2023-06-13,"DIGITAF_BIODIVERSITY_FLEMISH_TREEROWS:OCCURRENCE:spiders:Pitfall:TW2:tree:2023-06-13:2068"
"2069","TW2","tree","Philoscia muscorum",1,"","","Pitfall","Pallieter De Smedt","Ad",1,"Philosciidae","Isopoda","woodlice",50.929592,4.919866,2023-06-13,"DIGITAF_BIODIVERSITY_FLEMISH_TREEROWS:OCCURRENCE:woodlice:Pitfall:TW2:tree:2023-06-13:2069"
"2070","TW2","tree","Trachyzelotes pedestris",2,"F","","Pitfall","Johan Van Keer","Ad",1,"Gnaphosidae","Araneae","spiders",50.929592,4.919866,2023-06-13,"DIGITAF_BIODIVERSITY_FLEMISH_TREEROWS:OCCURRENCE:spiders:Pitfall:TW2:tree:2023-06-13:2070"
"2071","TW2","tree","Armadillidium vulgare",1,"","","Pitfall","Pallieter De Smedt","Ad",6,"Armadillidiidae","Isopoda","woodlice",50.929592,4.919866,2023-06-13,"DIGITAF_BIODIVERSITY_FLEMISH_TREEROWS:OCCURRENCE:woodlice:Pitfall:TW2:tree:2023-06-13:2071"
"2072","TW2","tree","Tenuiphantes tenuis",2,"F","","Pitfall","Johan Van Keer","Ad",2,"Linyphiidae","Araneae","spiders",50.929592,4.919866,2023-06-13,"DIGITAF_BIODIVERSITY_FLEMISH_TREEROWS:OCCURRENCE:spiders:Pitfall:TW2:tree:2023-06-13:2072"
"2073","TW2","tree","Armadillidium vulgare",2,"","","Pitfall","Pallieter De Smedt","Ad",6,"Armadillidiidae","Isopoda","woodlice",50.929592,4.919866,2023-06-13,"DIGITAF_BIODIVERSITY_FLEMISH_TREEROWS:OCCURRENCE:woodlice:Pitfall:TW2:tree:2023-06-13:2073"
"2074","TW2","tree","Harpalus rubripes",2,"F","","Pitfall","Marc Vankerckvoorde","Ad",1,"Carabidae","Coleoptera","carabid beetles",50.929592,4.919866,2023-06-13,"DIGITAF_BIODIVERSITY_FLEMISH_TREEROWS:OCCURRENCE:carabid beetles:Pitfall:TW2:tree:2023-06-13:2074"
"2075","TW2","tree","Temnothorax nylanderi",2,"F","","Pitfall","Wouter Dekoninck","Ad",1,"Formicidae","Hymenoptera","ants",50.929592,4.919866,2023-06-13,"DIGITAF_BIODIVERSITY_FLEMISH_TREEROWS:OCCURRENCE:ants:Pitfall:TW2:tree:2023-06-13:2075"
"2076","TW2","tree","Lasius niger",1,"F","","Pitfall","Wouter Dekoninck","Ad",1,"Formicidae","Hymenoptera","ants",50.929592,4.919866,2023-06-13,"DIGITAF_BIODIVERSITY_FLEMISH_TREEROWS:OCCURRENCE:ants:Pitfall:TW2:tree:2023-06-13:2076"
"2077","TW2","tree","Lasius niger",2,"F","","Pitfall","Wouter Dekoninck","Ad",12,"Formicidae","Hymenoptera","ants",50.929592,4.919866,2023-06-13,"DIGITAF_BIODIVERSITY_FLEMISH_TREEROWS:OCCURRENCE:ants:Pitfall:TW2:tree:2023-06-13:2077"
"2078","TW2","tree","Histopona torpida",1,"M","","Pitfall","Johan Van Keer","Ad",1,"Agelenidae","Araneae","spiders",50.929592,4.919866,2023-06-13,"DIGITAF_BIODIVERSITY_FLEMISH_TREEROWS:OCCURRENCE:spiders:Pitfall:TW2:tree:2023-06-13:2078"
"2079","TW2","tree","Myrmica sabuleti",1,"F","","Pitfall","Wouter Dekoninck","Ad",4,"Formicidae","Hymenoptera","ants",50.929592,4.919866,2023-06-13,"DIGITAF_BIODIVERSITY_FLEMISH_TREEROWS:OCCURRENCE:ants:Pitfall:TW2:tree:2023-06-13:2079"
"2080","TW2","tree","Xantholinus longiventris",2,"","","Pitfall","Marc Vankerckvoorde","Ad",1,"Staphylinidae","Coleoptera","staphylinid beetles",50.929592,4.919866,2023-06-13,"DIGITAF_BIODIVERSITY_FLEMISH_TREEROWS:OCCURRENCE:staphylinid beetles:Pitfall:TW2:tree:2023-06-13:2080"
"2081","TW2","tree","Zelotes subterraneus",1,"M","","Pitfall","Johan Van Keer","Ad",1,"Gnaphosidae","Araneae","spiders",50.929592,4.919866,2023-06-13,"DIGITAF_BIODIVERSITY_FLEMISH_TREEROWS:OCCURRENCE:spiders:Pitfall:TW2:tree:2023-06-13:2081"
"2082","TW2","tree","Cryptops parisi",2,"","","Pitfall","Koen Lock","Ad",1,"Cryptopidae","Scolopendromorpha","centipedes",50.929592,4.919866,2023-06-13,"DIGITAF_BIODIVERSITY_FLEMISH_TREEROWS:OCCURRENCE:centipedes:Pitfall:TW2:tree:2023-06-13:2082"
"2083","TW3","crtl","Trochosa ruricola",1,"F","","Pitfall","Johan Van Keer","Ad",1,"Lycosidae","Araneae","spiders",50.927067,4.925451,2023-06-13,"DIGITAF_BIODIVERSITY_FLEMISH_TREEROWS:OCCURRENCE:spiders:Pitfall:TW3:crtl:2023-06-13:2083"
"2084","TW3","crtl","Pardosa prativaga",2,"F","","Pitfall","Johan Van Keer","Ad",1,"Lycosidae","Araneae","spiders",50.927067,4.925451,2023-06-13,"DIGITAF_BIODIVERSITY_FLEMISH_TREEROWS:OCCURRENCE:spiders:Pitfall:TW3:crtl:2023-06-13:2084"
"2085","TW3","crtl","Lasius niger",2,"F","","Pitfall","Wouter Dekoninck","Ad",38,"Formicidae","Hymenoptera","ants",50.927067,4.925451,2023-06-13,"DIGITAF_BIODIVERSITY_FLEMISH_TREEROWS:OCCURRENCE:ants:Pitfall:TW3:crtl:2023-06-13:2085"
"2086","TW3","crtl","Ozyptila sanctuaria",1,"F","","Pitfall","Johan Van Keer","Ad",1,"Thomisidae","Araneae","spiders",50.927067,4.925451,2023-06-13,"DIGITAF_BIODIVERSITY_FLEMISH_TREEROWS:OCCURRENCE:spiders:Pitfall:TW3:crtl:2023-06-13:2086"
"2087","TW3","crtl","Pardosa pullata",2,"F","","Pitfall","Johan Van Keer","Ad",1,"Lycosidae","Araneae","spiders",50.927067,4.925451,2023-06-13,"DIGITAF_BIODIVERSITY_FLEMISH_TREEROWS:OCCURRENCE:spiders:Pitfall:TW3:crtl:2023-06-13:2087"
"2088","TW3","crtl","Diplostyla concolor",1,"M","","Pitfall","Johan Van Keer","Ad",1,"Linyphiidae","Araneae","spiders",50.927067,4.925451,2023-06-13,"DIGITAF_BIODIVERSITY_FLEMISH_TREEROWS:OCCURRENCE:spiders:Pitfall:TW3:crtl:2023-06-13:2088"
"2089","TW3","crtl","Lasius niger",1,"F","","Pitfall","Wouter Dekoninck","Ad",32,"Formicidae","Hymenoptera","ants",50.927067,4.925451,2023-06-13,"DIGITAF_BIODIVERSITY_FLEMISH_TREEROWS:OCCURRENCE:ants:Pitfall:TW3:crtl:2023-06-13:2089"
"2090","TW3","crtl","Pardosa prativaga",1,"M","","Pitfall","Johan Van Keer","Ad",1,"Lycosidae","Araneae","spiders",50.927067,4.925451,2023-06-13,"DIGITAF_BIODIVERSITY_FLEMISH_TREEROWS:OCCURRENCE:spiders:Pitfall:TW3:crtl:2023-06-13:2090"
"2091","TW3","crtl","Harpalus rubripes",1,"F","","Pitfall","Marc Vankerckvoorde","Ad",1,"Carabidae","Coleoptera","carabid beetles",50.927067,4.925451,2023-06-13,"DIGITAF_BIODIVERSITY_FLEMISH_TREEROWS:OCCURRENCE:carabid beetles:Pitfall:TW3:crtl:2023-06-13:2091"
"2092","TW3","crtl","Armadillidium nasatum",1,"","","Pitfall","Pallieter De Smedt","Ad",3,"Armadillidiidae","Isopoda","woodlice",50.927067,4.925451,2023-06-13,"DIGITAF_BIODIVERSITY_FLEMISH_TREEROWS:OCCURRENCE:woodlice:Pitfall:TW3:crtl:2023-06-13:2092"
"2093","TW3","crtl","Armadillidium vulgare",2,"","","Pitfall","Pallieter De Smedt","Ad",9,"Armadillidiidae","Isopoda","woodlice",50.927067,4.925451,2023-06-13,"DIGITAF_BIODIVERSITY_FLEMISH_TREEROWS:OCCURRENCE:woodlice:Pitfall:TW3:crtl:2023-06-13:2093"
"2094","TW3","crtl","Polydesmus inconstans",1,"F","","Pitfall","Pallieter De Smedt","Ad",1,"Polydesmidae","Polydesmida","millipedes",50.927067,4.925451,2023-06-13,"DIGITAF_BIODIVERSITY_FLEMISH_TREEROWS:OCCURRENCE:millipedes:Pitfall:TW3:crtl:2023-06-13:2094"
"2095","TW3","crtl","Formica cunicularia",2,"F","","Pitfall","Wouter Dekoninck","Ad",2,"Formicidae","Hymenoptera","ants",50.927067,4.925451,2023-06-13,"DIGITAF_BIODIVERSITY_FLEMISH_TREEROWS:OCCURRENCE:ants:Pitfall:TW3:crtl:2023-06-13:2095"
"2096","TW3","crtl","Armadillidium nasatum",2,"","","Pitfall","Pallieter De Smedt","Ad",6,"Armadillidiidae","Isopoda","woodlice",50.927067,4.925451,2023-06-13,"DIGITAF_BIODIVERSITY_FLEMISH_TREEROWS:OCCURRENCE:woodlice:Pitfall:TW3:crtl:2023-06-13:2096"
"2097","TW3","crtl","Armadillidium vulgare",1,"","","Pitfall","Pallieter De Smedt","Ad",4,"Armadillidiidae","Isopoda","woodlice",50.927067,4.925451,2023-06-13,"DIGITAF_BIODIVERSITY_FLEMISH_TREEROWS:OCCURRENCE:woodlice:Pitfall:TW3:crtl:2023-06-13:2097"
"2098","TW3","crtl","Quedius semiobscurus",1,"","","Pitfall","Marc Vankerckvoorde","Ad",3,"Staphylinidae","Coleoptera","staphylinid beetles",50.927067,4.925451,2023-06-13,"DIGITAF_BIODIVERSITY_FLEMISH_TREEROWS:OCCURRENCE:staphylinid beetles:Pitfall:TW3:crtl:2023-06-13:2098"
"2099","TW3","crtl","Formica polyctena",2,"F","","Pitfall","Wouter Dekoninck","Ad",1,"Formicidae","Hymenoptera","ants",50.927067,4.925451,2023-06-13,"DIGITAF_BIODIVERSITY_FLEMISH_TREEROWS:OCCURRENCE:ants:Pitfall:TW3:crtl:2023-06-13:2099"
"2100","TW3","crtl","Trachyzelotes pedestris",2,"M","","Pitfall","Johan Van Keer","Ad",2,"Gnaphosidae","Araneae","spiders",50.927067,4.925451,2023-06-13,"DIGITAF_BIODIVERSITY_FLEMISH_TREEROWS:OCCURRENCE:spiders:Pitfall:TW3:crtl:2023-06-13:2100"
"2101","TW3","crtl","Trachyzelotes pedestris",1,"F","","Pitfall","Johan Van Keer","Ad",3,"Gnaphosidae","Araneae","spiders",50.927067,4.925451,2023-06-13,"DIGITAF_BIODIVERSITY_FLEMISH_TREEROWS:OCCURRENCE:spiders:Pitfall:TW3:crtl:2023-06-13:2101"
"2102","TW3","crtl","Phrurolithus festivus",1,"M","","Pitfall","Johan Van Keer","Ad",2,"Phrurolithidae","Araneae","spiders",50.927067,4.925451,2023-06-13,"DIGITAF_BIODIVERSITY_FLEMISH_TREEROWS:OCCURRENCE:spiders:Pitfall:TW3:crtl:2023-06-13:2102"
"2103","TW3","crtl","Myrmica scabrinodis",1,"F","","Pitfall","Wouter Dekoninck","Ad",8,"Formicidae","Hymenoptera","ants",50.927067,4.925451,2023-06-13,"DIGITAF_BIODIVERSITY_FLEMISH_TREEROWS:OCCURRENCE:ants:Pitfall:TW3:crtl:2023-06-13:2103"
"2104","TW3","crtl","Trachyzelotes pedestris",1,"M","","Pitfall","Johan Van Keer","Ad",2,"Gnaphosidae","Araneae","spiders",50.927067,4.925451,2023-06-13,"DIGITAF_BIODIVERSITY_FLEMISH_TREEROWS:OCCURRENCE:spiders:Pitfall:TW3:crtl:2023-06-13:2104"
"2105","TW3","crtl","Amara aenea",2,"M","","Pitfall","Marc Vankerckvoorde","Ad",1,"Carabidae","Coleoptera","carabid beetles",50.927067,4.925451,2023-06-13,"DIGITAF_BIODIVERSITY_FLEMISH_TREEROWS:OCCURRENCE:carabid beetles:Pitfall:TW3:crtl:2023-06-13:2105"
"2106","TW3","crtl","Zelotes latreillei",2,"F","","Pitfall","Johan Van Keer","Ad",1,"Gnaphosidae","Araneae","spiders",50.927067,4.925451,2023-06-13,"DIGITAF_BIODIVERSITY_FLEMISH_TREEROWS:OCCURRENCE:spiders:Pitfall:TW3:crtl:2023-06-13:2106"
"2107","TW3","crtl","Formica fusca",1,"F","","Pitfall","Wouter Dekoninck","Ad",1,"Formicidae","Hymenoptera","ants",50.927067,4.925451,2023-06-13,"DIGITAF_BIODIVERSITY_FLEMISH_TREEROWS:OCCURRENCE:ants:Pitfall:TW3:crtl:2023-06-13:2107"
"2108","TW3","crtl","Badister bullatus",2,"M","","Pitfall","Marc Vankerckvoorde","Ad",1,"Carabidae","Coleoptera","carabid beetles",50.927067,4.925451,2023-06-13,"DIGITAF_BIODIVERSITY_FLEMISH_TREEROWS:OCCURRENCE:carabid beetles:Pitfall:TW3:crtl:2023-06-13:2108"
"2109","TW3","crtl","Amara aenea",2,"F","","Pitfall","Marc Vankerckvoorde","Ad",1,"Carabidae","Coleoptera","carabid beetles",50.927067,4.925451,2023-06-13,"DIGITAF_BIODIVERSITY_FLEMISH_TREEROWS:OCCURRENCE:carabid beetles:Pitfall:TW3:crtl:2023-06-13:2109"
"2110","TW3","crtl","Drassyllus pusillus",2,"M","","Pitfall","Johan Van Keer","Ad",2,"Gnaphosidae","Araneae","spiders",50.927067,4.925451,2023-06-13,"DIGITAF_BIODIVERSITY_FLEMISH_TREEROWS:OCCURRENCE:spiders:Pitfall:TW3:crtl:2023-06-13:2110"
"2111","TW3","tree","Tenuiphantes flavipes",1,"M","","Pitfall","Johan Van Keer","Ad",1,"Linyphiidae","Araneae","spiders",50.926302,4.92707,2023-06-13,"DIGITAF_BIODIVERSITY_FLEMISH_TREEROWS:OCCURRENCE:spiders:Pitfall:TW3:tree:2023-06-13:2111"
"2112","TW3","tree","Lasius fuliginosus",2,"F","","Pitfall","Wouter Dekoninck","Ad",1,"Formicidae","Hymenoptera","ants",50.926302,4.92707,2023-06-13,"DIGITAF_BIODIVERSITY_FLEMISH_TREEROWS:OCCURRENCE:ants:Pitfall:TW3:tree:2023-06-13:2112"
"2113","TW3","tree","Lasius niger",2,"F","","Pitfall","Wouter Dekoninck","Ad",4,"Formicidae","Hymenoptera","ants",50.926302,4.92707,2023-06-13,"DIGITAF_BIODIVERSITY_FLEMISH_TREEROWS:OCCURRENCE:ants:Pitfall:TW3:tree:2023-06-13:2113"
"2114","TW3","tree","Trachyzelotes pedestris",2,"M","","Pitfall","Johan Van Keer","Ad",2,"Gnaphosidae","Araneae","spiders",50.926302,4.92707,2023-06-13,"DIGITAF_BIODIVERSITY_FLEMISH_TREEROWS:OCCURRENCE:spiders:Pitfall:TW3:tree:2023-06-13:2114"
"2115","TW3","tree","Anotylus sculpturatus",1,"M","","Pitfall","Marc Vankerckvoorde","Ad",1,"Staphylinidae","Coleoptera","staphylinid beetles",50.926302,4.92707,2023-06-13,"DIGITAF_BIODIVERSITY_FLEMISH_TREEROWS:OCCURRENCE:staphylinid beetles:Pitfall:TW3:tree:2023-06-13:2115"
"2116","TW3","tree","Tenuiphantes flavipes",1,"F","","Pitfall","Johan Van Keer","Ad",1,"Linyphiidae","Araneae","spiders",50.926302,4.92707,2023-06-13,"DIGITAF_BIODIVERSITY_FLEMISH_TREEROWS:OCCURRENCE:spiders:Pitfall:TW3:tree:2023-06-13:2116"
"2117","TW3","tree","Polydesmus inconstans",1,"F","","Pitfall","Pallieter De Smedt","Ad",2,"Polydesmidae","Polydesmida","millipedes",50.926302,4.92707,2023-06-13,"DIGITAF_BIODIVERSITY_FLEMISH_TREEROWS:OCCURRENCE:millipedes:Pitfall:TW3:tree:2023-06-13:2117"
"2118","TW3","tree","Philoscia muscorum",2,"","","Pitfall","Pallieter De Smedt","Ad",1,"Philosciidae","Isopoda","woodlice",50.926302,4.92707,2023-06-13,"DIGITAF_BIODIVERSITY_FLEMISH_TREEROWS:OCCURRENCE:woodlice:Pitfall:TW3:tree:2023-06-13:2118"
"2119","TW3","tree","Lasius niger",1,"F","","Pitfall","Wouter Dekoninck","Ad",3,"Formicidae","Hymenoptera","ants",50.926302,4.92707,2023-06-13,"DIGITAF_BIODIVERSITY_FLEMISH_TREEROWS:OCCURRENCE:ants:Pitfall:TW3:tree:2023-06-13:2119"
"2120","TW3","tree","Cylindroiulus caeruleocinctus",1,"M","","Pitfall","Pallieter De Smedt","Ad",1,"Julidae","Julida","millipedes",50.926302,4.92707,2023-06-13,"DIGITAF_BIODIVERSITY_FLEMISH_TREEROWS:OCCURRENCE:millipedes:Pitfall:TW3:tree:2023-06-13:2120"
"2121","TW3","tree","Lithobius microps",2,"","","Pitfall","Koen Lock","Ad",1,"Lithobiidae","Lithobiomorpha","centipedes",50.926302,4.92707,2023-06-13,"DIGITAF_BIODIVERSITY_FLEMISH_TREEROWS:OCCURRENCE:centipedes:Pitfall:TW3:tree:2023-06-13:2121"
"2122","TW3","tree","Bembidion lampros",2,"","","Pitfall","Marc Vankerckvoorde","Ad",1,"Carabidae","Coleoptera","carabid beetles",50.926302,4.92707,2023-06-13,"DIGITAF_BIODIVERSITY_FLEMISH_TREEROWS:OCCURRENCE:carabid beetles:Pitfall:TW3:tree:2023-06-13:2122"
"2123","TW3","tree","Lasius brunneus",1,"F","","Pitfall","Wouter Dekoninck","Ad",1,"Formicidae","Hymenoptera","ants",50.926302,4.92707,2023-06-13,"DIGITAF_BIODIVERSITY_FLEMISH_TREEROWS:OCCURRENCE:ants:Pitfall:TW3:tree:2023-06-13:2123"
"2124","TW3","tree","Temnothorax nylanderi",1,"F","","Pitfall","Wouter Dekoninck","Ad",1,"Formicidae","Hymenoptera","ants",50.926302,4.92707,2023-06-13,"DIGITAF_BIODIVERSITY_FLEMISH_TREEROWS:OCCURRENCE:ants:Pitfall:TW3:tree:2023-06-13:2124"
"2125","TW3","tree","Harpalus rubripes",1,"F","","Pitfall","Marc Vankerckvoorde","Ad",3,"Carabidae","Coleoptera","carabid beetles",50.926302,4.92707,2023-06-13,"DIGITAF_BIODIVERSITY_FLEMISH_TREEROWS:OCCURRENCE:carabid beetles:Pitfall:TW3:tree:2023-06-13:2125"
"2126","TW3","tree","Armadillidium vulgare",2,"","","Pitfall","Pallieter De Smedt","Ad",3,"Armadillidiidae","Isopoda","woodlice",50.926302,4.92707,2023-06-13,"DIGITAF_BIODIVERSITY_FLEMISH_TREEROWS:OCCURRENCE:woodlice:Pitfall:TW3:tree:2023-06-13:2126"
"2127","TW3","tree","Polydesmus coriaceus",1,"F","","Pitfall","Pallieter De Smedt","Ad",1,"Polydesmidae","Polydesmida","millipedes",50.926302,4.92707,2023-06-13,"DIGITAF_BIODIVERSITY_FLEMISH_TREEROWS:OCCURRENCE:millipedes:Pitfall:TW3:tree:2023-06-13:2127"
"2128","TW3","tree","Myrmica rubra",2,"F","","Pitfall","Wouter Dekoninck","Ad",1,"Formicidae","Hymenoptera","ants",50.926302,4.92707,2023-06-13,"DIGITAF_BIODIVERSITY_FLEMISH_TREEROWS:OCCURRENCE:ants:Pitfall:TW3:tree:2023-06-13:2128"
"2129","TW3","tree","Armadillidium vulgare",1,"","","Pitfall","Pallieter De Smedt","Ad",1,"Armadillidiidae","Isopoda","woodlice",50.926302,4.92707,2023-06-13,"DIGITAF_BIODIVERSITY_FLEMISH_TREEROWS:OCCURRENCE:woodlice:Pitfall:TW3:tree:2023-06-13:2129"
"2130","TW3","tree","Trachyzelotes pedestris",1,"F","","Pitfall","Johan Van Keer","Ad",1,"Gnaphosidae","Araneae","spiders",50.926302,4.92707,2023-06-13,"DIGITAF_BIODIVERSITY_FLEMISH_TREEROWS:OCCURRENCE:spiders:Pitfall:TW3:tree:2023-06-13:2130"
"2131","TW3","tree","Glomeris marginata",1,"M","","Pitfall","Pallieter De Smedt","Ad",2,"Glomeridae","Glomerida","millipedes",50.926302,4.92707,2023-06-13,"DIGITAF_BIODIVERSITY_FLEMISH_TREEROWS:OCCURRENCE:millipedes:Pitfall:TW3:tree:2023-06-13:2131"
"2132","TW3","tree","Stomis pumicatus",1,"F","","Pitfall","Marc Vankerckvoorde","Ad",1,"Carabidae","Coleoptera","carabid beetles",50.926302,4.92707,2023-06-13,"DIGITAF_BIODIVERSITY_FLEMISH_TREEROWS:OCCURRENCE:carabid beetles:Pitfall:TW3:tree:2023-06-13:2132"
"2133","TW3","tree","Glomeris marginata",1,"F","","Pitfall","Pallieter De Smedt","Ad",1,"Glomeridae","Glomerida","millipedes",50.926302,4.92707,2023-06-13,"DIGITAF_BIODIVERSITY_FLEMISH_TREEROWS:OCCURRENCE:millipedes:Pitfall:TW3:tree:2023-06-13:2133"
"2134","TW3","tree","Trachyzelotes pedestris",1,"M","","Pitfall","Johan Van Keer","Ad",4,"Gnaphosidae","Araneae","spiders",50.926302,4.92707,2023-06-13,"DIGITAF_BIODIVERSITY_FLEMISH_TREEROWS:OCCURRENCE:spiders:Pitfall:TW3:tree:2023-06-13:2134"
"2135","TW3","tree","Polydesmus inconstans",2,"F","","Pitfall","Pallieter De Smedt","Ad",2,"Polydesmidae","Polydesmida","millipedes",50.926302,4.92707,2023-06-13,"DIGITAF_BIODIVERSITY_FLEMISH_TREEROWS:OCCURRENCE:millipedes:Pitfall:TW3:tree:2023-06-13:2135"
"2136","TW3","tree","Pterostichus melanarius",1,"M","","Pitfall","Marc Vankerckvoorde","Ad",1,"Carabidae","Coleoptera","carabid beetles",50.926302,4.92707,2023-06-13,"DIGITAF_BIODIVERSITY_FLEMISH_TREEROWS:OCCURRENCE:carabid beetles:Pitfall:TW3:tree:2023-06-13:2136"
"2137","TW3","tree","Pterostichus melanarius",2,"M","","Pitfall","Marc Vankerckvoorde","Ad",3,"Carabidae","Coleoptera","carabid beetles",50.926302,4.92707,2023-06-13,"DIGITAF_BIODIVERSITY_FLEMISH_TREEROWS:OCCURRENCE:carabid beetles:Pitfall:TW3:tree:2023-06-13:2137"
"2138","TW3","tree","Badister bullatus",2,"F","","Pitfall","Marc Vankerckvoorde","Ad",1,"Carabidae","Coleoptera","carabid beetles",50.926302,4.92707,2023-06-13,"DIGITAF_BIODIVERSITY_FLEMISH_TREEROWS:OCCURRENCE:carabid beetles:Pitfall:TW3:tree:2023-06-13:2138"
"2139","Zo","crop","Anchomenus dorsalis",1,"M","","Pitfall","Marc Vankerckvoorde","Ad",1,"Carabidae","Coleoptera","carabid beetles",51.106331,3.55805,2023-06-12,"DIGITAF_BIODIVERSITY_FLEMISH_TREEROWS:OCCURRENCE:carabid beetles:Pitfall:Zo:crop:2023-06-12:2139"
"2140","Zo","crop","Pterostichus vernalis",1,"M","","Pitfall","Marc Vankerckvoorde","Ad",2,"Carabidae","Coleoptera","carabid beetles",51.106331,3.55805,2023-06-12,"DIGITAF_BIODIVERSITY_FLEMISH_TREEROWS:OCCURRENCE:carabid beetles:Pitfall:Zo:crop:2023-06-12:2140"
"2141","Zo","crop","Hister unicolor",1,"","","Pitfall","Marc Vankerckvoorde","Ad",1,"Histeridae","Coleoptera","other beetles",51.106331,3.55805,2023-06-12,"DIGITAF_BIODIVERSITY_FLEMISH_TREEROWS:OCCURRENCE:other beetles:Pitfall:Zo:crop:2023-06-12:2141"
"2142","Zo","crop","Araeoncus humilis",1,"M","","Pitfall","Léon Baert","Ad",1,"Linyphiidae","Araneae","spiders",51.106331,3.55805,2023-06-12,"DIGITAF_BIODIVERSITY_FLEMISH_TREEROWS:OCCURRENCE:spiders:Pitfall:Zo:crop:2023-06-12:2142"
"2143","Zo","crop","Poecilus versicolor",2,"M","","Pitfall","Marc Vankerckvoorde","Ad",36,"Carabidae","Coleoptera","carabid beetles",51.106331,3.55805,2023-06-12,"DIGITAF_BIODIVERSITY_FLEMISH_TREEROWS:OCCURRENCE:carabid beetles:Pitfall:Zo:crop:2023-06-12:2143"
"2144","Zo","crop","Anisodactylus binotatus",1,"F","","Pitfall","Marc Vankerckvoorde","Ad",2,"Carabidae","Coleoptera","carabid beetles",51.106331,3.55805,2023-06-12,"DIGITAF_BIODIVERSITY_FLEMISH_TREEROWS:OCCURRENCE:carabid beetles:Pitfall:Zo:crop:2023-06-12:2144"
"2145","Zo","crop","Amara familiaris",2,"F","","Pitfall","Marc Vankerckvoorde","Ad",1,"Carabidae","Coleoptera","carabid beetles",51.106331,3.55805,2023-06-12,"DIGITAF_BIODIVERSITY_FLEMISH_TREEROWS:OCCURRENCE:carabid beetles:Pitfall:Zo:crop:2023-06-12:2145"
"2146","Zo","crop","Margarinotus purpurascens",1,"","","Pitfall","Marc Vankerckvoorde","Ad",1,"Histeridae","Coleoptera","other beetles",51.106331,3.55805,2023-06-12,"DIGITAF_BIODIVERSITY_FLEMISH_TREEROWS:OCCURRENCE:other beetles:Pitfall:Zo:crop:2023-06-12:2146"
"2147","Zo","crop","Philonthus cognatus",1,"","","Pitfall","Marc Vankerckvoorde","Ad",82,"Staphylinidae","Coleoptera","staphylinid beetles",51.106331,3.55805,2023-06-12,"DIGITAF_BIODIVERSITY_FLEMISH_TREEROWS:OCCURRENCE:staphylinid beetles:Pitfall:Zo:crop:2023-06-12:2147"
"2148","Zo","crop","Tenuiphantes tenuis",1,"M","","Pitfall","Léon Baert","Ad",1,"Linyphiidae","Araneae","spiders",51.106331,3.55805,2023-06-12,"DIGITAF_BIODIVERSITY_FLEMISH_TREEROWS:OCCURRENCE:spiders:Pitfall:Zo:crop:2023-06-12:2148"
"2149","Zo","crop","Philonthus cognatus",2,"","","Pitfall","Marc Vankerckvoorde","Ad",99,"Staphylinidae","Coleoptera","staphylinid beetles",51.106331,3.55805,2023-06-12,"DIGITAF_BIODIVERSITY_FLEMISH_TREEROWS:OCCURRENCE:staphylinid beetles:Pitfall:Zo:crop:2023-06-12:2149"
"2150","Zo","crop","Poecilus versicolor",1,"M","","Pitfall","Marc Vankerckvoorde","Ad",11,"Carabidae","Coleoptera","carabid beetles",51.106331,3.55805,2023-06-12,"DIGITAF_BIODIVERSITY_FLEMISH_TREEROWS:OCCURRENCE:carabid beetles:Pitfall:Zo:crop:2023-06-12:2150"
"2151","Zo","crop","Amara familiaris",1,"M","","Pitfall","Marc Vankerckvoorde","Ad",1,"Carabidae","Coleoptera","carabid beetles",51.106331,3.55805,2023-06-12,"DIGITAF_BIODIVERSITY_FLEMISH_TREEROWS:OCCURRENCE:carabid beetles:Pitfall:Zo:crop:2023-06-12:2151"
"2152","Zo","crop","Amara familiaris",1,"F","","Pitfall","Marc Vankerckvoorde","Ad",1,"Carabidae","Coleoptera","carabid beetles",51.106331,3.55805,2023-06-12,"DIGITAF_BIODIVERSITY_FLEMISH_TREEROWS:OCCURRENCE:carabid beetles:Pitfall:Zo:crop:2023-06-12:2152"
"2153","Zo","crop","Poecilus versicolor",1,"F","","Pitfall","Marc Vankerckvoorde","Ad",16,"Carabidae","Coleoptera","carabid beetles",51.106331,3.55805,2023-06-12,"DIGITAF_BIODIVERSITY_FLEMISH_TREEROWS:OCCURRENCE:carabid beetles:Pitfall:Zo:crop:2023-06-12:2153"
"2154","Zo","crop","Trochosa ruricola",1,"M","","Pitfall","Johan Van Keer","Ad",1,"Lycosidae","Araneae","spiders",51.106331,3.55805,2023-06-12,"DIGITAF_BIODIVERSITY_FLEMISH_TREEROWS:OCCURRENCE:spiders:Pitfall:Zo:crop:2023-06-12:2154"
"2155","Zo","crop","Loricera pilicornis",2,"M","","Pitfall","Marc Vankerckvoorde","Ad",1,"Carabidae","Coleoptera","carabid beetles",51.106331,3.55805,2023-06-12,"DIGITAF_BIODIVERSITY_FLEMISH_TREEROWS:OCCURRENCE:carabid beetles:Pitfall:Zo:crop:2023-06-12:2155"
"2156","Zo","crop","Acupalpus dubius",2,"F","","Pitfall","Marc Vankerckvoorde","Ad",1,"Carabidae","Coleoptera","carabid beetles",51.106331,3.55805,2023-06-12,"DIGITAF_BIODIVERSITY_FLEMISH_TREEROWS:OCCURRENCE:carabid beetles:Pitfall:Zo:crop:2023-06-12:2156"
"2157","Zo","crop","Pardosa tenuipes",2,"M","","Pitfall","Johan Van Keer","Ad",2,"Lycosidae","Araneae","spiders",51.106331,3.55805,2023-06-12,"DIGITAF_BIODIVERSITY_FLEMISH_TREEROWS:OCCURRENCE:spiders:Pitfall:Zo:crop:2023-06-12:2157"
"2158","Zo","crop","Drassyllus pusillus",2,"M","","Pitfall","Johan Van Keer","Ad",1,"Gnaphosidae","Araneae","spiders",51.106331,3.55805,2023-06-12,"DIGITAF_BIODIVERSITY_FLEMISH_TREEROWS:OCCURRENCE:spiders:Pitfall:Zo:crop:2023-06-12:2158"
"2159","Zo","crop","Tenuiphantes tenuis",1,"M","","Pitfall","Johan Van Keer","Ad",1,"Linyphiidae","Araneae","spiders",51.106331,3.55805,2023-06-12,"DIGITAF_BIODIVERSITY_FLEMISH_TREEROWS:OCCURRENCE:spiders:Pitfall:Zo:crop:2023-06-12:2159"
"2160","Zo","crop","Amara aenea",2,"F","","Pitfall","Marc Vankerckvoorde","Ad",1,"Carabidae","Coleoptera","carabid beetles",51.106331,3.55805,2023-06-12,"DIGITAF_BIODIVERSITY_FLEMISH_TREEROWS:OCCURRENCE:carabid beetles:Pitfall:Zo:crop:2023-06-12:2160"
"2161","Zo","crop","Erigone dentipalpis",2,"M","","Pitfall","Léon Baert","Ad",4,"Linyphiidae","Araneae","spiders",51.106331,3.55805,2023-06-12,"DIGITAF_BIODIVERSITY_FLEMISH_TREEROWS:OCCURRENCE:spiders:Pitfall:Zo:crop:2023-06-12:2161"
"2162","Zo","crop","Aleocharinae spec.",2,"","","Pitfall","Marc Vankerckvoorde","Ad",1,"Staphylinidae","Coleoptera","staphylinid beetles",51.106331,3.55805,2023-06-12,"DIGITAF_BIODIVERSITY_FLEMISH_TREEROWS:OCCURRENCE:staphylinid beetles:Pitfall:Zo:crop:2023-06-12:2162"
"2163","Zo","crop","Loricera pilicornis",1,"M","","Pitfall","Marc Vankerckvoorde","Ad",1,"Carabidae","Coleoptera","carabid beetles",51.106331,3.55805,2023-06-12,"DIGITAF_BIODIVERSITY_FLEMISH_TREEROWS:OCCURRENCE:carabid beetles:Pitfall:Zo:crop:2023-06-12:2163"
"2164","Zo","crop","Pirata latitans",2,"M","","Pitfall","Léon Baert","Ad",1,"Lycosidae","Araneae","spiders",51.106331,3.55805,2023-06-12,"DIGITAF_BIODIVERSITY_FLEMISH_TREEROWS:OCCURRENCE:spiders:Pitfall:Zo:crop:2023-06-12:2164"
"2165","Zo","crop","Nebria brevicollis",2,"F","","Pitfall","Marc Vankerckvoorde","Ad",1,"Carabidae","Coleoptera","carabid beetles",51.106331,3.55805,2023-06-12,"DIGITAF_BIODIVERSITY_FLEMISH_TREEROWS:OCCURRENCE:carabid beetles:Pitfall:Zo:crop:2023-06-12:2165"
"2166","Zo","crop","Nebria brevicollis",1,"M","","Pitfall","Marc Vankerckvoorde","Ad",1,"Carabidae","Coleoptera","carabid beetles",51.106331,3.55805,2023-06-12,"DIGITAF_BIODIVERSITY_FLEMISH_TREEROWS:OCCURRENCE:carabid beetles:Pitfall:Zo:crop:2023-06-12:2166"
"2167","Zo","crop","Poecilus cupreus",2,"M","","Pitfall","Marc Vankerckvoorde","Ad",13,"Carabidae","Coleoptera","carabid beetles",51.106331,3.55805,2023-06-12,"DIGITAF_BIODIVERSITY_FLEMISH_TREEROWS:OCCURRENCE:carabid beetles:Pitfall:Zo:crop:2023-06-12:2167"
"2168","Zo","crop","Amara aenea",2,"M","","Pitfall","Marc Vankerckvoorde","Ad",2,"Carabidae","Coleoptera","carabid beetles",51.106331,3.55805,2023-06-12,"DIGITAF_BIODIVERSITY_FLEMISH_TREEROWS:OCCURRENCE:carabid beetles:Pitfall:Zo:crop:2023-06-12:2168"
"2169","Zo","crop","Kissister minimus",2,"","","Pitfall","Marc Vankerckvoorde","Ad",1,"Histeridae","Coleoptera","other beetles",51.106331,3.55805,2023-06-12,"DIGITAF_BIODIVERSITY_FLEMISH_TREEROWS:OCCURRENCE:other beetles:Pitfall:Zo:crop:2023-06-12:2169"
"2170","Zo","crop","Poecilus versicolor",2,"F","","Pitfall","Marc Vankerckvoorde","Ad",14,"Carabidae","Coleoptera","carabid beetles",51.106331,3.55805,2023-06-12,"DIGITAF_BIODIVERSITY_FLEMISH_TREEROWS:OCCURRENCE:carabid beetles:Pitfall:Zo:crop:2023-06-12:2170"
"2171","Zo","crop","Pardosa tenuipes",1,"M","","Pitfall","Johan Van Keer","Ad",1,"Lycosidae","Araneae","spiders",51.106331,3.55805,2023-06-12,"DIGITAF_BIODIVERSITY_FLEMISH_TREEROWS:OCCURRENCE:spiders:Pitfall:Zo:crop:2023-06-12:2171"
"2172","Zo","crop","Erigone dentipalpis",2,"F","","Pitfall","Léon Baert","Ad",1,"Linyphiidae","Araneae","spiders",51.106331,3.55805,2023-06-12,"DIGITAF_BIODIVERSITY_FLEMISH_TREEROWS:OCCURRENCE:spiders:Pitfall:Zo:crop:2023-06-12:2172"
"2173","Zo","crop","Philonthus carbonarius",1,"","","Pitfall","Marc Vankerckvoorde","Ad",6,"Staphylinidae","Coleoptera","staphylinid beetles",51.106331,3.55805,2023-06-12,"DIGITAF_BIODIVERSITY_FLEMISH_TREEROWS:OCCURRENCE:staphylinid beetles:Pitfall:Zo:crop:2023-06-12:2173"
"2174","Zo","crop","Harpalus tardus",1,"M","","Pitfall","Marc Vankerckvoorde","Ad",1,"Carabidae","Coleoptera","carabid beetles",51.106331,3.55805,2023-06-12,"DIGITAF_BIODIVERSITY_FLEMISH_TREEROWS:OCCURRENCE:carabid beetles:Pitfall:Zo:crop:2023-06-12:2174"
"2175","Zo","crop","Philonthus carbonarius",2,"","","Pitfall","Marc Vankerckvoorde","Ad",8,"Staphylinidae","Coleoptera","staphylinid beetles",51.106331,3.55805,2023-06-12,"DIGITAF_BIODIVERSITY_FLEMISH_TREEROWS:OCCURRENCE:staphylinid beetles:Pitfall:Zo:crop:2023-06-12:2175"
"2176","Zo","crop","Trachyzelotes pedestris",1,"M","","Pitfall","Johan Van Keer","Ad",1,"Gnaphosidae","Araneae","spiders",51.106331,3.55805,2023-06-12,"DIGITAF_BIODIVERSITY_FLEMISH_TREEROWS:OCCURRENCE:spiders:Pitfall:Zo:crop:2023-06-12:2176"
"2177","Zo","crop","Harpalus tardus",1,"F","","Pitfall","Marc Vankerckvoorde","Ad",1,"Carabidae","Coleoptera","carabid beetles",51.106331,3.55805,2023-06-12,"DIGITAF_BIODIVERSITY_FLEMISH_TREEROWS:OCCURRENCE:carabid beetles:Pitfall:Zo:crop:2023-06-12:2177"
"2178","Zo","crop","Notiophilus quadripunctatus",1,"M","","Pitfall","Marc Vankerckvoorde","Ad",1,"Carabidae","Coleoptera","carabid beetles",51.106331,3.55805,2023-06-12,"DIGITAF_BIODIVERSITY_FLEMISH_TREEROWS:OCCURRENCE:carabid beetles:Pitfall:Zo:crop:2023-06-12:2178"
"2179","Zo","crop","Clivina fossor",2,"M","","Pitfall","Marc Vankerckvoorde","Ad",1,"Carabidae","Coleoptera","carabid beetles",51.106331,3.55805,2023-06-12,"DIGITAF_BIODIVERSITY_FLEMISH_TREEROWS:OCCURRENCE:carabid beetles:Pitfall:Zo:crop:2023-06-12:2179"
"2180","Zo","crop","Nebria brevicollis",1,"F","","Pitfall","Marc Vankerckvoorde","Ad",1,"Carabidae","Coleoptera","carabid beetles",51.106331,3.55805,2023-06-12,"DIGITAF_BIODIVERSITY_FLEMISH_TREEROWS:OCCURRENCE:carabid beetles:Pitfall:Zo:crop:2023-06-12:2180"
"2181","Zo","crop","Erigone atra",2,"M","","Pitfall","Léon Baert","Ad",1,"Linyphiidae","Araneae","spiders",51.106331,3.55805,2023-06-12,"DIGITAF_BIODIVERSITY_FLEMISH_TREEROWS:OCCURRENCE:spiders:Pitfall:Zo:crop:2023-06-12:2181"
"2182","Zo","crop","Xysticus kochi",1,"M","","Pitfall","Johan Van Keer","Ad",1,"Thomisidae","Araneae","spiders",51.106331,3.55805,2023-06-12,"DIGITAF_BIODIVERSITY_FLEMISH_TREEROWS:OCCURRENCE:spiders:Pitfall:Zo:crop:2023-06-12:2182"
"2183","Zo","crop","Xantholinus longiventris",2,"","","Pitfall","Marc Vankerckvoorde","Ad",2,"Staphylinidae","Coleoptera","staphylinid beetles",51.106331,3.55805,2023-06-12,"DIGITAF_BIODIVERSITY_FLEMISH_TREEROWS:OCCURRENCE:staphylinid beetles:Pitfall:Zo:crop:2023-06-12:2183"
"2184","Zo","crop","Philonthus laminatus",2,"","","Pitfall","Marc Vankerckvoorde","Ad",8,"Staphylinidae","Coleoptera","staphylinid beetles",51.106331,3.55805,2023-06-12,"DIGITAF_BIODIVERSITY_FLEMISH_TREEROWS:OCCURRENCE:staphylinid beetles:Pitfall:Zo:crop:2023-06-12:2184"
"2185","Zo","crop","Philonthus laminatus",1,"","","Pitfall","Marc Vankerckvoorde","Ad",20,"Staphylinidae","Coleoptera","staphylinid beetles",51.106331,3.55805,2023-06-12,"DIGITAF_BIODIVERSITY_FLEMISH_TREEROWS:OCCURRENCE:staphylinid beetles:Pitfall:Zo:crop:2023-06-12:2185"
"2186","Zo","crop","Pardosa palustris",2,"M","","Pitfall","Johan Van Keer","Ad",1,"Lycosidae","Araneae","spiders",51.106331,3.55805,2023-06-12,"DIGITAF_BIODIVERSITY_FLEMISH_TREEROWS:OCCURRENCE:spiders:Pitfall:Zo:crop:2023-06-12:2186"
"2187","Zo","crop","Agonum muelleri",2,"F","","Pitfall","Marc Vankerckvoorde","Ad",1,"Carabidae","Coleoptera","carabid beetles",51.106331,3.55805,2023-06-12,"DIGITAF_BIODIVERSITY_FLEMISH_TREEROWS:OCCURRENCE:carabid beetles:Pitfall:Zo:crop:2023-06-12:2187"
"2188","Zo","crop","Poecilus cupreus",2,"F","","Pitfall","Marc Vankerckvoorde","Ad",2,"Carabidae","Coleoptera","carabid beetles",51.106331,3.55805,2023-06-12,"DIGITAF_BIODIVERSITY_FLEMISH_TREEROWS:OCCURRENCE:carabid beetles:Pitfall:Zo:crop:2023-06-12:2188"
"2189","Zo","crop","Syntomus foveatus",2,"F","","Pitfall","Marc Vankerckvoorde","Ad",1,"Carabidae","Coleoptera","carabid beetles",51.106331,3.55805,2023-06-12,"DIGITAF_BIODIVERSITY_FLEMISH_TREEROWS:OCCURRENCE:carabid beetles:Pitfall:Zo:crop:2023-06-12:2189"
"2190","Zo","crop","Lasius niger",2,"F","","Pitfall","Wouter Dekoninck","Ad",1,"Formicidae","Hymenoptera","ants",51.106331,3.55805,2023-06-12,"DIGITAF_BIODIVERSITY_FLEMISH_TREEROWS:OCCURRENCE:ants:Pitfall:Zo:crop:2023-06-12:2190"
"2191","Zo","crtl","Pardosa tenuipes",2,"F","","Pitfall","Johan Van Keer","Ad",2,"Lycosidae","Araneae","spiders",51.106567,3.557371,2023-06-12,"DIGITAF_BIODIVERSITY_FLEMISH_TREEROWS:OCCURRENCE:spiders:Pitfall:Zo:crtl:2023-06-12:2191"
"2192","Zo","crtl","Calathus erratus",2,"M","","Pitfall","Marc Vankerckvoorde","Ad",1,"Carabidae","Coleoptera","carabid beetles",51.106567,3.557371,2023-06-12,"DIGITAF_BIODIVERSITY_FLEMISH_TREEROWS:OCCURRENCE:carabid beetles:Pitfall:Zo:crtl:2023-06-12:2192"
"2193","Zo","crtl","Philonthus cognatus",1,"","","Pitfall","Marc Vankerckvoorde","Ad",5,"Staphylinidae","Coleoptera","staphylinid beetles",51.106567,3.557371,2023-06-12,"DIGITAF_BIODIVERSITY_FLEMISH_TREEROWS:OCCURRENCE:staphylinid beetles:Pitfall:Zo:crtl:2023-06-12:2193"
"2194","Zo","crtl","Trochosa ruricola",1,"F","","Pitfall","Johan Van Keer","Ad",1,"Lycosidae","Araneae","spiders",51.106567,3.557371,2023-06-12,"DIGITAF_BIODIVERSITY_FLEMISH_TREEROWS:OCCURRENCE:spiders:Pitfall:Zo:crtl:2023-06-12:2194"
"2195","Zo","crtl","Harpalus luteicornis",2,"M","","Pitfall","Marc Vankerckvoorde","Ad",1,"Carabidae","Coleoptera","carabid beetles",51.106567,3.557371,2023-06-12,"DIGITAF_BIODIVERSITY_FLEMISH_TREEROWS:OCCURRENCE:carabid beetles:Pitfall:Zo:crtl:2023-06-12:2195"
"2196","Zo","crtl","Aleocharinae spec.",1,"","","Pitfall","Marc Vankerckvoorde","Ad",1,"Staphylinidae","Coleoptera","staphylinid beetles",51.106567,3.557371,2023-06-12,"DIGITAF_BIODIVERSITY_FLEMISH_TREEROWS:OCCURRENCE:staphylinid beetles:Pitfall:Zo:crtl:2023-06-12:2196"
"2197","Zo","crtl","Pardosa nigriceps",2,"M","","Pitfall","Johan Van Keer","Ad",2,"Lycosidae","Araneae","spiders",51.106567,3.557371,2023-06-12,"DIGITAF_BIODIVERSITY_FLEMISH_TREEROWS:OCCURRENCE:spiders:Pitfall:Zo:crtl:2023-06-12:2197"
"2198","Zo","crtl","Calathus fuscipes",2,"M","","Pitfall","Marc Vankerckvoorde","Ad",1,"Carabidae","Coleoptera","carabid beetles",51.106567,3.557371,2023-06-12,"DIGITAF_BIODIVERSITY_FLEMISH_TREEROWS:OCCURRENCE:carabid beetles:Pitfall:Zo:crtl:2023-06-12:2198"
"2199","Zo","crtl","Poecilus versicolor",2,"M","","Pitfall","Marc Vankerckvoorde","Ad",7,"Carabidae","Coleoptera","carabid beetles",51.106567,3.557371,2023-06-12,"DIGITAF_BIODIVERSITY_FLEMISH_TREEROWS:OCCURRENCE:carabid beetles:Pitfall:Zo:crtl:2023-06-12:2199"
"2200","Zo","crtl","Pardosa tenuipes",1,"M","","Pitfall","Johan Van Keer","Ad",1,"Lycosidae","Araneae","spiders",51.106567,3.557371,2023-06-12,"DIGITAF_BIODIVERSITY_FLEMISH_TREEROWS:OCCURRENCE:spiders:Pitfall:Zo:crtl:2023-06-12:2200"
"2201","Zo","crtl","Philonthus cognatus",2,"","","Pitfall","Marc Vankerckvoorde","Ad",2,"Staphylinidae","Coleoptera","staphylinid beetles",51.106567,3.557371,2023-06-12,"DIGITAF_BIODIVERSITY_FLEMISH_TREEROWS:OCCURRENCE:staphylinid beetles:Pitfall:Zo:crtl:2023-06-12:2201"
"2202","Zo","crtl","Pachygnatha degeeri",1,"M","","Pitfall","Johan Van Keer","Ad",2,"Tetragnathidae","Araneae","spiders",51.106567,3.557371,2023-06-12,"DIGITAF_BIODIVERSITY_FLEMISH_TREEROWS:OCCURRENCE:spiders:Pitfall:Zo:crtl:2023-06-12:2202"
"2203","Zo","crtl","Tenuiphantes tenuis",1,"F","","Pitfall","Johan Van Keer","Ad",4,"Linyphiidae","Araneae","spiders",51.106567,3.557371,2023-06-12,"DIGITAF_BIODIVERSITY_FLEMISH_TREEROWS:OCCURRENCE:spiders:Pitfall:Zo:crtl:2023-06-12:2203"
"2204","Zo","crtl","Alopecosa pulverulenta",2,"F","","Pitfall","Johan Van Keer","Ad",1,"Lycosidae","Araneae","spiders",51.106567,3.557371,2023-06-12,"DIGITAF_BIODIVERSITY_FLEMISH_TREEROWS:OCCURRENCE:spiders:Pitfall:Zo:crtl:2023-06-12:2204"
"2205","Zo","crtl","Micaria micans",1,"M","","Pitfall","Johan Van Keer","Ad",1,"Gnaphosidae","Araneae","spiders",51.106567,3.557371,2023-06-12,"DIGITAF_BIODIVERSITY_FLEMISH_TREEROWS:OCCURRENCE:spiders:Pitfall:Zo:crtl:2023-06-12:2205"
"2206","Zo","crtl","Harpalus luteicornis",1,"F","","Pitfall","Marc Vankerckvoorde","Ad",1,"Carabidae","Coleoptera","carabid beetles",51.106567,3.557371,2023-06-12,"DIGITAF_BIODIVERSITY_FLEMISH_TREEROWS:OCCURRENCE:carabid beetles:Pitfall:Zo:crtl:2023-06-12:2206"
"2207","Zo","crtl","Enoplognatha thoracica",2,"F","","Pitfall","Johan Van Keer","Ad",1,"Theridiidae","Araneae","spiders",51.106567,3.557371,2023-06-12,"DIGITAF_BIODIVERSITY_FLEMISH_TREEROWS:OCCURRENCE:spiders:Pitfall:Zo:crtl:2023-06-12:2207"
"2208","Zo","crtl","Lasius brunneus",1,"F","","Pitfall","Wouter Dekoninck","Ad",1,"Formicidae","Hymenoptera","ants",51.106567,3.557371,2023-06-12,"DIGITAF_BIODIVERSITY_FLEMISH_TREEROWS:OCCURRENCE:ants:Pitfall:Zo:crtl:2023-06-12:2208"
"2209","Zo","crtl","Alopecosa pulverulenta",2,"M","","Pitfall","Johan Van Keer","Ad",8,"Lycosidae","Araneae","spiders",51.106567,3.557371,2023-06-12,"DIGITAF_BIODIVERSITY_FLEMISH_TREEROWS:OCCURRENCE:spiders:Pitfall:Zo:crtl:2023-06-12:2209"
"2210","Zo","crtl","Alopecosa pulverulenta",1,"M","","Pitfall","Johan Van Keer","Ad",5,"Lycosidae","Araneae","spiders",51.106567,3.557371,2023-06-12,"DIGITAF_BIODIVERSITY_FLEMISH_TREEROWS:OCCURRENCE:spiders:Pitfall:Zo:crtl:2023-06-12:2210"
"2211","Zo","crtl","Harpalus rufipes",1,"F","","Pitfall","Marc Vankerckvoorde","Ad",1,"Carabidae","Coleoptera","carabid beetles",51.106567,3.557371,2023-06-12,"DIGITAF_BIODIVERSITY_FLEMISH_TREEROWS:OCCURRENCE:carabid beetles:Pitfall:Zo:crtl:2023-06-12:2211"
"2212","Zo","crtl","Lithobius microps",1,"","","Pitfall","Koen Lock","Ad",1,"Lithobiidae","Lithobiomorpha","centipedes",51.106567,3.557371,2023-06-12,"DIGITAF_BIODIVERSITY_FLEMISH_TREEROWS:OCCURRENCE:centipedes:Pitfall:Zo:crtl:2023-06-12:2212"
"2213","Zo","crtl","Pardosa tenuipes",1,"F","","Pitfall","Johan Van Keer","Ad",6,"Lycosidae","Araneae","spiders",51.106567,3.557371,2023-06-12,"DIGITAF_BIODIVERSITY_FLEMISH_TREEROWS:OCCURRENCE:spiders:Pitfall:Zo:crtl:2023-06-12:2213"
"2214","Zo","crtl","Harpalus affinis",2,"F","","Pitfall","Marc Vankerckvoorde","Ad",1,"Carabidae","Coleoptera","carabid beetles",51.106567,3.557371,2023-06-12,"DIGITAF_BIODIVERSITY_FLEMISH_TREEROWS:OCCURRENCE:carabid beetles:Pitfall:Zo:crtl:2023-06-12:2214"
"2215","Zo","crtl","Pardosa nigriceps",2,"F","","Pitfall","Johan Van Keer","Ad",4,"Lycosidae","Araneae","spiders",51.106567,3.557371,2023-06-12,"DIGITAF_BIODIVERSITY_FLEMISH_TREEROWS:OCCURRENCE:spiders:Pitfall:Zo:crtl:2023-06-12:2215"
"2216","Zo","crtl","Poecilus versicolor",1,"F","","Pitfall","Marc Vankerckvoorde","Ad",1,"Carabidae","Coleoptera","carabid beetles",51.106567,3.557371,2023-06-12,"DIGITAF_BIODIVERSITY_FLEMISH_TREEROWS:OCCURRENCE:carabid beetles:Pitfall:Zo:crtl:2023-06-12:2216"
"2217","Zo","crtl","Poecilus versicolor",1,"M","","Pitfall","Marc Vankerckvoorde","Ad",5,"Carabidae","Coleoptera","carabid beetles",51.106567,3.557371,2023-06-12,"DIGITAF_BIODIVERSITY_FLEMISH_TREEROWS:OCCURRENCE:carabid beetles:Pitfall:Zo:crtl:2023-06-12:2217"
"2218","Zo","crtl","Pardosa nigriceps",1,"M","","Pitfall","Johan Van Keer","Ad",7,"Lycosidae","Araneae","spiders",51.106567,3.557371,2023-06-12,"DIGITAF_BIODIVERSITY_FLEMISH_TREEROWS:OCCURRENCE:spiders:Pitfall:Zo:crtl:2023-06-12:2218"
"2219","Zo","crtl","Anotylus sculpturatus/mutator",1,"F","","Pitfall","Marc Vankerckvoorde","Ad",1,"Staphylinidae","Coleoptera","staphylinid beetles",51.106567,3.557371,2023-06-12,"DIGITAF_BIODIVERSITY_FLEMISH_TREEROWS:OCCURRENCE:staphylinid beetles:Pitfall:Zo:crtl:2023-06-12:2219"
"2220","Zo","crtl","Enoplognatha thoracica",1,"F","","Pitfall","Johan Van Keer","Ad",1,"Theridiidae","Araneae","spiders",51.106567,3.557371,2023-06-12,"DIGITAF_BIODIVERSITY_FLEMISH_TREEROWS:OCCURRENCE:spiders:Pitfall:Zo:crtl:2023-06-12:2220"
"2221","Zo","crtl","Margarinotus purpurascens",1,"","","Pitfall","Marc Vankerckvoorde","Ad",4,"Histeridae","Coleoptera","other beetles",51.106567,3.557371,2023-06-12,"DIGITAF_BIODIVERSITY_FLEMISH_TREEROWS:OCCURRENCE:other beetles:Pitfall:Zo:crtl:2023-06-12:2221"
"2222","Zo","crtl","Harpalus rufipes",2,"M","","Pitfall","Marc Vankerckvoorde","Ad",1,"Carabidae","Coleoptera","carabid beetles",51.106567,3.557371,2023-06-12,"DIGITAF_BIODIVERSITY_FLEMISH_TREEROWS:OCCURRENCE:carabid beetles:Pitfall:Zo:crtl:2023-06-12:2222"
"2223","Zo","crtl","Lasius niger",2,"F","","Pitfall","Wouter Dekoninck","Ad",2,"Formicidae","Hymenoptera","ants",51.106567,3.557371,2023-06-12,"DIGITAF_BIODIVERSITY_FLEMISH_TREEROWS:OCCURRENCE:ants:Pitfall:Zo:crtl:2023-06-12:2223"
"2224","Zo","crtl","Drassyllus pusillus",1,"M","","Pitfall","Johan Van Keer","Ad",1,"Gnaphosidae","Araneae","spiders",51.106567,3.557371,2023-06-12,"DIGITAF_BIODIVERSITY_FLEMISH_TREEROWS:OCCURRENCE:spiders:Pitfall:Zo:crtl:2023-06-12:2224"
"2225","Zo","crtl","Poecilus versicolor",2,"F","","Pitfall","Marc Vankerckvoorde","Ad",4,"Carabidae","Coleoptera","carabid beetles",51.106567,3.557371,2023-06-12,"DIGITAF_BIODIVERSITY_FLEMISH_TREEROWS:OCCURRENCE:carabid beetles:Pitfall:Zo:crtl:2023-06-12:2225"
"2226","Zo","crtl","Brachyiulus pusillus",1,"M","","Pitfall","Pallieter De Smedt","Ad",1,"Julidae","Julida","millipedes",51.106567,3.557371,2023-06-12,"DIGITAF_BIODIVERSITY_FLEMISH_TREEROWS:OCCURRENCE:millipedes:Pitfall:Zo:crtl:2023-06-12:2226"
"2227","Zo","crtl","Acupalpus meridianus",1,"","","Pitfall","Marc Vankerckvoorde","Ad",1,"Carabidae","Coleoptera","carabid beetles",51.106567,3.557371,2023-06-12,"DIGITAF_BIODIVERSITY_FLEMISH_TREEROWS:OCCURRENCE:carabid beetles:Pitfall:Zo:crtl:2023-06-12:2227"
"2228","Zo","crtl","Pardosa nigriceps",1,"F","","Pitfall","Johan Van Keer","Ad",6,"Lycosidae","Araneae","spiders",51.106567,3.557371,2023-06-12,"DIGITAF_BIODIVERSITY_FLEMISH_TREEROWS:OCCURRENCE:spiders:Pitfall:Zo:crtl:2023-06-12:2228"
"2229","Zo","crtl","Trachyzelotes pedestris",2,"M","","Pitfall","Léon Baert","Ad",1,"Gnaphosidae","Araneae","spiders",51.106567,3.557371,2023-06-12,"DIGITAF_BIODIVERSITY_FLEMISH_TREEROWS:OCCURRENCE:spiders:Pitfall:Zo:crtl:2023-06-12:2229"
"2230","Zo","crtl","Trachyzelotes pedestris",2,"M","","Pitfall","Johan Van Keer","Ad",12,"Gnaphosidae","Araneae","spiders",51.106567,3.557371,2023-06-12,"DIGITAF_BIODIVERSITY_FLEMISH_TREEROWS:OCCURRENCE:spiders:Pitfall:Zo:crtl:2023-06-12:2230"
"2231","Zo","crtl","Trochosa ruricola",1,"M","","Pitfall","Johan Van Keer","Ad",3,"Lycosidae","Araneae","spiders",51.106567,3.557371,2023-06-12,"DIGITAF_BIODIVERSITY_FLEMISH_TREEROWS:OCCURRENCE:spiders:Pitfall:Zo:crtl:2023-06-12:2231"
"2232","Zo","crtl","Pardosa pullata",2,"M","","Pitfall","Johan Van Keer","Ad",1,"Lycosidae","Araneae","spiders",51.106567,3.557371,2023-06-12,"DIGITAF_BIODIVERSITY_FLEMISH_TREEROWS:OCCURRENCE:spiders:Pitfall:Zo:crtl:2023-06-12:2232"
"2233","Zo","crtl","Asaphidion curtum",1,"F","","Pitfall","Marc Vankerckvoorde","Ad",1,"Carabidae","Coleoptera","carabid beetles",51.106567,3.557371,2023-06-12,"DIGITAF_BIODIVERSITY_FLEMISH_TREEROWS:OCCURRENCE:carabid beetles:Pitfall:Zo:crtl:2023-06-12:2233"
"2234","Zo","crtl","Harpalus tardus",2,"F","","Pitfall","Marc Vankerckvoorde","Ad",3,"Carabidae","Coleoptera","carabid beetles",51.106567,3.557371,2023-06-12,"DIGITAF_BIODIVERSITY_FLEMISH_TREEROWS:OCCURRENCE:carabid beetles:Pitfall:Zo:crtl:2023-06-12:2234"
"2235","Zo","crtl","Cylindroiulus latestriatus",1,"M","","Pitfall","Pallieter De Smedt","Ad",1,"Julidae","Julida","millipedes",51.106567,3.557371,2023-06-12,"DIGITAF_BIODIVERSITY_FLEMISH_TREEROWS:OCCURRENCE:millipedes:Pitfall:Zo:crtl:2023-06-12:2235"
"2236","Zo","crtl","Trachyzelotes pedestris",2,"F","","Pitfall","Johan Van Keer","Ad",10,"Gnaphosidae","Araneae","spiders",51.106567,3.557371,2023-06-12,"DIGITAF_BIODIVERSITY_FLEMISH_TREEROWS:OCCURRENCE:spiders:Pitfall:Zo:crtl:2023-06-12:2236"
"2237","Zo","crtl","Trochosa ruricola",2,"M","","Pitfall","Johan Van Keer","Ad",3,"Lycosidae","Araneae","spiders",51.106567,3.557371,2023-06-12,"DIGITAF_BIODIVERSITY_FLEMISH_TREEROWS:OCCURRENCE:spiders:Pitfall:Zo:crtl:2023-06-12:2237"
"2238","Zo","crtl","Pardosa palustris",2,"M","","Pitfall","Johan Van Keer","Ad",11,"Lycosidae","Araneae","spiders",51.106567,3.557371,2023-06-12,"DIGITAF_BIODIVERSITY_FLEMISH_TREEROWS:OCCURRENCE:spiders:Pitfall:Zo:crtl:2023-06-12:2238"
"2239","Zo","crtl","Lasius niger",1,"F","","Pitfall","Wouter Dekoninck","Ad",40,"Formicidae","Hymenoptera","ants",51.106567,3.557371,2023-06-12,"DIGITAF_BIODIVERSITY_FLEMISH_TREEROWS:OCCURRENCE:ants:Pitfall:Zo:crtl:2023-06-12:2239"
"2240","Zo","crtl","Harpalus tardus",1,"F","","Pitfall","Marc Vankerckvoorde","Ad",1,"Carabidae","Coleoptera","carabid beetles",51.106567,3.557371,2023-06-12,"DIGITAF_BIODIVERSITY_FLEMISH_TREEROWS:OCCURRENCE:carabid beetles:Pitfall:Zo:crtl:2023-06-12:2240"
"2241","Zo","crtl","Gyrohypnus angustatus",1,"","","Pitfall","Marc Vankerckvoorde","Ad",1,"Staphylinidae","Coleoptera","staphylinid beetles",51.106567,3.557371,2023-06-12,"DIGITAF_BIODIVERSITY_FLEMISH_TREEROWS:OCCURRENCE:staphylinid beetles:Pitfall:Zo:crtl:2023-06-12:2241"
"2242","Zo","crtl","Pardosa pullata",2,"F","","Pitfall","Johan Van Keer","Ad",2,"Lycosidae","Araneae","spiders",51.106567,3.557371,2023-06-12,"DIGITAF_BIODIVERSITY_FLEMISH_TREEROWS:OCCURRENCE:spiders:Pitfall:Zo:crtl:2023-06-12:2242"
"2243","Zo","crtl","Pardosa pullata",1,"F","","Pitfall","Johan Van Keer","Ad",1,"Lycosidae","Araneae","spiders",51.106567,3.557371,2023-06-12,"DIGITAF_BIODIVERSITY_FLEMISH_TREEROWS:OCCURRENCE:spiders:Pitfall:Zo:crtl:2023-06-12:2243"
"2244","Zo","crtl","Trachyzelotes pedestris",1,"M","","Pitfall","Johan Van Keer","Ad",3,"Gnaphosidae","Araneae","spiders",51.106567,3.557371,2023-06-12,"DIGITAF_BIODIVERSITY_FLEMISH_TREEROWS:OCCURRENCE:spiders:Pitfall:Zo:crtl:2023-06-12:2244"
"2245","Zo","crtl","Xysticus cristatus",1,"M","","Pitfall","Johan Van Keer","Ad",2,"Thomisidae","Araneae","spiders",51.106567,3.557371,2023-06-12,"DIGITAF_BIODIVERSITY_FLEMISH_TREEROWS:OCCURRENCE:spiders:Pitfall:Zo:crtl:2023-06-12:2245"
"2246","Zo","crtl","Pardosa pullata",1,"M","","Pitfall","Johan Van Keer","Ad",1,"Lycosidae","Araneae","spiders",51.106567,3.557371,2023-06-12,"DIGITAF_BIODIVERSITY_FLEMISH_TREEROWS:OCCURRENCE:spiders:Pitfall:Zo:crtl:2023-06-12:2246"
"2247","Zo","crtl","Pardosa palustris",1,"M","","Pitfall","Johan Van Keer","Ad",15,"Lycosidae","Araneae","spiders",51.106567,3.557371,2023-06-12,"DIGITAF_BIODIVERSITY_FLEMISH_TREEROWS:OCCURRENCE:spiders:Pitfall:Zo:crtl:2023-06-12:2247"
"2248","Zo","crtl","Trachyzelotes pedestris",1,"F","","Pitfall","Johan Van Keer","Ad",6,"Gnaphosidae","Araneae","spiders",51.106567,3.557371,2023-06-12,"DIGITAF_BIODIVERSITY_FLEMISH_TREEROWS:OCCURRENCE:spiders:Pitfall:Zo:crtl:2023-06-12:2248"
"2249","Zo","crtl","Lasius fuliginosus",1,"F","","Pitfall","Wouter Dekoninck","Ad",1,"Formicidae","Hymenoptera","ants",51.106567,3.557371,2023-06-12,"DIGITAF_BIODIVERSITY_FLEMISH_TREEROWS:OCCURRENCE:ants:Pitfall:Zo:crtl:2023-06-12:2249"
"2250","Zo","crtl","Harpalus tardus",2,"M","","Pitfall","Marc Vankerckvoorde","Ad",1,"Carabidae","Coleoptera","carabid beetles",51.106567,3.557371,2023-06-12,"DIGITAF_BIODIVERSITY_FLEMISH_TREEROWS:OCCURRENCE:carabid beetles:Pitfall:Zo:crtl:2023-06-12:2250"
"2251","Zo","tree","Polydesmus inconstans",2,"M","","Pitfall","Pallieter De Smedt","Ad",2,"Polydesmidae","Polydesmida","millipedes",51.105865,3.556603,2023-06-12,"DIGITAF_BIODIVERSITY_FLEMISH_TREEROWS:OCCURRENCE:millipedes:Pitfall:Zo:tree:2023-06-12:2251"
"2252","Zo","tree","Polydesmus angustus",2,"M","","Pitfall","Pallieter De Smedt","Ad",1,"Polydesmidae","Polydesmida","millipedes",51.105865,3.556603,2023-06-12,"DIGITAF_BIODIVERSITY_FLEMISH_TREEROWS:OCCURRENCE:millipedes:Pitfall:Zo:tree:2023-06-12:2252"
"2253","Zo","tree","Amara anthobia",1,"F","","Pitfall","Marc Vankerckvoorde","Ad",1,"Carabidae","Coleoptera","carabid beetles",51.105865,3.556603,2023-06-12,"DIGITAF_BIODIVERSITY_FLEMISH_TREEROWS:OCCURRENCE:carabid beetles:Pitfall:Zo:tree:2023-06-12:2253"
"2254","Zo","tree","Amara familiaris",1,"M","","Pitfall","Marc Vankerckvoorde","Ad",1,"Carabidae","Coleoptera","carabid beetles",51.105865,3.556603,2023-06-12,"DIGITAF_BIODIVERSITY_FLEMISH_TREEROWS:OCCURRENCE:carabid beetles:Pitfall:Zo:tree:2023-06-12:2254"
"2255","Zo","tree","Aleocharinae spec.",1,"","","Pitfall","Marc Vankerckvoorde","Ad",9,"Staphylinidae","Coleoptera","staphylinid beetles",51.105865,3.556603,2023-06-12,"DIGITAF_BIODIVERSITY_FLEMISH_TREEROWS:OCCURRENCE:staphylinid beetles:Pitfall:Zo:tree:2023-06-12:2255"
"2256","Zo","tree","Trachyzelotes pedestris",1,"M","","Pitfall","Johan Van Keer","Ad",2,"Gnaphosidae","Araneae","spiders",51.105865,3.556603,2023-06-12,"DIGITAF_BIODIVERSITY_FLEMISH_TREEROWS:OCCURRENCE:spiders:Pitfall:Zo:tree:2023-06-12:2256"
"2257","Zo","tree","Diplostyla concolor",2,"M","","Pitfall","Léon Baert","Ad",1,"Linyphiidae","Araneae","spiders",51.105865,3.556603,2023-06-12,"DIGITAF_BIODIVERSITY_FLEMISH_TREEROWS:OCCURRENCE:spiders:Pitfall:Zo:tree:2023-06-12:2257"
"2258","Zo","tree","Bathyphantes parvulus",1,"M","","Pitfall","Johan Van Keer","Ad",1,"Linyphiidae","Araneae","spiders",51.105865,3.556603,2023-06-12,"DIGITAF_BIODIVERSITY_FLEMISH_TREEROWS:OCCURRENCE:spiders:Pitfall:Zo:tree:2023-06-12:2258"
"2259","Zo","tree","Aleocharinae spec.",2,"","","Pitfall","Marc Vankerckvoorde","Ad",1,"Staphylinidae","Coleoptera","staphylinid beetles",51.105865,3.556603,2023-06-12,"DIGITAF_BIODIVERSITY_FLEMISH_TREEROWS:OCCURRENCE:staphylinid beetles:Pitfall:Zo:tree:2023-06-12:2259"
"2260","Zo","tree","Philoscia muscorum",2,"","","Pitfall","Pallieter De Smedt","Ad",36,"Philosciidae","Isopoda","woodlice",51.105865,3.556603,2023-06-12,"DIGITAF_BIODIVERSITY_FLEMISH_TREEROWS:OCCURRENCE:woodlice:Pitfall:Zo:tree:2023-06-12:2260"
"2261","Zo","tree","Pardosa amentata",2,"F","","Pitfall","Johan Van Keer","Ad",1,"Lycosidae","Araneae","spiders",51.105865,3.556603,2023-06-12,"DIGITAF_BIODIVERSITY_FLEMISH_TREEROWS:OCCURRENCE:spiders:Pitfall:Zo:tree:2023-06-12:2261"
"2262","Zo","tree","Brachyiulus pusillus",1,"F","","Pitfall","Pallieter De Smedt","Ad",3,"Julidae","Julida","millipedes",51.105865,3.556603,2023-06-12,"DIGITAF_BIODIVERSITY_FLEMISH_TREEROWS:OCCURRENCE:millipedes:Pitfall:Zo:tree:2023-06-12:2262"
"2263","Zo","tree","Syntomus truncatellus",2,"M","","Pitfall","Marc Vankerckvoorde","Ad",1,"Carabidae","Coleoptera","carabid beetles",51.105865,3.556603,2023-06-12,"DIGITAF_BIODIVERSITY_FLEMISH_TREEROWS:OCCURRENCE:carabid beetles:Pitfall:Zo:tree:2023-06-12:2263"
"2264","Zo","tree","Poecilus versicolor",1,"M","","Pitfall","Marc Vankerckvoorde","Ad",1,"Carabidae","Coleoptera","carabid beetles",51.105865,3.556603,2023-06-12,"DIGITAF_BIODIVERSITY_FLEMISH_TREEROWS:OCCURRENCE:carabid beetles:Pitfall:Zo:tree:2023-06-12:2264"
"2265","Zo","tree","Lasius niger",2,"F","","Pitfall","Wouter Dekoninck","Ad",14,"Formicidae","Hymenoptera","ants",51.105865,3.556603,2023-06-12,"DIGITAF_BIODIVERSITY_FLEMISH_TREEROWS:OCCURRENCE:ants:Pitfall:Zo:tree:2023-06-12:2265"
"2266","Zo","tree","Calathus rotundicollis",2,"F","","Pitfall","Marc Vankerckvoorde","Ad",1,"Carabidae","Coleoptera","carabid beetles",51.105865,3.556603,2023-06-12,"DIGITAF_BIODIVERSITY_FLEMISH_TREEROWS:OCCURRENCE:carabid beetles:Pitfall:Zo:tree:2023-06-12:2266"
"2267","Zo","tree","Trachyzelotes pedestris",2,"M","","Pitfall","Léon Baert","Ad",2,"Gnaphosidae","Araneae","spiders",51.105865,3.556603,2023-06-12,"DIGITAF_BIODIVERSITY_FLEMISH_TREEROWS:OCCURRENCE:spiders:Pitfall:Zo:tree:2023-06-12:2267"
"2268","Zo","tree","Agyneta rurestris",2,"M","","Pitfall","Léon Baert","Ad",1,"Linyphiidae","Araneae","spiders",51.105865,3.556603,2023-06-12,"DIGITAF_BIODIVERSITY_FLEMISH_TREEROWS:OCCURRENCE:spiders:Pitfall:Zo:tree:2023-06-12:2268"
"2269","Zo","tree","Armadillidium vulgare",2,"","","Pitfall","Pallieter De Smedt","Ad",12,"Armadillidiidae","Isopoda","woodlice",51.105865,3.556603,2023-06-12,"DIGITAF_BIODIVERSITY_FLEMISH_TREEROWS:OCCURRENCE:woodlice:Pitfall:Zo:tree:2023-06-12:2269"
"2270","Zo","tree","Amara familiaris",1,"F","","Pitfall","Marc Vankerckvoorde","Ad",1,"Carabidae","Coleoptera","carabid beetles",51.105865,3.556603,2023-06-12,"DIGITAF_BIODIVERSITY_FLEMISH_TREEROWS:OCCURRENCE:carabid beetles:Pitfall:Zo:tree:2023-06-12:2270"
"2271","Zo","tree","Oniscus asellus",2,"","","Pitfall","Pallieter De Smedt","Ad",2,"Oniscidae","Isopoda","woodlice",51.105865,3.556603,2023-06-12,"DIGITAF_BIODIVERSITY_FLEMISH_TREEROWS:OCCURRENCE:woodlice:Pitfall:Zo:tree:2023-06-12:2271"
"2272","Zo","tree","Porcellio scaber",2,"","","Pitfall","Pallieter De Smedt","Ad",29,"Porcellionidae","Isopoda","woodlice",51.105865,3.556603,2023-06-12,"DIGITAF_BIODIVERSITY_FLEMISH_TREEROWS:OCCURRENCE:woodlice:Pitfall:Zo:tree:2023-06-12:2272"
"2273","Zo","tree","Amara anthobia",1,"M","","Pitfall","Marc Vankerckvoorde","Ad",23,"Carabidae","Coleoptera","carabid beetles",51.105865,3.556603,2023-06-12,"DIGITAF_BIODIVERSITY_FLEMISH_TREEROWS:OCCURRENCE:carabid beetles:Pitfall:Zo:tree:2023-06-12:2273"
"2274","Zo","tree","Nebria salina",1,"F","","Pitfall","Marc Vankerckvoorde","Ad",2,"Carabidae","Coleoptera","carabid beetles",51.105865,3.556603,2023-06-12,"DIGITAF_BIODIVERSITY_FLEMISH_TREEROWS:OCCURRENCE:carabid beetles:Pitfall:Zo:tree:2023-06-12:2274"
"2275","Zo","tree","Parophonus maculicornis",2,"F","","Pitfall","Marc Vankerckvoorde","Ad",1,"Carabidae","Coleoptera","carabid beetles",51.105865,3.556603,2023-06-12,"DIGITAF_BIODIVERSITY_FLEMISH_TREEROWS:OCCURRENCE:carabid beetles:Pitfall:Zo:tree:2023-06-12:2275"
"2276","Zo","tree","Poecilus versicolor",2,"F","","Pitfall","Marc Vankerckvoorde","Ad",2,"Carabidae","Coleoptera","carabid beetles",51.105865,3.556603,2023-06-12,"DIGITAF_BIODIVERSITY_FLEMISH_TREEROWS:OCCURRENCE:carabid beetles:Pitfall:Zo:tree:2023-06-12:2276"
"2277","Zo","tree","Harpalus tardus",1,"M","","Pitfall","Marc Vankerckvoorde","Ad",5,"Carabidae","Coleoptera","carabid beetles",51.105865,3.556603,2023-06-12,"DIGITAF_BIODIVERSITY_FLEMISH_TREEROWS:OCCURRENCE:carabid beetles:Pitfall:Zo:tree:2023-06-12:2277"
"2278","Zo","tree","Phrurolithus festivus",1,"M","","Pitfall","Léon Baert","Ad",1,"Phrurolithidae","Araneae","spiders",51.105865,3.556603,2023-06-12,"DIGITAF_BIODIVERSITY_FLEMISH_TREEROWS:OCCURRENCE:spiders:Pitfall:Zo:tree:2023-06-12:2278"
"2279","Zo","tree","Philonthus carbonarius",1,"","","Pitfall","Marc Vankerckvoorde","Ad",2,"Staphylinidae","Coleoptera","staphylinid beetles",51.105865,3.556603,2023-06-12,"DIGITAF_BIODIVERSITY_FLEMISH_TREEROWS:OCCURRENCE:staphylinid beetles:Pitfall:Zo:tree:2023-06-12:2279"
"2280","Zo","tree","Amara lunicollis",2,"M","","Pitfall","Marc Vankerckvoorde","Ad",1,"Carabidae","Coleoptera","carabid beetles",51.105865,3.556603,2023-06-12,"DIGITAF_BIODIVERSITY_FLEMISH_TREEROWS:OCCURRENCE:carabid beetles:Pitfall:Zo:tree:2023-06-12:2280"
"2281","Zo","tree","Poecilus versicolor",2,"M","","Pitfall","Marc Vankerckvoorde","Ad",6,"Carabidae","Coleoptera","carabid beetles",51.105865,3.556603,2023-06-12,"DIGITAF_BIODIVERSITY_FLEMISH_TREEROWS:OCCURRENCE:carabid beetles:Pitfall:Zo:tree:2023-06-12:2281"
"2282","Zo","tree","Philonthus cognatus",2,"","","Pitfall","Marc Vankerckvoorde","Ad",13,"Staphylinidae","Coleoptera","staphylinid beetles",51.105865,3.556603,2023-06-12,"DIGITAF_BIODIVERSITY_FLEMISH_TREEROWS:OCCURRENCE:staphylinid beetles:Pitfall:Zo:tree:2023-06-12:2282"
"2283","Zo","tree","Tenuiphantes tenuis",1,"M","","Pitfall","Léon Baert","Ad",2,"Linyphiidae","Araneae","spiders",51.105865,3.556603,2023-06-12,"DIGITAF_BIODIVERSITY_FLEMISH_TREEROWS:OCCURRENCE:spiders:Pitfall:Zo:tree:2023-06-12:2283"
"2284","Zo","tree","Trachyzelotes pedestris",1,"M","","Pitfall","Léon Baert","Ad",2,"Gnaphosidae","Araneae","spiders",51.105865,3.556603,2023-06-12,"DIGITAF_BIODIVERSITY_FLEMISH_TREEROWS:OCCURRENCE:spiders:Pitfall:Zo:tree:2023-06-12:2284"
"2285","Zo","tree","Nebria brevicollis",2,"M","","Pitfall","Marc Vankerckvoorde","Ad",1,"Carabidae","Coleoptera","carabid beetles",51.105865,3.556603,2023-06-12,"DIGITAF_BIODIVERSITY_FLEMISH_TREEROWS:OCCURRENCE:carabid beetles:Pitfall:Zo:tree:2023-06-12:2285"
"2286","Zo","tree","Polydesmus inconstans",1,"M","","Pitfall","Pallieter De Smedt","Ad",1,"Polydesmidae","Polydesmida","millipedes",51.105865,3.556603,2023-06-12,"DIGITAF_BIODIVERSITY_FLEMISH_TREEROWS:OCCURRENCE:millipedes:Pitfall:Zo:tree:2023-06-12:2286"
"2287","Zo","tree","Trachyzelotes pedestris",2,"F","","Pitfall","Johan Van Keer","Ad",1,"Gnaphosidae","Araneae","spiders",51.105865,3.556603,2023-06-12,"DIGITAF_BIODIVERSITY_FLEMISH_TREEROWS:OCCURRENCE:spiders:Pitfall:Zo:tree:2023-06-12:2287"
"2288","Zo","tree","Ozyptila praticola",1,"M","","Pitfall","Johan Van Keer","Ad",1,"Thomisidae","Araneae","spiders",51.105865,3.556603,2023-06-12,"DIGITAF_BIODIVERSITY_FLEMISH_TREEROWS:OCCURRENCE:spiders:Pitfall:Zo:tree:2023-06-12:2288"
"2289","Zo","tree","Philonthus cognatus",1,"","","Pitfall","Marc Vankerckvoorde","Ad",12,"Staphylinidae","Coleoptera","staphylinid beetles",51.105865,3.556603,2023-06-12,"DIGITAF_BIODIVERSITY_FLEMISH_TREEROWS:OCCURRENCE:staphylinid beetles:Pitfall:Zo:tree:2023-06-12:2289"
"2290","Zo","tree","Notiophilus rufipes",1,"M","","Pitfall","Marc Vankerckvoorde","Ad",1,"Carabidae","Coleoptera","carabid beetles",51.105865,3.556603,2023-06-12,"DIGITAF_BIODIVERSITY_FLEMISH_TREEROWS:OCCURRENCE:carabid beetles:Pitfall:Zo:tree:2023-06-12:2290"
"2291","Zo","tree","Harpalus tardus",2,"M","","Pitfall","Marc Vankerckvoorde","Ad",3,"Carabidae","Coleoptera","carabid beetles",51.105865,3.556603,2023-06-12,"DIGITAF_BIODIVERSITY_FLEMISH_TREEROWS:OCCURRENCE:carabid beetles:Pitfall:Zo:tree:2023-06-12:2291"
"2292","Zo","tree","Poecilus versicolor",1,"F","","Pitfall","Marc Vankerckvoorde","Ad",1,"Carabidae","Coleoptera","carabid beetles",51.105865,3.556603,2023-06-12,"DIGITAF_BIODIVERSITY_FLEMISH_TREEROWS:OCCURRENCE:carabid beetles:Pitfall:Zo:tree:2023-06-12:2292"
"2293","Zo","tree","Lasius fuliginosus",1,"F","","Pitfall","Wouter Dekoninck","Ad",1,"Formicidae","Hymenoptera","ants",51.105865,3.556603,2023-06-12,"DIGITAF_BIODIVERSITY_FLEMISH_TREEROWS:OCCURRENCE:ants:Pitfall:Zo:tree:2023-06-12:2293"
"2294","Zo","tree","Amara anthobia",2,"F","","Pitfall","Marc Vankerckvoorde","Ad",1,"Carabidae","Coleoptera","carabid beetles",51.105865,3.556603,2023-06-12,"DIGITAF_BIODIVERSITY_FLEMISH_TREEROWS:OCCURRENCE:carabid beetles:Pitfall:Zo:tree:2023-06-12:2294"
"2295","Zo","tree","Amara anthobia",2,"M","","Pitfall","Marc Vankerckvoorde","Ad",2,"Carabidae","Coleoptera","carabid beetles",51.105865,3.556603,2023-06-12,"DIGITAF_BIODIVERSITY_FLEMISH_TREEROWS:OCCURRENCE:carabid beetles:Pitfall:Zo:tree:2023-06-12:2295"
"2296","Zo","tree","Lasius niger",1,"F","","Pitfall","Wouter Dekoninck","Ad",15,"Formicidae","Hymenoptera","ants",51.105865,3.556603,2023-06-12,"DIGITAF_BIODIVERSITY_FLEMISH_TREEROWS:OCCURRENCE:ants:Pitfall:Zo:tree:2023-06-12:2296"
"2297","Zo","tree","Philonthus carbonarius",2,"","","Pitfall","Marc Vankerckvoorde","Ad",2,"Staphylinidae","Coleoptera","staphylinid beetles",51.105865,3.556603,2023-06-12,"DIGITAF_BIODIVERSITY_FLEMISH_TREEROWS:OCCURRENCE:staphylinid beetles:Pitfall:Zo:tree:2023-06-12:2297"
"2298","Zo","tree","Alopecosa pulverulenta",2,"M","","Pitfall","Johan Van Keer","Ad",1,"Lycosidae","Araneae","spiders",51.105865,3.556603,2023-06-12,"DIGITAF_BIODIVERSITY_FLEMISH_TREEROWS:OCCURRENCE:spiders:Pitfall:Zo:tree:2023-06-12:2298"
"2299","Zo","tree","Tenuiphantes tenuis",1,"F","","Pitfall","Léon Baert","Ad",3,"Linyphiidae","Araneae","spiders",51.105865,3.556603,2023-06-12,"DIGITAF_BIODIVERSITY_FLEMISH_TREEROWS:OCCURRENCE:spiders:Pitfall:Zo:tree:2023-06-12:2299"
"2300","Zo","tree","Tenuiphantes tenuis",1,"M","","Pitfall","Johan Van Keer","Ad",2,"Linyphiidae","Araneae","spiders",51.105865,3.556603,2023-06-12,"DIGITAF_BIODIVERSITY_FLEMISH_TREEROWS:OCCURRENCE:spiders:Pitfall:Zo:tree:2023-06-12:2300"
"2301","Zo","tree","Ozyptila trux",2,"M","","Pitfall","Johan Van Keer","Ad",1,"Thomisidae","Araneae","spiders",51.105865,3.556603,2023-06-12,"DIGITAF_BIODIVERSITY_FLEMISH_TREEROWS:OCCURRENCE:spiders:Pitfall:Zo:tree:2023-06-12:2301"
"2302","Zo","tree","Trachyzelotes pedestris",2,"M","","Pitfall","Johan Van Keer","Ad",4,"Gnaphosidae","Araneae","spiders",51.105865,3.556603,2023-06-12,"DIGITAF_BIODIVERSITY_FLEMISH_TREEROWS:OCCURRENCE:spiders:Pitfall:Zo:tree:2023-06-12:2302"
"2303","Zo","tree","Poecilus cupreus",1,"F","","Pitfall","Marc Vankerckvoorde","Ad",1,"Carabidae","Coleoptera","carabid beetles",51.105865,3.556603,2023-06-12,"DIGITAF_BIODIVERSITY_FLEMISH_TREEROWS:OCCURRENCE:carabid beetles:Pitfall:Zo:tree:2023-06-12:2303"
"2304","Zo","tree","Harpalus luteicornis",1,"F","","Pitfall","Marc Vankerckvoorde","Ad",1,"Carabidae","Coleoptera","carabid beetles",51.105865,3.556603,2023-06-12,"DIGITAF_BIODIVERSITY_FLEMISH_TREEROWS:OCCURRENCE:carabid beetles:Pitfall:Zo:tree:2023-06-12:2304"
"2305","Zo","tree","Brachyiulus pusillus",1,"M","","Pitfall","Pallieter De Smedt","Ad",5,"Julidae","Julida","millipedes",51.105865,3.556603,2023-06-12,"DIGITAF_BIODIVERSITY_FLEMISH_TREEROWS:OCCURRENCE:millipedes:Pitfall:Zo:tree:2023-06-12:2305"
"2306","Zo","tree","Brachyiulus pusillus",2,"F","","Pitfall","Pallieter De Smedt","Ad",1,"Julidae","Julida","millipedes",51.105865,3.556603,2023-06-12,"DIGITAF_BIODIVERSITY_FLEMISH_TREEROWS:OCCURRENCE:millipedes:Pitfall:Zo:tree:2023-06-12:2306"
"2307","Zo","tree","Harpalus tardus",2,"F","","Pitfall","Marc Vankerckvoorde","Ad",2,"Carabidae","Coleoptera","carabid beetles",51.105865,3.556603,2023-06-12,"DIGITAF_BIODIVERSITY_FLEMISH_TREEROWS:OCCURRENCE:carabid beetles:Pitfall:Zo:tree:2023-06-12:2307"
"2308","Zo","tree","Xantholinus longiventris",1,"","","Pitfall","Marc Vankerckvoorde","Ad",1,"Staphylinidae","Coleoptera","staphylinid beetles",51.105865,3.556603,2023-06-12,"DIGITAF_BIODIVERSITY_FLEMISH_TREEROWS:OCCURRENCE:staphylinid beetles:Pitfall:Zo:tree:2023-06-12:2308"
"2309","Zo","tree","Pterostichus strenuus",2,"F","","Pitfall","Marc Vankerckvoorde","Ad",1,"Carabidae","Coleoptera","carabid beetles",51.105865,3.556603,2023-06-12,"DIGITAF_BIODIVERSITY_FLEMISH_TREEROWS:OCCURRENCE:carabid beetles:Pitfall:Zo:tree:2023-06-12:2309"
"2310","Zo","tree","Alopecosa pulverulenta",2,"F","","Pitfall","Johan Van Keer","Ad",2,"Lycosidae","Araneae","spiders",51.105865,3.556603,2023-06-12,"DIGITAF_BIODIVERSITY_FLEMISH_TREEROWS:OCCURRENCE:spiders:Pitfall:Zo:tree:2023-06-12:2310"
"2311","Zo1","crtl","Anisodactylus binotatus",1,"F","","Pitfall","Marc Vankerckvoorde","Ad",4,"Carabidae","Coleoptera","carabid beetles",51.107437,3.567569,2023-06-12,"DIGITAF_BIODIVERSITY_FLEMISH_TREEROWS:OCCURRENCE:carabid beetles:Pitfall:Zo1:crtl:2023-06-12:2311"
"2312","Zo1","crtl","Trachyzelotes pedestris",2,"M","","Pitfall","Johan Van Keer","Ad",1,"Gnaphosidae","Araneae","spiders",51.107437,3.567569,2023-06-12,"DIGITAF_BIODIVERSITY_FLEMISH_TREEROWS:OCCURRENCE:spiders:Pitfall:Zo1:crtl:2023-06-12:2312"
"2313","Zo1","crtl","Aleocharinae spec.",2,"","","Pitfall","Marc Vankerckvoorde","Ad",1,"Staphylinidae","Coleoptera","staphylinid beetles",51.107437,3.567569,2023-06-12,"DIGITAF_BIODIVERSITY_FLEMISH_TREEROWS:OCCURRENCE:staphylinid beetles:Pitfall:Zo1:crtl:2023-06-12:2313"
"2314","Zo1","crtl","Pardosa amentata",2,"M","","Pitfall","Johan Van Keer","Ad",2,"Lycosidae","Araneae","spiders",51.107437,3.567569,2023-06-12,"DIGITAF_BIODIVERSITY_FLEMISH_TREEROWS:OCCURRENCE:spiders:Pitfall:Zo1:crtl:2023-06-12:2314"
"2315","Zo1","crtl","Trachyzelotes pedestris",1,"M","","Pitfall","Johan Van Keer","Ad",2,"Gnaphosidae","Araneae","spiders",51.107437,3.567569,2023-06-12,"DIGITAF_BIODIVERSITY_FLEMISH_TREEROWS:OCCURRENCE:spiders:Pitfall:Zo1:crtl:2023-06-12:2315"
"2316","Zo1","crtl","Amara aenea",2,"F","","Pitfall","Marc Vankerckvoorde","Ad",1,"Carabidae","Coleoptera","carabid beetles",51.107437,3.567569,2023-06-12,"DIGITAF_BIODIVERSITY_FLEMISH_TREEROWS:OCCURRENCE:carabid beetles:Pitfall:Zo1:crtl:2023-06-12:2316"
"2317","Zo1","crtl","Myrmica rubra",2,"F","","Pitfall","Wouter Dekoninck","Ad",2,"Formicidae","Hymenoptera","ants",51.107437,3.567569,2023-06-12,"DIGITAF_BIODIVERSITY_FLEMISH_TREEROWS:OCCURRENCE:ants:Pitfall:Zo1:crtl:2023-06-12:2317"
"2318","Zo1","crtl","Brachyiulus pusillus",2,"F","","Pitfall","Pallieter De Smedt","Ad",1,"Julidae","Julida","millipedes",51.107437,3.567569,2023-06-12,"DIGITAF_BIODIVERSITY_FLEMISH_TREEROWS:OCCURRENCE:millipedes:Pitfall:Zo1:crtl:2023-06-12:2318"
"2319","Zo1","crtl","Pardosa amentata",2,"F","","Pitfall","Johan Van Keer","Ad",2,"Lycosidae","Araneae","spiders",51.107437,3.567569,2023-06-12,"DIGITAF_BIODIVERSITY_FLEMISH_TREEROWS:OCCURRENCE:spiders:Pitfall:Zo1:crtl:2023-06-12:2319"
"2320","Zo1","crtl","Bembidion tetracolum",1,"M","","Pitfall","Marc Vankerckvoorde","Ad",1,"Carabidae","Coleoptera","carabid beetles",51.107437,3.567569,2023-06-12,"DIGITAF_BIODIVERSITY_FLEMISH_TREEROWS:OCCURRENCE:carabid beetles:Pitfall:Zo1:crtl:2023-06-12:2320"
"2321","Zo1","crtl","Poecilus versicolor",2,"M","","Pitfall","Marc Vankerckvoorde","Ad",1,"Carabidae","Coleoptera","carabid beetles",51.107437,3.567569,2023-06-12,"DIGITAF_BIODIVERSITY_FLEMISH_TREEROWS:OCCURRENCE:carabid beetles:Pitfall:Zo1:crtl:2023-06-12:2321"
"2322","Zo1","crtl","Cylindroiulus indet.",1,"","","Pitfall","Pallieter De Smedt","Ad",1,"Julidae","Julida","millipedes",51.107437,3.567569,2023-06-12,"DIGITAF_BIODIVERSITY_FLEMISH_TREEROWS:OCCURRENCE:millipedes:Pitfall:Zo1:crtl:2023-06-12:2322"
"2323","Zo1","crtl","Diplostyla concolor",1,"F","","Pitfall","Johan Van Keer","Ad",1,"Linyphiidae","Araneae","spiders",51.107437,3.567569,2023-06-12,"DIGITAF_BIODIVERSITY_FLEMISH_TREEROWS:OCCURRENCE:spiders:Pitfall:Zo1:crtl:2023-06-12:2323"
"2324","Zo1","crtl","Poecilus versicolor",1,"F","","Pitfall","Marc Vankerckvoorde","Ad",1,"Carabidae","Coleoptera","carabid beetles",51.107437,3.567569,2023-06-12,"DIGITAF_BIODIVERSITY_FLEMISH_TREEROWS:OCCURRENCE:carabid beetles:Pitfall:Zo1:crtl:2023-06-12:2324"
"2325","Zo1","crtl","Myrmica scabrinodis",1,"F","","Pitfall","Wouter Dekoninck","Ad",2,"Formicidae","Hymenoptera","ants",51.107437,3.567569,2023-06-12,"DIGITAF_BIODIVERSITY_FLEMISH_TREEROWS:OCCURRENCE:ants:Pitfall:Zo1:crtl:2023-06-12:2325"
"2326","Zo1","crtl","Dicymbium nigrum f. brevisetosum",1,"M","","Pitfall","Léon Baert","Ad",1,"Linyphiidae","Araneae","spiders",51.107437,3.567569,2023-06-12,"DIGITAF_BIODIVERSITY_FLEMISH_TREEROWS:OCCURRENCE:spiders:Pitfall:Zo1:crtl:2023-06-12:2326"
"2327","Zo1","crtl","Porcellio scaber",2,"","","Pitfall","Pallieter De Smedt","Ad",14,"Porcellionidae","Isopoda","woodlice",51.107437,3.567569,2023-06-12,"DIGITAF_BIODIVERSITY_FLEMISH_TREEROWS:OCCURRENCE:woodlice:Pitfall:Zo1:crtl:2023-06-12:2327"
"2328","Zo1","crtl","Trachyzelotes pedestris",1,"F","","Pitfall","Johan Van Keer","Ad",1,"Gnaphosidae","Araneae","spiders",51.107437,3.567569,2023-06-12,"DIGITAF_BIODIVERSITY_FLEMISH_TREEROWS:OCCURRENCE:spiders:Pitfall:Zo1:crtl:2023-06-12:2328"
"2329","Zo1","crtl","Philoscia muscorum",1,"","","Pitfall","Pallieter De Smedt","Ad",2,"Philosciidae","Isopoda","woodlice",51.107437,3.567569,2023-06-12,"DIGITAF_BIODIVERSITY_FLEMISH_TREEROWS:OCCURRENCE:woodlice:Pitfall:Zo1:crtl:2023-06-12:2329"
"2330","Zo1","crtl","Tibellus oblongus",2,"M","","Pitfall","Johan Van Keer","Ad",1,"Philodromidae","Araneae","spiders",51.107437,3.567569,2023-06-12,"DIGITAF_BIODIVERSITY_FLEMISH_TREEROWS:OCCURRENCE:spiders:Pitfall:Zo1:crtl:2023-06-12:2330"
"2331","Zo1","crtl","Diachromus germanus",2,"F","","Pitfall","Marc Vankerckvoorde","Ad",1,"Carabidae","Coleoptera","carabid beetles",51.107437,3.567569,2023-06-12,"DIGITAF_BIODIVERSITY_FLEMISH_TREEROWS:OCCURRENCE:carabid beetles:Pitfall:Zo1:crtl:2023-06-12:2331"
"2332","Zo1","crtl","Trochosa ruricola",1,"F","","Pitfall","Johan Van Keer","Ad",1,"Lycosidae","Araneae","spiders",51.107437,3.567569,2023-06-12,"DIGITAF_BIODIVERSITY_FLEMISH_TREEROWS:OCCURRENCE:spiders:Pitfall:Zo1:crtl:2023-06-12:2332"
"2333","Zo1","crtl","Philonthus carbonarius",1,"","","Pitfall","Marc Vankerckvoorde","Ad",1,"Staphylinidae","Coleoptera","staphylinid beetles",51.107437,3.567569,2023-06-12,"DIGITAF_BIODIVERSITY_FLEMISH_TREEROWS:OCCURRENCE:staphylinid beetles:Pitfall:Zo1:crtl:2023-06-12:2333"
"2334","Zo1","crtl","Aleocharinae spec.",1,"","","Pitfall","Marc Vankerckvoorde","Ad",2,"Staphylinidae","Coleoptera","staphylinid beetles",51.107437,3.567569,2023-06-12,"DIGITAF_BIODIVERSITY_FLEMISH_TREEROWS:OCCURRENCE:staphylinid beetles:Pitfall:Zo1:crtl:2023-06-12:2334"
"2335","Zo1","crtl","Anotylus sculpturatus/mutator",1,"F","","Pitfall","Marc Vankerckvoorde","Ad",1,"Staphylinidae","Coleoptera","staphylinid beetles",51.107437,3.567569,2023-06-12,"DIGITAF_BIODIVERSITY_FLEMISH_TREEROWS:OCCURRENCE:staphylinid beetles:Pitfall:Zo1:crtl:2023-06-12:2335"
"2336","Zo1","crtl","Cylindroiulus truncorum",1,"M","","Pitfall","Pallieter De Smedt","Ad",1,"Julidae","Julida","millipedes",51.107437,3.567569,2023-06-12,"DIGITAF_BIODIVERSITY_FLEMISH_TREEROWS:OCCURRENCE:millipedes:Pitfall:Zo1:crtl:2023-06-12:2336"
"2337","Zo1","crtl","Trachelipus rathkii",1,"","","Pitfall","Pallieter De Smedt","Ad",11,"Trachelipodidae","Isopoda","woodlice",51.107437,3.567569,2023-06-12,"DIGITAF_BIODIVERSITY_FLEMISH_TREEROWS:OCCURRENCE:woodlice:Pitfall:Zo1:crtl:2023-06-12:2337"
"2338","Zo1","crtl","Stenus clavicornis",2,"","","Pitfall","Marc Vankerckvoorde","Ad",1,"Staphylinidae","Coleoptera","staphylinid beetles",51.107437,3.567569,2023-06-12,"DIGITAF_BIODIVERSITY_FLEMISH_TREEROWS:OCCURRENCE:staphylinid beetles:Pitfall:Zo1:crtl:2023-06-12:2338"
"2339","Zo1","crtl","Amara communis",1,"F","","Pitfall","Marc Vankerckvoorde","Ad",1,"Carabidae","Coleoptera","carabid beetles",51.107437,3.567569,2023-06-12,"DIGITAF_BIODIVERSITY_FLEMISH_TREEROWS:OCCURRENCE:carabid beetles:Pitfall:Zo1:crtl:2023-06-12:2339"
"2340","Zo1","crtl","Diplostyla concolor",1,"M","","Pitfall","Johan Van Keer","Ad",4,"Linyphiidae","Araneae","spiders",51.107437,3.567569,2023-06-12,"DIGITAF_BIODIVERSITY_FLEMISH_TREEROWS:OCCURRENCE:spiders:Pitfall:Zo1:crtl:2023-06-12:2340"
"2341","Zo1","crtl","Trachelipus rathkii",2,"","","Pitfall","Pallieter De Smedt","Ad",5,"Trachelipodidae","Isopoda","woodlice",51.107437,3.567569,2023-06-12,"DIGITAF_BIODIVERSITY_FLEMISH_TREEROWS:OCCURRENCE:woodlice:Pitfall:Zo1:crtl:2023-06-12:2341"
"2342","Zo1","crtl","Porcellio scaber",1,"","","Pitfall","Pallieter De Smedt","Ad",24,"Porcellionidae","Isopoda","woodlice",51.107437,3.567569,2023-06-12,"DIGITAF_BIODIVERSITY_FLEMISH_TREEROWS:OCCURRENCE:woodlice:Pitfall:Zo1:crtl:2023-06-12:2342"
"2343","Zo1","crtl","Harpalus rufipes",2,"M","","Pitfall","Marc Vankerckvoorde","Ad",1,"Carabidae","Coleoptera","carabid beetles",51.107437,3.567569,2023-06-12,"DIGITAF_BIODIVERSITY_FLEMISH_TREEROWS:OCCURRENCE:carabid beetles:Pitfall:Zo1:crtl:2023-06-12:2343"
"2344","Zo1","crtl","Tenuiphantes tenuis",2,"F","","Pitfall","Léon Baert","Ad",1,"Linyphiidae","Araneae","spiders",51.107437,3.567569,2023-06-12,"DIGITAF_BIODIVERSITY_FLEMISH_TREEROWS:OCCURRENCE:spiders:Pitfall:Zo1:crtl:2023-06-12:2344"
"2345","Zo1","crtl","Anisodactylus binotatus",2,"F","","Pitfall","Marc Vankerckvoorde","Ad",4,"Carabidae","Coleoptera","carabid beetles",51.107437,3.567569,2023-06-12,"DIGITAF_BIODIVERSITY_FLEMISH_TREEROWS:OCCURRENCE:carabid beetles:Pitfall:Zo1:crtl:2023-06-12:2345"
"2346","Zo1","crtl","Polydesmus inconstans",2,"M","","Pitfall","Pallieter De Smedt","Ad",1,"Polydesmidae","Polydesmida","millipedes",51.107437,3.567569,2023-06-12,"DIGITAF_BIODIVERSITY_FLEMISH_TREEROWS:OCCURRENCE:millipedes:Pitfall:Zo1:crtl:2023-06-12:2346"
"2347","Zo1","crtl","Harpalus tardus",2,"F","","Pitfall","Marc Vankerckvoorde","Ad",1,"Carabidae","Coleoptera","carabid beetles",51.107437,3.567569,2023-06-12,"DIGITAF_BIODIVERSITY_FLEMISH_TREEROWS:OCCURRENCE:carabid beetles:Pitfall:Zo1:crtl:2023-06-12:2347"
"2348","Zo1","crtl","Armadillidium vulgare",1,"","","Pitfall","Pallieter De Smedt","Ad",15,"Armadillidiidae","Isopoda","woodlice",51.107437,3.567569,2023-06-12,"DIGITAF_BIODIVERSITY_FLEMISH_TREEROWS:OCCURRENCE:woodlice:Pitfall:Zo1:crtl:2023-06-12:2348"
"2349","Zo1","crtl","Amara plebeja",2,"M","","Pitfall","Marc Vankerckvoorde","Ad",1,"Carabidae","Coleoptera","carabid beetles",51.107437,3.567569,2023-06-12,"DIGITAF_BIODIVERSITY_FLEMISH_TREEROWS:OCCURRENCE:carabid beetles:Pitfall:Zo1:crtl:2023-06-12:2349"
"2350","Zo1","crtl","Brachyiulus pusillus",1,"F","","Pitfall","Pallieter De Smedt","Ad",2,"Julidae","Julida","millipedes",51.107437,3.567569,2023-06-12,"DIGITAF_BIODIVERSITY_FLEMISH_TREEROWS:OCCURRENCE:millipedes:Pitfall:Zo1:crtl:2023-06-12:2350"
"2351","Zo1","crtl","Phrurolithus festivus",1,"M","","Pitfall","Johan Van Keer","Ad",2,"Phrurolithidae","Araneae","spiders",51.107437,3.567569,2023-06-12,"DIGITAF_BIODIVERSITY_FLEMISH_TREEROWS:OCCURRENCE:spiders:Pitfall:Zo1:crtl:2023-06-12:2351"
"2352","Zo1","crtl","Tenuiphantes tenuis",1,"F","","Pitfall","Johan Van Keer","Ad",3,"Linyphiidae","Araneae","spiders",51.107437,3.567569,2023-06-12,"DIGITAF_BIODIVERSITY_FLEMISH_TREEROWS:OCCURRENCE:spiders:Pitfall:Zo1:crtl:2023-06-12:2352"
"2353","Zo1","crtl","Philoscia muscorum",2,"","","Pitfall","Pallieter De Smedt","Ad",4,"Philosciidae","Isopoda","woodlice",51.107437,3.567569,2023-06-12,"DIGITAF_BIODIVERSITY_FLEMISH_TREEROWS:OCCURRENCE:woodlice:Pitfall:Zo1:crtl:2023-06-12:2353"
"2354","Zo1","crtl","Parophonus maculicornis",1,"F","","Pitfall","Marc Vankerckvoorde","Ad",1,"Carabidae","Coleoptera","carabid beetles",51.107437,3.567569,2023-06-12,"DIGITAF_BIODIVERSITY_FLEMISH_TREEROWS:OCCURRENCE:carabid beetles:Pitfall:Zo1:crtl:2023-06-12:2354"
"2355","Zo1","crtl","Anisodactylus binotatus",2,"M","","Pitfall","Marc Vankerckvoorde","Ad",1,"Carabidae","Coleoptera","carabid beetles",51.107437,3.567569,2023-06-12,"DIGITAF_BIODIVERSITY_FLEMISH_TREEROWS:OCCURRENCE:carabid beetles:Pitfall:Zo1:crtl:2023-06-12:2355"
"2356","Zo1","crtl","Clivina fossor",1,"F","","Pitfall","Marc Vankerckvoorde","Ad",1,"Carabidae","Coleoptera","carabid beetles",51.107437,3.567569,2023-06-12,"DIGITAF_BIODIVERSITY_FLEMISH_TREEROWS:OCCURRENCE:carabid beetles:Pitfall:Zo1:crtl:2023-06-12:2356"
"2357","Zo1","crtl","Armadillidium vulgare",2,"","","Pitfall","Pallieter De Smedt","Ad",39,"Armadillidiidae","Isopoda","woodlice",51.107437,3.567569,2023-06-12,"DIGITAF_BIODIVERSITY_FLEMISH_TREEROWS:OCCURRENCE:woodlice:Pitfall:Zo1:crtl:2023-06-12:2357"
"2358","Zo1","crtl","Xantholinus longiventris",2,"","","Pitfall","Marc Vankerckvoorde","Ad",2,"Staphylinidae","Coleoptera","staphylinid beetles",51.107437,3.567569,2023-06-12,"DIGITAF_BIODIVERSITY_FLEMISH_TREEROWS:OCCURRENCE:staphylinid beetles:Pitfall:Zo1:crtl:2023-06-12:2358"
"2359","Zo1","crtl","Tenuiphantes tenuis",2,"M","","Pitfall","Léon Baert","Ad",1,"Linyphiidae","Araneae","spiders",51.107437,3.567569,2023-06-12,"DIGITAF_BIODIVERSITY_FLEMISH_TREEROWS:OCCURRENCE:spiders:Pitfall:Zo1:crtl:2023-06-12:2359"
"2360","Zo1","crtl","Philonthus cognatus",1,"","","Pitfall","Marc Vankerckvoorde","Ad",1,"Staphylinidae","Coleoptera","staphylinid beetles",51.107437,3.567569,2023-06-12,"DIGITAF_BIODIVERSITY_FLEMISH_TREEROWS:OCCURRENCE:staphylinid beetles:Pitfall:Zo1:crtl:2023-06-12:2360"
"2361","Zo1","crtl","Cylindroiulus truncorum",2,"M","","Pitfall","Pallieter De Smedt","Ad",1,"Julidae","Julida","millipedes",51.107437,3.567569,2023-06-12,"DIGITAF_BIODIVERSITY_FLEMISH_TREEROWS:OCCURRENCE:millipedes:Pitfall:Zo1:crtl:2023-06-12:2361"
"2362","Zo1","crtl","Notiophilus palustris",1,"M","","Pitfall","Marc Vankerckvoorde","Ad",3,"Carabidae","Coleoptera","carabid beetles",51.107437,3.567569,2023-06-12,"DIGITAF_BIODIVERSITY_FLEMISH_TREEROWS:OCCURRENCE:carabid beetles:Pitfall:Zo1:crtl:2023-06-12:2362"
"2363","Zo1","crtl","Cylindroiulus britannicus",1,"M","","Pitfall","Pallieter De Smedt","Ad",1,"Julidae","Julida","millipedes",51.107437,3.567569,2023-06-12,"DIGITAF_BIODIVERSITY_FLEMISH_TREEROWS:OCCURRENCE:millipedes:Pitfall:Zo1:crtl:2023-06-12:2363"
"2364","Zo1","crtl","Pterostichus vernalis",1,"F","","Pitfall","Marc Vankerckvoorde","Ad",1,"Carabidae","Coleoptera","carabid beetles",51.107437,3.567569,2023-06-12,"DIGITAF_BIODIVERSITY_FLEMISH_TREEROWS:OCCURRENCE:carabid beetles:Pitfall:Zo1:crtl:2023-06-12:2364"
"2365","Zo1","crtl","Myrmica scabrinodis",2,"F","","Pitfall","Wouter Dekoninck","Ad",1,"Formicidae","Hymenoptera","ants",51.107437,3.567569,2023-06-12,"DIGITAF_BIODIVERSITY_FLEMISH_TREEROWS:OCCURRENCE:ants:Pitfall:Zo1:crtl:2023-06-12:2365"
"2366","Zo1","crtl","Diplostyla concolor",1,"M","","Pitfall","Léon Baert","Ad",1,"Linyphiidae","Araneae","spiders",51.107437,3.567569,2023-06-12,"DIGITAF_BIODIVERSITY_FLEMISH_TREEROWS:OCCURRENCE:spiders:Pitfall:Zo1:crtl:2023-06-12:2366"
"2367","Zo1","crtl","Drassyllus pusillus",1,"M","","Pitfall","Johan Van Keer","Ad",1,"Gnaphosidae","Araneae","spiders",51.107437,3.567569,2023-06-12,"DIGITAF_BIODIVERSITY_FLEMISH_TREEROWS:OCCURRENCE:spiders:Pitfall:Zo1:crtl:2023-06-12:2367"
"2368","Zo1","crtl","Tenuiphantes tenuis",1,"M","","Pitfall","Johan Van Keer","Ad",4,"Linyphiidae","Araneae","spiders",51.107437,3.567569,2023-06-12,"DIGITAF_BIODIVERSITY_FLEMISH_TREEROWS:OCCURRENCE:spiders:Pitfall:Zo1:crtl:2023-06-12:2368"
"2369","Zo1","tree","Aleocharinae spec.",2,"","","Pitfall","Marc Vankerckvoorde","Ad",1,"Staphylinidae","Coleoptera","staphylinid beetles",51.107109,3.566462,2023-06-12,"DIGITAF_BIODIVERSITY_FLEMISH_TREEROWS:OCCURRENCE:staphylinid beetles:Pitfall:Zo1:tree:2023-06-12:2369"
"2370","Zo1","tree","Oniscus asellus",1,"","","Pitfall","Pallieter De Smedt","Ad",2,"Oniscidae","Isopoda","woodlice",51.107109,3.566462,2023-06-12,"DIGITAF_BIODIVERSITY_FLEMISH_TREEROWS:OCCURRENCE:woodlice:Pitfall:Zo1:tree:2023-06-12:2370"
"2371","Zo1","tree","Armadillidium vulgare",1,"","","Pitfall","Pallieter De Smedt","Ad",38,"Armadillidiidae","Isopoda","woodlice",51.107109,3.566462,2023-06-12,"DIGITAF_BIODIVERSITY_FLEMISH_TREEROWS:OCCURRENCE:woodlice:Pitfall:Zo1:tree:2023-06-12:2371"
"2372","Zo1","tree","Armadillidium vulgare",2,"","","Pitfall","Pallieter De Smedt","Ad",18,"Armadillidiidae","Isopoda","woodlice",51.107109,3.566462,2023-06-12,"DIGITAF_BIODIVERSITY_FLEMISH_TREEROWS:OCCURRENCE:woodlice:Pitfall:Zo1:tree:2023-06-12:2372"
"2373","Zo1","tree","Philoscia muscorum",1,"","","Pitfall","Pallieter De Smedt","Ad",23,"Philosciidae","Isopoda","woodlice",51.107109,3.566462,2023-06-12,"DIGITAF_BIODIVERSITY_FLEMISH_TREEROWS:OCCURRENCE:woodlice:Pitfall:Zo1:tree:2023-06-12:2373"
"2374","Zo1","tree","Trachelipus rathkii",1,"","","Pitfall","Pallieter De Smedt","Ad",1,"Trachelipodidae","Isopoda","woodlice",51.107109,3.566462,2023-06-12,"DIGITAF_BIODIVERSITY_FLEMISH_TREEROWS:OCCURRENCE:woodlice:Pitfall:Zo1:tree:2023-06-12:2374"
"2375","Zo1","tree","Porcellio scaber",2,"","","Pitfall","Pallieter De Smedt","Ad",12,"Porcellionidae","Isopoda","woodlice",51.107109,3.566462,2023-06-12,"DIGITAF_BIODIVERSITY_FLEMISH_TREEROWS:OCCURRENCE:woodlice:Pitfall:Zo1:tree:2023-06-12:2375"
"2376","Zo1","tree","Temnothorax nylanderi",2,"F","","Pitfall","Wouter Dekoninck","Ad",1,"Formicidae","Hymenoptera","ants",51.107109,3.566462,2023-06-12,"DIGITAF_BIODIVERSITY_FLEMISH_TREEROWS:OCCURRENCE:ants:Pitfall:Zo1:tree:2023-06-12:2376"
"2377","Zo1","tree","Polydesmus coriaceus",1,"M","","Pitfall","Pallieter De Smedt","Ad",1,"Polydesmidae","Polydesmida","millipedes",51.107109,3.566462,2023-06-12,"DIGITAF_BIODIVERSITY_FLEMISH_TREEROWS:OCCURRENCE:millipedes:Pitfall:Zo1:tree:2023-06-12:2377"
"2378","Zo1","tree","Dysdera crocata",1,"F","","Pitfall","Johan Van Keer","Ad",1,"Dysderidae","Araneae","spiders",51.107109,3.566462,2023-06-12,"DIGITAF_BIODIVERSITY_FLEMISH_TREEROWS:OCCURRENCE:spiders:Pitfall:Zo1:tree:2023-06-12:2378"
"2379","Zo1","tree","Porcellio scaber",1,"","","Pitfall","Pallieter De Smedt","Ad",39,"Porcellionidae","Isopoda","woodlice",51.107109,3.566462,2023-06-12,"DIGITAF_BIODIVERSITY_FLEMISH_TREEROWS:OCCURRENCE:woodlice:Pitfall:Zo1:tree:2023-06-12:2379"
"2380","Zo1","tree","Neriene clathrata",1,"F","","Pitfall","Johan Van Keer","Ad",1,"Linyphiidae","Araneae","spiders",51.107109,3.566462,2023-06-12,"DIGITAF_BIODIVERSITY_FLEMISH_TREEROWS:OCCURRENCE:spiders:Pitfall:Zo1:tree:2023-06-12:2380"
"2381","Zo1","tree","Cylindroiulus punctatus",1,"M","","Pitfall","Pallieter De Smedt","Ad",1,"Julidae","Julida","millipedes",51.107109,3.566462,2023-06-12,"DIGITAF_BIODIVERSITY_FLEMISH_TREEROWS:OCCURRENCE:millipedes:Pitfall:Zo1:tree:2023-06-12:2381"
"2382","Zo1","tree","Dysdera crocata",2,"F","","Pitfall","Johan Van Keer","Ad",1,"Dysderidae","Araneae","spiders",51.107109,3.566462,2023-06-12,"DIGITAF_BIODIVERSITY_FLEMISH_TREEROWS:OCCURRENCE:spiders:Pitfall:Zo1:tree:2023-06-12:2382"
"2383","Zo1","tree","Myrmica rubra",2,"F","","Pitfall","Wouter Dekoninck","Ad",4,"Formicidae","Hymenoptera","ants",51.107109,3.566462,2023-06-12,"DIGITAF_BIODIVERSITY_FLEMISH_TREEROWS:OCCURRENCE:ants:Pitfall:Zo1:tree:2023-06-12:2383"
"2384","Zo1","tree","Myrmica rubra",1,"F","","Pitfall","Wouter Dekoninck","Ad",8,"Formicidae","Hymenoptera","ants",51.107109,3.566462,2023-06-12,"DIGITAF_BIODIVERSITY_FLEMISH_TREEROWS:OCCURRENCE:ants:Pitfall:Zo1:tree:2023-06-12:2384"
"2385","Zo1","tree","Dysdera crocata",2,"M","","Pitfall","Johan Van Keer","Ad",3,"Dysderidae","Araneae","spiders",51.107109,3.566462,2023-06-12,"DIGITAF_BIODIVERSITY_FLEMISH_TREEROWS:OCCURRENCE:spiders:Pitfall:Zo1:tree:2023-06-12:2385"
"2386","Zo1","tree","Philoscia muscorum",2,"","","Pitfall","Pallieter De Smedt","Ad",3,"Philosciidae","Isopoda","woodlice",51.107109,3.566462,2023-06-12,"DIGITAF_BIODIVERSITY_FLEMISH_TREEROWS:OCCURRENCE:woodlice:Pitfall:Zo1:tree:2023-06-12:2386"
"2387","Zo1","tree","Drusilla canaliculata",1,"","","Pitfall","Marc Vankerckvoorde","Ad",1,"Staphylinidae","Coleoptera","staphylinid beetles",51.107109,3.566462,2023-06-12,"DIGITAF_BIODIVERSITY_FLEMISH_TREEROWS:OCCURRENCE:staphylinid beetles:Pitfall:Zo1:tree:2023-06-12:2387"
"2388","Zo1","tree","Nebria brevicollis",2,"M","","Pitfall","Marc Vankerckvoorde","Ad",1,"Carabidae","Coleoptera","carabid beetles",51.107109,3.566462,2023-06-12,"DIGITAF_BIODIVERSITY_FLEMISH_TREEROWS:OCCURRENCE:carabid beetles:Pitfall:Zo1:tree:2023-06-12:2388"
"2389","Zo1","tree","Dysdera crocata",1,"M","","Pitfall","Johan Van Keer","Ad",2,"Dysderidae","Araneae","spiders",51.107109,3.566462,2023-06-12,"DIGITAF_BIODIVERSITY_FLEMISH_TREEROWS:OCCURRENCE:spiders:Pitfall:Zo1:tree:2023-06-12:2389"
"2390","Zo1","tree","Poecilus versicolor",1,"F","","Pitfall","Marc Vankerckvoorde","Ad",1,"Carabidae","Coleoptera","carabid beetles",51.107109,3.566462,2023-06-12,"DIGITAF_BIODIVERSITY_FLEMISH_TREEROWS:OCCURRENCE:carabid beetles:Pitfall:Zo1:tree:2023-06-12:2390"
"2391","Zo2","crtl","Falagria caesa",2,"","","Pitfall","Marc Vankerckvoorde","Ad",1,"Staphylinidae","Coleoptera","staphylinid beetles",51.113503,3.537224,2023-06-12,"DIGITAF_BIODIVERSITY_FLEMISH_TREEROWS:OCCURRENCE:staphylinid beetles:Pitfall:Zo2:crtl:2023-06-12:2391"
"2392","Zo2","crtl","Brachydesmus superus",2,"M","","Pitfall","Pallieter De Smedt","Ad",1,"Polydesmidae","Polydesmida","millipedes",51.113503,3.537224,2023-06-12,"DIGITAF_BIODIVERSITY_FLEMISH_TREEROWS:OCCURRENCE:millipedes:Pitfall:Zo2:crtl:2023-06-12:2392"
"2393","Zo2","crtl","Brachydesmus superus",1,"F","","Pitfall","Pallieter De Smedt","Ad",1,"Polydesmidae","Polydesmida","millipedes",51.113503,3.537224,2023-06-12,"DIGITAF_BIODIVERSITY_FLEMISH_TREEROWS:OCCURRENCE:millipedes:Pitfall:Zo2:crtl:2023-06-12:2393"
"2394","Zo2","crtl","Philoscia muscorum",1,"","","Pitfall","Pallieter De Smedt","Ad",4,"Philosciidae","Isopoda","woodlice",51.113503,3.537224,2023-06-12,"DIGITAF_BIODIVERSITY_FLEMISH_TREEROWS:OCCURRENCE:woodlice:Pitfall:Zo2:crtl:2023-06-12:2394"
"2395","Zo2","crtl","Lithobius microps",1,"","","Pitfall","Koen Lock","Ad",1,"Lithobiidae","Lithobiomorpha","centipedes",51.113503,3.537224,2023-06-12,"DIGITAF_BIODIVERSITY_FLEMISH_TREEROWS:OCCURRENCE:centipedes:Pitfall:Zo2:crtl:2023-06-12:2395"
"2396","Zo2","crtl","Calathus fuscipes",1,"M","","Pitfall","Marc Vankerckvoorde","Ad",1,"Carabidae","Coleoptera","carabid beetles",51.113503,3.537224,2023-06-12,"DIGITAF_BIODIVERSITY_FLEMISH_TREEROWS:OCCURRENCE:carabid beetles:Pitfall:Zo2:crtl:2023-06-12:2396"
"2397","Zo2","crtl","Polydesmus inconstans",1,"F","","Pitfall","Pallieter De Smedt","Ad",2,"Polydesmidae","Polydesmida","millipedes",51.113503,3.537224,2023-06-12,"DIGITAF_BIODIVERSITY_FLEMISH_TREEROWS:OCCURRENCE:millipedes:Pitfall:Zo2:crtl:2023-06-12:2397"
"2398","Zo2","crtl","Trochosa ruricola",1,"M","","Pitfall","Johan Van Keer","Ad",1,"Lycosidae","Araneae","spiders",51.113503,3.537224,2023-06-12,"DIGITAF_BIODIVERSITY_FLEMISH_TREEROWS:OCCURRENCE:spiders:Pitfall:Zo2:crtl:2023-06-12:2398"
"2399","Zo2","crtl","Xantholinus longiventris",1,"","","Pitfall","Marc Vankerckvoorde","Ad",1,"Staphylinidae","Coleoptera","staphylinid beetles",51.113503,3.537224,2023-06-12,"DIGITAF_BIODIVERSITY_FLEMISH_TREEROWS:OCCURRENCE:staphylinid beetles:Pitfall:Zo2:crtl:2023-06-12:2399"
"2400","Zo2","crtl","Porcellio scaber",2,"","","Pitfall","Pallieter De Smedt","Ad",6,"Porcellionidae","Isopoda","woodlice",51.113503,3.537224,2023-06-12,"DIGITAF_BIODIVERSITY_FLEMISH_TREEROWS:OCCURRENCE:woodlice:Pitfall:Zo2:crtl:2023-06-12:2400"
"2401","Zo2","crtl","Pardosa palustris",1,"M","","Pitfall","Johan Van Keer","Ad",2,"Lycosidae","Araneae","spiders",51.113503,3.537224,2023-06-12,"DIGITAF_BIODIVERSITY_FLEMISH_TREEROWS:OCCURRENCE:spiders:Pitfall:Zo2:crtl:2023-06-12:2401"
"2402","Zo2","crtl","Tenuiphantes tenuis",2,"F","","Pitfall","Johan Van Keer","Ad",2,"Linyphiidae","Araneae","spiders",51.113503,3.537224,2023-06-12,"DIGITAF_BIODIVERSITY_FLEMISH_TREEROWS:OCCURRENCE:spiders:Pitfall:Zo2:crtl:2023-06-12:2402"
"2403","Zo2","crtl","Pardosa amentata",2,"F","","Pitfall","Johan Van Keer","Ad",1,"Lycosidae","Araneae","spiders",51.113503,3.537224,2023-06-12,"DIGITAF_BIODIVERSITY_FLEMISH_TREEROWS:OCCURRENCE:spiders:Pitfall:Zo2:crtl:2023-06-12:2403"
"2404","Zo2","crtl","Poecilus versicolor",2,"M","","Pitfall","Marc Vankerckvoorde","Ad",5,"Carabidae","Coleoptera","carabid beetles",51.113503,3.537224,2023-06-12,"DIGITAF_BIODIVERSITY_FLEMISH_TREEROWS:OCCURRENCE:carabid beetles:Pitfall:Zo2:crtl:2023-06-12:2404"
"2405","Zo2","crtl","Anisodactylus binotatus",2,"M","","Pitfall","Marc Vankerckvoorde","Ad",2,"Carabidae","Coleoptera","carabid beetles",51.113503,3.537224,2023-06-12,"DIGITAF_BIODIVERSITY_FLEMISH_TREEROWS:OCCURRENCE:carabid beetles:Pitfall:Zo2:crtl:2023-06-12:2405"
"2406","Zo2","crtl","Poecilus cupreus",1,"M","","Pitfall","Marc Vankerckvoorde","Ad",1,"Carabidae","Coleoptera","carabid beetles",51.113503,3.537224,2023-06-12,"DIGITAF_BIODIVERSITY_FLEMISH_TREEROWS:OCCURRENCE:carabid beetles:Pitfall:Zo2:crtl:2023-06-12:2406"
"2407","Zo2","crtl","Harpalus affinis",2,"M","","Pitfall","Marc Vankerckvoorde","Ad",1,"Carabidae","Coleoptera","carabid beetles",51.113503,3.537224,2023-06-12,"DIGITAF_BIODIVERSITY_FLEMISH_TREEROWS:OCCURRENCE:carabid beetles:Pitfall:Zo2:crtl:2023-06-12:2407"
"2408","Zo2","crtl","Armadillidium vulgare",2,"","","Pitfall","Pallieter De Smedt","Ad",1,"Armadillidiidae","Isopoda","woodlice",51.113503,3.537224,2023-06-12,"DIGITAF_BIODIVERSITY_FLEMISH_TREEROWS:OCCURRENCE:woodlice:Pitfall:Zo2:crtl:2023-06-12:2408"
"2409","Zo2","crtl","Tenuiphantes tenuis",1,"M","","Pitfall","Léon Baert","Ad",2,"Linyphiidae","Araneae","spiders",51.113503,3.537224,2023-06-12,"DIGITAF_BIODIVERSITY_FLEMISH_TREEROWS:OCCURRENCE:spiders:Pitfall:Zo2:crtl:2023-06-12:2409"
"2410","Zo2","crtl","Lasius brunneus",2,"F","","Pitfall","Wouter Dekoninck","Ad",1,"Formicidae","Hymenoptera","ants",51.113503,3.537224,2023-06-12,"DIGITAF_BIODIVERSITY_FLEMISH_TREEROWS:OCCURRENCE:ants:Pitfall:Zo2:crtl:2023-06-12:2410"
"2411","Zo2","crtl","Lasius niger",1,"F","","Pitfall","Wouter Dekoninck","Ad",7,"Formicidae","Hymenoptera","ants",51.113503,3.537224,2023-06-12,"DIGITAF_BIODIVERSITY_FLEMISH_TREEROWS:OCCURRENCE:ants:Pitfall:Zo2:crtl:2023-06-12:2411"
"2412","Zo2","crtl","Polydesmus inconstans",2,"F","","Pitfall","Pallieter De Smedt","Ad",1,"Polydesmidae","Polydesmida","millipedes",51.113503,3.537224,2023-06-12,"DIGITAF_BIODIVERSITY_FLEMISH_TREEROWS:OCCURRENCE:millipedes:Pitfall:Zo2:crtl:2023-06-12:2412"
"2413","Zo2","crtl","Porcellio scaber",1,"","","Pitfall","Pallieter De Smedt","Ad",7,"Porcellionidae","Isopoda","woodlice",51.113503,3.537224,2023-06-12,"DIGITAF_BIODIVERSITY_FLEMISH_TREEROWS:OCCURRENCE:woodlice:Pitfall:Zo2:crtl:2023-06-12:2413"
"2414","Zo2","crtl","Margarinotus purpurascens",2,"","","Pitfall","Marc Vankerckvoorde","Ad",3,"Histeridae","Coleoptera","other beetles",51.113503,3.537224,2023-06-12,"DIGITAF_BIODIVERSITY_FLEMISH_TREEROWS:OCCURRENCE:other beetles:Pitfall:Zo2:crtl:2023-06-12:2414"
"2415","Zo2","crtl","Poecilus cupreus",2,"F","","Pitfall","Marc Vankerckvoorde","Ad",2,"Carabidae","Coleoptera","carabid beetles",51.113503,3.537224,2023-06-12,"DIGITAF_BIODIVERSITY_FLEMISH_TREEROWS:OCCURRENCE:carabid beetles:Pitfall:Zo2:crtl:2023-06-12:2415"
"2416","Zo2","crtl","Poecilus versicolor",2,"F","","Pitfall","Marc Vankerckvoorde","Ad",1,"Carabidae","Coleoptera","carabid beetles",51.113503,3.537224,2023-06-12,"DIGITAF_BIODIVERSITY_FLEMISH_TREEROWS:OCCURRENCE:carabid beetles:Pitfall:Zo2:crtl:2023-06-12:2416"
"2417","Zo2","crtl","Poecilus versicolor",1,"M","","Pitfall","Marc Vankerckvoorde","Ad",1,"Carabidae","Coleoptera","carabid beetles",51.113503,3.537224,2023-06-12,"DIGITAF_BIODIVERSITY_FLEMISH_TREEROWS:OCCURRENCE:carabid beetles:Pitfall:Zo2:crtl:2023-06-12:2417"
"2418","Zo2","crtl","Pardosa palustris",2,"F","","Pitfall","Johan Van Keer","Ad",1,"Lycosidae","Araneae","spiders",51.113503,3.537224,2023-06-12,"DIGITAF_BIODIVERSITY_FLEMISH_TREEROWS:OCCURRENCE:spiders:Pitfall:Zo2:crtl:2023-06-12:2418"
"2419","Zo2","crtl","Trachyzelotes pedestris",2,"F","","Pitfall","Johan Van Keer","Ad",2,"Gnaphosidae","Araneae","spiders",51.113503,3.537224,2023-06-12,"DIGITAF_BIODIVERSITY_FLEMISH_TREEROWS:OCCURRENCE:spiders:Pitfall:Zo2:crtl:2023-06-12:2419"
"2420","Zo2","crtl","Trachyzelotes pedestris",1,"M","","Pitfall","Johan Van Keer","Ad",5,"Gnaphosidae","Araneae","spiders",51.113503,3.537224,2023-06-12,"DIGITAF_BIODIVERSITY_FLEMISH_TREEROWS:OCCURRENCE:spiders:Pitfall:Zo2:crtl:2023-06-12:2420"
"2421","Zo2","crtl","Lithobius microps",2,"","","Pitfall","Koen Lock","Ad",1,"Lithobiidae","Lithobiomorpha","centipedes",51.113503,3.537224,2023-06-12,"DIGITAF_BIODIVERSITY_FLEMISH_TREEROWS:OCCURRENCE:centipedes:Pitfall:Zo2:crtl:2023-06-12:2421"
"2422","Zo2","crtl","Harpalus distinguendus",1,"M","","Pitfall","Marc Vankerckvoorde","Ad",5,"Carabidae","Coleoptera","carabid beetles",51.113503,3.537224,2023-06-12,"DIGITAF_BIODIVERSITY_FLEMISH_TREEROWS:OCCURRENCE:carabid beetles:Pitfall:Zo2:crtl:2023-06-12:2422"
"2423","Zo2","crtl","Micaria micans",1,"M","CJVK","Pitfall","Johan Van Keer","Ad",1,"Gnaphosidae","Araneae","spiders",51.113503,3.537224,2023-06-12,"DIGITAF_BIODIVERSITY_FLEMISH_TREEROWS:OCCURRENCE:spiders:Pitfall:Zo2:crtl:2023-06-12:2423"
"2424","Zo2","crtl","Pachygnatha degeeri",1,"F","","Pitfall","Johan Van Keer","Ad",1,"Tetragnathidae","Araneae","spiders",51.113503,3.537224,2023-06-12,"DIGITAF_BIODIVERSITY_FLEMISH_TREEROWS:OCCURRENCE:spiders:Pitfall:Zo2:crtl:2023-06-12:2424"
"2425","Zo2","crtl","Tenuiphantes tenuis",1,"F","","Pitfall","Johan Van Keer","Ad",4,"Linyphiidae","Araneae","spiders",51.113503,3.537224,2023-06-12,"DIGITAF_BIODIVERSITY_FLEMISH_TREEROWS:OCCURRENCE:spiders:Pitfall:Zo2:crtl:2023-06-12:2425"
"2426","Zo2","crtl","Harpalus rufipes",2,"M","","Pitfall","Marc Vankerckvoorde","Ad",1,"Carabidae","Coleoptera","carabid beetles",51.113503,3.537224,2023-06-12,"DIGITAF_BIODIVERSITY_FLEMISH_TREEROWS:OCCURRENCE:carabid beetles:Pitfall:Zo2:crtl:2023-06-12:2426"
"2427","Zo2","crtl","Harpalus distinguendus",2,"M","","Pitfall","Marc Vankerckvoorde","Ad",4,"Carabidae","Coleoptera","carabid beetles",51.113503,3.537224,2023-06-12,"DIGITAF_BIODIVERSITY_FLEMISH_TREEROWS:OCCURRENCE:carabid beetles:Pitfall:Zo2:crtl:2023-06-12:2427"
"2428","Zo2","crtl","Phrurolithus festivus",1,"M","","Pitfall","Léon Baert","Ad",1,"Phrurolithidae","Araneae","spiders",51.113503,3.537224,2023-06-12,"DIGITAF_BIODIVERSITY_FLEMISH_TREEROWS:OCCURRENCE:spiders:Pitfall:Zo2:crtl:2023-06-12:2428"
"2429","Zo2","crtl","Polydesmus inconstans",1,"M","","Pitfall","Pallieter De Smedt","Ad",1,"Polydesmidae","Polydesmida","millipedes",51.113503,3.537224,2023-06-12,"DIGITAF_BIODIVERSITY_FLEMISH_TREEROWS:OCCURRENCE:millipedes:Pitfall:Zo2:crtl:2023-06-12:2429"
"2430","Zo2","crtl","Mycetoporus longulus",2,"","","Pitfall","Marc Vankerckvoorde","Ad",1,"Staphylinidae","Coleoptera","staphylinid beetles",51.113503,3.537224,2023-06-12,"DIGITAF_BIODIVERSITY_FLEMISH_TREEROWS:OCCURRENCE:staphylinid beetles:Pitfall:Zo2:crtl:2023-06-12:2430"
"2431","Zo2","crtl","Poecilus versicolor",1,"F","","Pitfall","Marc Vankerckvoorde","Ad",2,"Carabidae","Coleoptera","carabid beetles",51.113503,3.537224,2023-06-12,"DIGITAF_BIODIVERSITY_FLEMISH_TREEROWS:OCCURRENCE:carabid beetles:Pitfall:Zo2:crtl:2023-06-12:2431"
"2432","Zo2","crtl","Pterostichus melanarius",2,"M","","Pitfall","Marc Vankerckvoorde","Ad",3,"Carabidae","Coleoptera","carabid beetles",51.113503,3.537224,2023-06-12,"DIGITAF_BIODIVERSITY_FLEMISH_TREEROWS:OCCURRENCE:carabid beetles:Pitfall:Zo2:crtl:2023-06-12:2432"
"2433","Zo2","crtl","Harpalus tardus",1,"M","","Pitfall","Marc Vankerckvoorde","Ad",1,"Carabidae","Coleoptera","carabid beetles",51.113503,3.537224,2023-06-12,"DIGITAF_BIODIVERSITY_FLEMISH_TREEROWS:OCCURRENCE:carabid beetles:Pitfall:Zo2:crtl:2023-06-12:2433"
"2434","Zo2","crtl","Amara communis",2,"M","","Pitfall","Marc Vankerckvoorde","Ad",1,"Carabidae","Coleoptera","carabid beetles",51.113503,3.537224,2023-06-12,"DIGITAF_BIODIVERSITY_FLEMISH_TREEROWS:OCCURRENCE:carabid beetles:Pitfall:Zo2:crtl:2023-06-12:2434"
"2435","Zo2","crtl","Lithobius forficatus",2,"","","Pitfall","Koen Lock","Ad",5,"Lithobiidae","Lithobiomorpha","centipedes",51.113503,3.537224,2023-06-12,"DIGITAF_BIODIVERSITY_FLEMISH_TREEROWS:OCCURRENCE:centipedes:Pitfall:Zo2:crtl:2023-06-12:2435"
"2436","Zo2","crtl","Poecilus cupreus",2,"M","","Pitfall","Marc Vankerckvoorde","Ad",2,"Carabidae","Coleoptera","carabid beetles",51.113503,3.537224,2023-06-12,"DIGITAF_BIODIVERSITY_FLEMISH_TREEROWS:OCCURRENCE:carabid beetles:Pitfall:Zo2:crtl:2023-06-12:2436"
"2437","Zo2","crtl","Nebria brevicollis",2,"F","","Pitfall","Marc Vankerckvoorde","Ad",1,"Carabidae","Coleoptera","carabid beetles",51.113503,3.537224,2023-06-12,"DIGITAF_BIODIVERSITY_FLEMISH_TREEROWS:OCCURRENCE:carabid beetles:Pitfall:Zo2:crtl:2023-06-12:2437"
"2438","Zo2","crtl","Pardosa pullata",1,"M","","Pitfall","Léon Baert","Ad",1,"Lycosidae","Araneae","spiders",51.113503,3.537224,2023-06-12,"DIGITAF_BIODIVERSITY_FLEMISH_TREEROWS:OCCURRENCE:spiders:Pitfall:Zo2:crtl:2023-06-12:2438"
"2439","Zo2","crtl","Pisaura mirabilis",2,"M","","Pitfall","Johan Van Keer","Ad",1,"Pisauridae","Araneae","spiders",51.113503,3.537224,2023-06-12,"DIGITAF_BIODIVERSITY_FLEMISH_TREEROWS:OCCURRENCE:spiders:Pitfall:Zo2:crtl:2023-06-12:2439"
"2440","Zo2","crtl","Philoscia muscorum",2,"","","Pitfall","Pallieter De Smedt","Ad",4,"Philosciidae","Isopoda","woodlice",51.113503,3.537224,2023-06-12,"DIGITAF_BIODIVERSITY_FLEMISH_TREEROWS:OCCURRENCE:woodlice:Pitfall:Zo2:crtl:2023-06-12:2440"
"2441","Zo2","crtl","Nebria salina",1,"M","","Pitfall","Marc Vankerckvoorde","Ad",1,"Carabidae","Coleoptera","carabid beetles",51.113503,3.537224,2023-06-12,"DIGITAF_BIODIVERSITY_FLEMISH_TREEROWS:OCCURRENCE:carabid beetles:Pitfall:Zo2:crtl:2023-06-12:2441"
"2442","Zo2","crtl","Drassyllus pusillus",1,"M","","Pitfall","Johan Van Keer","Ad",2,"Gnaphosidae","Araneae","spiders",51.113503,3.537224,2023-06-12,"DIGITAF_BIODIVERSITY_FLEMISH_TREEROWS:OCCURRENCE:spiders:Pitfall:Zo2:crtl:2023-06-12:2442"
"2443","Zo2","crtl","Lasius niger",2,"F","","Pitfall","Wouter Dekoninck","Ad",41,"Formicidae","Hymenoptera","ants",51.113503,3.537224,2023-06-12,"DIGITAF_BIODIVERSITY_FLEMISH_TREEROWS:OCCURRENCE:ants:Pitfall:Zo2:crtl:2023-06-12:2443"
"2444","Zo2","crtl","Pterostichus melanarius",1,"M","","Pitfall","Marc Vankerckvoorde","Ad",4,"Carabidae","Coleoptera","carabid beetles",51.113503,3.537224,2023-06-12,"DIGITAF_BIODIVERSITY_FLEMISH_TREEROWS:OCCURRENCE:carabid beetles:Pitfall:Zo2:crtl:2023-06-12:2444"
"2445","Zo2","crtl","Anisodactylus binotatus",1,"F","","Pitfall","Marc Vankerckvoorde","Ad",1,"Carabidae","Coleoptera","carabid beetles",51.113503,3.537224,2023-06-12,"DIGITAF_BIODIVERSITY_FLEMISH_TREEROWS:OCCURRENCE:carabid beetles:Pitfall:Zo2:crtl:2023-06-12:2445"
"2446","Zo2","crtl","Philonthus carbonarius",2,"","","Pitfall","Marc Vankerckvoorde","Ad",2,"Staphylinidae","Coleoptera","staphylinid beetles",51.113503,3.537224,2023-06-12,"DIGITAF_BIODIVERSITY_FLEMISH_TREEROWS:OCCURRENCE:staphylinid beetles:Pitfall:Zo2:crtl:2023-06-12:2446"
"2447","Zo2","crtl","Micaria micans",2,"M","CJVK","Pitfall","Johan Van Keer","Ad",1,"Gnaphosidae","Araneae","spiders",51.113503,3.537224,2023-06-12,"DIGITAF_BIODIVERSITY_FLEMISH_TREEROWS:OCCURRENCE:spiders:Pitfall:Zo2:crtl:2023-06-12:2447"
"2448","Zo2","crtl","Trachyzelotes pedestris",2,"M","","Pitfall","Johan Van Keer","Ad",5,"Gnaphosidae","Araneae","spiders",51.113503,3.537224,2023-06-12,"DIGITAF_BIODIVERSITY_FLEMISH_TREEROWS:OCCURRENCE:spiders:Pitfall:Zo2:crtl:2023-06-12:2448"
"2449","Zo2","crtl","Pardosa palustris",2,"M","","Pitfall","Johan Van Keer","Ad",2,"Lycosidae","Araneae","spiders",51.113503,3.537224,2023-06-12,"DIGITAF_BIODIVERSITY_FLEMISH_TREEROWS:OCCURRENCE:spiders:Pitfall:Zo2:crtl:2023-06-12:2449"
"2450","Zo2","crtl","Micaria micans",1,"F","CJVK","Pitfall","Johan Van Keer","Ad",1,"Gnaphosidae","Araneae","spiders",51.113503,3.537224,2023-06-12,"DIGITAF_BIODIVERSITY_FLEMISH_TREEROWS:OCCURRENCE:spiders:Pitfall:Zo2:crtl:2023-06-12:2450"
"2451","Zo2","crtl","Pterostichus melanarius",2,"F","","Pitfall","Marc Vankerckvoorde","Ad",1,"Carabidae","Coleoptera","carabid beetles",51.113503,3.537224,2023-06-12,"DIGITAF_BIODIVERSITY_FLEMISH_TREEROWS:OCCURRENCE:carabid beetles:Pitfall:Zo2:crtl:2023-06-12:2451"
"2452","Zo2","crtl","Amara aenea",2,"F","","Pitfall","Marc Vankerckvoorde","Ad",1,"Carabidae","Coleoptera","carabid beetles",51.113503,3.537224,2023-06-12,"DIGITAF_BIODIVERSITY_FLEMISH_TREEROWS:OCCURRENCE:carabid beetles:Pitfall:Zo2:crtl:2023-06-12:2452"
"2453","Zo2","crtl","Micaria micans",2,"F","CJVK","Pitfall","Johan Van Keer","Ad",1,"Gnaphosidae","Araneae","spiders",51.113503,3.537224,2023-06-12,"DIGITAF_BIODIVERSITY_FLEMISH_TREEROWS:OCCURRENCE:spiders:Pitfall:Zo2:crtl:2023-06-12:2453"
"2454","Zo2","crtl","Drassyllus pusillus",2,"M","","Pitfall","Johan Van Keer","Ad",1,"Gnaphosidae","Araneae","spiders",51.113503,3.537224,2023-06-12,"DIGITAF_BIODIVERSITY_FLEMISH_TREEROWS:OCCURRENCE:spiders:Pitfall:Zo2:crtl:2023-06-12:2454"
"2455","Zo2","crtl","Xantholinus linearis",1,"","","Pitfall","Marc Vankerckvoorde","Ad",1,"Staphylinidae","Coleoptera","staphylinid beetles",51.113503,3.537224,2023-06-12,"DIGITAF_BIODIVERSITY_FLEMISH_TREEROWS:OCCURRENCE:staphylinid beetles:Pitfall:Zo2:crtl:2023-06-12:2455"
"2456","Zo2","crtl","Phrurolithus festivus",1,"M","","Pitfall","Johan Van Keer","Ad",1,"Phrurolithidae","Araneae","spiders",51.113503,3.537224,2023-06-12,"DIGITAF_BIODIVERSITY_FLEMISH_TREEROWS:OCCURRENCE:spiders:Pitfall:Zo2:crtl:2023-06-12:2456"
"2457","Zo2","crtl","Philonthus cognatus",2,"","","Pitfall","Marc Vankerckvoorde","Ad",3,"Staphylinidae","Coleoptera","staphylinid beetles",51.113503,3.537224,2023-06-12,"DIGITAF_BIODIVERSITY_FLEMISH_TREEROWS:OCCURRENCE:staphylinid beetles:Pitfall:Zo2:crtl:2023-06-12:2457"
"2458","Zo2","crtl","Amara aenea",1,"F","","Pitfall","Marc Vankerckvoorde","Ad",1,"Carabidae","Coleoptera","carabid beetles",51.113503,3.537224,2023-06-12,"DIGITAF_BIODIVERSITY_FLEMISH_TREEROWS:OCCURRENCE:carabid beetles:Pitfall:Zo2:crtl:2023-06-12:2458"
"2459","Zo2","crtl","Drassyllus pusillus",2,"F","","Pitfall","Johan Van Keer","Ad",1,"Gnaphosidae","Araneae","spiders",51.113503,3.537224,2023-06-12,"DIGITAF_BIODIVERSITY_FLEMISH_TREEROWS:OCCURRENCE:spiders:Pitfall:Zo2:crtl:2023-06-12:2459"
"2460","Zo2","crtl","Nebria brevicollis",1,"","","Pitfall","Marc Vankerckvoorde","Ad",3,"Carabidae","Coleoptera","carabid beetles",51.113503,3.537224,2023-06-12,"DIGITAF_BIODIVERSITY_FLEMISH_TREEROWS:OCCURRENCE:carabid beetles:Pitfall:Zo2:crtl:2023-06-12:2460"
"2461","Zo2","crtl","Xantholinus linearis",2,"","","Pitfall","Marc Vankerckvoorde","Ad",2,"Staphylinidae","Coleoptera","staphylinid beetles",51.113503,3.537224,2023-06-12,"DIGITAF_BIODIVERSITY_FLEMISH_TREEROWS:OCCURRENCE:staphylinid beetles:Pitfall:Zo2:crtl:2023-06-12:2461"
"2462","Zo2","crtl","Harpalus distinguendus",1,"F","","Pitfall","Marc Vankerckvoorde","Ad",1,"Carabidae","Coleoptera","carabid beetles",51.113503,3.537224,2023-06-12,"DIGITAF_BIODIVERSITY_FLEMISH_TREEROWS:OCCURRENCE:carabid beetles:Pitfall:Zo2:crtl:2023-06-12:2462"
"2463","Zo2","crtl","Amara aenea",1,"M","","Pitfall","Marc Vankerckvoorde","Ad",1,"Carabidae","Coleoptera","carabid beetles",51.113503,3.537224,2023-06-12,"DIGITAF_BIODIVERSITY_FLEMISH_TREEROWS:OCCURRENCE:carabid beetles:Pitfall:Zo2:crtl:2023-06-12:2463"
"2464","Zo2","crtl","Philonthus cognatus",1,"","","Pitfall","Marc Vankerckvoorde","Ad",1,"Staphylinidae","Coleoptera","staphylinid beetles",51.113503,3.537224,2023-06-12,"DIGITAF_BIODIVERSITY_FLEMISH_TREEROWS:OCCURRENCE:staphylinid beetles:Pitfall:Zo2:crtl:2023-06-12:2464"
"2465","Zo2","crtl","Harpalus tardus",2,"F","","Pitfall","Marc Vankerckvoorde","Ad",1,"Carabidae","Coleoptera","carabid beetles",51.113503,3.537224,2023-06-12,"DIGITAF_BIODIVERSITY_FLEMISH_TREEROWS:OCCURRENCE:carabid beetles:Pitfall:Zo2:crtl:2023-06-12:2465"
"2466","Zo2","crtl","Lathrobium fulvipenne",2,"","","Pitfall","Marc Vankerckvoorde","Ad",1,"Staphylinidae","Coleoptera","staphylinid beetles",51.113503,3.537224,2023-06-12,"DIGITAF_BIODIVERSITY_FLEMISH_TREEROWS:OCCURRENCE:staphylinid beetles:Pitfall:Zo2:crtl:2023-06-12:2466"
"2467","Zo2","tree","Poecilus versicolor",1,"F","","Pitfall","Marc Vankerckvoorde","Ad",1,"Carabidae","Coleoptera","carabid beetles",51.112732,3.537079,2023-06-12,"DIGITAF_BIODIVERSITY_FLEMISH_TREEROWS:OCCURRENCE:carabid beetles:Pitfall:Zo2:tree:2023-06-12:2467"
"2468","Zo2","tree","Brachydesmus superus",1,"F","","Pitfall","Pallieter De Smedt","Ad",1,"Polydesmidae","Polydesmida","millipedes",51.112732,3.537079,2023-06-12,"DIGITAF_BIODIVERSITY_FLEMISH_TREEROWS:OCCURRENCE:millipedes:Pitfall:Zo2:tree:2023-06-12:2468"
"2469","Zo2","tree","Porcellio scaber",2,"","","Pitfall","Pallieter De Smedt","Ad",36,"Porcellionidae","Isopoda","woodlice",51.112732,3.537079,2023-06-12,"DIGITAF_BIODIVERSITY_FLEMISH_TREEROWS:OCCURRENCE:woodlice:Pitfall:Zo2:tree:2023-06-12:2469"
"2470","Zo2","tree","Pocadicnemis juncea",1,"M","","Pitfall","Léon Baert","Ad",1,"Linyphiidae","Araneae","spiders",51.112732,3.537079,2023-06-12,"DIGITAF_BIODIVERSITY_FLEMISH_TREEROWS:OCCURRENCE:spiders:Pitfall:Zo2:tree:2023-06-12:2470"
"2471","Zo2","tree","Homalenotus quadridentatus",1,"","","Pitfall","Pallieter De Smedt","Juv",1,"Sclerosomatidae","Opiliones","harvestmen",51.112732,3.537079,2023-06-12,"DIGITAF_BIODIVERSITY_FLEMISH_TREEROWS:OCCURRENCE:harvestmen:Pitfall:Zo2:tree:2023-06-12:2471"
"2472","Zo2","tree","Margarinotus purpurascens",1,"","","Pitfall","Marc Vankerckvoorde","Ad",1,"Histeridae","Coleoptera","other beetles",51.112732,3.537079,2023-06-12,"DIGITAF_BIODIVERSITY_FLEMISH_TREEROWS:OCCURRENCE:other beetles:Pitfall:Zo2:tree:2023-06-12:2472"
"2473","Zo2","tree","Quedius levicollis",2,"","","Pitfall","Marc Vankerckvoorde","Ad",1,"Staphylinidae","Coleoptera","staphylinid beetles",51.112732,3.537079,2023-06-12,"DIGITAF_BIODIVERSITY_FLEMISH_TREEROWS:OCCURRENCE:staphylinid beetles:Pitfall:Zo2:tree:2023-06-12:2473"
"2474","Zo2","tree","Calathus fuscipes",2,"F","","Pitfall","Marc Vankerckvoorde","Ad",1,"Carabidae","Coleoptera","carabid beetles",51.112732,3.537079,2023-06-12,"DIGITAF_BIODIVERSITY_FLEMISH_TREEROWS:OCCURRENCE:carabid beetles:Pitfall:Zo2:tree:2023-06-12:2474"
"2475","Zo2","tree","Oniscus asellus",1,"","","Pitfall","Pallieter De Smedt","Ad",3,"Oniscidae","Isopoda","woodlice",51.112732,3.537079,2023-06-12,"DIGITAF_BIODIVERSITY_FLEMISH_TREEROWS:OCCURRENCE:woodlice:Pitfall:Zo2:tree:2023-06-12:2475"
"2476","Zo2","tree","Tachyporus nitidulus",1,"","","Pitfall","Marc Vankerckvoorde","Ad",1,"Staphylinidae","Coleoptera","staphylinid beetles",51.112732,3.537079,2023-06-12,"DIGITAF_BIODIVERSITY_FLEMISH_TREEROWS:OCCURRENCE:staphylinid beetles:Pitfall:Zo2:tree:2023-06-12:2476"
"2477","Zo2","tree","Ozyptila praticola",1,"M","","Pitfall","Johan Van Keer","Ad",3,"Thomisidae","Araneae","spiders",51.112732,3.537079,2023-06-12,"DIGITAF_BIODIVERSITY_FLEMISH_TREEROWS:OCCURRENCE:spiders:Pitfall:Zo2:tree:2023-06-12:2477"
"2478","Zo2","tree","Brachydesmus superus",2,"M","","Pitfall","Pallieter De Smedt","Ad",1,"Polydesmidae","Polydesmida","millipedes",51.112732,3.537079,2023-06-12,"DIGITAF_BIODIVERSITY_FLEMISH_TREEROWS:OCCURRENCE:millipedes:Pitfall:Zo2:tree:2023-06-12:2478"
"2479","Zo2","tree","Bembidion tetracolum",2,"","","Pitfall","Marc Vankerckvoorde","Ad",1,"Carabidae","Coleoptera","carabid beetles",51.112732,3.537079,2023-06-12,"DIGITAF_BIODIVERSITY_FLEMISH_TREEROWS:OCCURRENCE:carabid beetles:Pitfall:Zo2:tree:2023-06-12:2479"
"2480","Zo2","tree","Porcellio scaber",1,"","","Pitfall","Pallieter De Smedt","Ad",90,"Porcellionidae","Isopoda","woodlice",51.112732,3.537079,2023-06-12,"DIGITAF_BIODIVERSITY_FLEMISH_TREEROWS:OCCURRENCE:woodlice:Pitfall:Zo2:tree:2023-06-12:2480"
"2481","Zo2","tree","Aleocharinae spec.",1,"","","Pitfall","Marc Vankerckvoorde","Ad",2,"Staphylinidae","Coleoptera","staphylinid beetles",51.112732,3.537079,2023-06-12,"DIGITAF_BIODIVERSITY_FLEMISH_TREEROWS:OCCURRENCE:staphylinid beetles:Pitfall:Zo2:tree:2023-06-12:2481"
"2482","Zo2","tree","Diplostyla concolor",2,"F","","Pitfall","Léon Baert","Ad",1,"Linyphiidae","Araneae","spiders",51.112732,3.537079,2023-06-12,"DIGITAF_BIODIVERSITY_FLEMISH_TREEROWS:OCCURRENCE:spiders:Pitfall:Zo2:tree:2023-06-12:2482"
"2483","Zo2","tree","Nebria salina",1,"M","","Pitfall","Marc Vankerckvoorde","Ad",1,"Carabidae","Coleoptera","carabid beetles",51.112732,3.537079,2023-06-12,"DIGITAF_BIODIVERSITY_FLEMISH_TREEROWS:OCCURRENCE:carabid beetles:Pitfall:Zo2:tree:2023-06-12:2483"
"2484","Zo2","tree","Calathus rotundicollis",1,"F","","Pitfall","Marc Vankerckvoorde","Ad",1,"Carabidae","Coleoptera","carabid beetles",51.112732,3.537079,2023-06-12,"DIGITAF_BIODIVERSITY_FLEMISH_TREEROWS:OCCURRENCE:carabid beetles:Pitfall:Zo2:tree:2023-06-12:2484"
"2485","Zo2","tree","Diplostyla concolor",2,"M","","Pitfall","Johan Van Keer","Ad",1,"Linyphiidae","Araneae","spiders",51.112732,3.537079,2023-06-12,"DIGITAF_BIODIVERSITY_FLEMISH_TREEROWS:OCCURRENCE:spiders:Pitfall:Zo2:tree:2023-06-12:2485"
"2486","Zo2","tree","Tenuiphantes tenuis",1,"M","","Pitfall","Johan Van Keer","Ad",1,"Linyphiidae","Araneae","spiders",51.112732,3.537079,2023-06-12,"DIGITAF_BIODIVERSITY_FLEMISH_TREEROWS:OCCURRENCE:spiders:Pitfall:Zo2:tree:2023-06-12:2486"
"2487","Zo2","tree","Nebria brevicollis",1,"M","","Pitfall","Marc Vankerckvoorde","Ad",2,"Carabidae","Coleoptera","carabid beetles",51.112732,3.537079,2023-06-12,"DIGITAF_BIODIVERSITY_FLEMISH_TREEROWS:OCCURRENCE:carabid beetles:Pitfall:Zo2:tree:2023-06-12:2487"
"2488","Zo2","tree","Myrmica rubra",2,"F","","Pitfall","Wouter Dekoninck","Ad",1,"Formicidae","Hymenoptera","ants",51.112732,3.537079,2023-06-12,"DIGITAF_BIODIVERSITY_FLEMISH_TREEROWS:OCCURRENCE:ants:Pitfall:Zo2:tree:2023-06-12:2488"
"2489","Zo2","tree","Othius punctulatus",1,"","","Pitfall","Marc Vankerckvoorde","Ad",1,"Staphylinidae","Coleoptera","staphylinid beetles",51.112732,3.537079,2023-06-12,"DIGITAF_BIODIVERSITY_FLEMISH_TREEROWS:OCCURRENCE:staphylinid beetles:Pitfall:Zo2:tree:2023-06-12:2489"
"2490","Zo2","tree","Hister bissexstriatus",2,"","","Pitfall","Marc Vankerckvoorde","Ad",2,"Histeridae","Coleoptera","other beetles",51.112732,3.537079,2023-06-12,"DIGITAF_BIODIVERSITY_FLEMISH_TREEROWS:OCCURRENCE:other beetles:Pitfall:Zo2:tree:2023-06-12:2490"
"2491","Zo2","tree","Armadillidium vulgare",2,"","","Pitfall","Pallieter De Smedt","Ad",8,"Armadillidiidae","Isopoda","woodlice",51.112732,3.537079,2023-06-12,"DIGITAF_BIODIVERSITY_FLEMISH_TREEROWS:OCCURRENCE:woodlice:Pitfall:Zo2:tree:2023-06-12:2491"
"2492","Zo2","tree","Pocadicnemis juncea",1,"M","","Pitfall","Johan Van Keer","Ad",1,"Linyphiidae","Araneae","spiders",51.112732,3.537079,2023-06-12,"DIGITAF_BIODIVERSITY_FLEMISH_TREEROWS:OCCURRENCE:spiders:Pitfall:Zo2:tree:2023-06-12:2492"
"2493","Zo2","tree","Tenuiphantes tenuis",2,"F","","Pitfall","Johan Van Keer","Ad",1,"Linyphiidae","Araneae","spiders",51.112732,3.537079,2023-06-12,"DIGITAF_BIODIVERSITY_FLEMISH_TREEROWS:OCCURRENCE:spiders:Pitfall:Zo2:tree:2023-06-12:2493"
"2494","Zo2","tree","Nebria brevicollis",2,"F","","Pitfall","Marc Vankerckvoorde","Ad",1,"Carabidae","Coleoptera","carabid beetles",51.112732,3.537079,2023-06-12,"DIGITAF_BIODIVERSITY_FLEMISH_TREEROWS:OCCURRENCE:carabid beetles:Pitfall:Zo2:tree:2023-06-12:2494"
"2495","Zo2","tree","Philonthus cognatus",1,"","","Pitfall","Marc Vankerckvoorde","Ad",2,"Staphylinidae","Coleoptera","staphylinid beetles",51.112732,3.537079,2023-06-12,"DIGITAF_BIODIVERSITY_FLEMISH_TREEROWS:OCCURRENCE:staphylinid beetles:Pitfall:Zo2:tree:2023-06-12:2495"
"2496","Zo2","tree","Armadillidium vulgare",1,"","","Pitfall","Pallieter De Smedt","Ad",10,"Armadillidiidae","Isopoda","woodlice",51.112732,3.537079,2023-06-12,"DIGITAF_BIODIVERSITY_FLEMISH_TREEROWS:OCCURRENCE:woodlice:Pitfall:Zo2:tree:2023-06-12:2496"
"2497","Zo2","tree","Tenuiphantes tenuis",1,"F","","Pitfall","Johan Van Keer","Ad",1,"Linyphiidae","Araneae","spiders",51.112732,3.537079,2023-06-12,"DIGITAF_BIODIVERSITY_FLEMISH_TREEROWS:OCCURRENCE:spiders:Pitfall:Zo2:tree:2023-06-12:2497"
"2498","Zo2","tree","Brachyiulus pusillus",1,"F","","Pitfall","Pallieter De Smedt","Ad",5,"Julidae","Julida","millipedes",51.112732,3.537079,2023-06-12,"DIGITAF_BIODIVERSITY_FLEMISH_TREEROWS:OCCURRENCE:millipedes:Pitfall:Zo2:tree:2023-06-12:2498"
"2499","Zo2","tree","Philoscia muscorum",2,"","","Pitfall","Pallieter De Smedt","Ad",8,"Philosciidae","Isopoda","woodlice",51.112732,3.537079,2023-06-12,"DIGITAF_BIODIVERSITY_FLEMISH_TREEROWS:OCCURRENCE:woodlice:Pitfall:Zo2:tree:2023-06-12:2499"
"2500","Zo2","tree","Lasius fuliginosus",1,"F","","Pitfall","Wouter Dekoninck","Ad",1,"Formicidae","Hymenoptera","ants",51.112732,3.537079,2023-06-12,"DIGITAF_BIODIVERSITY_FLEMISH_TREEROWS:OCCURRENCE:ants:Pitfall:Zo2:tree:2023-06-12:2500"
"2501","Zo2","tree","Nebria brevicollis",2,"M","","Pitfall","Marc Vankerckvoorde","Ad",1,"Carabidae","Coleoptera","carabid beetles",51.112732,3.537079,2023-06-12,"DIGITAF_BIODIVERSITY_FLEMISH_TREEROWS:OCCURRENCE:carabid beetles:Pitfall:Zo2:tree:2023-06-12:2501"
"2502","Zo2","tree","Polydesmus inconstans",2,"M","","Pitfall","Pallieter De Smedt","Ad",1,"Polydesmidae","Polydesmida","millipedes",51.112732,3.537079,2023-06-12,"DIGITAF_BIODIVERSITY_FLEMISH_TREEROWS:OCCURRENCE:millipedes:Pitfall:Zo2:tree:2023-06-12:2502"
"2503","Zo2","tree","Philonthus cognatus",2,"","","Pitfall","Marc Vankerckvoorde","Ad",9,"Staphylinidae","Coleoptera","staphylinid beetles",51.112732,3.537079,2023-06-12,"DIGITAF_BIODIVERSITY_FLEMISH_TREEROWS:OCCURRENCE:staphylinid beetles:Pitfall:Zo2:tree:2023-06-12:2503"
"2504","Zo2","tree","Philoscia muscorum",1,"","","Pitfall","Pallieter De Smedt","Ad",4,"Philosciidae","Isopoda","woodlice",51.112732,3.537079,2023-06-12,"DIGITAF_BIODIVERSITY_FLEMISH_TREEROWS:OCCURRENCE:woodlice:Pitfall:Zo2:tree:2023-06-12:2504"
"2505","Zo2","tree","Polydesmus inconstans",1,"M","","Pitfall","Pallieter De Smedt","Ad",1,"Polydesmidae","Polydesmida","millipedes",51.112732,3.537079,2023-06-12,"DIGITAF_BIODIVERSITY_FLEMISH_TREEROWS:OCCURRENCE:millipedes:Pitfall:Zo2:tree:2023-06-12:2505"
"2506","Zo2","tree","Myrmica ruginodis",1,"F","","Pitfall","Wouter Dekoninck","Ad",1,"Formicidae","Hymenoptera","ants",51.112732,3.537079,2023-06-12,"DIGITAF_BIODIVERSITY_FLEMISH_TREEROWS:OCCURRENCE:ants:Pitfall:Zo2:tree:2023-06-12:2506"
"2507","Zo2","tree","Clivina fossor",2,"","","Pitfall","Marc Vankerckvoorde","Ad",1,"Carabidae","Coleoptera","carabid beetles",51.112732,3.537079,2023-06-12,"DIGITAF_BIODIVERSITY_FLEMISH_TREEROWS:OCCURRENCE:carabid beetles:Pitfall:Zo2:tree:2023-06-12:2507"
"2508","Zo2","tree","Brachyiulus pusillus",2,"M","","Pitfall","Pallieter De Smedt","Ad",1,"Julidae","Julida","millipedes",51.112732,3.537079,2023-06-12,"DIGITAF_BIODIVERSITY_FLEMISH_TREEROWS:OCCURRENCE:millipedes:Pitfall:Zo2:tree:2023-06-12:2508"
"2509","Zo2","tree","Brachyiulus pusillus",2,"F","","Pitfall","Pallieter De Smedt","Ad",3,"Julidae","Julida","millipedes",51.112732,3.537079,2023-06-12,"DIGITAF_BIODIVERSITY_FLEMISH_TREEROWS:OCCURRENCE:millipedes:Pitfall:Zo2:tree:2023-06-12:2509"
"2510","Zo2","tree","Calathus rotundicollis",2,"F","","Pitfall","Marc Vankerckvoorde","Ad",1,"Carabidae","Coleoptera","carabid beetles",51.112732,3.537079,2023-06-12,"DIGITAF_BIODIVERSITY_FLEMISH_TREEROWS:OCCURRENCE:carabid beetles:Pitfall:Zo2:tree:2023-06-12:2510"
"2511","Zo2","tree","Ozyptila praticola",2,"M","","Pitfall","Johan Van Keer","Ad",4,"Thomisidae","Araneae","spiders",51.112732,3.537079,2023-06-12,"DIGITAF_BIODIVERSITY_FLEMISH_TREEROWS:OCCURRENCE:spiders:Pitfall:Zo2:tree:2023-06-12:2511"
"2512","Zo2","tree","Calathus rotundicollis",2,"M","","Pitfall","Marc Vankerckvoorde","Ad",1,"Carabidae","Coleoptera","carabid beetles",51.112732,3.537079,2023-06-12,"DIGITAF_BIODIVERSITY_FLEMISH_TREEROWS:OCCURRENCE:carabid beetles:Pitfall:Zo2:tree:2023-06-12:2512"
"2513","Zo2","tree","Calathus rotundicollis",1,"M","","Pitfall","Marc Vankerckvoorde","Ad",3,"Carabidae","Coleoptera","carabid beetles",51.112732,3.537079,2023-06-12,"DIGITAF_BIODIVERSITY_FLEMISH_TREEROWS:OCCURRENCE:carabid beetles:Pitfall:Zo2:tree:2023-06-12:2513"
"2514","Zo2","tree","Brachyiulus pusillus",1,"M","","Pitfall","Pallieter De Smedt","Ad",2,"Julidae","Julida","millipedes",51.112732,3.537079,2023-06-12,"DIGITAF_BIODIVERSITY_FLEMISH_TREEROWS:OCCURRENCE:millipedes:Pitfall:Zo2:tree:2023-06-12:2514"
"2515","Zo2","tree","Gabrius osseticus",2,"","","Pitfall","Marc Vankerckvoorde","Ad",1,"Staphylinidae","Coleoptera","staphylinid beetles",51.112732,3.537079,2023-06-12,"DIGITAF_BIODIVERSITY_FLEMISH_TREEROWS:OCCURRENCE:staphylinid beetles:Pitfall:Zo2:tree:2023-06-12:2515"
"2516","Zw","crop","Anchomenus dorsalis",2,"M","","Pitfall","Marc Vankerckvoorde","Ad",1,"Carabidae","Coleoptera","carabid beetles",50.850731,3.71571,2023-06-12,"DIGITAF_BIODIVERSITY_FLEMISH_TREEROWS:OCCURRENCE:carabid beetles:Pitfall:Zw:crop:2023-06-12:2516"
"2517","Zw","crop","Agyneta rurestris",1,"F","","Pitfall","Léon Baert","Ad",1,"Linyphiidae","Araneae","spiders",50.850731,3.71571,2023-06-12,"DIGITAF_BIODIVERSITY_FLEMISH_TREEROWS:OCCURRENCE:spiders:Pitfall:Zw:crop:2023-06-12:2517"
"2518","Zw","crop","Drassodes pubescens",1,"F","","Pitfall","Johan Van Keer","Ad",1,"Gnaphosidae","Araneae","spiders",50.850731,3.71571,2023-06-12,"DIGITAF_BIODIVERSITY_FLEMISH_TREEROWS:OCCURRENCE:spiders:Pitfall:Zw:crop:2023-06-12:2518"
"2519","Zw","crop","Erigone dentipalpis",2,"M","","Pitfall","Léon Baert","Ad",1,"Linyphiidae","Araneae","spiders",50.850731,3.71571,2023-06-12,"DIGITAF_BIODIVERSITY_FLEMISH_TREEROWS:OCCURRENCE:spiders:Pitfall:Zw:crop:2023-06-12:2519"
"2520","Zw","crop","Notiophilus quadripunctatus",2,"F","","Pitfall","Marc Vankerckvoorde","Ad",1,"Carabidae","Coleoptera","carabid beetles",50.850731,3.71571,2023-06-12,"DIGITAF_BIODIVERSITY_FLEMISH_TREEROWS:OCCURRENCE:carabid beetles:Pitfall:Zw:crop:2023-06-12:2520"
"2521","Zw","crop","Philonthus cognatus",2,"","","Pitfall","Marc Vankerckvoorde","Ad",1,"Staphylinidae","Coleoptera","staphylinid beetles",50.850731,3.71571,2023-06-12,"DIGITAF_BIODIVERSITY_FLEMISH_TREEROWS:OCCURRENCE:staphylinid beetles:Pitfall:Zw:crop:2023-06-12:2521"
"2522","Zw","crop","Robertus lividus",2,"M","","Pitfall","Johan Van Keer","Ad",1,"Theridiidae","Araneae","spiders",50.850731,3.71571,2023-06-12,"DIGITAF_BIODIVERSITY_FLEMISH_TREEROWS:OCCURRENCE:spiders:Pitfall:Zw:crop:2023-06-12:2522"
"2523","Zw","crop","Trochosa ruricola",2,"M","","Pitfall","Johan Van Keer","Ad",4,"Lycosidae","Araneae","spiders",50.850731,3.71571,2023-06-12,"DIGITAF_BIODIVERSITY_FLEMISH_TREEROWS:OCCURRENCE:spiders:Pitfall:Zw:crop:2023-06-12:2523"
"2524","Zw","crop","Tenuiphantes tenuis",2,"M","","Pitfall","Johan Van Keer","Ad",1,"Linyphiidae","Araneae","spiders",50.850731,3.71571,2023-06-12,"DIGITAF_BIODIVERSITY_FLEMISH_TREEROWS:OCCURRENCE:spiders:Pitfall:Zw:crop:2023-06-12:2524"
"2525","Zw","crop","Lasius niger",1,"F","","Pitfall","Wouter Dekoninck","Ad",1,"Formicidae","Hymenoptera","ants",50.850731,3.71571,2023-06-12,"DIGITAF_BIODIVERSITY_FLEMISH_TREEROWS:OCCURRENCE:ants:Pitfall:Zw:crop:2023-06-12:2525"
"2526","Zw","crop","Erigone dentipalpis",1,"M","","Pitfall","Johan Van Keer","Ad",2,"Linyphiidae","Araneae","spiders",50.850731,3.71571,2023-06-12,"DIGITAF_BIODIVERSITY_FLEMISH_TREEROWS:OCCURRENCE:spiders:Pitfall:Zw:crop:2023-06-12:2526"
"2527","Zw","crop","Tachyporus hypnorum",1,"","","Pitfall","Marc Vankerckvoorde","Ad",1,"Staphylinidae","Coleoptera","staphylinid beetles",50.850731,3.71571,2023-06-12,"DIGITAF_BIODIVERSITY_FLEMISH_TREEROWS:OCCURRENCE:staphylinid beetles:Pitfall:Zw:crop:2023-06-12:2527"
"2528","Zw","crop","Lasius niger",2,"F","","Pitfall","Wouter Dekoninck","Ad",1,"Formicidae","Hymenoptera","ants",50.850731,3.71571,2023-06-12,"DIGITAF_BIODIVERSITY_FLEMISH_TREEROWS:OCCURRENCE:ants:Pitfall:Zw:crop:2023-06-12:2528"
"2529","Zw","crop","Pardosa tenuipes",2,"M","","Pitfall","Johan Van Keer","Ad",1,"Lycosidae","Araneae","spiders",50.850731,3.71571,2023-06-12,"DIGITAF_BIODIVERSITY_FLEMISH_TREEROWS:OCCURRENCE:spiders:Pitfall:Zw:crop:2023-06-12:2529"
"2530","Zw","crop","Erigone atra",2,"M","","Pitfall","Johan Van Keer","Ad",4,"Linyphiidae","Araneae","spiders",50.850731,3.71571,2023-06-12,"DIGITAF_BIODIVERSITY_FLEMISH_TREEROWS:OCCURRENCE:spiders:Pitfall:Zw:crop:2023-06-12:2530"
"2531","Zw","crop","Erigone dentipalpis",2,"M","","Pitfall","Johan Van Keer","Ad",4,"Linyphiidae","Araneae","spiders",50.850731,3.71571,2023-06-12,"DIGITAF_BIODIVERSITY_FLEMISH_TREEROWS:OCCURRENCE:spiders:Pitfall:Zw:crop:2023-06-12:2531"
"2532","Zw","crop","Poecilus cupreus",1,"F","","Pitfall","Marc Vankerckvoorde","Ad",1,"Carabidae","Coleoptera","carabid beetles",50.850731,3.71571,2023-06-12,"DIGITAF_BIODIVERSITY_FLEMISH_TREEROWS:OCCURRENCE:carabid beetles:Pitfall:Zw:crop:2023-06-12:2532"
"2533","Zw","crop","Tenuiphantes tenuis",1,"F","","Pitfall","Léon Baert","Ad",1,"Linyphiidae","Araneae","spiders",50.850731,3.71571,2023-06-12,"DIGITAF_BIODIVERSITY_FLEMISH_TREEROWS:OCCURRENCE:spiders:Pitfall:Zw:crop:2023-06-12:2533"
"2534","Zw","crop","Diplostyla concolor",2,"F","","Pitfall","Johan Van Keer","Ad",1,"Linyphiidae","Araneae","spiders",50.850731,3.71571,2023-06-12,"DIGITAF_BIODIVERSITY_FLEMISH_TREEROWS:OCCURRENCE:spiders:Pitfall:Zw:crop:2023-06-12:2534"
"2535","Zw","crop","Erigone dentipalpis",1,"M","","Pitfall","Léon Baert","Ad",1,"Linyphiidae","Araneae","spiders",50.850731,3.71571,2023-06-12,"DIGITAF_BIODIVERSITY_FLEMISH_TREEROWS:OCCURRENCE:spiders:Pitfall:Zw:crop:2023-06-12:2535"
"2536","Zw","crop","Bathyphantes gracilis",2,"F","","Pitfall","Johan Van Keer","Ad",2,"Linyphiidae","Araneae","spiders",50.850731,3.71571,2023-06-12,"DIGITAF_BIODIVERSITY_FLEMISH_TREEROWS:OCCURRENCE:spiders:Pitfall:Zw:crop:2023-06-12:2536"
"2537","Zw","crop","Poecilus cupreus",2,"M","","Pitfall","Marc Vankerckvoorde","Ad",26,"Carabidae","Coleoptera","carabid beetles",50.850731,3.71571,2023-06-12,"DIGITAF_BIODIVERSITY_FLEMISH_TREEROWS:OCCURRENCE:carabid beetles:Pitfall:Zw:crop:2023-06-12:2537"
"2538","Zw","crop","Nebria brevicollis",2,"M","","Pitfall","Marc Vankerckvoorde","Ad",2,"Carabidae","Coleoptera","carabid beetles",50.850731,3.71571,2023-06-12,"DIGITAF_BIODIVERSITY_FLEMISH_TREEROWS:OCCURRENCE:carabid beetles:Pitfall:Zw:crop:2023-06-12:2538"
"2539","Zw","crop","Prinerigone vagans",2,"M","","Pitfall","Johan Van Keer","Ad",1,"Linyphiidae","Araneae","spiders",50.850731,3.71571,2023-06-12,"DIGITAF_BIODIVERSITY_FLEMISH_TREEROWS:OCCURRENCE:spiders:Pitfall:Zw:crop:2023-06-12:2539"
"2540","Zw","crop","Oedothorax apicatus",2,"F","","Pitfall","Johan Van Keer","Ad",2,"Linyphiidae","Araneae","spiders",50.850731,3.71571,2023-06-12,"DIGITAF_BIODIVERSITY_FLEMISH_TREEROWS:OCCURRENCE:spiders:Pitfall:Zw:crop:2023-06-12:2540"
"2541","Zw","crop","Erigone atra",1,"M","","Pitfall","Johan Van Keer","Ad",2,"Linyphiidae","Araneae","spiders",50.850731,3.71571,2023-06-12,"DIGITAF_BIODIVERSITY_FLEMISH_TREEROWS:OCCURRENCE:spiders:Pitfall:Zw:crop:2023-06-12:2541"
"2542","Zw","crop","Bembidion lampros",2,"M","","Pitfall","Marc Vankerckvoorde","Ad",1,"Carabidae","Coleoptera","carabid beetles",50.850731,3.71571,2023-06-12,"DIGITAF_BIODIVERSITY_FLEMISH_TREEROWS:OCCURRENCE:carabid beetles:Pitfall:Zw:crop:2023-06-12:2542"
"2543","Zw","crop","Tenuiphantes tenuis",2,"M","","Pitfall","Léon Baert","Ad",1,"Linyphiidae","Araneae","spiders",50.850731,3.71571,2023-06-12,"DIGITAF_BIODIVERSITY_FLEMISH_TREEROWS:OCCURRENCE:spiders:Pitfall:Zw:crop:2023-06-12:2543"
"2544","Zw","crop","Poecilus cupreus",1,"M","","Pitfall","Marc Vankerckvoorde","Ad",7,"Carabidae","Coleoptera","carabid beetles",50.850731,3.71571,2023-06-12,"DIGITAF_BIODIVERSITY_FLEMISH_TREEROWS:OCCURRENCE:carabid beetles:Pitfall:Zw:crop:2023-06-12:2544"
"2545","Zw","crop","Tachyporus hypnorum",2,"","","Pitfall","Marc Vankerckvoorde","Ad",2,"Staphylinidae","Coleoptera","staphylinid beetles",50.850731,3.71571,2023-06-12,"DIGITAF_BIODIVERSITY_FLEMISH_TREEROWS:OCCURRENCE:staphylinid beetles:Pitfall:Zw:crop:2023-06-12:2545"
"2546","Zw","crop","Enoplognatha thoracica",1,"M","","Pitfall","Johan Van Keer","Ad",1,"Theridiidae","Araneae","spiders",50.850731,3.71571,2023-06-12,"DIGITAF_BIODIVERSITY_FLEMISH_TREEROWS:OCCURRENCE:spiders:Pitfall:Zw:crop:2023-06-12:2546"
"2547","Zw","crop","Poecilus cupreus",2,"F","","Pitfall","Marc Vankerckvoorde","Ad",8,"Carabidae","Coleoptera","carabid beetles",50.850731,3.71571,2023-06-12,"DIGITAF_BIODIVERSITY_FLEMISH_TREEROWS:OCCURRENCE:carabid beetles:Pitfall:Zw:crop:2023-06-12:2547"
"2548","Zw","crop","Diplocephalus graecus",2,"M","","Pitfall","Léon Baert","Ad",1,"Linyphiidae","Araneae","spiders",50.850731,3.71571,2023-06-12,"DIGITAF_BIODIVERSITY_FLEMISH_TREEROWS:OCCURRENCE:spiders:Pitfall:Zw:crop:2023-06-12:2548"
"2549","Zw","crtl","Harpalus luteicornis",1,"F","","Pitfall","Marc Vankerckvoorde","Ad",1,"Carabidae","Coleoptera","carabid beetles",50.850586,3.71506,2023-06-12,"DIGITAF_BIODIVERSITY_FLEMISH_TREEROWS:OCCURRENCE:carabid beetles:Pitfall:Zw:crtl:2023-06-12:2549"
"2550","Zw","crtl","Poecilus versicolor",2,"F","","Pitfall","Marc Vankerckvoorde","Ad",1,"Carabidae","Coleoptera","carabid beetles",50.850586,3.71506,2023-06-12,"DIGITAF_BIODIVERSITY_FLEMISH_TREEROWS:OCCURRENCE:carabid beetles:Pitfall:Zw:crtl:2023-06-12:2550"
"2551","Zw","crtl","Pardosa tenuipes",1,"M","","Pitfall","Johan Van Keer","Ad",2,"Lycosidae","Araneae","spiders",50.850586,3.71506,2023-06-12,"DIGITAF_BIODIVERSITY_FLEMISH_TREEROWS:OCCURRENCE:spiders:Pitfall:Zw:crtl:2023-06-12:2551"
"2552","Zw","crtl","Poecilus versicolor",1,"M","","Pitfall","Marc Vankerckvoorde","Ad",1,"Carabidae","Coleoptera","carabid beetles",50.850586,3.71506,2023-06-12,"DIGITAF_BIODIVERSITY_FLEMISH_TREEROWS:OCCURRENCE:carabid beetles:Pitfall:Zw:crtl:2023-06-12:2552"
"2553","Zw","crtl","Pardosa tenuipes",1,"F","","Pitfall","Johan Van Keer","Ad",12,"Lycosidae","Araneae","spiders",50.850586,3.71506,2023-06-12,"DIGITAF_BIODIVERSITY_FLEMISH_TREEROWS:OCCURRENCE:spiders:Pitfall:Zw:crtl:2023-06-12:2553"
"2554","Zw","crtl","Zelotes pusillus",2,"M","","Pitfall","Léon Baert","Ad",1,"Gnaphosidae","Araneae","spiders",50.850586,3.71506,2023-06-12,"DIGITAF_BIODIVERSITY_FLEMISH_TREEROWS:OCCURRENCE:spiders:Pitfall:Zw:crtl:2023-06-12:2554"
"2555","Zw","crtl","Syntomus truncatellus",1,"M","","Pitfall","Marc Vankerckvoorde","Ad",1,"Carabidae","Coleoptera","carabid beetles",50.850586,3.71506,2023-06-12,"DIGITAF_BIODIVERSITY_FLEMISH_TREEROWS:OCCURRENCE:carabid beetles:Pitfall:Zw:crtl:2023-06-12:2555"
"2556","Zw","crtl","Phlegra fasciata",2,"M","","Pitfall","Johan Van Keer","Ad",11,"Salticidae","Araneae","spiders",50.850586,3.71506,2023-06-12,"DIGITAF_BIODIVERSITY_FLEMISH_TREEROWS:OCCURRENCE:spiders:Pitfall:Zw:crtl:2023-06-12:2556"
"2557","Zw","crtl","Armadillidium vulgare",2,"","","Pitfall","Pallieter De Smedt","Ad",3,"Armadillidiidae","Isopoda","woodlice",50.850586,3.71506,2023-06-12,"DIGITAF_BIODIVERSITY_FLEMISH_TREEROWS:OCCURRENCE:woodlice:Pitfall:Zw:crtl:2023-06-12:2557"
"2558","Zw","crtl","Parophonus maculicornis",1,"F","","Pitfall","Marc Vankerckvoorde","Ad",1,"Carabidae","Coleoptera","carabid beetles",50.850586,3.71506,2023-06-12,"DIGITAF_BIODIVERSITY_FLEMISH_TREEROWS:OCCURRENCE:carabid beetles:Pitfall:Zw:crtl:2023-06-12:2558"
"2559","Zw","crtl","Pterostichus melanarius",1,"M","","Pitfall","Marc Vankerckvoorde","Ad",1,"Carabidae","Coleoptera","carabid beetles",50.850586,3.71506,2023-06-12,"DIGITAF_BIODIVERSITY_FLEMISH_TREEROWS:OCCURRENCE:carabid beetles:Pitfall:Zw:crtl:2023-06-12:2559"
"2560","Zw","crtl","Poecilus versicolor",1,"F","","Pitfall","Marc Vankerckvoorde","Ad",3,"Carabidae","Coleoptera","carabid beetles",50.850586,3.71506,2023-06-12,"DIGITAF_BIODIVERSITY_FLEMISH_TREEROWS:OCCURRENCE:carabid beetles:Pitfall:Zw:crtl:2023-06-12:2560"
"2561","Zw","crtl","Alopecosa pulverulenta",2,"M","","Pitfall","Johan Van Keer","Ad",7,"Lycosidae","Araneae","spiders",50.850586,3.71506,2023-06-12,"DIGITAF_BIODIVERSITY_FLEMISH_TREEROWS:OCCURRENCE:spiders:Pitfall:Zw:crtl:2023-06-12:2561"
"2562","Zw","crtl","Pardosa tenuipes",2,"F","","Pitfall","Johan Van Keer","Ad",8,"Lycosidae","Araneae","spiders",50.850586,3.71506,2023-06-12,"DIGITAF_BIODIVERSITY_FLEMISH_TREEROWS:OCCURRENCE:spiders:Pitfall:Zw:crtl:2023-06-12:2562"
"2563","Zw","crtl","Myrmica rubra",2,"F","","Pitfall","Wouter Dekoninck","Ad",1,"Formicidae","Hymenoptera","ants",50.850586,3.71506,2023-06-12,"DIGITAF_BIODIVERSITY_FLEMISH_TREEROWS:OCCURRENCE:ants:Pitfall:Zw:crtl:2023-06-12:2563"
"2564","Zw","crtl","Amara aenea",1,"M","","Pitfall","Marc Vankerckvoorde","Ad",3,"Carabidae","Coleoptera","carabid beetles",50.850586,3.71506,2023-06-12,"DIGITAF_BIODIVERSITY_FLEMISH_TREEROWS:OCCURRENCE:carabid beetles:Pitfall:Zw:crtl:2023-06-12:2564"
"2565","Zw","crtl","Harpalus luteicornis",1,"M","","Pitfall","Marc Vankerckvoorde","Ad",1,"Carabidae","Coleoptera","carabid beetles",50.850586,3.71506,2023-06-12,"DIGITAF_BIODIVERSITY_FLEMISH_TREEROWS:OCCURRENCE:carabid beetles:Pitfall:Zw:crtl:2023-06-12:2565"
"2566","Zw","crtl","Phlegra fasciata",2,"M","","Pitfall","Léon Baert","Ad",1,"Salticidae","Araneae","spiders",50.850586,3.71506,2023-06-12,"DIGITAF_BIODIVERSITY_FLEMISH_TREEROWS:OCCURRENCE:spiders:Pitfall:Zw:crtl:2023-06-12:2566"
"2567","Zw","crtl","Xysticus cristatus",1,"M","","Pitfall","Johan Van Keer","Ad",3,"Thomisidae","Araneae","spiders",50.850586,3.71506,2023-06-12,"DIGITAF_BIODIVERSITY_FLEMISH_TREEROWS:OCCURRENCE:spiders:Pitfall:Zw:crtl:2023-06-12:2567"
"2568","Zw","crtl","Amara familiaris",1,"F","","Pitfall","Marc Vankerckvoorde","Ad",1,"Carabidae","Coleoptera","carabid beetles",50.850586,3.71506,2023-06-12,"DIGITAF_BIODIVERSITY_FLEMISH_TREEROWS:OCCURRENCE:carabid beetles:Pitfall:Zw:crtl:2023-06-12:2568"
"2569","Zw","crtl","Drassyllus pusillus",1,"M","","Pitfall","Johan Van Keer","Ad",1,"Gnaphosidae","Araneae","spiders",50.850586,3.71506,2023-06-12,"DIGITAF_BIODIVERSITY_FLEMISH_TREEROWS:OCCURRENCE:spiders:Pitfall:Zw:crtl:2023-06-12:2569"
"2570","Zw","crtl","Drassyllus pusillus",2,"M","","Pitfall","Johan Van Keer","Ad",6,"Gnaphosidae","Araneae","spiders",50.850586,3.71506,2023-06-12,"DIGITAF_BIODIVERSITY_FLEMISH_TREEROWS:OCCURRENCE:spiders:Pitfall:Zw:crtl:2023-06-12:2570"
"2571","Zw","crtl","Pardosa palustris",1,"M","","Pitfall","Johan Van Keer","Ad",5,"Lycosidae","Araneae","spiders",50.850586,3.71506,2023-06-12,"DIGITAF_BIODIVERSITY_FLEMISH_TREEROWS:OCCURRENCE:spiders:Pitfall:Zw:crtl:2023-06-12:2571"
"2572","Zw","crtl","Armadillidium vulgare",1,"","","Pitfall","Pallieter De Smedt","Ad",5,"Armadillidiidae","Isopoda","woodlice",50.850586,3.71506,2023-06-12,"DIGITAF_BIODIVERSITY_FLEMISH_TREEROWS:OCCURRENCE:woodlice:Pitfall:Zw:crtl:2023-06-12:2572"
"2573","Zw","crtl","Phlegra fasciata",1,"F","","Pitfall","Johan Van Keer","Ad",1,"Salticidae","Araneae","spiders",50.850586,3.71506,2023-06-12,"DIGITAF_BIODIVERSITY_FLEMISH_TREEROWS:OCCURRENCE:spiders:Pitfall:Zw:crtl:2023-06-12:2573"
"2574","Zw","crtl","Pardosa palustris",2,"M","","Pitfall","Johan Van Keer","Ad",10,"Lycosidae","Araneae","spiders",50.850586,3.71506,2023-06-12,"DIGITAF_BIODIVERSITY_FLEMISH_TREEROWS:OCCURRENCE:spiders:Pitfall:Zw:crtl:2023-06-12:2574"
"2575","Zw","crtl","Amara aenea",1,"F","","Pitfall","Marc Vankerckvoorde","Ad",4,"Carabidae","Coleoptera","carabid beetles",50.850586,3.71506,2023-06-12,"DIGITAF_BIODIVERSITY_FLEMISH_TREEROWS:OCCURRENCE:carabid beetles:Pitfall:Zw:crtl:2023-06-12:2575"
"2576","Zw","crtl","Lasius flavus",2,"F","","Pitfall","Wouter Dekoninck","Ad",2,"Formicidae","Hymenoptera","ants",50.850586,3.71506,2023-06-12,"DIGITAF_BIODIVERSITY_FLEMISH_TREEROWS:OCCURRENCE:ants:Pitfall:Zw:crtl:2023-06-12:2576"
"2577","Zw","crtl","Enoplognatha thoracica",2,"M","","Pitfall","Johan Van Keer","Ad",1,"Theridiidae","Araneae","spiders",50.850586,3.71506,2023-06-12,"DIGITAF_BIODIVERSITY_FLEMISH_TREEROWS:OCCURRENCE:spiders:Pitfall:Zw:crtl:2023-06-12:2577"
"2578","Zw","crtl","Xysticus cristatus",2,"M","","Pitfall","Johan Van Keer","Ad",1,"Thomisidae","Araneae","spiders",50.850586,3.71506,2023-06-12,"DIGITAF_BIODIVERSITY_FLEMISH_TREEROWS:OCCURRENCE:spiders:Pitfall:Zw:crtl:2023-06-12:2578"
"2579","Zw","crtl","Anchomenus dorsalis",1,"F","","Pitfall","Marc Vankerckvoorde","Ad",1,"Carabidae","Coleoptera","carabid beetles",50.850586,3.71506,2023-06-12,"DIGITAF_BIODIVERSITY_FLEMISH_TREEROWS:OCCURRENCE:carabid beetles:Pitfall:Zw:crtl:2023-06-12:2579"
"2580","Zw","crtl","Quedius spec.",2,"F","","Pitfall","Marc Vankerckvoorde","Ad",1,"Staphylinidae","Coleoptera","staphylinid beetles",50.850586,3.71506,2023-06-12,"DIGITAF_BIODIVERSITY_FLEMISH_TREEROWS:OCCURRENCE:staphylinid beetles:Pitfall:Zw:crtl:2023-06-12:2580"
"2581","Zw","crtl","Poecilus cupreus",1,"F","","Pitfall","Marc Vankerckvoorde","Ad",3,"Carabidae","Coleoptera","carabid beetles",50.850586,3.71506,2023-06-12,"DIGITAF_BIODIVERSITY_FLEMISH_TREEROWS:OCCURRENCE:carabid beetles:Pitfall:Zw:crtl:2023-06-12:2581"
"2582","Zw","crtl","Micaria micans",2,"F","CJVK","Pitfall","Johan Van Keer","Ad",1,"Gnaphosidae","Araneae","spiders",50.850586,3.71506,2023-06-12,"DIGITAF_BIODIVERSITY_FLEMISH_TREEROWS:OCCURRENCE:spiders:Pitfall:Zw:crtl:2023-06-12:2582"
"2583","Zw","crtl","Amara plebeja",1,"F","","Pitfall","Marc Vankerckvoorde","Ad",2,"Carabidae","Coleoptera","carabid beetles",50.850586,3.71506,2023-06-12,"DIGITAF_BIODIVERSITY_FLEMISH_TREEROWS:OCCURRENCE:carabid beetles:Pitfall:Zw:crtl:2023-06-12:2583"
"2584","Zw","crtl","Poecilus cupreus",1,"M","","Pitfall","Marc Vankerckvoorde","Ad",2,"Carabidae","Coleoptera","carabid beetles",50.850586,3.71506,2023-06-12,"DIGITAF_BIODIVERSITY_FLEMISH_TREEROWS:OCCURRENCE:carabid beetles:Pitfall:Zw:crtl:2023-06-12:2584"
"2585","Zw","crtl","Alopecosa pulverulenta",1,"M","","Pitfall","Johan Van Keer","Ad",1,"Lycosidae","Araneae","spiders",50.850586,3.71506,2023-06-12,"DIGITAF_BIODIVERSITY_FLEMISH_TREEROWS:OCCURRENCE:spiders:Pitfall:Zw:crtl:2023-06-12:2585"
"2586","Zw","crtl","Drassyllus pusillus",1,"F","","Pitfall","Johan Van Keer","Ad",1,"Gnaphosidae","Araneae","spiders",50.850586,3.71506,2023-06-12,"DIGITAF_BIODIVERSITY_FLEMISH_TREEROWS:OCCURRENCE:spiders:Pitfall:Zw:crtl:2023-06-12:2586"
"2587","Zw","crtl","Harpalus affinis",1,"F","","Pitfall","Marc Vankerckvoorde","Ad",1,"Carabidae","Coleoptera","carabid beetles",50.850586,3.71506,2023-06-12,"DIGITAF_BIODIVERSITY_FLEMISH_TREEROWS:OCCURRENCE:carabid beetles:Pitfall:Zw:crtl:2023-06-12:2587"
"2588","Zw","crtl","Polydesmus inconstans",1,"F","","Pitfall","Pallieter De Smedt","Ad",1,"Polydesmidae","Polydesmida","millipedes",50.850586,3.71506,2023-06-12,"DIGITAF_BIODIVERSITY_FLEMISH_TREEROWS:OCCURRENCE:millipedes:Pitfall:Zw:crtl:2023-06-12:2588"
"2589","Zw","crtl","Lasius niger",2,"F","","Pitfall","Wouter Dekoninck","Ad",18,"Formicidae","Hymenoptera","ants",50.850586,3.71506,2023-06-12,"DIGITAF_BIODIVERSITY_FLEMISH_TREEROWS:OCCURRENCE:ants:Pitfall:Zw:crtl:2023-06-12:2589"
"2590","Zw","crtl","Harpalus affinis",1,"M","","Pitfall","Marc Vankerckvoorde","Ad",3,"Carabidae","Coleoptera","carabid beetles",50.850586,3.71506,2023-06-12,"DIGITAF_BIODIVERSITY_FLEMISH_TREEROWS:OCCURRENCE:carabid beetles:Pitfall:Zw:crtl:2023-06-12:2590"
"2591","Zw","crtl","Pardosa tenuipes",2,"M","","Pitfall","Johan Van Keer","Ad",2,"Lycosidae","Araneae","spiders",50.850586,3.71506,2023-06-12,"DIGITAF_BIODIVERSITY_FLEMISH_TREEROWS:OCCURRENCE:spiders:Pitfall:Zw:crtl:2023-06-12:2591"
"2592","Zw","crtl","Harpalus latus",1,"F","","Pitfall","Marc Vankerckvoorde","Ad",1,"Carabidae","Coleoptera","carabid beetles",50.850586,3.71506,2023-06-12,"DIGITAF_BIODIVERSITY_FLEMISH_TREEROWS:OCCURRENCE:carabid beetles:Pitfall:Zw:crtl:2023-06-12:2592"
"2593","Zw","crtl","Trochosa ruricola",2,"M","","Pitfall","Johan Van Keer","Ad",3,"Lycosidae","Araneae","spiders",50.850586,3.71506,2023-06-12,"DIGITAF_BIODIVERSITY_FLEMISH_TREEROWS:OCCURRENCE:spiders:Pitfall:Zw:crtl:2023-06-12:2593"
"2594","Zw","crtl","Quedius levicollis",2,"","","Pitfall","Marc Vankerckvoorde","Ad",2,"Staphylinidae","Coleoptera","staphylinid beetles",50.850586,3.71506,2023-06-12,"DIGITAF_BIODIVERSITY_FLEMISH_TREEROWS:OCCURRENCE:staphylinid beetles:Pitfall:Zw:crtl:2023-06-12:2594"
"2595","Zw","crtl","Aleocharinae spec.",1,"","","Pitfall","Marc Vankerckvoorde","Ad",1,"Staphylinidae","Coleoptera","staphylinid beetles",50.850586,3.71506,2023-06-12,"DIGITAF_BIODIVERSITY_FLEMISH_TREEROWS:OCCURRENCE:staphylinid beetles:Pitfall:Zw:crtl:2023-06-12:2595"
"2596","Zw","crtl","Lasius niger",1,"F","","Pitfall","Wouter Dekoninck","Ad",29,"Formicidae","Hymenoptera","ants",50.850586,3.71506,2023-06-12,"DIGITAF_BIODIVERSITY_FLEMISH_TREEROWS:OCCURRENCE:ants:Pitfall:Zw:crtl:2023-06-12:2596"
"2597","Zw","crtl","Quedius semiobscurus",2,"M","","Pitfall","Marc Vankerckvoorde","Ad",1,"Staphylinidae","Coleoptera","staphylinid beetles",50.850586,3.71506,2023-06-12,"DIGITAF_BIODIVERSITY_FLEMISH_TREEROWS:OCCURRENCE:staphylinid beetles:Pitfall:Zw:crtl:2023-06-12:2597"
"2598","Zw","crtl","Trachyzelotes pedestris",1,"F","","Pitfall","Johan Van Keer","Ad",1,"Gnaphosidae","Araneae","spiders",50.850586,3.71506,2023-06-12,"DIGITAF_BIODIVERSITY_FLEMISH_TREEROWS:OCCURRENCE:spiders:Pitfall:Zw:crtl:2023-06-12:2598"
"2599","Zw","crtl","Aleocharinae spec.",2,"","","Pitfall","Marc Vankerckvoorde","Ad",1,"Staphylinidae","Coleoptera","staphylinid beetles",50.850586,3.71506,2023-06-12,"DIGITAF_BIODIVERSITY_FLEMISH_TREEROWS:OCCURRENCE:staphylinid beetles:Pitfall:Zw:crtl:2023-06-12:2599"
"2600","Zw","crtl","Paederus littoralis",1,"","","Pitfall","Marc Vankerckvoorde","Ad",1,"Staphylinidae","Coleoptera","staphylinid beetles",50.850586,3.71506,2023-06-12,"DIGITAF_BIODIVERSITY_FLEMISH_TREEROWS:OCCURRENCE:staphylinid beetles:Pitfall:Zw:crtl:2023-06-12:2600"
"2601","Zw","crtl","Brachyiulus pusillus",1,"F","","Pitfall","Pallieter De Smedt","Ad",2,"Julidae","Julida","millipedes",50.850586,3.71506,2023-06-12,"DIGITAF_BIODIVERSITY_FLEMISH_TREEROWS:OCCURRENCE:millipedes:Pitfall:Zw:crtl:2023-06-12:2601"
"2602","Zw","crtl","Amara communis",1,"M","","Pitfall","Marc Vankerckvoorde","Ad",1,"Carabidae","Coleoptera","carabid beetles",50.850586,3.71506,2023-06-12,"DIGITAF_BIODIVERSITY_FLEMISH_TREEROWS:OCCURRENCE:carabid beetles:Pitfall:Zw:crtl:2023-06-12:2602"
"2603","Zw","crtl","Trochosa ruricola",1,"M","","Pitfall","Johan Van Keer","Ad",3,"Lycosidae","Araneae","spiders",50.850586,3.71506,2023-06-12,"DIGITAF_BIODIVERSITY_FLEMISH_TREEROWS:OCCURRENCE:spiders:Pitfall:Zw:crtl:2023-06-12:2603"
"2604","Zw","tree","Armadillidium vulgare",2,"","","Pitfall","Pallieter De Smedt","Ad",1,"Armadillidiidae","Isopoda","woodlice",50.85034873,3.71592082647387,2023-06-12,"DIGITAF_BIODIVERSITY_FLEMISH_TREEROWS:OCCURRENCE:woodlice:Pitfall:Zw:tree:2023-06-12:2604"
"2605","Zw","tree","Cylindroiulus caeruleocinctus",1,"","","Pitfall","Pallieter De Smedt","Juv",2,"Julidae","Julida","millipedes",50.85034873,3.71592082647387,2023-06-12,"DIGITAF_BIODIVERSITY_FLEMISH_TREEROWS:OCCURRENCE:millipedes:Pitfall:Zw:tree:2023-06-12:2605"
"2606","Zw","tree","Lasius fuliginosus",1,"F","","Pitfall","Wouter Dekoninck","Ad",1,"Formicidae","Hymenoptera","ants",50.85034873,3.71592082647387,2023-06-12,"DIGITAF_BIODIVERSITY_FLEMISH_TREEROWS:OCCURRENCE:ants:Pitfall:Zw:tree:2023-06-12:2606"
"2607","Zw","tree","Cylindroiulus caeruleocinctus",2,"","","Pitfall","Pallieter De Smedt","Juv",2,"Julidae","Julida","millipedes",50.85034873,3.71592082647387,2023-06-12,"DIGITAF_BIODIVERSITY_FLEMISH_TREEROWS:OCCURRENCE:millipedes:Pitfall:Zw:tree:2023-06-12:2607"
"2608","Zw","tree","Pachygnatha degeeri",2,"M","","Pitfall","Johan Van Keer","Ad",1,"Tetragnathidae","Araneae","spiders",50.85034873,3.71592082647387,2023-06-12,"DIGITAF_BIODIVERSITY_FLEMISH_TREEROWS:OCCURRENCE:spiders:Pitfall:Zw:tree:2023-06-12:2608"
"2609","Zw","tree","Trochosa ruricola",1,"M","","Pitfall","Johan Van Keer","Ad",1,"Lycosidae","Araneae","spiders",50.85034873,3.71592082647387,2023-06-12,"DIGITAF_BIODIVERSITY_FLEMISH_TREEROWS:OCCURRENCE:spiders:Pitfall:Zw:tree:2023-06-12:2609"
"2610","Zw","tree","Pardosa pullata",1,"M","","Pitfall","Johan Van Keer","Ad",1,"Lycosidae","Araneae","spiders",50.85034873,3.71592082647387,2023-06-12,"DIGITAF_BIODIVERSITY_FLEMISH_TREEROWS:OCCURRENCE:spiders:Pitfall:Zw:tree:2023-06-12:2610"
"2611","Zw","tree","Palliduphantes pallidus",1,"F","","Pitfall","Johan Van Keer","Ad",1,"Linyphiidae","Araneae","spiders",50.85034873,3.71592082647387,2023-06-12,"DIGITAF_BIODIVERSITY_FLEMISH_TREEROWS:OCCURRENCE:spiders:Pitfall:Zw:tree:2023-06-12:2611"
"2612","Zw","tree","Tenuiphantes tenuis",1,"F","","Pitfall","Johan Van Keer","Ad",1,"Linyphiidae","Araneae","spiders",50.85034873,3.71592082647387,2023-06-12,"DIGITAF_BIODIVERSITY_FLEMISH_TREEROWS:OCCURRENCE:spiders:Pitfall:Zw:tree:2023-06-12:2612"
"2613","Zw","tree","Polydesmus coriaceus",1,"F","","Pitfall","Pallieter De Smedt","Ad",1,"Polydesmidae","Polydesmida","millipedes",50.85034873,3.71592082647387,2023-06-12,"DIGITAF_BIODIVERSITY_FLEMISH_TREEROWS:OCCURRENCE:millipedes:Pitfall:Zw:tree:2023-06-12:2613"
"2614","Zw","tree","Pachygnatha degeeri",1,"F","","Pitfall","Johan Van Keer","Ad",3,"Tetragnathidae","Araneae","spiders",50.85034873,3.71592082647387,2023-06-12,"DIGITAF_BIODIVERSITY_FLEMISH_TREEROWS:OCCURRENCE:spiders:Pitfall:Zw:tree:2023-06-12:2614"
"2615","Zw","tree","Philoscia muscorum",1,"","","Pitfall","Pallieter De Smedt","Ad",2,"Philosciidae","Isopoda","woodlice",50.85034873,3.71592082647387,2023-06-12,"DIGITAF_BIODIVERSITY_FLEMISH_TREEROWS:OCCURRENCE:woodlice:Pitfall:Zw:tree:2023-06-12:2615"
"2616","Zw","tree","Piratula latitans",1,"M","","Pitfall","Johan Van Keer","Ad",1,"Lycosidae","Araneae","spiders",50.85034873,3.71592082647387,2023-06-12,"DIGITAF_BIODIVERSITY_FLEMISH_TREEROWS:OCCURRENCE:spiders:Pitfall:Zw:tree:2023-06-12:2616"
"2617","Zw","tree","Armadillidium vulgare",1,"","","Pitfall","Pallieter De Smedt","Ad",8,"Armadillidiidae","Isopoda","woodlice",50.85034873,3.71592082647387,2023-06-12,"DIGITAF_BIODIVERSITY_FLEMISH_TREEROWS:OCCURRENCE:woodlice:Pitfall:Zw:tree:2023-06-12:2617"
"2618","Zw","tree","Bathyphantes gracilis",1,"F","","Pitfall","Johan Van Keer","Ad",1,"Linyphiidae","Araneae","spiders",50.85034873,3.71592082647387,2023-06-12,"DIGITAF_BIODIVERSITY_FLEMISH_TREEROWS:OCCURRENCE:spiders:Pitfall:Zw:tree:2023-06-12:2618"
"2619","Zw","tree","Paederus littoralis",1,"","","Pitfall","Marc Vankerckvoorde","Ad",1,"Staphylinidae","Coleoptera","staphylinid beetles",50.85034873,3.71592082647387,2023-06-12,"DIGITAF_BIODIVERSITY_FLEMISH_TREEROWS:OCCURRENCE:staphylinid beetles:Pitfall:Zw:tree:2023-06-12:2619"
"2620","Zw","tree","Polydesmus coriaceus",1,"M","","Pitfall","Pallieter De Smedt","Ad",1,"Polydesmidae","Polydesmida","millipedes",50.85034873,3.71592082647387,2023-06-12,"DIGITAF_BIODIVERSITY_FLEMISH_TREEROWS:OCCURRENCE:millipedes:Pitfall:Zw:tree:2023-06-12:2620"
"2621","Zw","tree","Anchomenus dorsalis",1,"M","","Pitfall","Marc Vankerckvoorde","Ad",1,"Carabidae","Coleoptera","carabid beetles",50.85034873,3.71592082647387,2023-06-12,"DIGITAF_BIODIVERSITY_FLEMISH_TREEROWS:OCCURRENCE:carabid beetles:Pitfall:Zw:tree:2023-06-12:2621"
"2622","Zw","tree","Cylindroiulus caeruleocinctus",1,"F","","Pitfall","Pallieter De Smedt","Ad",1,"Julidae","Julida","millipedes",50.85034873,3.71592082647387,2023-06-12,"DIGITAF_BIODIVERSITY_FLEMISH_TREEROWS:OCCURRENCE:millipedes:Pitfall:Zw:tree:2023-06-12:2622"
"2623","Zw","tree","Cylindroiulus caeruleocinctus",1,"M","","Pitfall","Pallieter De Smedt","Ad",2,"Julidae","Julida","millipedes",50.85034873,3.71592082647387,2023-06-12,"DIGITAF_BIODIVERSITY_FLEMISH_TREEROWS:OCCURRENCE:millipedes:Pitfall:Zw:tree:2023-06-12:2623"
"2624","Zw","tree","Tenuiphantes tenuis",2,"M","","Pitfall","Johan Van Keer","Ad",2,"Linyphiidae","Araneae","spiders",50.85034873,3.71592082647387,2023-06-12,"DIGITAF_BIODIVERSITY_FLEMISH_TREEROWS:OCCURRENCE:spiders:Pitfall:Zw:tree:2023-06-12:2624"
"2625","Zw","tree","Tachyporus hypnorum",1,"","","Pitfall","Marc Vankerckvoorde","Ad",1,"Staphylinidae","Coleoptera","staphylinid beetles",50.85034873,3.71592082647387,2023-06-12,"DIGITAF_BIODIVERSITY_FLEMISH_TREEROWS:OCCURRENCE:staphylinid beetles:Pitfall:Zw:tree:2023-06-12:2625"
"2626","Zw","tree","Lasius flavus",2,"F","","Pitfall","Wouter Dekoninck","Ad",1,"Formicidae","Hymenoptera","ants",50.85034873,3.71592082647387,2023-06-12,"DIGITAF_BIODIVERSITY_FLEMISH_TREEROWS:OCCURRENCE:ants:Pitfall:Zw:tree:2023-06-12:2626"
"2627","Zw","tree","Tenuiphantes tenuis",2,"F","","Pitfall","Johan Van Keer","Ad",5,"Linyphiidae","Araneae","spiders",50.85034873,3.71592082647387,2023-06-12,"DIGITAF_BIODIVERSITY_FLEMISH_TREEROWS:OCCURRENCE:spiders:Pitfall:Zw:tree:2023-06-12:2627"
"2628","Zw","tree","Lithobius microps",1,"","","Pitfall","Koen Lock","Ad",1,"Lithobiidae","Lithobiomorpha","centipedes",50.85034873,3.71592082647387,2023-06-12,"DIGITAF_BIODIVERSITY_FLEMISH_TREEROWS:OCCURRENCE:centipedes:Pitfall:Zw:tree:2023-06-12:2628"
"2629","Zw","tree","Phrurolithus festivus",2,"F","","Pitfall","Johan Van Keer","Ad",1,"Phrurolithidae","Araneae","spiders",50.85034873,3.71592082647387,2023-06-12,"DIGITAF_BIODIVERSITY_FLEMISH_TREEROWS:OCCURRENCE:spiders:Pitfall:Zw:tree:2023-06-12:2629"
"2630","Zw","tree","Tenuiphantes tenuis",1,"M","","Pitfall","Johan Van Keer","Ad",1,"Linyphiidae","Araneae","spiders",50.85034873,3.71592082647387,2023-06-12,"DIGITAF_BIODIVERSITY_FLEMISH_TREEROWS:OCCURRENCE:spiders:Pitfall:Zw:tree:2023-06-12:2630"
"2631","Zw","tree","Tachinus rufipes",1,"","","Pitfall","Marc Vankerckvoorde","Ad",3,"Staphylinidae","Coleoptera","staphylinid beetles",50.85034873,3.71592082647387,2023-06-12,"DIGITAF_BIODIVERSITY_FLEMISH_TREEROWS:OCCURRENCE:staphylinid beetles:Pitfall:Zw:tree:2023-06-12:2631"
"2632","Zw","tree","Pachygnatha degeeri",1,"M","","Pitfall","Johan Van Keer","Ad",1,"Tetragnathidae","Araneae","spiders",50.85034873,3.71592082647387,2023-06-12,"DIGITAF_BIODIVERSITY_FLEMISH_TREEROWS:OCCURRENCE:spiders:Pitfall:Zw:tree:2023-06-12:2632"
"2633","Zw","tree","Julidae indet.",1,"F","","Pitfall","Pallieter De Smedt","Ad",1,"Julidae","Julida","millipedes",50.85034873,3.71592082647387,2023-06-12,"DIGITAF_BIODIVERSITY_FLEMISH_TREEROWS:OCCURRENCE:millipedes:Pitfall:Zw:tree:2023-06-12:2633"
"2634","Zw","tree","Lasius niger",2,"F","","Pitfall","Wouter Dekoninck","Ad",1,"Formicidae","Hymenoptera","ants",50.85034873,3.71592082647387,2023-06-12,"DIGITAF_BIODIVERSITY_FLEMISH_TREEROWS:OCCURRENCE:ants:Pitfall:Zw:tree:2023-06-12:2634"
"2635","Zw","tree","Lasius niger",1,"F","","Pitfall","Wouter Dekoninck","Ad",10,"Formicidae","Hymenoptera","ants",50.85034873,3.71592082647387,2023-06-12,"DIGITAF_BIODIVERSITY_FLEMISH_TREEROWS:OCCURRENCE:ants:Pitfall:Zw:tree:2023-06-12:2635"
"2636","Zw","tree","Neottiura bimaculata",2,"F","","Pitfall","Johan Van Keer","Ad",1,"Theridiidae","Araneae","spiders",50.85034873,3.71592082647387,2023-06-12,"DIGITAF_BIODIVERSITY_FLEMISH_TREEROWS:OCCURRENCE:spiders:Pitfall:Zw:tree:2023-06-12:2636"
"2637","Zw","tree","Drusilla canaliculata",1,"","","Pitfall","Marc Vankerckvoorde","Ad",1,"Staphylinidae","Coleoptera","staphylinid beetles",50.85034873,3.71592082647387,2023-06-12,"DIGITAF_BIODIVERSITY_FLEMISH_TREEROWS:OCCURRENCE:staphylinid beetles:Pitfall:Zw:tree:2023-06-12:2637"
"2638","Zw1","crtl","Poecilus cupreus",2,"F","","Pitfall","Marc Vankerckvoorde","Ad",2,"Carabidae","Coleoptera","carabid beetles",50.876247,3.759652,2023-06-12,"DIGITAF_BIODIVERSITY_FLEMISH_TREEROWS:OCCURRENCE:carabid beetles:Pitfall:Zw1:crtl:2023-06-12:2638"
"2639","Zw1","crtl","Drassyllus pusillus",2,"M","","Pitfall","Johan Van Keer","Ad",1,"Gnaphosidae","Araneae","spiders",50.876247,3.759652,2023-06-12,"DIGITAF_BIODIVERSITY_FLEMISH_TREEROWS:OCCURRENCE:spiders:Pitfall:Zw1:crtl:2023-06-12:2639"
"2640","Zw1","crtl","Zelotes latreillei",2,"F","","Pitfall","Johan Van Keer","Ad",1,"Gnaphosidae","Araneae","spiders",50.876247,3.759652,2023-06-12,"DIGITAF_BIODIVERSITY_FLEMISH_TREEROWS:OCCURRENCE:spiders:Pitfall:Zw1:crtl:2023-06-12:2640"
"2641","Zw1","crtl","Pachygnatha degeeri",1,"F","","Pitfall","Johan Van Keer","Ad",1,"Tetragnathidae","Araneae","spiders",50.876247,3.759652,2023-06-12,"DIGITAF_BIODIVERSITY_FLEMISH_TREEROWS:OCCURRENCE:spiders:Pitfall:Zw1:crtl:2023-06-12:2641"
"2642","Zw1","crtl","Poecilus cupreus",1,"F","","Pitfall","Marc Vankerckvoorde","Ad",5,"Carabidae","Coleoptera","carabid beetles",50.876247,3.759652,2023-06-12,"DIGITAF_BIODIVERSITY_FLEMISH_TREEROWS:OCCURRENCE:carabid beetles:Pitfall:Zw1:crtl:2023-06-12:2642"
"2643","Zw1","crtl","Anchomenus dorsalis",2,"F","","Pitfall","Marc Vankerckvoorde","Ad",1,"Carabidae","Coleoptera","carabid beetles",50.876247,3.759652,2023-06-12,"DIGITAF_BIODIVERSITY_FLEMISH_TREEROWS:OCCURRENCE:carabid beetles:Pitfall:Zw1:crtl:2023-06-12:2643"
"2644","Zw1","crtl","Notiophilus palustris",2,"M","","Pitfall","Marc Vankerckvoorde","Ad",1,"Carabidae","Coleoptera","carabid beetles",50.876247,3.759652,2023-06-12,"DIGITAF_BIODIVERSITY_FLEMISH_TREEROWS:OCCURRENCE:carabid beetles:Pitfall:Zw1:crtl:2023-06-12:2644"
"2645","Zw1","crtl","Anotylus clypeonitens",2,"","","Pitfall","Marc Vankerckvoorde","Ad",1,"Staphylinidae","Coleoptera","staphylinid beetles",50.876247,3.759652,2023-06-12,"DIGITAF_BIODIVERSITY_FLEMISH_TREEROWS:OCCURRENCE:staphylinid beetles:Pitfall:Zw1:crtl:2023-06-12:2645"
"2646","Zw1","crtl","Nebria salina",1,"M","","Pitfall","Marc Vankerckvoorde","Ad",1,"Carabidae","Coleoptera","carabid beetles",50.876247,3.759652,2023-06-12,"DIGITAF_BIODIVERSITY_FLEMISH_TREEROWS:OCCURRENCE:carabid beetles:Pitfall:Zw1:crtl:2023-06-12:2646"
"2647","Zw1","crtl","Pardosa nigriceps",1,"M","","Pitfall","Johan Van Keer","Ad",2,"Lycosidae","Araneae","spiders",50.876247,3.759652,2023-06-12,"DIGITAF_BIODIVERSITY_FLEMISH_TREEROWS:OCCURRENCE:spiders:Pitfall:Zw1:crtl:2023-06-12:2647"
"2648","Zw1","crtl","Anchomenus dorsalis",1,"M","","Pitfall","Marc Vankerckvoorde","Ad",1,"Carabidae","Coleoptera","carabid beetles",50.876247,3.759652,2023-06-12,"DIGITAF_BIODIVERSITY_FLEMISH_TREEROWS:OCCURRENCE:carabid beetles:Pitfall:Zw1:crtl:2023-06-12:2648"
"2649","Zw1","crtl","Harpalus rufipes",1,"F","","Pitfall","Marc Vankerckvoorde","Ad",1,"Carabidae","Coleoptera","carabid beetles",50.876247,3.759652,2023-06-12,"DIGITAF_BIODIVERSITY_FLEMISH_TREEROWS:OCCURRENCE:carabid beetles:Pitfall:Zw1:crtl:2023-06-12:2649"
"2650","Zw1","crtl","Pardosa palustris",2,"F","","Pitfall","Johan Van Keer","Ad",2,"Lycosidae","Araneae","spiders",50.876247,3.759652,2023-06-12,"DIGITAF_BIODIVERSITY_FLEMISH_TREEROWS:OCCURRENCE:spiders:Pitfall:Zw1:crtl:2023-06-12:2650"
"2651","Zw1","crtl","Poecilus cupreus",1,"M","","Pitfall","Marc Vankerckvoorde","Ad",4,"Carabidae","Coleoptera","carabid beetles",50.876247,3.759652,2023-06-12,"DIGITAF_BIODIVERSITY_FLEMISH_TREEROWS:OCCURRENCE:carabid beetles:Pitfall:Zw1:crtl:2023-06-12:2651"
"2652","Zw1","crtl","Poecilus versicolor",1,"M","","Pitfall","Marc Vankerckvoorde","Ad",2,"Carabidae","Coleoptera","carabid beetles",50.876247,3.759652,2023-06-12,"DIGITAF_BIODIVERSITY_FLEMISH_TREEROWS:OCCURRENCE:carabid beetles:Pitfall:Zw1:crtl:2023-06-12:2652"
"2653","Zw1","crtl","Poecilus versicolor",1,"F","","Pitfall","Marc Vankerckvoorde","Ad",4,"Carabidae","Coleoptera","carabid beetles",50.876247,3.759652,2023-06-12,"DIGITAF_BIODIVERSITY_FLEMISH_TREEROWS:OCCURRENCE:carabid beetles:Pitfall:Zw1:crtl:2023-06-12:2653"
"2654","Zw1","crtl","Pardosa palustris",2,"M","","Pitfall","Johan Van Keer","Ad",7,"Lycosidae","Araneae","spiders",50.876247,3.759652,2023-06-12,"DIGITAF_BIODIVERSITY_FLEMISH_TREEROWS:OCCURRENCE:spiders:Pitfall:Zw1:crtl:2023-06-12:2654"
"2655","Zw1","crtl","Pterostichus melanarius",1,"M","","Pitfall","Marc Vankerckvoorde","Ad",3,"Carabidae","Coleoptera","carabid beetles",50.876247,3.759652,2023-06-12,"DIGITAF_BIODIVERSITY_FLEMISH_TREEROWS:OCCURRENCE:carabid beetles:Pitfall:Zw1:crtl:2023-06-12:2655"
"2656","Zw1","crtl","Amara convexior",2,"M","","Pitfall","Marc Vankerckvoorde","Ad",1,"Carabidae","Coleoptera","carabid beetles",50.876247,3.759652,2023-06-12,"DIGITAF_BIODIVERSITY_FLEMISH_TREEROWS:OCCURRENCE:carabid beetles:Pitfall:Zw1:crtl:2023-06-12:2656"
"2657","Zw1","crtl","Drassyllus pusillus",1,"M","","Pitfall","Johan Van Keer","Ad",1,"Gnaphosidae","Araneae","spiders",50.876247,3.759652,2023-06-12,"DIGITAF_BIODIVERSITY_FLEMISH_TREEROWS:OCCURRENCE:spiders:Pitfall:Zw1:crtl:2023-06-12:2657"
"2658","Zw1","crtl","Lasius brunneus",1,"F","","Pitfall","Wouter Dekoninck","Ad",2,"Formicidae","Hymenoptera","ants",50.876247,3.759652,2023-06-12,"DIGITAF_BIODIVERSITY_FLEMISH_TREEROWS:OCCURRENCE:ants:Pitfall:Zw1:crtl:2023-06-12:2658"
"2659","Zw1","crtl","Lasius niger",1,"F","","Pitfall","Wouter Dekoninck","Ad",41,"Formicidae","Hymenoptera","ants",50.876247,3.759652,2023-06-12,"DIGITAF_BIODIVERSITY_FLEMISH_TREEROWS:OCCURRENCE:ants:Pitfall:Zw1:crtl:2023-06-12:2659"
"2660","Zw1","crtl","Amara aenea",1,"F","","Pitfall","Marc Vankerckvoorde","Ad",3,"Carabidae","Coleoptera","carabid beetles",50.876247,3.759652,2023-06-12,"DIGITAF_BIODIVERSITY_FLEMISH_TREEROWS:OCCURRENCE:carabid beetles:Pitfall:Zw1:crtl:2023-06-12:2660"
"2661","Zw1","crtl","Lasius niger",2,"F","","Pitfall","Wouter Dekoninck","Ad",12,"Formicidae","Hymenoptera","ants",50.876247,3.759652,2023-06-12,"DIGITAF_BIODIVERSITY_FLEMISH_TREEROWS:OCCURRENCE:ants:Pitfall:Zw1:crtl:2023-06-12:2661"
"2662","Zw1","crtl","Acupalpus meridianus",1,"F","","Pitfall","Marc Vankerckvoorde","Ad",1,"Carabidae","Coleoptera","carabid beetles",50.876247,3.759652,2023-06-12,"DIGITAF_BIODIVERSITY_FLEMISH_TREEROWS:OCCURRENCE:carabid beetles:Pitfall:Zw1:crtl:2023-06-12:2662"
"2663","Zw1","crtl","Alopecosa pulverulenta",1,"F","","Pitfall","Johan Van Keer","Ad",1,"Lycosidae","Araneae","spiders",50.876247,3.759652,2023-06-12,"DIGITAF_BIODIVERSITY_FLEMISH_TREEROWS:OCCURRENCE:spiders:Pitfall:Zw1:crtl:2023-06-12:2663"
"2664","Zw1","crtl","Pterostichus madidus",1,"M","","Pitfall","Marc Vankerckvoorde","Ad",1,"Carabidae","Coleoptera","carabid beetles",50.876247,3.759652,2023-06-12,"DIGITAF_BIODIVERSITY_FLEMISH_TREEROWS:OCCURRENCE:carabid beetles:Pitfall:Zw1:crtl:2023-06-12:2664"
"2665","Zw1","crtl","Pardosa palustris",1,"F","","Pitfall","Johan Van Keer","Ad",3,"Lycosidae","Araneae","spiders",50.876247,3.759652,2023-06-12,"DIGITAF_BIODIVERSITY_FLEMISH_TREEROWS:OCCURRENCE:spiders:Pitfall:Zw1:crtl:2023-06-12:2665"
"2666","Zw1","crtl","Brachyiulus pusillus",2,"M","","Pitfall","Pallieter De Smedt","Ad",1,"Julidae","Julida","millipedes",50.876247,3.759652,2023-06-12,"DIGITAF_BIODIVERSITY_FLEMISH_TREEROWS:OCCURRENCE:millipedes:Pitfall:Zw1:crtl:2023-06-12:2666"
"2667","Zw1","crtl","Notiophilus quadripunctatus",2,"M","","Pitfall","Marc Vankerckvoorde","Ad",1,"Carabidae","Coleoptera","carabid beetles",50.876247,3.759652,2023-06-12,"DIGITAF_BIODIVERSITY_FLEMISH_TREEROWS:OCCURRENCE:carabid beetles:Pitfall:Zw1:crtl:2023-06-12:2667"
"2668","Zw1","crtl","Anchomenus dorsalis",2,"M","","Pitfall","Marc Vankerckvoorde","Ad",1,"Carabidae","Coleoptera","carabid beetles",50.876247,3.759652,2023-06-12,"DIGITAF_BIODIVERSITY_FLEMISH_TREEROWS:OCCURRENCE:carabid beetles:Pitfall:Zw1:crtl:2023-06-12:2668"
"2669","Zw1","crtl","Harpalus distinguendus",2,"M","","Pitfall","Marc Vankerckvoorde","Ad",1,"Carabidae","Coleoptera","carabid beetles",50.876247,3.759652,2023-06-12,"DIGITAF_BIODIVERSITY_FLEMISH_TREEROWS:OCCURRENCE:carabid beetles:Pitfall:Zw1:crtl:2023-06-12:2669"
"2670","Zw1","crtl","Agyneta rurestris",2,"M","","Pitfall","Léon Baert","Ad",1,"Linyphiidae","Araneae","spiders",50.876247,3.759652,2023-06-12,"DIGITAF_BIODIVERSITY_FLEMISH_TREEROWS:OCCURRENCE:spiders:Pitfall:Zw1:crtl:2023-06-12:2670"
"2671","Zw1","crtl","Drassyllus pusillus",2,"F","","Pitfall","Johan Van Keer","Ad",1,"Gnaphosidae","Araneae","spiders",50.876247,3.759652,2023-06-12,"DIGITAF_BIODIVERSITY_FLEMISH_TREEROWS:OCCURRENCE:spiders:Pitfall:Zw1:crtl:2023-06-12:2671"
"2672","Zw1","crtl","Bembidion tetracolum",1,"F","","Pitfall","Marc Vankerckvoorde","Ad",1,"Carabidae","Coleoptera","carabid beetles",50.876247,3.759652,2023-06-12,"DIGITAF_BIODIVERSITY_FLEMISH_TREEROWS:OCCURRENCE:carabid beetles:Pitfall:Zw1:crtl:2023-06-12:2672"
"2673","Zw1","crtl","Harpalus rufipes",1,"M","","Pitfall","Marc Vankerckvoorde","Ad",3,"Carabidae","Coleoptera","carabid beetles",50.876247,3.759652,2023-06-12,"DIGITAF_BIODIVERSITY_FLEMISH_TREEROWS:OCCURRENCE:carabid beetles:Pitfall:Zw1:crtl:2023-06-12:2673"
"2674","Zw1","crtl","Trachyzelotes pedestris",2,"M","","Pitfall","Johan Van Keer","Ad",2,"Gnaphosidae","Araneae","spiders",50.876247,3.759652,2023-06-12,"DIGITAF_BIODIVERSITY_FLEMISH_TREEROWS:OCCURRENCE:spiders:Pitfall:Zw1:crtl:2023-06-12:2674"
"2675","Zw1","crtl","Pardosa pullata",1,"F","","Pitfall","Johan Van Keer","Ad",1,"Lycosidae","Araneae","spiders",50.876247,3.759652,2023-06-12,"DIGITAF_BIODIVERSITY_FLEMISH_TREEROWS:OCCURRENCE:spiders:Pitfall:Zw1:crtl:2023-06-12:2675"
"2676","Zw1","crtl","Pterostichus melanarius",2,"F","","Pitfall","Marc Vankerckvoorde","Ad",1,"Carabidae","Coleoptera","carabid beetles",50.876247,3.759652,2023-06-12,"DIGITAF_BIODIVERSITY_FLEMISH_TREEROWS:OCCURRENCE:carabid beetles:Pitfall:Zw1:crtl:2023-06-12:2676"
"2677","Zw1","crtl","Trachyzelotes pedestris",1,"F","","Pitfall","Johan Van Keer","Ad",2,"Gnaphosidae","Araneae","spiders",50.876247,3.759652,2023-06-12,"DIGITAF_BIODIVERSITY_FLEMISH_TREEROWS:OCCURRENCE:spiders:Pitfall:Zw1:crtl:2023-06-12:2677"
"2678","Zw1","crtl","Pterostichus melanarius",2,"M","","Pitfall","Marc Vankerckvoorde","Ad",1,"Carabidae","Coleoptera","carabid beetles",50.876247,3.759652,2023-06-12,"DIGITAF_BIODIVERSITY_FLEMISH_TREEROWS:OCCURRENCE:carabid beetles:Pitfall:Zw1:crtl:2023-06-12:2678"
"2679","Zw1","crtl","Pardosa palustris",1,"M","","Pitfall","Johan Van Keer","Ad",10,"Lycosidae","Araneae","spiders",50.876247,3.759652,2023-06-12,"DIGITAF_BIODIVERSITY_FLEMISH_TREEROWS:OCCURRENCE:spiders:Pitfall:Zw1:crtl:2023-06-12:2679"
"2680","Zw1","crtl","Pardosa pullata",2,"F","","Pitfall","Johan Van Keer","Ad",3,"Lycosidae","Araneae","spiders",50.876247,3.759652,2023-06-12,"DIGITAF_BIODIVERSITY_FLEMISH_TREEROWS:OCCURRENCE:spiders:Pitfall:Zw1:crtl:2023-06-12:2680"
"2681","Zw1","crtl","Philonthus carbonarius",1,"","","Pitfall","Marc Vankerckvoorde","Ad",1,"Staphylinidae","Coleoptera","staphylinid beetles",50.876247,3.759652,2023-06-12,"DIGITAF_BIODIVERSITY_FLEMISH_TREEROWS:OCCURRENCE:staphylinid beetles:Pitfall:Zw1:crtl:2023-06-12:2681"
"2682","Zw1","crtl","Anotylus insecatus",2,"","","Pitfall","Marc Vankerckvoorde","Ad",8,"Staphylinidae","Coleoptera","staphylinid beetles",50.876247,3.759652,2023-06-12,"DIGITAF_BIODIVERSITY_FLEMISH_TREEROWS:OCCURRENCE:staphylinid beetles:Pitfall:Zw1:crtl:2023-06-12:2682"
"2683","Zw1","crtl","Aleocharinae spec.",1,"","","Pitfall","Marc Vankerckvoorde","Ad",2,"Staphylinidae","Coleoptera","staphylinid beetles",50.876247,3.759652,2023-06-12,"DIGITAF_BIODIVERSITY_FLEMISH_TREEROWS:OCCURRENCE:staphylinid beetles:Pitfall:Zw1:crtl:2023-06-12:2683"
"2684","Zw1","crtl","Anchomenus dorsalis",1,"F","","Pitfall","Marc Vankerckvoorde","Ad",1,"Carabidae","Coleoptera","carabid beetles",50.876247,3.759652,2023-06-12,"DIGITAF_BIODIVERSITY_FLEMISH_TREEROWS:OCCURRENCE:carabid beetles:Pitfall:Zw1:crtl:2023-06-12:2684"
"2685","Zw1","crtl","Amara aenea",2,"F","","Pitfall","Marc Vankerckvoorde","Ad",1,"Carabidae","Coleoptera","carabid beetles",50.876247,3.759652,2023-06-12,"DIGITAF_BIODIVERSITY_FLEMISH_TREEROWS:OCCURRENCE:carabid beetles:Pitfall:Zw1:crtl:2023-06-12:2685"
"2686","Zw1","crtl","Trachyzelotes pedestris",2,"M","","Pitfall","Léon Baert","Ad",1,"Gnaphosidae","Araneae","spiders",50.876247,3.759652,2023-06-12,"DIGITAF_BIODIVERSITY_FLEMISH_TREEROWS:OCCURRENCE:spiders:Pitfall:Zw1:crtl:2023-06-12:2686"
"2687","Zw1","crtl","Tenuiphantes tenuis",2,"F","","Pitfall","Johan Van Keer","Ad",1,"Linyphiidae","Araneae","spiders",50.876247,3.759652,2023-06-12,"DIGITAF_BIODIVERSITY_FLEMISH_TREEROWS:OCCURRENCE:spiders:Pitfall:Zw1:crtl:2023-06-12:2687"
"2688","Zw1","crtl","Paederus littoralis",1,"","","Pitfall","Marc Vankerckvoorde","Ad",1,"Staphylinidae","Coleoptera","staphylinid beetles",50.876247,3.759652,2023-06-12,"DIGITAF_BIODIVERSITY_FLEMISH_TREEROWS:OCCURRENCE:staphylinid beetles:Pitfall:Zw1:crtl:2023-06-12:2688"
"2689","Zw1","crtl","Trachyzelotes pedestris",2,"F","","Pitfall","Léon Baert","Ad",1,"Gnaphosidae","Araneae","spiders",50.876247,3.759652,2023-06-12,"DIGITAF_BIODIVERSITY_FLEMISH_TREEROWS:OCCURRENCE:spiders:Pitfall:Zw1:crtl:2023-06-12:2689"
"2690","Zw1","crtl","Amara communis",1,"F","","Pitfall","Marc Vankerckvoorde","Ad",1,"Carabidae","Coleoptera","carabid beetles",50.876247,3.759652,2023-06-12,"DIGITAF_BIODIVERSITY_FLEMISH_TREEROWS:OCCURRENCE:carabid beetles:Pitfall:Zw1:crtl:2023-06-12:2690"
"2691","Zw1","crtl","Anotylus insecatus",1,"","","Pitfall","Marc Vankerckvoorde","Ad",3,"Staphylinidae","Coleoptera","staphylinid beetles",50.876247,3.759652,2023-06-12,"DIGITAF_BIODIVERSITY_FLEMISH_TREEROWS:OCCURRENCE:staphylinid beetles:Pitfall:Zw1:crtl:2023-06-12:2691"
"2692","Zw1","crtl","Pardosa pullata",2,"M","","Pitfall","Johan Van Keer","Ad",1,"Lycosidae","Araneae","spiders",50.876247,3.759652,2023-06-12,"DIGITAF_BIODIVERSITY_FLEMISH_TREEROWS:OCCURRENCE:spiders:Pitfall:Zw1:crtl:2023-06-12:2692"
"2693","Zw1","crtl","Philonthus cognatus",1,"","","Pitfall","Marc Vankerckvoorde","Ad",2,"Staphylinidae","Coleoptera","staphylinid beetles",50.876247,3.759652,2023-06-12,"DIGITAF_BIODIVERSITY_FLEMISH_TREEROWS:OCCURRENCE:staphylinid beetles:Pitfall:Zw1:crtl:2023-06-12:2693"
"2694","Zw1","crtl","Pardosa pullata",1,"M","","Pitfall","Johan Van Keer","Ad",2,"Lycosidae","Araneae","spiders",50.876247,3.759652,2023-06-12,"DIGITAF_BIODIVERSITY_FLEMISH_TREEROWS:OCCURRENCE:spiders:Pitfall:Zw1:crtl:2023-06-12:2694"
"2695","Zw1","crtl","Pardosa tenuipes",1,"M","","Pitfall","Johan Van Keer","Ad",1,"Lycosidae","Araneae","spiders",50.876247,3.759652,2023-06-12,"DIGITAF_BIODIVERSITY_FLEMISH_TREEROWS:OCCURRENCE:spiders:Pitfall:Zw1:crtl:2023-06-12:2695"
"2696","Zw1","crtl","Harpalus affinis",1,"F","","Pitfall","Marc Vankerckvoorde","Ad",1,"Carabidae","Coleoptera","carabid beetles",50.876247,3.759652,2023-06-12,"DIGITAF_BIODIVERSITY_FLEMISH_TREEROWS:OCCURRENCE:carabid beetles:Pitfall:Zw1:crtl:2023-06-12:2696"
"2697","Zw1","crtl","Pardosa tenuipes",2,"F","","Pitfall","Johan Van Keer","Ad",4,"Lycosidae","Araneae","spiders",50.876247,3.759652,2023-06-12,"DIGITAF_BIODIVERSITY_FLEMISH_TREEROWS:OCCURRENCE:spiders:Pitfall:Zw1:crtl:2023-06-12:2697"
"2698","Zw1","crtl","Erigone dentipalpis",1,"F","","Pitfall","Johan Van Keer","Ad",1,"Linyphiidae","Araneae","spiders",50.876247,3.759652,2023-06-12,"DIGITAF_BIODIVERSITY_FLEMISH_TREEROWS:OCCURRENCE:spiders:Pitfall:Zw1:crtl:2023-06-12:2698"
"2699","Zw1","tree","Bembidion tetracolum",1,"M","","Pitfall","Marc Vankerckvoorde","Ad",2,"Carabidae","Coleoptera","carabid beetles",50.875347,3.7624,2023-06-12,"DIGITAF_BIODIVERSITY_FLEMISH_TREEROWS:OCCURRENCE:carabid beetles:Pitfall:Zw1:tree:2023-06-12:2699"
"2700","Zw1","tree","Margarinotus purpurascens",1,"","","Pitfall","Marc Vankerckvoorde","Ad",1,"Histeridae","Coleoptera","other beetles",50.875347,3.7624,2023-06-12,"DIGITAF_BIODIVERSITY_FLEMISH_TREEROWS:OCCURRENCE:other beetles:Pitfall:Zw1:tree:2023-06-12:2700"
"2701","Zw1","tree","Tachinus rufipes",1,"","","Pitfall","Marc Vankerckvoorde","Ad",1,"Staphylinidae","Coleoptera","staphylinid beetles",50.875347,3.7624,2023-06-12,"DIGITAF_BIODIVERSITY_FLEMISH_TREEROWS:OCCURRENCE:staphylinid beetles:Pitfall:Zw1:tree:2023-06-12:2701"
"2702","Zw1","tree","Cylindroiulus caeruleocinctus",2,"M","","Pitfall","Pallieter De Smedt","Ad",1,"Julidae","Julida","millipedes",50.875347,3.7624,2023-06-12,"DIGITAF_BIODIVERSITY_FLEMISH_TREEROWS:OCCURRENCE:millipedes:Pitfall:Zw1:tree:2023-06-12:2702"
"2703","Zw1","tree","Cylindroiulus caeruleocinctus",2,"F","","Pitfall","Pallieter De Smedt","Ad",2,"Julidae","Julida","millipedes",50.875347,3.7624,2023-06-12,"DIGITAF_BIODIVERSITY_FLEMISH_TREEROWS:OCCURRENCE:millipedes:Pitfall:Zw1:tree:2023-06-12:2703"
"2704","Zw1","tree","Bembidion tetracolum",1,"F","","Pitfall","Marc Vankerckvoorde","Ad",3,"Carabidae","Coleoptera","carabid beetles",50.875347,3.7624,2023-06-12,"DIGITAF_BIODIVERSITY_FLEMISH_TREEROWS:OCCURRENCE:carabid beetles:Pitfall:Zw1:tree:2023-06-12:2704"
"2705","Zw1","tree","Trachyzelotes pedestris",2,"M","","Pitfall","Johan Van Keer","Ad",2,"Gnaphosidae","Araneae","spiders",50.875347,3.7624,2023-06-12,"DIGITAF_BIODIVERSITY_FLEMISH_TREEROWS:OCCURRENCE:spiders:Pitfall:Zw1:tree:2023-06-12:2705"
"2706","Zw1","tree","Brachyiulus pusillus",2,"F","","Pitfall","Pallieter De Smedt","Ad",1,"Julidae","Julida","millipedes",50.875347,3.7624,2023-06-12,"DIGITAF_BIODIVERSITY_FLEMISH_TREEROWS:OCCURRENCE:millipedes:Pitfall:Zw1:tree:2023-06-12:2706"
"2707","Zw1","tree","Pardosa nigriceps",2,"F","","Pitfall","Johan Van Keer","Ad",4,"Lycosidae","Araneae","spiders",50.875347,3.7624,2023-06-12,"DIGITAF_BIODIVERSITY_FLEMISH_TREEROWS:OCCURRENCE:spiders:Pitfall:Zw1:tree:2023-06-12:2707"
"2708","Zw1","tree","Myrmica rubra",1,"F","","Pitfall","Wouter Dekoninck","Ad",3,"Formicidae","Hymenoptera","ants",50.875347,3.7624,2023-06-12,"DIGITAF_BIODIVERSITY_FLEMISH_TREEROWS:OCCURRENCE:ants:Pitfall:Zw1:tree:2023-06-12:2708"
"2709","Zw1","tree","Piratula latitans",1,"M","","Pitfall","Johan Van Keer","Ad",4,"Lycosidae","Araneae","spiders",50.875347,3.7624,2023-06-12,"DIGITAF_BIODIVERSITY_FLEMISH_TREEROWS:OCCURRENCE:spiders:Pitfall:Zw1:tree:2023-06-12:2709"
"2710","Zw1","tree","Pardosa nigriceps",2,"M","","Pitfall","Johan Van Keer","Ad",2,"Lycosidae","Araneae","spiders",50.875347,3.7624,2023-06-12,"DIGITAF_BIODIVERSITY_FLEMISH_TREEROWS:OCCURRENCE:spiders:Pitfall:Zw1:tree:2023-06-12:2710"
"2711","Zw1","tree","Pardosa pullata",2,"F","","Pitfall","Johan Van Keer","Ad",1,"Lycosidae","Araneae","spiders",50.875347,3.7624,2023-06-12,"DIGITAF_BIODIVERSITY_FLEMISH_TREEROWS:OCCURRENCE:spiders:Pitfall:Zw1:tree:2023-06-12:2711"
"2712","Zw1","tree","Parophonus maculicornis",1,"F","","Pitfall","Marc Vankerckvoorde","Ad",1,"Carabidae","Coleoptera","carabid beetles",50.875347,3.7624,2023-06-12,"DIGITAF_BIODIVERSITY_FLEMISH_TREEROWS:OCCURRENCE:carabid beetles:Pitfall:Zw1:tree:2023-06-12:2712"
"2713","Zw1","tree","Piratula latitans",2,"F","","Pitfall","Johan Van Keer","Ad",2,"Lycosidae","Araneae","spiders",50.875347,3.7624,2023-06-12,"DIGITAF_BIODIVERSITY_FLEMISH_TREEROWS:OCCURRENCE:spiders:Pitfall:Zw1:tree:2023-06-12:2713"
"2714","Zw1","tree","Piratula hygrophila",1,"M","","Pitfall","Johan Van Keer","Ad",1,"Lycosidae","Araneae","spiders",50.875347,3.7624,2023-06-12,"DIGITAF_BIODIVERSITY_FLEMISH_TREEROWS:OCCURRENCE:spiders:Pitfall:Zw1:tree:2023-06-12:2714"
"2715","Zw1","tree","Pachygnatha degeeri",2,"M","","Pitfall","Johan Van Keer","Ad",3,"Tetragnathidae","Araneae","spiders",50.875347,3.7624,2023-06-12,"DIGITAF_BIODIVERSITY_FLEMISH_TREEROWS:OCCURRENCE:spiders:Pitfall:Zw1:tree:2023-06-12:2715"
"2716","Zw1","tree","Trachyzelotes pedestris",2,"F","","Pitfall","Johan Van Keer","Ad",2,"Gnaphosidae","Araneae","spiders",50.875347,3.7624,2023-06-12,"DIGITAF_BIODIVERSITY_FLEMISH_TREEROWS:OCCURRENCE:spiders:Pitfall:Zw1:tree:2023-06-12:2716"
"2717","Zw1","tree","Anchomenus dorsalis",1,"F","","Pitfall","Marc Vankerckvoorde","Ad",1,"Carabidae","Coleoptera","carabid beetles",50.875347,3.7624,2023-06-12,"DIGITAF_BIODIVERSITY_FLEMISH_TREEROWS:OCCURRENCE:carabid beetles:Pitfall:Zw1:tree:2023-06-12:2717"
"2718","Zw1","tree","Porcellio scaber",2,"","","Pitfall","Pallieter De Smedt","Ad",2,"Porcellionidae","Isopoda","woodlice",50.875347,3.7624,2023-06-12,"DIGITAF_BIODIVERSITY_FLEMISH_TREEROWS:OCCURRENCE:woodlice:Pitfall:Zw1:tree:2023-06-12:2718"
"2719","Zw1","tree","Trochosa ruricola",2,"M","","Pitfall","Johan Van Keer","Ad",2,"Lycosidae","Araneae","spiders",50.875347,3.7624,2023-06-12,"DIGITAF_BIODIVERSITY_FLEMISH_TREEROWS:OCCURRENCE:spiders:Pitfall:Zw1:tree:2023-06-12:2719"
"2720","Zw1","tree","Pardosa amentata",2,"F","","Pitfall","Johan Van Keer","Ad",1,"Lycosidae","Araneae","spiders",50.875347,3.7624,2023-06-12,"DIGITAF_BIODIVERSITY_FLEMISH_TREEROWS:OCCURRENCE:spiders:Pitfall:Zw1:tree:2023-06-12:2720"
"2721","Zw1","tree","Pardosa amentata",1,"M","","Pitfall","Johan Van Keer","Ad",1,"Lycosidae","Araneae","spiders",50.875347,3.7624,2023-06-12,"DIGITAF_BIODIVERSITY_FLEMISH_TREEROWS:OCCURRENCE:spiders:Pitfall:Zw1:tree:2023-06-12:2721"
"2722","Zw1","tree","Philonthus cognatus",1,"","","Pitfall","Marc Vankerckvoorde","Ad",2,"Staphylinidae","Coleoptera","staphylinid beetles",50.875347,3.7624,2023-06-12,"DIGITAF_BIODIVERSITY_FLEMISH_TREEROWS:OCCURRENCE:staphylinid beetles:Pitfall:Zw1:tree:2023-06-12:2722"
"2723","Zw1","tree","Paederus littoralis",2,"","","Pitfall","Marc Vankerckvoorde","Ad",2,"Staphylinidae","Coleoptera","staphylinid beetles",50.875347,3.7624,2023-06-12,"DIGITAF_BIODIVERSITY_FLEMISH_TREEROWS:OCCURRENCE:staphylinid beetles:Pitfall:Zw1:tree:2023-06-12:2723"
"2724","Zw1","tree","Nebria salina",1,"M","","Pitfall","Marc Vankerckvoorde","Ad",4,"Carabidae","Coleoptera","carabid beetles",50.875347,3.7624,2023-06-12,"DIGITAF_BIODIVERSITY_FLEMISH_TREEROWS:OCCURRENCE:carabid beetles:Pitfall:Zw1:tree:2023-06-12:2724"
"2725","Zw1","tree","Philoscia muscorum",1,"","","Pitfall","Pallieter De Smedt","Ad",2,"Philosciidae","Isopoda","woodlice",50.875347,3.7624,2023-06-12,"DIGITAF_BIODIVERSITY_FLEMISH_TREEROWS:OCCURRENCE:woodlice:Pitfall:Zw1:tree:2023-06-12:2725"
"2726","Zw1","tree","Pardosa tenuipes",2,"M","","Pitfall","Johan Van Keer","Ad",1,"Lycosidae","Araneae","spiders",50.875347,3.7624,2023-06-12,"DIGITAF_BIODIVERSITY_FLEMISH_TREEROWS:OCCURRENCE:spiders:Pitfall:Zw1:tree:2023-06-12:2726"
"2727","Zw1","tree","Harpalus rufipes",2,"M","","Pitfall","Marc Vankerckvoorde","Ad",1,"Carabidae","Coleoptera","carabid beetles",50.875347,3.7624,2023-06-12,"DIGITAF_BIODIVERSITY_FLEMISH_TREEROWS:OCCURRENCE:carabid beetles:Pitfall:Zw1:tree:2023-06-12:2727"
"2728","Zw1","tree","Notiophilus quadripunctatus",1,"F","","Pitfall","Marc Vankerckvoorde","Ad",2,"Carabidae","Coleoptera","carabid beetles",50.875347,3.7624,2023-06-12,"DIGITAF_BIODIVERSITY_FLEMISH_TREEROWS:OCCURRENCE:carabid beetles:Pitfall:Zw1:tree:2023-06-12:2728"
"2729","Zw1","tree","Myrmica scabrinodis",2,"F","","Pitfall","Wouter Dekoninck","Ad",6,"Formicidae","Hymenoptera","ants",50.875347,3.7624,2023-06-12,"DIGITAF_BIODIVERSITY_FLEMISH_TREEROWS:OCCURRENCE:ants:Pitfall:Zw1:tree:2023-06-12:2729"
"2730","Zw1","tree","Drassyllus pusillus",1,"M","","Pitfall","Johan Van Keer","Ad",1,"Gnaphosidae","Araneae","spiders",50.875347,3.7624,2023-06-12,"DIGITAF_BIODIVERSITY_FLEMISH_TREEROWS:OCCURRENCE:spiders:Pitfall:Zw1:tree:2023-06-12:2730"
"2731","Zw1","tree","Pterostichus vernalis",1,"M","","Pitfall","Marc Vankerckvoorde","Ad",1,"Carabidae","Coleoptera","carabid beetles",50.875347,3.7624,2023-06-12,"DIGITAF_BIODIVERSITY_FLEMISH_TREEROWS:OCCURRENCE:carabid beetles:Pitfall:Zw1:tree:2023-06-12:2731"
"2732","Zw1","tree","Tenuiphantes tenuis",1,"M","","Pitfall","Johan Van Keer","Ad",3,"Linyphiidae","Araneae","spiders",50.875347,3.7624,2023-06-12,"DIGITAF_BIODIVERSITY_FLEMISH_TREEROWS:OCCURRENCE:spiders:Pitfall:Zw1:tree:2023-06-12:2732"
"2733","Zw1","tree","Demetrias atricapillus",2,"M","","Pitfall","Marc Vankerckvoorde","Ad",1,"Carabidae","Coleoptera","carabid beetles",50.875347,3.7624,2023-06-12,"DIGITAF_BIODIVERSITY_FLEMISH_TREEROWS:OCCURRENCE:carabid beetles:Pitfall:Zw1:tree:2023-06-12:2733"
"2734","Zw1","tree","Nebria salina",1,"F","","Pitfall","Marc Vankerckvoorde","Ad",1,"Carabidae","Coleoptera","carabid beetles",50.875347,3.7624,2023-06-12,"DIGITAF_BIODIVERSITY_FLEMISH_TREEROWS:OCCURRENCE:carabid beetles:Pitfall:Zw1:tree:2023-06-12:2734"
"2735","Zw1","tree","Lasius niger",1,"F","","Pitfall","Wouter Dekoninck","Ad",20,"Formicidae","Hymenoptera","ants",50.875347,3.7624,2023-06-12,"DIGITAF_BIODIVERSITY_FLEMISH_TREEROWS:OCCURRENCE:ants:Pitfall:Zw1:tree:2023-06-12:2735"
"2736","Zw1","tree","Pardosa amentata",1,"F","","Pitfall","Johan Van Keer","Ad",1,"Lycosidae","Araneae","spiders",50.875347,3.7624,2023-06-12,"DIGITAF_BIODIVERSITY_FLEMISH_TREEROWS:OCCURRENCE:spiders:Pitfall:Zw1:tree:2023-06-12:2736"
"2737","Zw1","tree","Myrmica rubra",2,"F","","Pitfall","Wouter Dekoninck","Ad",1,"Formicidae","Hymenoptera","ants",50.875347,3.7624,2023-06-12,"DIGITAF_BIODIVERSITY_FLEMISH_TREEROWS:OCCURRENCE:ants:Pitfall:Zw1:tree:2023-06-12:2737"
"2738","Zw1","tree","Xysticus cristatus",2,"F","","Pitfall","Johan Van Keer","Ad",1,"Thomisidae","Araneae","spiders",50.875347,3.7624,2023-06-12,"DIGITAF_BIODIVERSITY_FLEMISH_TREEROWS:OCCURRENCE:spiders:Pitfall:Zw1:tree:2023-06-12:2738"
"2739","Zw1","tree","Philonthus cognatus",2,"","","Pitfall","Marc Vankerckvoorde","Ad",6,"Staphylinidae","Coleoptera","staphylinid beetles",50.875347,3.7624,2023-06-12,"DIGITAF_BIODIVERSITY_FLEMISH_TREEROWS:OCCURRENCE:staphylinid beetles:Pitfall:Zw1:tree:2023-06-12:2739"
"2740","Zw1","tree","Porcellio scaber",1,"","","Pitfall","Pallieter De Smedt","Ad",3,"Porcellionidae","Isopoda","woodlice",50.875347,3.7624,2023-06-12,"DIGITAF_BIODIVERSITY_FLEMISH_TREEROWS:OCCURRENCE:woodlice:Pitfall:Zw1:tree:2023-06-12:2740"
"2741","Zw1","tree","Pardosa palustris",2,"M","","Pitfall","Johan Van Keer","Ad",1,"Lycosidae","Araneae","spiders",50.875347,3.7624,2023-06-12,"DIGITAF_BIODIVERSITY_FLEMISH_TREEROWS:OCCURRENCE:spiders:Pitfall:Zw1:tree:2023-06-12:2741"
"2742","Zw1","tree","Alopecosa pulverulenta",2,"F","","Pitfall","Johan Van Keer","Ad",1,"Lycosidae","Araneae","spiders",50.875347,3.7624,2023-06-12,"DIGITAF_BIODIVERSITY_FLEMISH_TREEROWS:OCCURRENCE:spiders:Pitfall:Zw1:tree:2023-06-12:2742"
"2743","Zw1","tree","Lasius niger",2,"F","","Pitfall","Wouter Dekoninck","Ad",14,"Formicidae","Hymenoptera","ants",50.875347,3.7624,2023-06-12,"DIGITAF_BIODIVERSITY_FLEMISH_TREEROWS:OCCURRENCE:ants:Pitfall:Zw1:tree:2023-06-12:2743"
"2744","Zw1","tree","Anisodactylus binotatus",2,"M","","Pitfall","Marc Vankerckvoorde","Ad",1,"Carabidae","Coleoptera","carabid beetles",50.875347,3.7624,2023-06-12,"DIGITAF_BIODIVERSITY_FLEMISH_TREEROWS:OCCURRENCE:carabid beetles:Pitfall:Zw1:tree:2023-06-12:2744"
"2745","Zw1","tree","Pardosa tenuipes",2,"F","","Pitfall","Johan Van Keer","Ad",2,"Lycosidae","Araneae","spiders",50.875347,3.7624,2023-06-12,"DIGITAF_BIODIVERSITY_FLEMISH_TREEROWS:OCCURRENCE:spiders:Pitfall:Zw1:tree:2023-06-12:2745"
"2746","Zw1","tree","Trachyzelotes pedestris",1,"M","","Pitfall","Johan Van Keer","Ad",1,"Gnaphosidae","Araneae","spiders",50.875347,3.7624,2023-06-12,"DIGITAF_BIODIVERSITY_FLEMISH_TREEROWS:OCCURRENCE:spiders:Pitfall:Zw1:tree:2023-06-12:2746"
"2747","Zw1","tree","Amara lunicollis",1,"M","","Pitfall","Marc Vankerckvoorde","Ad",1,"Carabidae","Coleoptera","carabid beetles",50.875347,3.7624,2023-06-12,"DIGITAF_BIODIVERSITY_FLEMISH_TREEROWS:OCCURRENCE:carabid beetles:Pitfall:Zw1:tree:2023-06-12:2747"
"2748","Zw1","tree","Bembidion properans",2,"M","","Pitfall","Marc Vankerckvoorde","Ad",1,"Carabidae","Coleoptera","carabid beetles",50.875347,3.7624,2023-06-12,"DIGITAF_BIODIVERSITY_FLEMISH_TREEROWS:OCCURRENCE:carabid beetles:Pitfall:Zw1:tree:2023-06-12:2748"
"2749","Zw1","tree","Philoscia muscorum",2,"","","Pitfall","Pallieter De Smedt","Ad",2,"Philosciidae","Isopoda","woodlice",50.875347,3.7624,2023-06-12,"DIGITAF_BIODIVERSITY_FLEMISH_TREEROWS:OCCURRENCE:woodlice:Pitfall:Zw1:tree:2023-06-12:2749"
"2750","Zw1","tree","Gyrohypnus angustatus",1,"M","","Pitfall","Marc Vankerckvoorde","Ad",1,"Staphylinidae","Coleoptera","staphylinid beetles",50.875347,3.7624,2023-06-12,"DIGITAF_BIODIVERSITY_FLEMISH_TREEROWS:OCCURRENCE:staphylinid beetles:Pitfall:Zw1:tree:2023-06-12:2750"
"2751","Zw1","tree","Alopecosa pulverulenta",2,"M","","Pitfall","Johan Van Keer","Ad",1,"Lycosidae","Araneae","spiders",50.875347,3.7624,2023-06-12,"DIGITAF_BIODIVERSITY_FLEMISH_TREEROWS:OCCURRENCE:spiders:Pitfall:Zw1:tree:2023-06-12:2751"
"2752","Zw1","tree","Piratula latitans",2,"M","","Pitfall","Johan Van Keer","Ad",19,"Lycosidae","Araneae","spiders",50.875347,3.7624,2023-06-12,"DIGITAF_BIODIVERSITY_FLEMISH_TREEROWS:OCCURRENCE:spiders:Pitfall:Zw1:tree:2023-06-12:2752"
"2753","Zw1","tree","Leptoiulus kervillei",2,"M","","Pitfall","Pallieter De Smedt","Ad",1,"Julidae","Julida","millipedes",50.875347,3.7624,2023-06-12,"DIGITAF_BIODIVERSITY_FLEMISH_TREEROWS:OCCURRENCE:millipedes:Pitfall:Zw1:tree:2023-06-12:2753"
"2754","Zw1","tree","Armadillidium vulgare",2,"","","Pitfall","Pallieter De Smedt","Ad",1,"Armadillidiidae","Isopoda","woodlice",50.875347,3.7624,2023-06-12,"DIGITAF_BIODIVERSITY_FLEMISH_TREEROWS:OCCURRENCE:woodlice:Pitfall:Zw1:tree:2023-06-12:2754"
"2755","Zw1","tree","Anotylus insecatus",2,"","","Pitfall","Marc Vankerckvoorde","Ad",1,"Staphylinidae","Coleoptera","staphylinid beetles",50.875347,3.7624,2023-06-12,"DIGITAF_BIODIVERSITY_FLEMISH_TREEROWS:OCCURRENCE:staphylinid beetles:Pitfall:Zw1:tree:2023-06-12:2755"
"2756","Zw1","tree","Tenuiphantes tenuis",1,"F","","Pitfall","Johan Van Keer","Ad",1,"Linyphiidae","Araneae","spiders",50.875347,3.7624,2023-06-12,"DIGITAF_BIODIVERSITY_FLEMISH_TREEROWS:OCCURRENCE:spiders:Pitfall:Zw1:tree:2023-06-12:2756"
"2757","Zw1","tree","Tachyporus hypnorum",2,"","","Pitfall","Marc Vankerckvoorde","Ad",1,"Staphylinidae","Coleoptera","staphylinid beetles",50.875347,3.7624,2023-06-12,"DIGITAF_BIODIVERSITY_FLEMISH_TREEROWS:OCCURRENCE:staphylinid beetles:Pitfall:Zw1:tree:2023-06-12:2757"
"2758","Zw1","tree","Aleocharinae spec.",1,"","","Pitfall","Marc Vankerckvoorde","Ad",1,"Staphylinidae","Coleoptera","staphylinid beetles",50.875347,3.7624,2023-06-12,"DIGITAF_BIODIVERSITY_FLEMISH_TREEROWS:OCCURRENCE:staphylinid beetles:Pitfall:Zw1:tree:2023-06-12:2758"
"2759","Zw2","crtl","Amara plebeja",2,"F","","Pitfall","Marc Vankerckvoorde","Ad",1,"Carabidae","Coleoptera","carabid beetles",50.841705,3.746366,2023-06-12,"DIGITAF_BIODIVERSITY_FLEMISH_TREEROWS:OCCURRENCE:carabid beetles:Pitfall:Zw2:crtl:2023-06-12:2759"
"2760","Zw2","crtl","Pachygnatha degeeri",1,"M","","Pitfall","Johan Van Keer","Ad",1,"Tetragnathidae","Araneae","spiders",50.841705,3.746366,2023-06-12,"DIGITAF_BIODIVERSITY_FLEMISH_TREEROWS:OCCURRENCE:spiders:Pitfall:Zw2:crtl:2023-06-12:2760"
"2761","Zw2","crtl","Poecilus versicolor",2,"M","","Pitfall","Marc Vankerckvoorde","Ad",2,"Carabidae","Coleoptera","carabid beetles",50.841705,3.746366,2023-06-12,"DIGITAF_BIODIVERSITY_FLEMISH_TREEROWS:OCCURRENCE:carabid beetles:Pitfall:Zw2:crtl:2023-06-12:2761"
"2762","Zw2","crtl","Lasius niger",2,"F","","Pitfall","Wouter Dekoninck","Ad",13,"Formicidae","Hymenoptera","ants",50.841705,3.746366,2023-06-12,"DIGITAF_BIODIVERSITY_FLEMISH_TREEROWS:OCCURRENCE:ants:Pitfall:Zw2:crtl:2023-06-12:2762"
"2763","Zw2","crtl","Pardosa nigriceps",2,"M","","Pitfall","Johan Van Keer","Ad",2,"Lycosidae","Araneae","spiders",50.841705,3.746366,2023-06-12,"DIGITAF_BIODIVERSITY_FLEMISH_TREEROWS:OCCURRENCE:spiders:Pitfall:Zw2:crtl:2023-06-12:2763"
"2764","Zw2","crtl","Drassyllus pusillus",2,"M","","Pitfall","Johan Van Keer","Ad",3,"Gnaphosidae","Araneae","spiders",50.841705,3.746366,2023-06-12,"DIGITAF_BIODIVERSITY_FLEMISH_TREEROWS:OCCURRENCE:spiders:Pitfall:Zw2:crtl:2023-06-12:2764"
"2765","Zw2","crtl","Anchomenus dorsalis",2,"M","","Pitfall","Marc Vankerckvoorde","Ad",1,"Carabidae","Coleoptera","carabid beetles",50.841705,3.746366,2023-06-12,"DIGITAF_BIODIVERSITY_FLEMISH_TREEROWS:OCCURRENCE:carabid beetles:Pitfall:Zw2:crtl:2023-06-12:2765"
"2766","Zw2","crtl","Arctosa leopardus",2,"M","","Pitfall","Johan Van Keer","Ad",2,"Lycosidae","Araneae","spiders",50.841705,3.746366,2023-06-12,"DIGITAF_BIODIVERSITY_FLEMISH_TREEROWS:OCCURRENCE:spiders:Pitfall:Zw2:crtl:2023-06-12:2766"
"2767","Zw2","crtl","Alopecosa pulverulenta",2,"M","","Pitfall","Johan Van Keer","Ad",3,"Lycosidae","Araneae","spiders",50.841705,3.746366,2023-06-12,"DIGITAF_BIODIVERSITY_FLEMISH_TREEROWS:OCCURRENCE:spiders:Pitfall:Zw2:crtl:2023-06-12:2767"
"2768","Zw2","crtl","Lasius niger",1,"F","","Pitfall","Wouter Dekoninck","Ad",11,"Formicidae","Hymenoptera","ants",50.841705,3.746366,2023-06-12,"DIGITAF_BIODIVERSITY_FLEMISH_TREEROWS:OCCURRENCE:ants:Pitfall:Zw2:crtl:2023-06-12:2768"
"2769","Zw2","crtl","Philonthus carbonarius",2,"","","Pitfall","Marc Vankerckvoorde","Ad",1,"Staphylinidae","Coleoptera","staphylinid beetles",50.841705,3.746366,2023-06-12,"DIGITAF_BIODIVERSITY_FLEMISH_TREEROWS:OCCURRENCE:staphylinid beetles:Pitfall:Zw2:crtl:2023-06-12:2769"
"2770","Zw2","crtl","Amara aenea",2,"F","","Pitfall","Marc Vankerckvoorde","Ad",1,"Carabidae","Coleoptera","carabid beetles",50.841705,3.746366,2023-06-12,"DIGITAF_BIODIVERSITY_FLEMISH_TREEROWS:OCCURRENCE:carabid beetles:Pitfall:Zw2:crtl:2023-06-12:2770"
"2771","Zw2","crtl","Philonthus cognatus",2,"","","Pitfall","Marc Vankerckvoorde","Ad",1,"Staphylinidae","Coleoptera","staphylinid beetles",50.841705,3.746366,2023-06-12,"DIGITAF_BIODIVERSITY_FLEMISH_TREEROWS:OCCURRENCE:staphylinid beetles:Pitfall:Zw2:crtl:2023-06-12:2771"
"2772","Zw2","crtl","Pardosa pullata",1,"M","","Pitfall","Johan Van Keer","Ad",1,"Lycosidae","Araneae","spiders",50.841705,3.746366,2023-06-12,"DIGITAF_BIODIVERSITY_FLEMISH_TREEROWS:OCCURRENCE:spiders:Pitfall:Zw2:crtl:2023-06-12:2772"
"2773","Zw2","crtl","Lasius brunneus",1,"F","","Pitfall","Wouter Dekoninck","Ad",1,"Formicidae","Hymenoptera","ants",50.841705,3.746366,2023-06-12,"DIGITAF_BIODIVERSITY_FLEMISH_TREEROWS:OCCURRENCE:ants:Pitfall:Zw2:crtl:2023-06-12:2773"
"2774","Zw2","crtl","Poecilus cupreus",2,"F","","Pitfall","Marc Vankerckvoorde","Ad",2,"Carabidae","Coleoptera","carabid beetles",50.841705,3.746366,2023-06-12,"DIGITAF_BIODIVERSITY_FLEMISH_TREEROWS:OCCURRENCE:carabid beetles:Pitfall:Zw2:crtl:2023-06-12:2774"
"2775","Zw2","crtl","Pardosa palustris",1,"M","","Pitfall","Johan Van Keer","Ad",13,"Lycosidae","Araneae","spiders",50.841705,3.746366,2023-06-12,"DIGITAF_BIODIVERSITY_FLEMISH_TREEROWS:OCCURRENCE:spiders:Pitfall:Zw2:crtl:2023-06-12:2775"
"2776","Zw2","crtl","Poecilus cupreus",2,"M","","Pitfall","Marc Vankerckvoorde","Ad",2,"Carabidae","Coleoptera","carabid beetles",50.841705,3.746366,2023-06-12,"DIGITAF_BIODIVERSITY_FLEMISH_TREEROWS:OCCURRENCE:carabid beetles:Pitfall:Zw2:crtl:2023-06-12:2776"
"2777","Zw2","crtl","Poecilus versicolor",2,"F","","Pitfall","Marc Vankerckvoorde","Ad",4,"Carabidae","Coleoptera","carabid beetles",50.841705,3.746366,2023-06-12,"DIGITAF_BIODIVERSITY_FLEMISH_TREEROWS:OCCURRENCE:carabid beetles:Pitfall:Zw2:crtl:2023-06-12:2777"
"2778","Zw2","crtl","Trachyzelotes pedestris",1,"F","","Pitfall","Johan Van Keer","Ad",1,"Gnaphosidae","Araneae","spiders",50.841705,3.746366,2023-06-12,"DIGITAF_BIODIVERSITY_FLEMISH_TREEROWS:OCCURRENCE:spiders:Pitfall:Zw2:crtl:2023-06-12:2778"
"2779","Zw2","crtl","Cylindroiulus caeruleocinctus",2,"F","","Pitfall","Pallieter De Smedt","Ad",1,"Julidae","Julida","millipedes",50.841705,3.746366,2023-06-12,"DIGITAF_BIODIVERSITY_FLEMISH_TREEROWS:OCCURRENCE:millipedes:Pitfall:Zw2:crtl:2023-06-12:2779"
"2780","Zw2","crtl","Pardosa pullata",2,"M","","Pitfall","Johan Van Keer","Ad",4,"Lycosidae","Araneae","spiders",50.841705,3.746366,2023-06-12,"DIGITAF_BIODIVERSITY_FLEMISH_TREEROWS:OCCURRENCE:spiders:Pitfall:Zw2:crtl:2023-06-12:2780"
"2781","Zw2","crtl","Lamyctes emarginatus",1,"","","Pitfall","Koen Lock","Ad",1,"Henicopidae","Lithobiomorpha","centipedes",50.841705,3.746366,2023-06-12,"DIGITAF_BIODIVERSITY_FLEMISH_TREEROWS:OCCURRENCE:centipedes:Pitfall:Zw2:crtl:2023-06-12:2781"
"2782","Zw2","crtl","Pardosa tenuipes",1,"F","","Pitfall","Johan Van Keer","Ad",8,"Lycosidae","Araneae","spiders",50.841705,3.746366,2023-06-12,"DIGITAF_BIODIVERSITY_FLEMISH_TREEROWS:OCCURRENCE:spiders:Pitfall:Zw2:crtl:2023-06-12:2782"
"2783","Zw2","crtl","Diplostyla concolor",2,"M","","Pitfall","Léon Baert","Ad",1,"Linyphiidae","Araneae","spiders",50.841705,3.746366,2023-06-12,"DIGITAF_BIODIVERSITY_FLEMISH_TREEROWS:OCCURRENCE:spiders:Pitfall:Zw2:crtl:2023-06-12:2783"
"2784","Zw2","crtl","Bathyphantes gracilis",1,"F","","Pitfall","Johan Van Keer","Ad",1,"Linyphiidae","Araneae","spiders",50.841705,3.746366,2023-06-12,"DIGITAF_BIODIVERSITY_FLEMISH_TREEROWS:OCCURRENCE:spiders:Pitfall:Zw2:crtl:2023-06-12:2784"
"2785","Zw2","crtl","Philoscia muscorum",2,"","","Pitfall","Pallieter De Smedt","Ad",1,"Philosciidae","Isopoda","woodlice",50.841705,3.746366,2023-06-12,"DIGITAF_BIODIVERSITY_FLEMISH_TREEROWS:OCCURRENCE:woodlice:Pitfall:Zw2:crtl:2023-06-12:2785"
"2786","Zw2","crtl","Histopona torpida",2,"M","","Pitfall","Johan Van Keer","Ad",1,"Agelenidae","Araneae","spiders",50.841705,3.746366,2023-06-12,"DIGITAF_BIODIVERSITY_FLEMISH_TREEROWS:OCCURRENCE:spiders:Pitfall:Zw2:crtl:2023-06-12:2786"
"2787","Zw2","crtl","Pardosa palustris",2,"M","","Pitfall","Johan Van Keer","Ad",22,"Lycosidae","Araneae","spiders",50.841705,3.746366,2023-06-12,"DIGITAF_BIODIVERSITY_FLEMISH_TREEROWS:OCCURRENCE:spiders:Pitfall:Zw2:crtl:2023-06-12:2787"
"2788","Zw2","crtl","Pardosa tenuipes",2,"F","","Pitfall","Johan Van Keer","Ad",10,"Lycosidae","Araneae","spiders",50.841705,3.746366,2023-06-12,"DIGITAF_BIODIVERSITY_FLEMISH_TREEROWS:OCCURRENCE:spiders:Pitfall:Zw2:crtl:2023-06-12:2788"
"2789","Zw2","crtl","Tenuiphantes tenuis",2,"F","","Pitfall","Léon Baert","Ad",1,"Linyphiidae","Araneae","spiders",50.841705,3.746366,2023-06-12,"DIGITAF_BIODIVERSITY_FLEMISH_TREEROWS:OCCURRENCE:spiders:Pitfall:Zw2:crtl:2023-06-12:2789"
"2790","Zw2","crtl","Paederus littoralis",2,"","","Pitfall","Marc Vankerckvoorde","Ad",1,"Staphylinidae","Coleoptera","staphylinid beetles",50.841705,3.746366,2023-06-12,"DIGITAF_BIODIVERSITY_FLEMISH_TREEROWS:OCCURRENCE:staphylinid beetles:Pitfall:Zw2:crtl:2023-06-12:2790"
"2791","Zw2","crtl","Diplocephalus graecus",2,"F","","Pitfall","Johan Van Keer","Ad",1,"Linyphiidae","Araneae","spiders",50.841705,3.746366,2023-06-12,"DIGITAF_BIODIVERSITY_FLEMISH_TREEROWS:OCCURRENCE:spiders:Pitfall:Zw2:crtl:2023-06-12:2791"
"2792","Zw2","crtl","Microlestes minutulus",2,"F","","Pitfall","Marc Vankerckvoorde","Ad",1,"Carabidae","Coleoptera","carabid beetles",50.841705,3.746366,2023-06-12,"DIGITAF_BIODIVERSITY_FLEMISH_TREEROWS:OCCURRENCE:carabid beetles:Pitfall:Zw2:crtl:2023-06-12:2792"
"2793","Zw2","crtl","Pardosa tenuipes",2,"M","","Pitfall","Johan Van Keer","Ad",63,"Lycosidae","Araneae","spiders",50.841705,3.746366,2023-06-12,"DIGITAF_BIODIVERSITY_FLEMISH_TREEROWS:OCCURRENCE:spiders:Pitfall:Zw2:crtl:2023-06-12:2793"
"2794","Zw2","crtl","Trochosa ruricola",1,"M","","Pitfall","Johan Van Keer","Ad",2,"Lycosidae","Araneae","spiders",50.841705,3.746366,2023-06-12,"DIGITAF_BIODIVERSITY_FLEMISH_TREEROWS:OCCURRENCE:spiders:Pitfall:Zw2:crtl:2023-06-12:2794"
"2795","Zw2","crtl","Erigone dentipalpis",2,"M","","Pitfall","Johan Van Keer","Ad",1,"Linyphiidae","Araneae","spiders",50.841705,3.746366,2023-06-12,"DIGITAF_BIODIVERSITY_FLEMISH_TREEROWS:OCCURRENCE:spiders:Pitfall:Zw2:crtl:2023-06-12:2795"
"2796","Zw2","crtl","Acupalpus meridianus",2,"M","","Pitfall","Marc Vankerckvoorde","Ad",2,"Carabidae","Coleoptera","carabid beetles",50.841705,3.746366,2023-06-12,"DIGITAF_BIODIVERSITY_FLEMISH_TREEROWS:OCCURRENCE:carabid beetles:Pitfall:Zw2:crtl:2023-06-12:2796"
"2797","Zw2","crtl","Diplostyla concolor",1,"F","","Pitfall","Johan Van Keer","Ad",1,"Linyphiidae","Araneae","spiders",50.841705,3.746366,2023-06-12,"DIGITAF_BIODIVERSITY_FLEMISH_TREEROWS:OCCURRENCE:spiders:Pitfall:Zw2:crtl:2023-06-12:2797"
"2798","Zw2","crtl","Diachromus germanus",2,"M","","Pitfall","Marc Vankerckvoorde","Ad",1,"Carabidae","Coleoptera","carabid beetles",50.841705,3.746366,2023-06-12,"DIGITAF_BIODIVERSITY_FLEMISH_TREEROWS:OCCURRENCE:carabid beetles:Pitfall:Zw2:crtl:2023-06-12:2798"
"2799","Zw2","crtl","Trochosa ruricola",2,"M","","Pitfall","Johan Van Keer","Ad",2,"Lycosidae","Araneae","spiders",50.841705,3.746366,2023-06-12,"DIGITAF_BIODIVERSITY_FLEMISH_TREEROWS:OCCURRENCE:spiders:Pitfall:Zw2:crtl:2023-06-12:2799"
"2800","Zw2","crtl","Oedothorax apicatus",1,"M","","Pitfall","Johan Van Keer","Ad",1,"Linyphiidae","Araneae","spiders",50.841705,3.746366,2023-06-12,"DIGITAF_BIODIVERSITY_FLEMISH_TREEROWS:OCCURRENCE:spiders:Pitfall:Zw2:crtl:2023-06-12:2800"
"2801","Zw2","crtl","Pardosa amentata",2,"M","","Pitfall","Johan Van Keer","Ad",1,"Lycosidae","Araneae","spiders",50.841705,3.746366,2023-06-12,"DIGITAF_BIODIVERSITY_FLEMISH_TREEROWS:OCCURRENCE:spiders:Pitfall:Zw2:crtl:2023-06-12:2801"
"2802","Zw2","crtl","Tenuiphantes tenuis",1,"F","","Pitfall","Johan Van Keer","Ad",2,"Linyphiidae","Araneae","spiders",50.841705,3.746366,2023-06-12,"DIGITAF_BIODIVERSITY_FLEMISH_TREEROWS:OCCURRENCE:spiders:Pitfall:Zw2:crtl:2023-06-12:2802"
"2803","Zw2","crtl","Pardosa palustris",1,"F","","Pitfall","Johan Van Keer","Ad",1,"Lycosidae","Araneae","spiders",50.841705,3.746366,2023-06-12,"DIGITAF_BIODIVERSITY_FLEMISH_TREEROWS:OCCURRENCE:spiders:Pitfall:Zw2:crtl:2023-06-12:2803"
"2804","Zw2","crtl","Margarinotus purpurascens",2,"","","","Marc Vankerckvoorde","Ad",1,"Histeridae","Coleoptera","other beetles",50.841705,3.746366,2023-06-12,"DIGITAF_BIODIVERSITY_FLEMISH_TREEROWS:OCCURRENCE:other beetles::Zw2:crtl:2023-06-12:2804"
"2805","Zw2","crtl","Pardosa tenuipes",1,"M","","Pitfall","Johan Van Keer","Ad",24,"Lycosidae","Araneae","spiders",50.841705,3.746366,2023-06-12,"DIGITAF_BIODIVERSITY_FLEMISH_TREEROWS:OCCURRENCE:spiders:Pitfall:Zw2:crtl:2023-06-12:2805"
"2806","Zw2","tree","Philonthus cognatus",1,"","","Pitfall","Marc Vankerckvoorde","Ad",32,"Staphylinidae","Coleoptera","staphylinid beetles",50.842518,3.745591,2023-06-12,"DIGITAF_BIODIVERSITY_FLEMISH_TREEROWS:OCCURRENCE:staphylinid beetles:Pitfall:Zw2:tree:2023-06-12:2806"
"2807","Zw2","tree","Amara convexior",2,"F","","Pitfall","Marc Vankerckvoorde","Ad",1,"Carabidae","Coleoptera","carabid beetles",50.842518,3.745591,2023-06-12,"DIGITAF_BIODIVERSITY_FLEMISH_TREEROWS:OCCURRENCE:carabid beetles:Pitfall:Zw2:tree:2023-06-12:2807"
"2808","Zw2","tree","Parophonus maculicornis",1,"F","","Pitfall","Marc Vankerckvoorde","Ad",1,"Carabidae","Coleoptera","carabid beetles",50.842518,3.745591,2023-06-12,"DIGITAF_BIODIVERSITY_FLEMISH_TREEROWS:OCCURRENCE:carabid beetles:Pitfall:Zw2:tree:2023-06-12:2808"
"2809","Zw2","tree","Quedius curtipennis",1,"","","Pitfall","Marc Vankerckvoorde","Ad",1,"Staphylinidae","Coleoptera","staphylinid beetles",50.842518,3.745591,2023-06-12,"DIGITAF_BIODIVERSITY_FLEMISH_TREEROWS:OCCURRENCE:staphylinid beetles:Pitfall:Zw2:tree:2023-06-12:2809"
"2810","Zw2","tree","Philonthus carbonarius",2,"","","Pitfall","Marc Vankerckvoorde","Ad",1,"Staphylinidae","Coleoptera","staphylinid beetles",50.842518,3.745591,2023-06-12,"DIGITAF_BIODIVERSITY_FLEMISH_TREEROWS:OCCURRENCE:staphylinid beetles:Pitfall:Zw2:tree:2023-06-12:2810"
"2811","Zw2","tree","Anchomenus dorsalis",1,"F","","Pitfall","Marc Vankerckvoorde","Ad",1,"Carabidae","Coleoptera","carabid beetles",50.842518,3.745591,2023-06-12,"DIGITAF_BIODIVERSITY_FLEMISH_TREEROWS:OCCURRENCE:carabid beetles:Pitfall:Zw2:tree:2023-06-12:2811"
"2812","Zw2","tree","Brachyiulus pusillus",1,"M","","Pitfall","Pallieter De Smedt","Ad",1,"Julidae","Julida","millipedes",50.842518,3.745591,2023-06-12,"DIGITAF_BIODIVERSITY_FLEMISH_TREEROWS:OCCURRENCE:millipedes:Pitfall:Zw2:tree:2023-06-12:2812"
"2813","Zw2","tree","Myrmica rubra",1,"F","","Pitfall","Wouter Dekoninck","Ad",3,"Formicidae","Hymenoptera","ants",50.842518,3.745591,2023-06-12,"DIGITAF_BIODIVERSITY_FLEMISH_TREEROWS:OCCURRENCE:ants:Pitfall:Zw2:tree:2023-06-12:2813"
"2814","Zw2","tree","Amara similata",2,"M","","Pitfall","Marc Vankerckvoorde","Ad",1,"Carabidae","Coleoptera","carabid beetles",50.842518,3.745591,2023-06-12,"DIGITAF_BIODIVERSITY_FLEMISH_TREEROWS:OCCURRENCE:carabid beetles:Pitfall:Zw2:tree:2023-06-12:2814"
"2815","Zw2","tree","Amara similata",2,"F","","Pitfall","Marc Vankerckvoorde","Ad",1,"Carabidae","Coleoptera","carabid beetles",50.842518,3.745591,2023-06-12,"DIGITAF_BIODIVERSITY_FLEMISH_TREEROWS:OCCURRENCE:carabid beetles:Pitfall:Zw2:tree:2023-06-12:2815"
"2816","Zw2","tree","Philonthus cognatus",2,"","","Pitfall","Marc Vankerckvoorde","Ad",18,"Staphylinidae","Coleoptera","staphylinid beetles",50.842518,3.745591,2023-06-12,"DIGITAF_BIODIVERSITY_FLEMISH_TREEROWS:OCCURRENCE:staphylinid beetles:Pitfall:Zw2:tree:2023-06-12:2816"
"2817","Zw2","tree","Amara convexior",2,"M","","Pitfall","Marc Vankerckvoorde","Ad",1,"Carabidae","Coleoptera","carabid beetles",50.842518,3.745591,2023-06-12,"DIGITAF_BIODIVERSITY_FLEMISH_TREEROWS:OCCURRENCE:carabid beetles:Pitfall:Zw2:tree:2023-06-12:2817"
"2818","Zw2","tree","Trachyzelotes pedestris",2,"M","","Pitfall","Johan Van Keer","Ad",1,"Gnaphosidae","Araneae","spiders",50.842518,3.745591,2023-06-12,"DIGITAF_BIODIVERSITY_FLEMISH_TREEROWS:OCCURRENCE:spiders:Pitfall:Zw2:tree:2023-06-12:2818"
"2819","Zw2","tree","Trachyzelotes pedestris",1,"M","","Pitfall","Johan Van Keer","Ad",2,"Gnaphosidae","Araneae","spiders",50.842518,3.745591,2023-06-12,"DIGITAF_BIODIVERSITY_FLEMISH_TREEROWS:OCCURRENCE:spiders:Pitfall:Zw2:tree:2023-06-12:2819"
"2820","Zw2","tree","Parophonus maculicornis",1,"M","","Pitfall","Marc Vankerckvoorde","Ad",2,"Carabidae","Coleoptera","carabid beetles",50.842518,3.745591,2023-06-12,"DIGITAF_BIODIVERSITY_FLEMISH_TREEROWS:OCCURRENCE:carabid beetles:Pitfall:Zw2:tree:2023-06-12:2820"
"2821","Zw2","tree","Amara aenea",1,"F","","Pitfall","Marc Vankerckvoorde","Ad",1,"Carabidae","Coleoptera","carabid beetles",50.842518,3.745591,2023-06-12,"DIGITAF_BIODIVERSITY_FLEMISH_TREEROWS:OCCURRENCE:carabid beetles:Pitfall:Zw2:tree:2023-06-12:2821"
"2822","Zw2","tree","Philonthus laminatus",2,"","","Pitfall","Marc Vankerckvoorde","Ad",5,"Staphylinidae","Coleoptera","staphylinid beetles",50.842518,3.745591,2023-06-12,"DIGITAF_BIODIVERSITY_FLEMISH_TREEROWS:OCCURRENCE:staphylinid beetles:Pitfall:Zw2:tree:2023-06-12:2822"
"2823","Zw2","tree","Stenus clavicornis",1,"","","Pitfall","Marc Vankerckvoorde","Ad",1,"Staphylinidae","Coleoptera","staphylinid beetles",50.842518,3.745591,2023-06-12,"DIGITAF_BIODIVERSITY_FLEMISH_TREEROWS:OCCURRENCE:staphylinid beetles:Pitfall:Zw2:tree:2023-06-12:2823"
"2824","Zw2","tree","Amara anthobia",2,"M","","Pitfall","Marc Vankerckvoorde","Ad",1,"Carabidae","Coleoptera","carabid beetles",50.842518,3.745591,2023-06-12,"DIGITAF_BIODIVERSITY_FLEMISH_TREEROWS:OCCURRENCE:carabid beetles:Pitfall:Zw2:tree:2023-06-12:2824"
"2825","Zw2","tree","Myrmica ruginodis",1,"F","","Pitfall","Wouter Dekoninck","Ad",15,"Formicidae","Hymenoptera","ants",50.842518,3.745591,2023-06-12,"DIGITAF_BIODIVERSITY_FLEMISH_TREEROWS:OCCURRENCE:ants:Pitfall:Zw2:tree:2023-06-12:2825"
"2826","Zw2","tree","Julus scandinavius",2,"M","","Pitfall","Pallieter De Smedt","Ad",1,"Julidae","Julida","millipedes",50.842518,3.745591,2023-06-12,"DIGITAF_BIODIVERSITY_FLEMISH_TREEROWS:OCCURRENCE:millipedes:Pitfall:Zw2:tree:2023-06-12:2826"
"2827","Zw2","tree","Nebria brevicollis",1,"F","","Pitfall","Marc Vankerckvoorde","Ad",1,"Carabidae","Coleoptera","carabid beetles",50.842518,3.745591,2023-06-12,"DIGITAF_BIODIVERSITY_FLEMISH_TREEROWS:OCCURRENCE:carabid beetles:Pitfall:Zw2:tree:2023-06-12:2827"
"2828","Zw2","tree","Anisodactylus binotatus",1,"M","","Pitfall","Marc Vankerckvoorde","Ad",1,"Carabidae","Coleoptera","carabid beetles",50.842518,3.745591,2023-06-12,"DIGITAF_BIODIVERSITY_FLEMISH_TREEROWS:OCCURRENCE:carabid beetles:Pitfall:Zw2:tree:2023-06-12:2828"
"2829","Zw2","tree","Notiophilus quadripunctatus",1,"F","","Pitfall","Marc Vankerckvoorde","Ad",1,"Carabidae","Coleoptera","carabid beetles",50.842518,3.745591,2023-06-12,"DIGITAF_BIODIVERSITY_FLEMISH_TREEROWS:OCCURRENCE:carabid beetles:Pitfall:Zw2:tree:2023-06-12:2829"
"2830","Zw2","tree","Tenuiphantes tenuis",1,"F","","Pitfall","Johan Van Keer","Ad",1,"Linyphiidae","Araneae","spiders",50.842518,3.745591,2023-06-12,"DIGITAF_BIODIVERSITY_FLEMISH_TREEROWS:OCCURRENCE:spiders:Pitfall:Zw2:tree:2023-06-12:2830"
"2831","Zw2","tree","Amara familiaris",2,"F","","Pitfall","Marc Vankerckvoorde","Ad",1,"Carabidae","Coleoptera","carabid beetles",50.842518,3.745591,2023-06-12,"DIGITAF_BIODIVERSITY_FLEMISH_TREEROWS:OCCURRENCE:carabid beetles:Pitfall:Zw2:tree:2023-06-12:2831"
"2832","Zw2","tree","Tachinus rufipes",2,"","","Pitfall","Marc Vankerckvoorde","Ad",1,"Staphylinidae","Coleoptera","staphylinid beetles",50.842518,3.745591,2023-06-12,"DIGITAF_BIODIVERSITY_FLEMISH_TREEROWS:OCCURRENCE:staphylinid beetles:Pitfall:Zw2:tree:2023-06-12:2832"
"2833","Zw2","tree","Pterostichus strenuus",1,"M","","Pitfall","Marc Vankerckvoorde","Ad",1,"Carabidae","Coleoptera","carabid beetles",50.842518,3.745591,2023-06-12,"DIGITAF_BIODIVERSITY_FLEMISH_TREEROWS:OCCURRENCE:carabid beetles:Pitfall:Zw2:tree:2023-06-12:2833"
"2834","Zw2","tree","Amara convexior",1,"M","","Pitfall","Marc Vankerckvoorde","Ad",2,"Carabidae","Coleoptera","carabid beetles",50.842518,3.745591,2023-06-12,"DIGITAF_BIODIVERSITY_FLEMISH_TREEROWS:OCCURRENCE:carabid beetles:Pitfall:Zw2:tree:2023-06-12:2834"
"2835","Zw2","tree","Polydesmus coriaceus",1,"F","","Pitfall","Pallieter De Smedt","Ad",1,"Polydesmidae","Polydesmida","millipedes",50.842518,3.745591,2023-06-12,"DIGITAF_BIODIVERSITY_FLEMISH_TREEROWS:OCCURRENCE:millipedes:Pitfall:Zw2:tree:2023-06-12:2835"
"2836","Zw2","tree","Polydesmus inconstans",1,"M","","Pitfall","Pallieter De Smedt","Ad",1,"Polydesmidae","Polydesmida","millipedes",50.842518,3.745591,2023-06-12,"DIGITAF_BIODIVERSITY_FLEMISH_TREEROWS:OCCURRENCE:millipedes:Pitfall:Zw2:tree:2023-06-12:2836"
"2837","Zw2","tree","Anisodactylus binotatus",2,"M","","Pitfall","Marc Vankerckvoorde","Ad",2,"Carabidae","Coleoptera","carabid beetles",50.842518,3.745591,2023-06-12,"DIGITAF_BIODIVERSITY_FLEMISH_TREEROWS:OCCURRENCE:carabid beetles:Pitfall:Zw2:tree:2023-06-12:2837"
"2838","Zw2","tree","Poecilus versicolor",2,"M","","Pitfall","Marc Vankerckvoorde","Ad",1,"Carabidae","Coleoptera","carabid beetles",50.842518,3.745591,2023-06-12,"DIGITAF_BIODIVERSITY_FLEMISH_TREEROWS:OCCURRENCE:carabid beetles:Pitfall:Zw2:tree:2023-06-12:2838"
"2839","Zw2","tree","Trochosa ruricola",1,"M","","Pitfall","Johan Van Keer","Ad",1,"Lycosidae","Araneae","spiders",50.842518,3.745591,2023-06-12,"DIGITAF_BIODIVERSITY_FLEMISH_TREEROWS:OCCURRENCE:spiders:Pitfall:Zw2:tree:2023-06-12:2839"
"2840","Zw2","tree","Harpalus latus",2,"M","","Pitfall","Marc Vankerckvoorde","Ad",1,"Carabidae","Coleoptera","carabid beetles",50.842518,3.745591,2023-06-12,"DIGITAF_BIODIVERSITY_FLEMISH_TREEROWS:OCCURRENCE:carabid beetles:Pitfall:Zw2:tree:2023-06-12:2840"
"2841","Zw2","tree","Philonthus carbonarius",1,"","","Pitfall","Marc Vankerckvoorde","Ad",5,"Staphylinidae","Coleoptera","staphylinid beetles",50.842518,3.745591,2023-06-12,"DIGITAF_BIODIVERSITY_FLEMISH_TREEROWS:OCCURRENCE:staphylinid beetles:Pitfall:Zw2:tree:2023-06-12:2841"
"2842","Zw2","tree","Piratula latitans",1,"M","","Pitfall","Johan Van Keer","Ad",1,"Lycosidae","Araneae","spiders",50.842518,3.745591,2023-06-12,"DIGITAF_BIODIVERSITY_FLEMISH_TREEROWS:OCCURRENCE:spiders:Pitfall:Zw2:tree:2023-06-12:2842"
"2843","Zw2","tree","Anisodactylus binotatus",2,"F","","Pitfall","Marc Vankerckvoorde","Ad",3,"Carabidae","Coleoptera","carabid beetles",50.842518,3.745591,2023-06-12,"DIGITAF_BIODIVERSITY_FLEMISH_TREEROWS:OCCURRENCE:carabid beetles:Pitfall:Zw2:tree:2023-06-12:2843"
"2844","Zw2","tree","Lasius niger",1,"F","","Pitfall","Wouter Dekoninck","Ad",4,"Formicidae","Hymenoptera","ants",50.842518,3.745591,2023-06-12,"DIGITAF_BIODIVERSITY_FLEMISH_TREEROWS:OCCURRENCE:ants:Pitfall:Zw2:tree:2023-06-12:2844"
"2845","Zw2","tree","Lasius brunneus",2,"F","","Pitfall","Wouter Dekoninck","Ad",1,"Formicidae","Hymenoptera","ants",50.842518,3.745591,2023-06-12,"DIGITAF_BIODIVERSITY_FLEMISH_TREEROWS:OCCURRENCE:ants:Pitfall:Zw2:tree:2023-06-12:2845"
"2846","Zw2","tree","Myrmica rubra",2,"F","","Pitfall","Wouter Dekoninck","Ad",2,"Formicidae","Hymenoptera","ants",50.842518,3.745591,2023-06-12,"DIGITAF_BIODIVERSITY_FLEMISH_TREEROWS:OCCURRENCE:ants:Pitfall:Zw2:tree:2023-06-12:2846"
"2847","Zw2","tree","Armadillidium vulgare",2,"","","Pitfall","Pallieter De Smedt","Ad",8,"Armadillidiidae","Isopoda","woodlice",50.842518,3.745591,2023-06-12,"DIGITAF_BIODIVERSITY_FLEMISH_TREEROWS:OCCURRENCE:woodlice:Pitfall:Zw2:tree:2023-06-12:2847"
"2848","Zw2","tree","Amara similata",1,"M","","Pitfall","Marc Vankerckvoorde","Ad",1,"Carabidae","Coleoptera","carabid beetles",50.842518,3.745591,2023-06-12,"DIGITAF_BIODIVERSITY_FLEMISH_TREEROWS:OCCURRENCE:carabid beetles:Pitfall:Zw2:tree:2023-06-12:2848"
"2849","Zw2","tree","Piratula latitans",1,"M","","Pitfall","Léon Baert","Ad",1,"Lycosidae","Araneae","spiders",50.842518,3.745591,2023-06-12,"DIGITAF_BIODIVERSITY_FLEMISH_TREEROWS:OCCURRENCE:spiders:Pitfall:Zw2:tree:2023-06-12:2849"
"2850","Zw2","tree","Harpalus latus",1,"M","","Pitfall","Marc Vankerckvoorde","Ad",1,"Carabidae","Coleoptera","carabid beetles",50.842518,3.745591,2023-06-12,"DIGITAF_BIODIVERSITY_FLEMISH_TREEROWS:OCCURRENCE:carabid beetles:Pitfall:Zw2:tree:2023-06-12:2850"
"2851","Zw2","tree","Pardosa tenuipes",1,"M","","Pitfall","Johan Van Keer","Ad",2,"Lycosidae","Araneae","spiders",50.842518,3.745591,2023-06-12,"DIGITAF_BIODIVERSITY_FLEMISH_TREEROWS:OCCURRENCE:spiders:Pitfall:Zw2:tree:2023-06-12:2851"
"2852","Zw2","tree","Myrmica ruginodis",2,"F","","Pitfall","Wouter Dekoninck","Ad",5,"Formicidae","Hymenoptera","ants",50.842518,3.745591,2023-06-12,"DIGITAF_BIODIVERSITY_FLEMISH_TREEROWS:OCCURRENCE:ants:Pitfall:Zw2:tree:2023-06-12:2852"
"2853","Zw2","tree","Armadillidium vulgare",1,"","","Pitfall","Pallieter De Smedt","Ad",18,"Armadillidiidae","Isopoda","woodlice",50.842518,3.745591,2023-06-12,"DIGITAF_BIODIVERSITY_FLEMISH_TREEROWS:OCCURRENCE:woodlice:Pitfall:Zw2:tree:2023-06-12:2853"
"2854","Zw2","tree","Lasius niger",2,"F","","Pitfall","Wouter Dekoninck","Ad",1,"Formicidae","Hymenoptera","ants",50.842518,3.745591,2023-06-12,"DIGITAF_BIODIVERSITY_FLEMISH_TREEROWS:OCCURRENCE:ants:Pitfall:Zw2:tree:2023-06-12:2854"
"2855","Zw2","tree","Anisodactylus binotatus",1,"F","","Pitfall","Marc Vankerckvoorde","Ad",1,"Carabidae","Coleoptera","carabid beetles",50.842518,3.745591,2023-06-12,"DIGITAF_BIODIVERSITY_FLEMISH_TREEROWS:OCCURRENCE:carabid beetles:Pitfall:Zw2:tree:2023-06-12:2855"
"2856","Zw2","tree","Poecilus versicolor",2,"F","","Pitfall","Marc Vankerckvoorde","Ad",2,"Carabidae","Coleoptera","carabid beetles",50.842518,3.745591,2023-06-12,"DIGITAF_BIODIVERSITY_FLEMISH_TREEROWS:OCCURRENCE:carabid beetles:Pitfall:Zw2:tree:2023-06-12:2856"
"2857","Zw2","tree","Philoscia muscorum",1,"","","Pitfall","Pallieter De Smedt","Ad",1,"Philosciidae","Isopoda","woodlice",50.842518,3.745591,2023-06-12,"DIGITAF_BIODIVERSITY_FLEMISH_TREEROWS:OCCURRENCE:woodlice:Pitfall:Zw2:tree:2023-06-12:2857"
"2858","Zw2","tree","Bembidion tetracolum",1,"M","","Pitfall","Marc Vankerckvoorde","Ad",2,"Carabidae","Coleoptera","carabid beetles",50.842518,3.745591,2023-06-12,"DIGITAF_BIODIVERSITY_FLEMISH_TREEROWS:OCCURRENCE:carabid beetles:Pitfall:Zw2:tree:2023-06-12:2858"
"2859","Zw2","tree","Philonthus laminatus",1,"","","Pitfall","Marc Vankerckvoorde","Ad",5,"Staphylinidae","Coleoptera","staphylinid beetles",50.842518,3.745591,2023-06-12,"DIGITAF_BIODIVERSITY_FLEMISH_TREEROWS:OCCURRENCE:staphylinid beetles:Pitfall:Zw2:tree:2023-06-12:2859"
"2860","Zw2","tree","Amara anthobia",1,"M","","Pitfall","Marc Vankerckvoorde","Ad",1,"Carabidae","Coleoptera","carabid beetles",50.842518,3.745591,2023-06-12,"DIGITAF_BIODIVERSITY_FLEMISH_TREEROWS:OCCURRENCE:carabid beetles:Pitfall:Zw2:tree:2023-06-12:2860"
