"","Loc","Type","Spec","Family","Order","Spec_group","lat","lng","date","Sampletime","Det","Stage","Sex","Method","occurrenceID"
"1","Bo","crop","Alauda arvensis","Alaudidae","Passeriformes","birds",50.799289554817,4.81360686265912,2023-06-12,1,"Jari Vandendriessche & Luc Willems","","","AudioMoth recording","DIGITAF_BIODIVERSITY_FLEMISH_TREEROWS:OCCURRENCE:birds:AudioMoth recording:Bo:crop:2023-06-12:1"
"2","Bo","crop","Columba palumbus","Columbidae","Columbiformes","birds",50.799289554817,4.81360686265912,2023-06-12,1,"Jari Vandendriessche & Luc Willems","","","AudioMoth recording","DIGITAF_BIODIVERSITY_FLEMISH_TREEROWS:OCCURRENCE:birds:AudioMoth recording:Bo:crop:2023-06-12:2"
"3","Bo","crop","Corvus corone","Corvidae","Passeriformes","birds",50.799289554817,4.81360686265912,2023-06-12,1,"Jari Vandendriessche & Luc Willems","","","AudioMoth recording","DIGITAF_BIODIVERSITY_FLEMISH_TREEROWS:OCCURRENCE:birds:AudioMoth recording:Bo:crop:2023-06-12:3"
"4","Bo","crop","Emberiza citrinella","Emberizidae","Passeriformes","birds",50.799289554817,4.81360686265912,2023-06-12,1,"Jari Vandendriessche & Luc Willems","","","AudioMoth recording","DIGITAF_BIODIVERSITY_FLEMISH_TREEROWS:OCCURRENCE:birds:AudioMoth recording:Bo:crop:2023-06-12:4"
"5","Bo","crop","Fringilla coelebs","Fringillidae","Passeriformes","birds",50.799289554817,4.81360686265912,2023-06-12,1,"Jari Vandendriessche & Luc Willems","","","AudioMoth recording","DIGITAF_BIODIVERSITY_FLEMISH_TREEROWS:OCCURRENCE:birds:AudioMoth recording:Bo:crop:2023-06-12:5"
"6","Bo","crop","Passer domesticus","Passeridae","Passeriformes","birds",50.799289554817,4.81360686265912,2023-06-12,1,"Jari Vandendriessche & Luc Willems","","","AudioMoth recording","DIGITAF_BIODIVERSITY_FLEMISH_TREEROWS:OCCURRENCE:birds:AudioMoth recording:Bo:crop:2023-06-12:6"
"7","Bo","crop","Pica pica","Corvidae","Passeriformes","birds",50.799289554817,4.81360686265912,2023-06-12,1,"Jari Vandendriessche & Luc Willems","","","AudioMoth recording","DIGITAF_BIODIVERSITY_FLEMISH_TREEROWS:OCCURRENCE:birds:AudioMoth recording:Bo:crop:2023-06-12:7"
"8","Bo","crop","Pyrrhula pyrrhula","Fringillidae","Passeriformes","birds",50.799289554817,4.81360686265912,2023-06-12,1,"Jari Vandendriessche & Luc Willems","","","AudioMoth recording","DIGITAF_BIODIVERSITY_FLEMISH_TREEROWS:OCCURRENCE:birds:AudioMoth recording:Bo:crop:2023-06-12:8"
"9","Bo","crop","Sturnus vulgaris","Sturnidae","Passeriformes","birds",50.799289554817,4.81360686265912,2023-06-12,1,"Jari Vandendriessche & Luc Willems","","","AudioMoth recording","DIGITAF_BIODIVERSITY_FLEMISH_TREEROWS:OCCURRENCE:birds:AudioMoth recording:Bo:crop:2023-06-12:9"
"10","Bo","crop","Turdus merula","Turdidae","Passeriformes","birds",50.799289554817,4.81360686265912,2023-06-12,1,"Jari Vandendriessche & Luc Willems","","","AudioMoth recording","DIGITAF_BIODIVERSITY_FLEMISH_TREEROWS:OCCURRENCE:birds:AudioMoth recording:Bo:crop:2023-06-12:10"
"11","Bo","crtl","Alauda arvensis","Alaudidae","Passeriformes","birds",50.80072,4.812192,2023-06-12,1,"Jari Vandendriessche & Luc Willems","","","AudioMoth recording","DIGITAF_BIODIVERSITY_FLEMISH_TREEROWS:OCCURRENCE:birds:AudioMoth recording:Bo:crtl:2023-06-12:11"
"12","Bo","crtl","Anthus pratensis","Motacillidae","Passeriformes","birds",50.80072,4.812192,2023-06-12,1,"Jari Vandendriessche & Luc Willems","","","AudioMoth recording","DIGITAF_BIODIVERSITY_FLEMISH_TREEROWS:OCCURRENCE:birds:AudioMoth recording:Bo:crtl:2023-06-12:12"
"13","Bo","crtl","Corvus corone","Corvidae","Passeriformes","birds",50.80072,4.812192,2023-06-12,1,"Jari Vandendriessche & Luc Willems","","","AudioMoth recording","DIGITAF_BIODIVERSITY_FLEMISH_TREEROWS:OCCURRENCE:birds:AudioMoth recording:Bo:crtl:2023-06-12:13"
"14","Bo","crtl","Emberiza citrinella","Emberizidae","Passeriformes","birds",50.80072,4.812192,2023-06-12,1,"Jari Vandendriessche & Luc Willems","","","AudioMoth recording","DIGITAF_BIODIVERSITY_FLEMISH_TREEROWS:OCCURRENCE:birds:AudioMoth recording:Bo:crtl:2023-06-12:14"
"15","Bo","crtl","Hirundo rustica","Hirundinidae","Passeriformes","birds",50.80072,4.812192,2023-06-12,1,"Jari Vandendriessche & Luc Willems","","","AudioMoth recording","DIGITAF_BIODIVERSITY_FLEMISH_TREEROWS:OCCURRENCE:birds:AudioMoth recording:Bo:crtl:2023-06-12:15"
"16","Bo","crtl","Perdix perdix","Phasianidae","Galliformes","birds",50.80072,4.812192,2023-06-12,1,"Jari Vandendriessche & Luc Willems","","","AudioMoth recording","DIGITAF_BIODIVERSITY_FLEMISH_TREEROWS:OCCURRENCE:birds:AudioMoth recording:Bo:crtl:2023-06-12:16"
"17","Bo","crtl","Phasianus colchicus","Phasianidae","Galliformes","birds",50.80072,4.812192,2023-06-12,1,"Jari Vandendriessche & Luc Willems","","","AudioMoth recording","DIGITAF_BIODIVERSITY_FLEMISH_TREEROWS:OCCURRENCE:birds:AudioMoth recording:Bo:crtl:2023-06-12:17"
"18","Bo","crtl","Turdus merula","Turdidae","Passeriformes","birds",50.80072,4.812192,2023-06-12,1,"Jari Vandendriessche & Luc Willems","","","AudioMoth recording","DIGITAF_BIODIVERSITY_FLEMISH_TREEROWS:OCCURRENCE:birds:AudioMoth recording:Bo:crtl:2023-06-12:18"
"19","Bo","tree","Ardea cinerea","Ardeidae","Pelecaniformes","birds",50.798534,4.814494,2023-06-12,1,"Jari Vandendriessche & Luc Willems","","","AudioMoth recording","DIGITAF_BIODIVERSITY_FLEMISH_TREEROWS:OCCURRENCE:birds:AudioMoth recording:Bo:tree:2023-06-12:19"
"20","Bo","tree","Columba oenas","Columbidae","Columbiformes","birds",50.798534,4.814494,2023-06-12,1,"Jari Vandendriessche & Luc Willems","","","AudioMoth recording","DIGITAF_BIODIVERSITY_FLEMISH_TREEROWS:OCCURRENCE:birds:AudioMoth recording:Bo:tree:2023-06-12:20"
"21","Bo","tree","Columba palumbus","Columbidae","Columbiformes","birds",50.798534,4.814494,2023-06-12,1,"Jari Vandendriessche & Luc Willems","","","AudioMoth recording","DIGITAF_BIODIVERSITY_FLEMISH_TREEROWS:OCCURRENCE:birds:AudioMoth recording:Bo:tree:2023-06-12:21"
"22","Bo","tree","Corvus corone","Corvidae","Passeriformes","birds",50.798534,4.814494,2023-06-12,1,"Jari Vandendriessche & Luc Willems","","","AudioMoth recording","DIGITAF_BIODIVERSITY_FLEMISH_TREEROWS:OCCURRENCE:birds:AudioMoth recording:Bo:tree:2023-06-12:22"
"23","Bo","tree","Fringilla coelebs","Fringillidae","Passeriformes","birds",50.798534,4.814494,2023-06-12,1,"Jari Vandendriessche & Luc Willems","","","AudioMoth recording","DIGITAF_BIODIVERSITY_FLEMISH_TREEROWS:OCCURRENCE:birds:AudioMoth recording:Bo:tree:2023-06-12:23"
"24","Bo","tree","Sylvia atricapilla","Sylviidae","Passeriformes","birds",50.798534,4.814494,2023-06-12,1,"Jari Vandendriessche & Luc Willems","","","AudioMoth recording","DIGITAF_BIODIVERSITY_FLEMISH_TREEROWS:OCCURRENCE:birds:AudioMoth recording:Bo:tree:2023-06-12:24"
"25","Bo","tree","Turdus merula","Turdidae","Passeriformes","birds",50.798534,4.814494,2023-06-12,1,"Jari Vandendriessche & Luc Willems","","","AudioMoth recording","DIGITAF_BIODIVERSITY_FLEMISH_TREEROWS:OCCURRENCE:birds:AudioMoth recording:Bo:tree:2023-06-12:25"
"26","Bo1","crtl","Actitis hypoleucos","Scolopacidae","Charadriiformes","birds",50.830734,4.813417,2023-06-12,1,"Jari Vandendriessche & Luc Willems","","","AudioMoth recording","DIGITAF_BIODIVERSITY_FLEMISH_TREEROWS:OCCURRENCE:birds:AudioMoth recording:Bo1:crtl:2023-06-12:26"
"27","Bo1","crtl","Alauda arvensis","Alaudidae","Passeriformes","birds",50.830734,4.813417,2023-06-12,1,"Jari Vandendriessche & Luc Willems","","","AudioMoth recording","DIGITAF_BIODIVERSITY_FLEMISH_TREEROWS:OCCURRENCE:birds:AudioMoth recording:Bo1:crtl:2023-06-12:27"
"28","Bo1","crtl","Anas crecca","Anatidae","Anseriformes","birds",50.830734,4.813417,2023-06-12,1,"Jari Vandendriessche & Luc Willems","","","AudioMoth recording","DIGITAF_BIODIVERSITY_FLEMISH_TREEROWS:OCCURRENCE:birds:AudioMoth recording:Bo1:crtl:2023-06-12:28"
"29","Bo1","crtl","Curruca communis","Sylviidae","Passeriformes","birds",50.830734,4.813417,2023-06-12,1,"Jari Vandendriessche & Luc Willems","","","AudioMoth recording","DIGITAF_BIODIVERSITY_FLEMISH_TREEROWS:OCCURRENCE:birds:AudioMoth recording:Bo1:crtl:2023-06-12:29"
"30","Bo1","crtl","Cyanistes caeruleus","Paridae","Passeriformes","birds",50.830734,4.813417,2023-06-12,1,"Jari Vandendriessche & Luc Willems","","","AudioMoth recording","DIGITAF_BIODIVERSITY_FLEMISH_TREEROWS:OCCURRENCE:birds:AudioMoth recording:Bo1:crtl:2023-06-12:30"
"31","Bo1","crtl","Falco tinnunculus","Falconidae","Falconiformes","birds",50.830734,4.813417,2023-06-12,1,"Jari Vandendriessche & Luc Willems","","","AudioMoth recording","DIGITAF_BIODIVERSITY_FLEMISH_TREEROWS:OCCURRENCE:birds:AudioMoth recording:Bo1:crtl:2023-06-12:31"
"32","Bo1","crtl","Fringilla coelebs","Fringillidae","Passeriformes","birds",50.830734,4.813417,2023-06-12,1,"Jari Vandendriessche & Luc Willems","","","AudioMoth recording","DIGITAF_BIODIVERSITY_FLEMISH_TREEROWS:OCCURRENCE:birds:AudioMoth recording:Bo1:crtl:2023-06-12:32"
"33","Bo1","crtl","Muscicapa striata","Muscicapidae","Passeriformes","birds",50.830734,4.813417,2023-06-12,1,"Jari Vandendriessche & Luc Willems","","","AudioMoth recording","DIGITAF_BIODIVERSITY_FLEMISH_TREEROWS:OCCURRENCE:birds:AudioMoth recording:Bo1:crtl:2023-06-12:33"
"34","Bo1","crtl","Phasianus colchicus","Phasianidae","Galliformes","birds",50.830734,4.813417,2023-06-12,1,"Jari Vandendriessche & Luc Willems","","","AudioMoth recording","DIGITAF_BIODIVERSITY_FLEMISH_TREEROWS:OCCURRENCE:birds:AudioMoth recording:Bo1:crtl:2023-06-12:34"
"35","Bo1","crtl","Prunella modularis","Prunellidae","Passeriformes","birds",50.830734,4.813417,2023-06-12,1,"Jari Vandendriessche & Luc Willems","","","AudioMoth recording","DIGITAF_BIODIVERSITY_FLEMISH_TREEROWS:OCCURRENCE:birds:AudioMoth recording:Bo1:crtl:2023-06-12:35"
"36","Bo1","crtl","Sylvia atricapilla","Sylviidae","Passeriformes","birds",50.830734,4.813417,2023-06-12,1,"Jari Vandendriessche & Luc Willems","","","AudioMoth recording","DIGITAF_BIODIVERSITY_FLEMISH_TREEROWS:OCCURRENCE:birds:AudioMoth recording:Bo1:crtl:2023-06-12:36"
"37","Bo1","crtl","Turdus merula","Turdidae","Passeriformes","birds",50.830734,4.813417,2023-06-12,1,"Jari Vandendriessche & Luc Willems","","","AudioMoth recording","DIGITAF_BIODIVERSITY_FLEMISH_TREEROWS:OCCURRENCE:birds:AudioMoth recording:Bo1:crtl:2023-06-12:37"
"38","Bo1","tree","Columba palumbus","Columbidae","Columbiformes","birds",50.831448,4.813626,2023-06-12,1,"Jari Vandendriessche & Luc Willems","","","AudioMoth recording","DIGITAF_BIODIVERSITY_FLEMISH_TREEROWS:OCCURRENCE:birds:AudioMoth recording:Bo1:tree:2023-06-12:38"
"39","Bo1","tree","Corvus corone","Corvidae","Passeriformes","birds",50.831448,4.813626,2023-06-12,1,"Jari Vandendriessche & Luc Willems","","","AudioMoth recording","DIGITAF_BIODIVERSITY_FLEMISH_TREEROWS:OCCURRENCE:birds:AudioMoth recording:Bo1:tree:2023-06-12:39"
"40","Bo1","tree","Cyanistes caeruleus","Paridae","Passeriformes","birds",50.831448,4.813626,2023-06-12,1,"Jari Vandendriessche & Luc Willems","","","AudioMoth recording","DIGITAF_BIODIVERSITY_FLEMISH_TREEROWS:OCCURRENCE:birds:AudioMoth recording:Bo1:tree:2023-06-12:40"
"41","Bo1","tree","Falco tinnunculus","Falconidae","Falconiformes","birds",50.831448,4.813626,2023-06-12,1,"Jari Vandendriessche & Luc Willems","","","AudioMoth recording","DIGITAF_BIODIVERSITY_FLEMISH_TREEROWS:OCCURRENCE:birds:AudioMoth recording:Bo1:tree:2023-06-12:41"
"42","Bo1","tree","Fringilla coelebs","Fringillidae","Passeriformes","birds",50.831448,4.813626,2023-06-12,1,"Jari Vandendriessche & Luc Willems","","","AudioMoth recording","DIGITAF_BIODIVERSITY_FLEMISH_TREEROWS:OCCURRENCE:birds:AudioMoth recording:Bo1:tree:2023-06-12:42"
"43","Bo1","tree","Parus major","Paridae","Passeriformes","birds",50.831448,4.813626,2023-06-12,1,"Jari Vandendriessche & Luc Willems","","","AudioMoth recording","DIGITAF_BIODIVERSITY_FLEMISH_TREEROWS:OCCURRENCE:birds:AudioMoth recording:Bo1:tree:2023-06-12:43"
"44","Bo1","tree","Phasianus colchicus","Phasianidae","Galliformes","birds",50.831448,4.813626,2023-06-12,1,"Jari Vandendriessche & Luc Willems","","","AudioMoth recording","DIGITAF_BIODIVERSITY_FLEMISH_TREEROWS:OCCURRENCE:birds:AudioMoth recording:Bo1:tree:2023-06-12:44"
"45","Bo1","tree","Phylloscopus collybita","Phylloscopidae","Passeriformes","birds",50.831448,4.813626,2023-06-12,1,"Jari Vandendriessche & Luc Willems","","","AudioMoth recording","DIGITAF_BIODIVERSITY_FLEMISH_TREEROWS:OCCURRENCE:birds:AudioMoth recording:Bo1:tree:2023-06-12:45"
"46","Bo1","tree","Streptopelia decaocto","Columbidae","Columbiformes","birds",50.831448,4.813626,2023-06-12,1,"Jari Vandendriessche & Luc Willems","","","AudioMoth recording","DIGITAF_BIODIVERSITY_FLEMISH_TREEROWS:OCCURRENCE:birds:AudioMoth recording:Bo1:tree:2023-06-12:46"
"47","Bo1","tree","Sylvia atricapilla","Sylviidae","Passeriformes","birds",50.831448,4.813626,2023-06-12,1,"Jari Vandendriessche & Luc Willems","","","AudioMoth recording","DIGITAF_BIODIVERSITY_FLEMISH_TREEROWS:OCCURRENCE:birds:AudioMoth recording:Bo1:tree:2023-06-12:47"
"48","Bo1","tree","Turdus merula","Turdidae","Passeriformes","birds",50.831448,4.813626,2023-06-12,1,"Jari Vandendriessche & Luc Willems","","","AudioMoth recording","DIGITAF_BIODIVERSITY_FLEMISH_TREEROWS:OCCURRENCE:birds:AudioMoth recording:Bo1:tree:2023-06-12:48"
"49","Bo2","crtl","Alauda arvensis","Alaudidae","Passeriformes","birds",50.804672,5.00229,2023-06-12,1,"Jari Vandendriessche & Luc Willems","","","AudioMoth recording","DIGITAF_BIODIVERSITY_FLEMISH_TREEROWS:OCCURRENCE:birds:AudioMoth recording:Bo2:crtl:2023-06-12:49"
"50","Bo2","crtl","Anas platyrhynchos","Anatidae","Anseriformes","birds",50.804672,5.00229,2023-06-12,1,"Jari Vandendriessche & Luc Willems","","","AudioMoth recording","DIGITAF_BIODIVERSITY_FLEMISH_TREEROWS:OCCURRENCE:birds:AudioMoth recording:Bo2:crtl:2023-06-12:50"
"51","Bo2","crtl","Ardea cinerea","Ardeidae","Pelecaniformes","birds",50.804672,5.00229,2023-06-12,1,"Jari Vandendriessche & Luc Willems","","","AudioMoth recording","DIGITAF_BIODIVERSITY_FLEMISH_TREEROWS:OCCURRENCE:birds:AudioMoth recording:Bo2:crtl:2023-06-12:51"
"52","Bo2","crtl","Buteo buteo","Accipitridae","Accipitriformes","birds",50.804672,5.00229,2023-06-12,1,"Jari Vandendriessche & Luc Willems","","","AudioMoth recording","DIGITAF_BIODIVERSITY_FLEMISH_TREEROWS:OCCURRENCE:birds:AudioMoth recording:Bo2:crtl:2023-06-12:52"
"53","Bo2","crtl","Chloris chloris","Fringillidae","Passeriformes","birds",50.804672,5.00229,2023-06-12,1,"Jari Vandendriessche & Luc Willems","","","AudioMoth recording","DIGITAF_BIODIVERSITY_FLEMISH_TREEROWS:OCCURRENCE:birds:AudioMoth recording:Bo2:crtl:2023-06-12:53"
"54","Bo2","crtl","Columba palumbus","Columbidae","Columbiformes","birds",50.804672,5.00229,2023-06-12,1,"Jari Vandendriessche & Luc Willems","","","AudioMoth recording","DIGITAF_BIODIVERSITY_FLEMISH_TREEROWS:OCCURRENCE:birds:AudioMoth recording:Bo2:crtl:2023-06-12:54"
"55","Bo2","crtl","Corvus corone","Corvidae","Passeriformes","birds",50.804672,5.00229,2023-06-12,1,"Jari Vandendriessche & Luc Willems","","","AudioMoth recording","DIGITAF_BIODIVERSITY_FLEMISH_TREEROWS:OCCURRENCE:birds:AudioMoth recording:Bo2:crtl:2023-06-12:55"
"56","Bo2","crtl","Corvus frugilegus","Corvidae","Passeriformes","birds",50.804672,5.00229,2023-06-12,1,"Jari Vandendriessche & Luc Willems","","","AudioMoth recording","DIGITAF_BIODIVERSITY_FLEMISH_TREEROWS:OCCURRENCE:birds:AudioMoth recording:Bo2:crtl:2023-06-12:56"
"57","Bo2","crtl","Coloeus monedula","Corvidae","Passeriformes","birds",50.804672,5.00229,2023-06-12,1,"Jari Vandendriessche & Luc Willems","","","AudioMoth recording","DIGITAF_BIODIVERSITY_FLEMISH_TREEROWS:OCCURRENCE:birds:AudioMoth recording:Bo2:crtl:2023-06-12:57"
"58","Bo2","crtl","Cyanistes caeruleus","Paridae","Passeriformes","birds",50.804672,5.00229,2023-06-12,1,"Jari Vandendriessche & Luc Willems","","","AudioMoth recording","DIGITAF_BIODIVERSITY_FLEMISH_TREEROWS:OCCURRENCE:birds:AudioMoth recording:Bo2:crtl:2023-06-12:58"
"59","Bo2","crtl","Falco tinnunculus","Falconidae","Falconiformes","birds",50.804672,5.00229,2023-06-12,1,"Jari Vandendriessche & Luc Willems","","","AudioMoth recording","DIGITAF_BIODIVERSITY_FLEMISH_TREEROWS:OCCURRENCE:birds:AudioMoth recording:Bo2:crtl:2023-06-12:59"
"60","Bo2","crtl","Fringilla coelebs","Fringillidae","Passeriformes","birds",50.804672,5.00229,2023-06-12,1,"Jari Vandendriessche & Luc Willems","","","AudioMoth recording","DIGITAF_BIODIVERSITY_FLEMISH_TREEROWS:OCCURRENCE:birds:AudioMoth recording:Bo2:crtl:2023-06-12:60"
"61","Bo2","crtl","Fulica atra","Rallidae","Gruiformes","birds",50.804672,5.00229,2023-06-12,1,"Jari Vandendriessche & Luc Willems","","","AudioMoth recording","DIGITAF_BIODIVERSITY_FLEMISH_TREEROWS:OCCURRENCE:birds:AudioMoth recording:Bo2:crtl:2023-06-12:61"
"62","Bo2","crtl","Gallinula chloropus","Rallidae","Gruiformes","birds",50.804672,5.00229,2023-06-12,1,"Jari Vandendriessche & Luc Willems","","","AudioMoth recording","DIGITAF_BIODIVERSITY_FLEMISH_TREEROWS:OCCURRENCE:birds:AudioMoth recording:Bo2:crtl:2023-06-12:62"
"63","Bo2","crtl","Luscinia megarhynchos","Muscicapidae","Passeriformes","birds",50.804672,5.00229,2023-06-12,1,"Jari Vandendriessche & Luc Willems","","","AudioMoth recording","DIGITAF_BIODIVERSITY_FLEMISH_TREEROWS:OCCURRENCE:birds:AudioMoth recording:Bo2:crtl:2023-06-12:63"
"64","Bo2","crtl","Motacilla alba","Motacillidae","Passeriformes","birds",50.804672,5.00229,2023-06-12,1,"Jari Vandendriessche & Luc Willems","","","AudioMoth recording","DIGITAF_BIODIVERSITY_FLEMISH_TREEROWS:OCCURRENCE:birds:AudioMoth recording:Bo2:crtl:2023-06-12:64"
"65","Bo2","crtl","Passer domesticus","Passeridae","Passeriformes","birds",50.804672,5.00229,2023-06-12,1,"Jari Vandendriessche & Luc Willems","","","AudioMoth recording","DIGITAF_BIODIVERSITY_FLEMISH_TREEROWS:OCCURRENCE:birds:AudioMoth recording:Bo2:crtl:2023-06-12:65"
"66","Bo2","crtl","Phasianus colchicus","Phasianidae","Galliformes","birds",50.804672,5.00229,2023-06-12,1,"Jari Vandendriessche & Luc Willems","","","AudioMoth recording","DIGITAF_BIODIVERSITY_FLEMISH_TREEROWS:OCCURRENCE:birds:AudioMoth recording:Bo2:crtl:2023-06-12:66"
"67","Bo2","crtl","Phoenicurus phoenicurus","Muscicapidae","Passeriformes","birds",50.804672,5.00229,2023-06-12,1,"Jari Vandendriessche & Luc Willems","","","AudioMoth recording","DIGITAF_BIODIVERSITY_FLEMISH_TREEROWS:OCCURRENCE:birds:AudioMoth recording:Bo2:crtl:2023-06-12:67"
"68","Bo2","crtl","Phylloscopus collybita","Phylloscopidae","Passeriformes","birds",50.804672,5.00229,2023-06-12,1,"Jari Vandendriessche & Luc Willems","","","AudioMoth recording","DIGITAF_BIODIVERSITY_FLEMISH_TREEROWS:OCCURRENCE:birds:AudioMoth recording:Bo2:crtl:2023-06-12:68"
"69","Bo2","crtl","Prunella modularis","Prunellidae","Passeriformes","birds",50.804672,5.00229,2023-06-12,1,"Jari Vandendriessche & Luc Willems","","","AudioMoth recording","DIGITAF_BIODIVERSITY_FLEMISH_TREEROWS:OCCURRENCE:birds:AudioMoth recording:Bo2:crtl:2023-06-12:69"
"70","Bo2","crtl","Streptopelia decaocto","Columbidae","Columbiformes","birds",50.804672,5.00229,2023-06-12,1,"Jari Vandendriessche & Luc Willems","","","AudioMoth recording","DIGITAF_BIODIVERSITY_FLEMISH_TREEROWS:OCCURRENCE:birds:AudioMoth recording:Bo2:crtl:2023-06-12:70"
"71","Bo2","crtl","Troglodytes troglodytes","Troglodytidae","Passeriformes","birds",50.804672,5.00229,2023-06-12,1,"Jari Vandendriessche & Luc Willems","","","AudioMoth recording","DIGITAF_BIODIVERSITY_FLEMISH_TREEROWS:OCCURRENCE:birds:AudioMoth recording:Bo2:crtl:2023-06-12:71"
"72","Bo2","crtl","Turdus merula","Turdidae","Passeriformes","birds",50.804672,5.00229,2023-06-12,1,"Jari Vandendriessche & Luc Willems","","","AudioMoth recording","DIGITAF_BIODIVERSITY_FLEMISH_TREEROWS:OCCURRENCE:birds:AudioMoth recording:Bo2:crtl:2023-06-12:72"
"73","Bo2","tree","Alauda arvensis","Alaudidae","Passeriformes","birds",50.804695,5.003687,2023-06-12,1,"Jari Vandendriessche & Luc Willems","","","AudioMoth recording","DIGITAF_BIODIVERSITY_FLEMISH_TREEROWS:OCCURRENCE:birds:AudioMoth recording:Bo2:tree:2023-06-12:73"
"74","Bo2","tree","Buteo buteo","Accipitridae","Accipitriformes","birds",50.804695,5.003687,2023-06-12,1,"Jari Vandendriessche & Luc Willems","","","AudioMoth recording","DIGITAF_BIODIVERSITY_FLEMISH_TREEROWS:OCCURRENCE:birds:AudioMoth recording:Bo2:tree:2023-06-12:74"
"75","Bo2","tree","Chloris chloris","Fringillidae","Passeriformes","birds",50.804695,5.003687,2023-06-12,1,"Jari Vandendriessche & Luc Willems","","","AudioMoth recording","DIGITAF_BIODIVERSITY_FLEMISH_TREEROWS:OCCURRENCE:birds:AudioMoth recording:Bo2:tree:2023-06-12:75"
"76","Bo2","tree","Corvus corone","Corvidae","Passeriformes","birds",50.804695,5.003687,2023-06-12,1,"Jari Vandendriessche & Luc Willems","","","AudioMoth recording","DIGITAF_BIODIVERSITY_FLEMISH_TREEROWS:OCCURRENCE:birds:AudioMoth recording:Bo2:tree:2023-06-12:76"
"77","Bo2","tree","Corvus frugilegus","Corvidae","Passeriformes","birds",50.804695,5.003687,2023-06-12,1,"Jari Vandendriessche & Luc Willems","","","AudioMoth recording","DIGITAF_BIODIVERSITY_FLEMISH_TREEROWS:OCCURRENCE:birds:AudioMoth recording:Bo2:tree:2023-06-12:77"
"78","Bo2","tree","Coloeus monedula","Corvidae","Passeriformes","birds",50.804695,5.003687,2023-06-12,1,"Jari Vandendriessche & Luc Willems","","","AudioMoth recording","DIGITAF_BIODIVERSITY_FLEMISH_TREEROWS:OCCURRENCE:birds:AudioMoth recording:Bo2:tree:2023-06-12:78"
"79","Bo2","tree","Curruca communis","Sylviidae","Passeriformes","birds",50.804695,5.003687,2023-06-12,1,"Jari Vandendriessche & Luc Willems","","","AudioMoth recording","DIGITAF_BIODIVERSITY_FLEMISH_TREEROWS:OCCURRENCE:birds:AudioMoth recording:Bo2:tree:2023-06-12:79"
"80","Bo2","tree","Falco tinnunculus","Falconidae","Falconiformes","birds",50.804695,5.003687,2023-06-12,1,"Jari Vandendriessche & Luc Willems","","","AudioMoth recording","DIGITAF_BIODIVERSITY_FLEMISH_TREEROWS:OCCURRENCE:birds:AudioMoth recording:Bo2:tree:2023-06-12:80"
"81","Bo2","tree","Motacilla alba","Motacillidae","Passeriformes","birds",50.804695,5.003687,2023-06-12,1,"Jari Vandendriessche & Luc Willems","","","AudioMoth recording","DIGITAF_BIODIVERSITY_FLEMISH_TREEROWS:OCCURRENCE:birds:AudioMoth recording:Bo2:tree:2023-06-12:81"
"82","Bo2","tree","Numenius arquata","Scolopacidae","Charadriiformes","birds",50.804695,5.003687,2023-06-12,1,"Jari Vandendriessche & Luc Willems","","","AudioMoth recording","DIGITAF_BIODIVERSITY_FLEMISH_TREEROWS:OCCURRENCE:birds:AudioMoth recording:Bo2:tree:2023-06-12:82"
"83","Bo2","tree","Phasianus colchicus","Phasianidae","Galliformes","birds",50.804695,5.003687,2023-06-12,1,"Jari Vandendriessche & Luc Willems","","","AudioMoth recording","DIGITAF_BIODIVERSITY_FLEMISH_TREEROWS:OCCURRENCE:birds:AudioMoth recording:Bo2:tree:2023-06-12:83"
"84","Bo2","tree","Prunella modularis","Prunellidae","Passeriformes","birds",50.804695,5.003687,2023-06-12,1,"Jari Vandendriessche & Luc Willems","","","AudioMoth recording","DIGITAF_BIODIVERSITY_FLEMISH_TREEROWS:OCCURRENCE:birds:AudioMoth recording:Bo2:tree:2023-06-12:84"
"85","Bo2","tree","Streptopelia decaocto","Columbidae","Columbiformes","birds",50.804695,5.003687,2023-06-12,1,"Jari Vandendriessche & Luc Willems","","","AudioMoth recording","DIGITAF_BIODIVERSITY_FLEMISH_TREEROWS:OCCURRENCE:birds:AudioMoth recording:Bo2:tree:2023-06-12:85"
"86","Bo2","tree","Troglodytes troglodytes","Troglodytidae","Passeriformes","birds",50.804695,5.003687,2023-06-12,1,"Jari Vandendriessche & Luc Willems","","","AudioMoth recording","DIGITAF_BIODIVERSITY_FLEMISH_TREEROWS:OCCURRENCE:birds:AudioMoth recording:Bo2:tree:2023-06-12:86"
"87","Bo2","tree","Turdus merula","Turdidae","Passeriformes","birds",50.804695,5.003687,2023-06-12,1,"Jari Vandendriessche & Luc Willems","","","AudioMoth recording","DIGITAF_BIODIVERSITY_FLEMISH_TREEROWS:OCCURRENCE:birds:AudioMoth recording:Bo2:tree:2023-06-12:87"
"88","Ge1","crtl","Acrocephalus palustris","Acrocephalidae","Passeriformes","birds",51.011478,3.685224,2023-05-25,1,"Jari Vandendriessche & Luc Willems","","","AudioMoth recording","DIGITAF_BIODIVERSITY_FLEMISH_TREEROWS:OCCURRENCE:birds:AudioMoth recording:Ge1:crtl:2023-05-25:88"
"89","Ge1","crtl","Certhia brachydactyla","Certhiidae","Passeriformes","birds",51.011478,3.685224,2023-05-25,1,"Jari Vandendriessche & Luc Willems","","","AudioMoth recording","DIGITAF_BIODIVERSITY_FLEMISH_TREEROWS:OCCURRENCE:birds:AudioMoth recording:Ge1:crtl:2023-05-25:89"
"90","Ge1","crtl","Columba palumbus","Columbidae","Columbiformes","birds",51.011478,3.685224,2023-05-25,1,"Jari Vandendriessche & Luc Willems","","","AudioMoth recording","DIGITAF_BIODIVERSITY_FLEMISH_TREEROWS:OCCURRENCE:birds:AudioMoth recording:Ge1:crtl:2023-05-25:90"
"91","Ge1","crtl","Corvus corone","Corvidae","Passeriformes","birds",51.011478,3.685224,2023-05-25,1,"Jari Vandendriessche & Luc Willems","","","AudioMoth recording","DIGITAF_BIODIVERSITY_FLEMISH_TREEROWS:OCCURRENCE:birds:AudioMoth recording:Ge1:crtl:2023-05-25:91"
"92","Ge1","crtl","Coloeus monedula","Corvidae","Passeriformes","birds",51.011478,3.685224,2023-05-25,1,"Jari Vandendriessche & Luc Willems","","","AudioMoth recording","DIGITAF_BIODIVERSITY_FLEMISH_TREEROWS:OCCURRENCE:birds:AudioMoth recording:Ge1:crtl:2023-05-25:92"
"93","Ge1","crtl","Curruca communis","Sylviidae","Passeriformes","birds",51.011478,3.685224,2023-05-25,1,"Jari Vandendriessche & Luc Willems","","","AudioMoth recording","DIGITAF_BIODIVERSITY_FLEMISH_TREEROWS:OCCURRENCE:birds:AudioMoth recording:Ge1:crtl:2023-05-25:93"
"94","Ge1","crtl","Fringilla coelebs","Fringillidae","Passeriformes","birds",51.011478,3.685224,2023-05-25,1,"Jari Vandendriessche & Luc Willems","","","AudioMoth recording","DIGITAF_BIODIVERSITY_FLEMISH_TREEROWS:OCCURRENCE:birds:AudioMoth recording:Ge1:crtl:2023-05-25:94"
"95","Ge1","crtl","Motacilla alba","Motacillidae","Passeriformes","birds",51.011478,3.685224,2023-05-25,1,"Jari Vandendriessche & Luc Willems","","","AudioMoth recording","DIGITAF_BIODIVERSITY_FLEMISH_TREEROWS:OCCURRENCE:birds:AudioMoth recording:Ge1:crtl:2023-05-25:95"
"96","Ge1","crtl","Motacilla flava","Motacillidae","Passeriformes","birds",51.011478,3.685224,2023-05-25,1,"Jari Vandendriessche & Luc Willems","","","AudioMoth recording","DIGITAF_BIODIVERSITY_FLEMISH_TREEROWS:OCCURRENCE:birds:AudioMoth recording:Ge1:crtl:2023-05-25:96"
"97","Ge1","crtl","Phylloscopus collybita","Phylloscopidae","Passeriformes","birds",51.011478,3.685224,2023-05-25,1,"Jari Vandendriessche & Luc Willems","","","AudioMoth recording","DIGITAF_BIODIVERSITY_FLEMISH_TREEROWS:OCCURRENCE:birds:AudioMoth recording:Ge1:crtl:2023-05-25:97"
"98","Ge1","crtl","Prunella modularis","Prunellidae","Passeriformes","birds",51.011478,3.685224,2023-05-25,1,"Jari Vandendriessche & Luc Willems","","","AudioMoth recording","DIGITAF_BIODIVERSITY_FLEMISH_TREEROWS:OCCURRENCE:birds:AudioMoth recording:Ge1:crtl:2023-05-25:98"
"99","Ge1","crtl","Streptopelia decaocto","Columbidae","Columbiformes","birds",51.011478,3.685224,2023-05-25,1,"Jari Vandendriessche & Luc Willems","","","AudioMoth recording","DIGITAF_BIODIVERSITY_FLEMISH_TREEROWS:OCCURRENCE:birds:AudioMoth recording:Ge1:crtl:2023-05-25:99"
"100","Ge1","crtl","Troglodytes troglodytes","Troglodytidae","Passeriformes","birds",51.011478,3.685224,2023-05-25,1,"Jari Vandendriessche & Luc Willems","","","AudioMoth recording","DIGITAF_BIODIVERSITY_FLEMISH_TREEROWS:OCCURRENCE:birds:AudioMoth recording:Ge1:crtl:2023-05-25:100"
"101","Ge1","tree","Anas platyrhynchos","Anatidae","Anseriformes","birds",51.01141,3.686242,2023-05-25,1,"Jari Vandendriessche & Luc Willems","","","AudioMoth recording","DIGITAF_BIODIVERSITY_FLEMISH_TREEROWS:OCCURRENCE:birds:AudioMoth recording:Ge1:tree:2023-05-25:101"
"102","Ge1","tree","Curruca communis","Sylviidae","Passeriformes","birds",51.01141,3.686242,2023-05-25,1,"Jari Vandendriessche & Luc Willems","","","AudioMoth recording","DIGITAF_BIODIVERSITY_FLEMISH_TREEROWS:OCCURRENCE:birds:AudioMoth recording:Ge1:tree:2023-05-25:102"
"103","Ge1","tree","Cyanistes caeruleus","Paridae","Passeriformes","birds",51.01141,3.686242,2023-05-25,1,"Jari Vandendriessche & Luc Willems","","","AudioMoth recording","DIGITAF_BIODIVERSITY_FLEMISH_TREEROWS:OCCURRENCE:birds:AudioMoth recording:Ge1:tree:2023-05-25:103"
"104","Ge1","tree","Motacilla alba","Motacillidae","Passeriformes","birds",51.01141,3.686242,2023-05-25,1,"Jari Vandendriessche & Luc Willems","","","AudioMoth recording","DIGITAF_BIODIVERSITY_FLEMISH_TREEROWS:OCCURRENCE:birds:AudioMoth recording:Ge1:tree:2023-05-25:104"
"105","Ge1","tree","Phylloscopus collybita","Phylloscopidae","Passeriformes","birds",51.01141,3.686242,2023-05-25,1,"Jari Vandendriessche & Luc Willems","","","AudioMoth recording","DIGITAF_BIODIVERSITY_FLEMISH_TREEROWS:OCCURRENCE:birds:AudioMoth recording:Ge1:tree:2023-05-25:105"
"106","Ge1","tree","Prunella modularis","Prunellidae","Passeriformes","birds",51.01141,3.686242,2023-05-25,1,"Jari Vandendriessche & Luc Willems","","","AudioMoth recording","DIGITAF_BIODIVERSITY_FLEMISH_TREEROWS:OCCURRENCE:birds:AudioMoth recording:Ge1:tree:2023-05-25:106"
"107","Ge1","tree","Sylvia atricapilla","Sylviidae","Passeriformes","birds",51.01141,3.686242,2023-05-25,1,"Jari Vandendriessche & Luc Willems","","","AudioMoth recording","DIGITAF_BIODIVERSITY_FLEMISH_TREEROWS:OCCURRENCE:birds:AudioMoth recording:Ge1:tree:2023-05-25:107"
"108","Ge1","tree","Troglodytes troglodytes","Troglodytidae","Passeriformes","birds",51.01141,3.686242,2023-05-25,1,"Jari Vandendriessche & Luc Willems","","","AudioMoth recording","DIGITAF_BIODIVERSITY_FLEMISH_TREEROWS:OCCURRENCE:birds:AudioMoth recording:Ge1:tree:2023-05-25:108"
"109","Ie","crop","Alauda arvensis","Alaudidae","Passeriformes","birds",50.898197,2.833149,2023-05-27,1,"Jari Vandendriessche & Luc Willems","","","AudioMoth recording","DIGITAF_BIODIVERSITY_FLEMISH_TREEROWS:OCCURRENCE:birds:AudioMoth recording:Ie:crop:2023-05-27:109"
"110","Ie","crop","Anas crecca","Anatidae","Anseriformes","birds",50.898197,2.833149,2023-05-27,1,"Jari Vandendriessche & Luc Willems","","","AudioMoth recording","DIGITAF_BIODIVERSITY_FLEMISH_TREEROWS:OCCURRENCE:birds:AudioMoth recording:Ie:crop:2023-05-27:110"
"111","Ie","crop","Curruca communis","Sylviidae","Passeriformes","birds",50.898197,2.833149,2023-05-27,1,"Jari Vandendriessche & Luc Willems","","","AudioMoth recording","DIGITAF_BIODIVERSITY_FLEMISH_TREEROWS:OCCURRENCE:birds:AudioMoth recording:Ie:crop:2023-05-27:111"
"112","Ie","crop","Haematopus ostralegus","Haematopodidae","Charadriiformes","birds",50.898197,2.833149,2023-05-27,1,"Jari Vandendriessche & Luc Willems","","","AudioMoth recording","DIGITAF_BIODIVERSITY_FLEMISH_TREEROWS:OCCURRENCE:birds:AudioMoth recording:Ie:crop:2023-05-27:112"
"113","Ie","crop","Hirundo rustica","Hirundinidae","Passeriformes","birds",50.898197,2.833149,2023-05-27,1,"Jari Vandendriessche & Luc Willems","","","AudioMoth recording","DIGITAF_BIODIVERSITY_FLEMISH_TREEROWS:OCCURRENCE:birds:AudioMoth recording:Ie:crop:2023-05-27:113"
"114","Ie","crop","Motacilla flava","Motacillidae","Passeriformes","birds",50.898197,2.833149,2023-05-27,1,"Jari Vandendriessche & Luc Willems","","","AudioMoth recording","DIGITAF_BIODIVERSITY_FLEMISH_TREEROWS:OCCURRENCE:birds:AudioMoth recording:Ie:crop:2023-05-27:114"
"115","Ie","crop","Phasianus colchicus","Phasianidae","Galliformes","birds",50.898197,2.833149,2023-05-27,1,"Jari Vandendriessche & Luc Willems","","","AudioMoth recording","DIGITAF_BIODIVERSITY_FLEMISH_TREEROWS:OCCURRENCE:birds:AudioMoth recording:Ie:crop:2023-05-27:115"
"116","Ie","crop","Prunella modularis","Prunellidae","Passeriformes","birds",50.898197,2.833149,2023-05-27,1,"Jari Vandendriessche & Luc Willems","","","AudioMoth recording","DIGITAF_BIODIVERSITY_FLEMISH_TREEROWS:OCCURRENCE:birds:AudioMoth recording:Ie:crop:2023-05-27:116"
"117","Ie","crop","Sylvia atricapilla","Sylviidae","Passeriformes","birds",50.898197,2.833149,2023-05-27,1,"Jari Vandendriessche & Luc Willems","","","AudioMoth recording","DIGITAF_BIODIVERSITY_FLEMISH_TREEROWS:OCCURRENCE:birds:AudioMoth recording:Ie:crop:2023-05-27:117"
"118","Ie","crop","Troglodytes troglodytes","Troglodytidae","Passeriformes","birds",50.898197,2.833149,2023-05-27,1,"Jari Vandendriessche & Luc Willems","","","AudioMoth recording","DIGITAF_BIODIVERSITY_FLEMISH_TREEROWS:OCCURRENCE:birds:AudioMoth recording:Ie:crop:2023-05-27:118"
"119","Ie","crop","Turdus merula","Turdidae","Passeriformes","birds",50.898197,2.833149,2023-05-27,1,"Jari Vandendriessche & Luc Willems","","","AudioMoth recording","DIGITAF_BIODIVERSITY_FLEMISH_TREEROWS:OCCURRENCE:birds:AudioMoth recording:Ie:crop:2023-05-27:119"
"120","Ie","crtl","Chloris chloris","Fringillidae","Passeriformes","birds",50.898647,2.833769,2023-05-27,1,"Jari Vandendriessche & Luc Willems","","","AudioMoth recording","DIGITAF_BIODIVERSITY_FLEMISH_TREEROWS:OCCURRENCE:birds:AudioMoth recording:Ie:crtl:2023-05-27:120"
"121","Ie","crtl","Columba palumbus","Columbidae","Columbiformes","birds",50.898647,2.833769,2023-05-27,1,"Jari Vandendriessche & Luc Willems","","","AudioMoth recording","DIGITAF_BIODIVERSITY_FLEMISH_TREEROWS:OCCURRENCE:birds:AudioMoth recording:Ie:crtl:2023-05-27:121"
"122","Ie","crtl","Coloeus monedula","Corvidae","Passeriformes","birds",50.898647,2.833769,2023-05-27,1,"Jari Vandendriessche & Luc Willems","","","AudioMoth recording","DIGITAF_BIODIVERSITY_FLEMISH_TREEROWS:OCCURRENCE:birds:AudioMoth recording:Ie:crtl:2023-05-27:122"
"123","Ie","crtl","Haematopus ostralegus","Haematopodidae","Charadriiformes","birds",50.898647,2.833769,2023-05-27,1,"Jari Vandendriessche & Luc Willems","","","AudioMoth recording","DIGITAF_BIODIVERSITY_FLEMISH_TREEROWS:OCCURRENCE:birds:AudioMoth recording:Ie:crtl:2023-05-27:123"
"124","Ie","crtl","Motacilla flava","Motacillidae","Passeriformes","birds",50.898647,2.833769,2023-05-27,1,"Jari Vandendriessche & Luc Willems","","","AudioMoth recording","DIGITAF_BIODIVERSITY_FLEMISH_TREEROWS:OCCURRENCE:birds:AudioMoth recording:Ie:crtl:2023-05-27:124"
"125","Ie","crtl","Phasianus colchicus","Phasianidae","Galliformes","birds",50.898647,2.833769,2023-05-27,1,"Jari Vandendriessche & Luc Willems","","","AudioMoth recording","DIGITAF_BIODIVERSITY_FLEMISH_TREEROWS:OCCURRENCE:birds:AudioMoth recording:Ie:crtl:2023-05-27:125"
"126","Ie","crtl","Troglodytes troglodytes","Troglodytidae","Passeriformes","birds",50.898647,2.833769,2023-05-27,1,"Jari Vandendriessche & Luc Willems","","","AudioMoth recording","DIGITAF_BIODIVERSITY_FLEMISH_TREEROWS:OCCURRENCE:birds:AudioMoth recording:Ie:crtl:2023-05-27:126"
"127","Ie","crtl","Turdus merula","Turdidae","Passeriformes","birds",50.898647,2.833769,2023-05-27,1,"Jari Vandendriessche & Luc Willems","","","AudioMoth recording","DIGITAF_BIODIVERSITY_FLEMISH_TREEROWS:OCCURRENCE:birds:AudioMoth recording:Ie:crtl:2023-05-27:127"
"128","Ie","tree","Certhia brachydactyla","Certhiidae","Passeriformes","birds",50.897827,2.834499,2023-05-27,1,"Jari Vandendriessche & Luc Willems","","","AudioMoth recording","DIGITAF_BIODIVERSITY_FLEMISH_TREEROWS:OCCURRENCE:birds:AudioMoth recording:Ie:tree:2023-05-27:128"
"129","Ie","tree","Columba oenas","Columbidae","Columbiformes","birds",50.897827,2.834499,2023-05-27,1,"Jari Vandendriessche & Luc Willems","","","AudioMoth recording","DIGITAF_BIODIVERSITY_FLEMISH_TREEROWS:OCCURRENCE:birds:AudioMoth recording:Ie:tree:2023-05-27:129"
"130","Ie","tree","Columba palumbus","Columbidae","Columbiformes","birds",50.897827,2.834499,2023-05-27,1,"Jari Vandendriessche & Luc Willems","","","AudioMoth recording","DIGITAF_BIODIVERSITY_FLEMISH_TREEROWS:OCCURRENCE:birds:AudioMoth recording:Ie:tree:2023-05-27:130"
"131","Ie","tree","Curruca communis","Sylviidae","Passeriformes","birds",50.897827,2.834499,2023-05-27,1,"Jari Vandendriessche & Luc Willems","","","AudioMoth recording","DIGITAF_BIODIVERSITY_FLEMISH_TREEROWS:OCCURRENCE:birds:AudioMoth recording:Ie:tree:2023-05-27:131"
"132","Ie","tree","Haematopus ostralegus","Haematopodidae","Charadriiformes","birds",50.897827,2.834499,2023-05-27,1,"Jari Vandendriessche & Luc Willems","","","AudioMoth recording","DIGITAF_BIODIVERSITY_FLEMISH_TREEROWS:OCCURRENCE:birds:AudioMoth recording:Ie:tree:2023-05-27:132"
"133","Ie","tree","Hirundo rustica","Hirundinidae","Passeriformes","birds",50.897827,2.834499,2023-05-27,1,"Jari Vandendriessche & Luc Willems","","","AudioMoth recording","DIGITAF_BIODIVERSITY_FLEMISH_TREEROWS:OCCURRENCE:birds:AudioMoth recording:Ie:tree:2023-05-27:133"
"134","Ie","tree","Muscicapa striata","Muscicapidae","Passeriformes","birds",50.897827,2.834499,2023-05-27,1,"Jari Vandendriessche & Luc Willems","","","AudioMoth recording","DIGITAF_BIODIVERSITY_FLEMISH_TREEROWS:OCCURRENCE:birds:AudioMoth recording:Ie:tree:2023-05-27:134"
"135","Ie","tree","Passer montanus","Passeridae","Passeriformes","birds",50.897827,2.834499,2023-05-27,1,"Jari Vandendriessche & Luc Willems","","","AudioMoth recording","DIGITAF_BIODIVERSITY_FLEMISH_TREEROWS:OCCURRENCE:birds:AudioMoth recording:Ie:tree:2023-05-27:135"
"136","Ie","tree","Phasianus colchicus","Phasianidae","Galliformes","birds",50.897827,2.834499,2023-05-27,1,"Jari Vandendriessche & Luc Willems","","","AudioMoth recording","DIGITAF_BIODIVERSITY_FLEMISH_TREEROWS:OCCURRENCE:birds:AudioMoth recording:Ie:tree:2023-05-27:136"
"137","Ie","tree","Pica pica","Corvidae","Passeriformes","birds",50.897827,2.834499,2023-05-27,1,"Jari Vandendriessche & Luc Willems","","","AudioMoth recording","DIGITAF_BIODIVERSITY_FLEMISH_TREEROWS:OCCURRENCE:birds:AudioMoth recording:Ie:tree:2023-05-27:137"
"138","Ie","tree","Prunella modularis","Prunellidae","Passeriformes","birds",50.897827,2.834499,2023-05-27,1,"Jari Vandendriessche & Luc Willems","","","AudioMoth recording","DIGITAF_BIODIVERSITY_FLEMISH_TREEROWS:OCCURRENCE:birds:AudioMoth recording:Ie:tree:2023-05-27:138"
"139","Ie","tree","Streptopelia decaocto","Columbidae","Columbiformes","birds",50.897827,2.834499,2023-05-27,1,"Jari Vandendriessche & Luc Willems","","","AudioMoth recording","DIGITAF_BIODIVERSITY_FLEMISH_TREEROWS:OCCURRENCE:birds:AudioMoth recording:Ie:tree:2023-05-27:139"
"140","Ie","tree","Sylvia atricapilla","Sylviidae","Passeriformes","birds",50.897827,2.834499,2023-05-27,1,"Jari Vandendriessche & Luc Willems","","","AudioMoth recording","DIGITAF_BIODIVERSITY_FLEMISH_TREEROWS:OCCURRENCE:birds:AudioMoth recording:Ie:tree:2023-05-27:140"
"141","Ie","tree","Troglodytes troglodytes","Troglodytidae","Passeriformes","birds",50.897827,2.834499,2023-05-27,1,"Jari Vandendriessche & Luc Willems","","","AudioMoth recording","DIGITAF_BIODIVERSITY_FLEMISH_TREEROWS:OCCURRENCE:birds:AudioMoth recording:Ie:tree:2023-05-27:141"
"142","Ie","tree","Turdus merula","Turdidae","Passeriformes","birds",50.897827,2.834499,2023-05-27,1,"Jari Vandendriessche & Luc Willems","","","AudioMoth recording","DIGITAF_BIODIVERSITY_FLEMISH_TREEROWS:OCCURRENCE:birds:AudioMoth recording:Ie:tree:2023-05-27:142"
"143","Ie1","crtl","Coloeus monedula","Corvidae","Passeriformes","birds",50.869884,2.80778,2023-05-27,1,"Jari Vandendriessche & Luc Willems","","","AudioMoth recording","DIGITAF_BIODIVERSITY_FLEMISH_TREEROWS:OCCURRENCE:birds:AudioMoth recording:Ie1:crtl:2023-05-27:143"
"144","Ie1","crtl","Emberiza schoeniclus","Emberizidae","Passeriformes","birds",50.869884,2.80778,2023-05-27,1,"Jari Vandendriessche & Luc Willems","","","AudioMoth recording","DIGITAF_BIODIVERSITY_FLEMISH_TREEROWS:OCCURRENCE:birds:AudioMoth recording:Ie1:crtl:2023-05-27:144"
"145","Ie1","crtl","Motacilla flava","Motacillidae","Passeriformes","birds",50.869884,2.80778,2023-05-27,1,"Jari Vandendriessche & Luc Willems","","","AudioMoth recording","DIGITAF_BIODIVERSITY_FLEMISH_TREEROWS:OCCURRENCE:birds:AudioMoth recording:Ie1:crtl:2023-05-27:145"
"146","Ie1","crtl","Perdix perdix","Phasianidae","Galliformes","birds",50.869884,2.80778,2023-05-27,1,"Jari Vandendriessche & Luc Willems","","","AudioMoth recording","DIGITAF_BIODIVERSITY_FLEMISH_TREEROWS:OCCURRENCE:birds:AudioMoth recording:Ie1:crtl:2023-05-27:146"
"147","Ie1","crtl","Phasianus colchicus","Phasianidae","Galliformes","birds",50.869884,2.80778,2023-05-27,1,"Jari Vandendriessche & Luc Willems","","","AudioMoth recording","DIGITAF_BIODIVERSITY_FLEMISH_TREEROWS:OCCURRENCE:birds:AudioMoth recording:Ie1:crtl:2023-05-27:147"
"148","Ie1","crtl","Troglodytes troglodytes","Troglodytidae","Passeriformes","birds",50.869884,2.80778,2023-05-27,1,"Jari Vandendriessche & Luc Willems","","","AudioMoth recording","DIGITAF_BIODIVERSITY_FLEMISH_TREEROWS:OCCURRENCE:birds:AudioMoth recording:Ie1:crtl:2023-05-27:148"
"149","Ie1","crtl","Turdus merula","Turdidae","Passeriformes","birds",50.869884,2.80778,2023-05-27,1,"Jari Vandendriessche & Luc Willems","","","AudioMoth recording","DIGITAF_BIODIVERSITY_FLEMISH_TREEROWS:OCCURRENCE:birds:AudioMoth recording:Ie1:crtl:2023-05-27:149"
"150","Ie1","tree","Buteo buteo","Accipitridae","Accipitriformes","birds",50.868481,2.808143,2023-05-27,1,"Jari Vandendriessche & Luc Willems","","","AudioMoth recording","DIGITAF_BIODIVERSITY_FLEMISH_TREEROWS:OCCURRENCE:birds:AudioMoth recording:Ie1:tree:2023-05-27:150"
"151","Ie1","tree","Certhia brachydactyla","Certhiidae","Passeriformes","birds",50.868481,2.808143,2023-05-27,1,"Jari Vandendriessche & Luc Willems","","","AudioMoth recording","DIGITAF_BIODIVERSITY_FLEMISH_TREEROWS:OCCURRENCE:birds:AudioMoth recording:Ie1:tree:2023-05-27:151"
"152","Ie1","tree","Columba oenas","Columbidae","Columbiformes","birds",50.868481,2.808143,2023-05-27,1,"Jari Vandendriessche & Luc Willems","","","AudioMoth recording","DIGITAF_BIODIVERSITY_FLEMISH_TREEROWS:OCCURRENCE:birds:AudioMoth recording:Ie1:tree:2023-05-27:152"
"153","Ie1","tree","Columba palumbus","Columbidae","Columbiformes","birds",50.868481,2.808143,2023-05-27,1,"Jari Vandendriessche & Luc Willems","","","AudioMoth recording","DIGITAF_BIODIVERSITY_FLEMISH_TREEROWS:OCCURRENCE:birds:AudioMoth recording:Ie1:tree:2023-05-27:153"
"154","Ie1","tree","Coloeus monedula","Corvidae","Passeriformes","birds",50.868481,2.808143,2023-05-27,1,"Jari Vandendriessche & Luc Willems","","","AudioMoth recording","DIGITAF_BIODIVERSITY_FLEMISH_TREEROWS:OCCURRENCE:birds:AudioMoth recording:Ie1:tree:2023-05-27:154"
"155","Ie1","tree","Cyanistes caeruleus","Paridae","Passeriformes","birds",50.868481,2.808143,2023-05-27,1,"Jari Vandendriessche & Luc Willems","","","AudioMoth recording","DIGITAF_BIODIVERSITY_FLEMISH_TREEROWS:OCCURRENCE:birds:AudioMoth recording:Ie1:tree:2023-05-27:155"
"156","Ie1","tree","Fringilla coelebs","Fringillidae","Passeriformes","birds",50.868481,2.808143,2023-05-27,1,"Jari Vandendriessche & Luc Willems","","","AudioMoth recording","DIGITAF_BIODIVERSITY_FLEMISH_TREEROWS:OCCURRENCE:birds:AudioMoth recording:Ie1:tree:2023-05-27:156"
"157","Ie1","tree","Fulica atra","Rallidae","Gruiformes","birds",50.868481,2.808143,2023-05-27,1,"Jari Vandendriessche & Luc Willems","","","AudioMoth recording","DIGITAF_BIODIVERSITY_FLEMISH_TREEROWS:OCCURRENCE:birds:AudioMoth recording:Ie1:tree:2023-05-27:157"
"158","Ie1","tree","Muscicapa striata","Muscicapidae","Passeriformes","birds",50.868481,2.808143,2023-05-27,1,"Jari Vandendriessche & Luc Willems","","","AudioMoth recording","DIGITAF_BIODIVERSITY_FLEMISH_TREEROWS:OCCURRENCE:birds:AudioMoth recording:Ie1:tree:2023-05-27:158"
"159","Ie1","tree","Parus major","Paridae","Passeriformes","birds",50.868481,2.808143,2023-05-27,1,"Jari Vandendriessche & Luc Willems","","","AudioMoth recording","DIGITAF_BIODIVERSITY_FLEMISH_TREEROWS:OCCURRENCE:birds:AudioMoth recording:Ie1:tree:2023-05-27:159"
"160","Ie1","tree","Phasianus colchicus","Phasianidae","Galliformes","birds",50.868481,2.808143,2023-05-27,1,"Jari Vandendriessche & Luc Willems","","","AudioMoth recording","DIGITAF_BIODIVERSITY_FLEMISH_TREEROWS:OCCURRENCE:birds:AudioMoth recording:Ie1:tree:2023-05-27:160"
"161","Ie1","tree","Pica pica","Corvidae","Passeriformes","birds",50.868481,2.808143,2023-05-27,1,"Jari Vandendriessche & Luc Willems","","","AudioMoth recording","DIGITAF_BIODIVERSITY_FLEMISH_TREEROWS:OCCURRENCE:birds:AudioMoth recording:Ie1:tree:2023-05-27:161"
"162","Ie1","tree","Streptopelia decaocto","Columbidae","Columbiformes","birds",50.868481,2.808143,2023-05-27,1,"Jari Vandendriessche & Luc Willems","","","AudioMoth recording","DIGITAF_BIODIVERSITY_FLEMISH_TREEROWS:OCCURRENCE:birds:AudioMoth recording:Ie1:tree:2023-05-27:162"
"163","Ie1","tree","Sylvia atricapilla","Sylviidae","Passeriformes","birds",50.868481,2.808143,2023-05-27,1,"Jari Vandendriessche & Luc Willems","","","AudioMoth recording","DIGITAF_BIODIVERSITY_FLEMISH_TREEROWS:OCCURRENCE:birds:AudioMoth recording:Ie1:tree:2023-05-27:163"
"164","Ie1","tree","Troglodytes troglodytes","Troglodytidae","Passeriformes","birds",50.868481,2.808143,2023-05-27,1,"Jari Vandendriessche & Luc Willems","","","AudioMoth recording","DIGITAF_BIODIVERSITY_FLEMISH_TREEROWS:OCCURRENCE:birds:AudioMoth recording:Ie1:tree:2023-05-27:164"
"165","Ie1","tree","Turdus merula","Turdidae","Passeriformes","birds",50.868481,2.808143,2023-05-27,1,"Jari Vandendriessche & Luc Willems","","","AudioMoth recording","DIGITAF_BIODIVERSITY_FLEMISH_TREEROWS:OCCURRENCE:birds:AudioMoth recording:Ie1:tree:2023-05-27:165"
"166","Ie2","crtl","Alauda arvensis","Alaudidae","Passeriformes","birds",50.894154,2.837079,2023-05-27,1,"Jari Vandendriessche & Luc Willems","","","AudioMoth recording","DIGITAF_BIODIVERSITY_FLEMISH_TREEROWS:OCCURRENCE:birds:AudioMoth recording:Ie2:crtl:2023-05-27:166"
"167","Ie2","crtl","Anas crecca","Anatidae","Anseriformes","birds",50.894154,2.837079,2023-05-27,1,"Jari Vandendriessche & Luc Willems","","","AudioMoth recording","DIGITAF_BIODIVERSITY_FLEMISH_TREEROWS:OCCURRENCE:birds:AudioMoth recording:Ie2:crtl:2023-05-27:167"
"168","Ie2","crtl","Chloris chloris","Fringillidae","Passeriformes","birds",50.894154,2.837079,2023-05-27,1,"Jari Vandendriessche & Luc Willems","","","AudioMoth recording","DIGITAF_BIODIVERSITY_FLEMISH_TREEROWS:OCCURRENCE:birds:AudioMoth recording:Ie2:crtl:2023-05-27:168"
"169","Ie2","crtl","Coloeus monedula","Corvidae","Passeriformes","birds",50.894154,2.837079,2023-05-27,1,"Jari Vandendriessche & Luc Willems","","","AudioMoth recording","DIGITAF_BIODIVERSITY_FLEMISH_TREEROWS:OCCURRENCE:birds:AudioMoth recording:Ie2:crtl:2023-05-27:169"
"170","Ie2","crtl","Motacilla alba","Motacillidae","Passeriformes","birds",50.894154,2.837079,2023-05-27,1,"Jari Vandendriessche & Luc Willems","","","AudioMoth recording","DIGITAF_BIODIVERSITY_FLEMISH_TREEROWS:OCCURRENCE:birds:AudioMoth recording:Ie2:crtl:2023-05-27:170"
"171","Ie2","crtl","Motacilla flava","Motacillidae","Passeriformes","birds",50.894154,2.837079,2023-05-27,1,"Jari Vandendriessche & Luc Willems","","","AudioMoth recording","DIGITAF_BIODIVERSITY_FLEMISH_TREEROWS:OCCURRENCE:birds:AudioMoth recording:Ie2:crtl:2023-05-27:171"
"172","Ie2","crtl","Perdix perdix","Phasianidae","Galliformes","birds",50.894154,2.837079,2023-05-27,1,"Jari Vandendriessche & Luc Willems","","","AudioMoth recording","DIGITAF_BIODIVERSITY_FLEMISH_TREEROWS:OCCURRENCE:birds:AudioMoth recording:Ie2:crtl:2023-05-27:172"
"173","Ie2","crtl","Sylvia atricapilla","Sylviidae","Passeriformes","birds",50.894154,2.837079,2023-05-27,1,"Jari Vandendriessche & Luc Willems","","","AudioMoth recording","DIGITAF_BIODIVERSITY_FLEMISH_TREEROWS:OCCURRENCE:birds:AudioMoth recording:Ie2:crtl:2023-05-27:173"
"174","Ie2","crtl","Troglodytes troglodytes","Troglodytidae","Passeriformes","birds",50.894154,2.837079,2023-05-27,1,"Jari Vandendriessche & Luc Willems","","","AudioMoth recording","DIGITAF_BIODIVERSITY_FLEMISH_TREEROWS:OCCURRENCE:birds:AudioMoth recording:Ie2:crtl:2023-05-27:174"
"175","Ie2","crtl","Turdus merula","Turdidae","Passeriformes","birds",50.894154,2.837079,2023-05-27,1,"Jari Vandendriessche & Luc Willems","","","AudioMoth recording","DIGITAF_BIODIVERSITY_FLEMISH_TREEROWS:OCCURRENCE:birds:AudioMoth recording:Ie2:crtl:2023-05-27:175"
"176","Ie2","tree","Alopochen aegyptiaca","Anatidae","Anseriformes","birds",50.892433,2.838647,2023-05-27,1,"Jari Vandendriessche & Luc Willems","","","AudioMoth recording","DIGITAF_BIODIVERSITY_FLEMISH_TREEROWS:OCCURRENCE:birds:AudioMoth recording:Ie2:tree:2023-05-27:176"
"177","Ie2","tree","Motacilla flava","Motacillidae","Passeriformes","birds",50.892433,2.838647,2023-05-27,1,"Jari Vandendriessche & Luc Willems","","","AudioMoth recording","DIGITAF_BIODIVERSITY_FLEMISH_TREEROWS:OCCURRENCE:birds:AudioMoth recording:Ie2:tree:2023-05-27:177"
"178","Ie2","tree","Phasianus colchicus","Phasianidae","Galliformes","birds",50.892433,2.838647,2023-05-27,1,"Jari Vandendriessche & Luc Willems","","","AudioMoth recording","DIGITAF_BIODIVERSITY_FLEMISH_TREEROWS:OCCURRENCE:birds:AudioMoth recording:Ie2:tree:2023-05-27:178"
"179","Ie2","tree","Troglodytes troglodytes","Troglodytidae","Passeriformes","birds",50.892433,2.838647,2023-05-27,1,"Jari Vandendriessche & Luc Willems","","","AudioMoth recording","DIGITAF_BIODIVERSITY_FLEMISH_TREEROWS:OCCURRENCE:birds:AudioMoth recording:Ie2:tree:2023-05-27:179"
"180","L1","crtl","Carduelis carduelis","Fringillidae","Passeriformes","birds",50.818477,4.672386,2023-06-10,1,"Jari Vandendriessche & Luc Willems","","","AudioMoth recording","DIGITAF_BIODIVERSITY_FLEMISH_TREEROWS:OCCURRENCE:birds:AudioMoth recording:L1:crtl:2023-06-10:180"
"181","L1","crtl","Certhia brachydactyla","Certhiidae","Passeriformes","birds",50.818477,4.672386,2023-06-10,1,"Jari Vandendriessche & Luc Willems","","","AudioMoth recording","DIGITAF_BIODIVERSITY_FLEMISH_TREEROWS:OCCURRENCE:birds:AudioMoth recording:L1:crtl:2023-06-10:181"
"182","L1","crtl","Columba palumbus","Columbidae","Columbiformes","birds",50.818477,4.672386,2023-06-10,1,"Jari Vandendriessche & Luc Willems","","","AudioMoth recording","DIGITAF_BIODIVERSITY_FLEMISH_TREEROWS:OCCURRENCE:birds:AudioMoth recording:L1:crtl:2023-06-10:182"
"183","L1","crtl","Corvus corone","Corvidae","Passeriformes","birds",50.818477,4.672386,2023-06-10,1,"Jari Vandendriessche & Luc Willems","","","AudioMoth recording","DIGITAF_BIODIVERSITY_FLEMISH_TREEROWS:OCCURRENCE:birds:AudioMoth recording:L1:crtl:2023-06-10:183"
"184","L1","crtl","Cyanistes caeruleus","Paridae","Passeriformes","birds",50.818477,4.672386,2023-06-10,1,"Jari Vandendriessche & Luc Willems","","","AudioMoth recording","DIGITAF_BIODIVERSITY_FLEMISH_TREEROWS:OCCURRENCE:birds:AudioMoth recording:L1:crtl:2023-06-10:184"
"185","L1","crtl","Delichon urbicum","Hirundinidae","Passeriformes","birds",50.818477,4.672386,2023-06-10,1,"Jari Vandendriessche & Luc Willems","","","AudioMoth recording","DIGITAF_BIODIVERSITY_FLEMISH_TREEROWS:OCCURRENCE:birds:AudioMoth recording:L1:crtl:2023-06-10:185"
"186","L1","crtl","Dendrocopos major","Picidae","Piciformes","birds",50.818477,4.672386,2023-06-10,1,"Jari Vandendriessche & Luc Willems","","","AudioMoth recording","DIGITAF_BIODIVERSITY_FLEMISH_TREEROWS:OCCURRENCE:birds:AudioMoth recording:L1:crtl:2023-06-10:186"
"187","L1","crtl","Dryocopus martius","Picidae","Piciformes","birds",50.818477,4.672386,2023-06-10,1,"Jari Vandendriessche & Luc Willems","","","AudioMoth recording","DIGITAF_BIODIVERSITY_FLEMISH_TREEROWS:OCCURRENCE:birds:AudioMoth recording:L1:crtl:2023-06-10:187"
"188","L1","crtl","Erithacus rubecula","Muscicapidae","Passeriformes","birds",50.818477,4.672386,2023-06-10,1,"Jari Vandendriessche & Luc Willems","","","AudioMoth recording","DIGITAF_BIODIVERSITY_FLEMISH_TREEROWS:OCCURRENCE:birds:AudioMoth recording:L1:crtl:2023-06-10:188"
"189","L1","crtl","Fringilla coelebs","Fringillidae","Passeriformes","birds",50.818477,4.672386,2023-06-10,1,"Jari Vandendriessche & Luc Willems","","","AudioMoth recording","DIGITAF_BIODIVERSITY_FLEMISH_TREEROWS:OCCURRENCE:birds:AudioMoth recording:L1:crtl:2023-06-10:189"
"190","L1","crtl","Hirundo rustica","Hirundinidae","Passeriformes","birds",50.818477,4.672386,2023-06-10,1,"Jari Vandendriessche & Luc Willems","","","AudioMoth recording","DIGITAF_BIODIVERSITY_FLEMISH_TREEROWS:OCCURRENCE:birds:AudioMoth recording:L1:crtl:2023-06-10:190"
"191","L1","crtl","Motacilla alba","Motacillidae","Passeriformes","birds",50.818477,4.672386,2023-06-10,1,"Jari Vandendriessche & Luc Willems","","","AudioMoth recording","DIGITAF_BIODIVERSITY_FLEMISH_TREEROWS:OCCURRENCE:birds:AudioMoth recording:L1:crtl:2023-06-10:191"
"192","L1","crtl","Motacilla cinerea","Motacillidae","Passeriformes","birds",50.818477,4.672386,2023-06-10,1,"Jari Vandendriessche & Luc Willems","","","AudioMoth recording","DIGITAF_BIODIVERSITY_FLEMISH_TREEROWS:OCCURRENCE:birds:AudioMoth recording:L1:crtl:2023-06-10:192"
"193","L1","crtl","Motacilla flava","Motacillidae","Passeriformes","birds",50.818477,4.672386,2023-06-10,1,"Jari Vandendriessche & Luc Willems","","","AudioMoth recording","DIGITAF_BIODIVERSITY_FLEMISH_TREEROWS:OCCURRENCE:birds:AudioMoth recording:L1:crtl:2023-06-10:193"
"194","L1","crtl","Phasianus colchicus","Phasianidae","Galliformes","birds",50.818477,4.672386,2023-06-10,1,"Jari Vandendriessche & Luc Willems","","","AudioMoth recording","DIGITAF_BIODIVERSITY_FLEMISH_TREEROWS:OCCURRENCE:birds:AudioMoth recording:L1:crtl:2023-06-10:194"
"195","L1","crtl","Phoenicurus ochruros","Muscicapidae","Passeriformes","birds",50.818477,4.672386,2023-06-10,1,"Jari Vandendriessche & Luc Willems","","","AudioMoth recording","DIGITAF_BIODIVERSITY_FLEMISH_TREEROWS:OCCURRENCE:birds:AudioMoth recording:L1:crtl:2023-06-10:195"
"196","L1","crtl","Phylloscopus collybita","Phylloscopidae","Passeriformes","birds",50.818477,4.672386,2023-06-10,1,"Jari Vandendriessche & Luc Willems","","","AudioMoth recording","DIGITAF_BIODIVERSITY_FLEMISH_TREEROWS:OCCURRENCE:birds:AudioMoth recording:L1:crtl:2023-06-10:196"
"197","L1","crtl","Phylloscopus trochilus","Phylloscopidae","Passeriformes","birds",50.818477,4.672386,2023-06-10,1,"Jari Vandendriessche & Luc Willems","","","AudioMoth recording","DIGITAF_BIODIVERSITY_FLEMISH_TREEROWS:OCCURRENCE:birds:AudioMoth recording:L1:crtl:2023-06-10:197"
"198","L1","crtl","Pica pica","Corvidae","Passeriformes","birds",50.818477,4.672386,2023-06-10,1,"Jari Vandendriessche & Luc Willems","","","AudioMoth recording","DIGITAF_BIODIVERSITY_FLEMISH_TREEROWS:OCCURRENCE:birds:AudioMoth recording:L1:crtl:2023-06-10:198"
"199","L1","crtl","Prunella modularis","Prunellidae","Passeriformes","birds",50.818477,4.672386,2023-06-10,1,"Jari Vandendriessche & Luc Willems","","","AudioMoth recording","DIGITAF_BIODIVERSITY_FLEMISH_TREEROWS:OCCURRENCE:birds:AudioMoth recording:L1:crtl:2023-06-10:199"
"200","L1","crtl","Saxicola rubicola","Muscicapidae","Passeriformes","birds",50.818477,4.672386,2023-06-10,1,"Jari Vandendriessche & Luc Willems","","","AudioMoth recording","DIGITAF_BIODIVERSITY_FLEMISH_TREEROWS:OCCURRENCE:birds:AudioMoth recording:L1:crtl:2023-06-10:200"
"201","L1","crtl","Sitta europaea","Sittidae","Passeriformes","birds",50.818477,4.672386,2023-06-10,1,"Jari Vandendriessche & Luc Willems","","","AudioMoth recording","DIGITAF_BIODIVERSITY_FLEMISH_TREEROWS:OCCURRENCE:birds:AudioMoth recording:L1:crtl:2023-06-10:201"
"202","L1","crtl","Streptopelia decaocto","Columbidae","Columbiformes","birds",50.818477,4.672386,2023-06-10,1,"Jari Vandendriessche & Luc Willems","","","AudioMoth recording","DIGITAF_BIODIVERSITY_FLEMISH_TREEROWS:OCCURRENCE:birds:AudioMoth recording:L1:crtl:2023-06-10:202"
"203","L1","crtl","Troglodytes troglodytes","Troglodytidae","Passeriformes","birds",50.818477,4.672386,2023-06-10,1,"Jari Vandendriessche & Luc Willems","","","AudioMoth recording","DIGITAF_BIODIVERSITY_FLEMISH_TREEROWS:OCCURRENCE:birds:AudioMoth recording:L1:crtl:2023-06-10:203"
"204","L1","crtl","Turdus merula","Turdidae","Passeriformes","birds",50.818477,4.672386,2023-06-10,1,"Jari Vandendriessche & Luc Willems","","","AudioMoth recording","DIGITAF_BIODIVERSITY_FLEMISH_TREEROWS:OCCURRENCE:birds:AudioMoth recording:L1:crtl:2023-06-10:204"
"205","L1","tree","Carduelis carduelis","Fringillidae","Passeriformes","birds",50.819168,4.673106,2023-06-10,1,"Jari Vandendriessche & Luc Willems","","","AudioMoth recording","DIGITAF_BIODIVERSITY_FLEMISH_TREEROWS:OCCURRENCE:birds:AudioMoth recording:L1:tree:2023-06-10:205"
"206","L1","tree","Certhia brachydactyla","Certhiidae","Passeriformes","birds",50.819168,4.673106,2023-06-10,1,"Jari Vandendriessche & Luc Willems","","","AudioMoth recording","DIGITAF_BIODIVERSITY_FLEMISH_TREEROWS:OCCURRENCE:birds:AudioMoth recording:L1:tree:2023-06-10:206"
"207","L1","tree","Chloris chloris","Fringillidae","Passeriformes","birds",50.819168,4.673106,2023-06-10,1,"Jari Vandendriessche & Luc Willems","","","AudioMoth recording","DIGITAF_BIODIVERSITY_FLEMISH_TREEROWS:OCCURRENCE:birds:AudioMoth recording:L1:tree:2023-06-10:207"
"208","L1","tree","Columba palumbus","Columbidae","Columbiformes","birds",50.819168,4.673106,2023-06-10,1,"Jari Vandendriessche & Luc Willems","","","AudioMoth recording","DIGITAF_BIODIVERSITY_FLEMISH_TREEROWS:OCCURRENCE:birds:AudioMoth recording:L1:tree:2023-06-10:208"
"209","L1","tree","Corvus corone","Corvidae","Passeriformes","birds",50.819168,4.673106,2023-06-10,1,"Jari Vandendriessche & Luc Willems","","","AudioMoth recording","DIGITAF_BIODIVERSITY_FLEMISH_TREEROWS:OCCURRENCE:birds:AudioMoth recording:L1:tree:2023-06-10:209"
"210","L1","tree","Curruca communis","Sylviidae","Passeriformes","birds",50.819168,4.673106,2023-06-10,1,"Jari Vandendriessche & Luc Willems","","","AudioMoth recording","DIGITAF_BIODIVERSITY_FLEMISH_TREEROWS:OCCURRENCE:birds:AudioMoth recording:L1:tree:2023-06-10:210"
"211","L1","tree","Cyanistes caeruleus","Paridae","Passeriformes","birds",50.819168,4.673106,2023-06-10,1,"Jari Vandendriessche & Luc Willems","","","AudioMoth recording","DIGITAF_BIODIVERSITY_FLEMISH_TREEROWS:OCCURRENCE:birds:AudioMoth recording:L1:tree:2023-06-10:211"
"212","L1","tree","Delichon urbicum","Hirundinidae","Passeriformes","birds",50.819168,4.673106,2023-06-10,1,"Jari Vandendriessche & Luc Willems","","","AudioMoth recording","DIGITAF_BIODIVERSITY_FLEMISH_TREEROWS:OCCURRENCE:birds:AudioMoth recording:L1:tree:2023-06-10:212"
"213","L1","tree","Dendrocopos major","Picidae","Piciformes","birds",50.819168,4.673106,2023-06-10,1,"Jari Vandendriessche & Luc Willems","","","AudioMoth recording","DIGITAF_BIODIVERSITY_FLEMISH_TREEROWS:OCCURRENCE:birds:AudioMoth recording:L1:tree:2023-06-10:213"
"214","L1","tree","Erithacus rubecula","Muscicapidae","Passeriformes","birds",50.819168,4.673106,2023-06-10,1,"Jari Vandendriessche & Luc Willems","","","AudioMoth recording","DIGITAF_BIODIVERSITY_FLEMISH_TREEROWS:OCCURRENCE:birds:AudioMoth recording:L1:tree:2023-06-10:214"
"215","L1","tree","Motacilla alba","Motacillidae","Passeriformes","birds",50.819168,4.673106,2023-06-10,1,"Jari Vandendriessche & Luc Willems","","","AudioMoth recording","DIGITAF_BIODIVERSITY_FLEMISH_TREEROWS:OCCURRENCE:birds:AudioMoth recording:L1:tree:2023-06-10:215"
"216","L1","tree","Parus major","Paridae","Passeriformes","birds",50.819168,4.673106,2023-06-10,1,"Jari Vandendriessche & Luc Willems","","","AudioMoth recording","DIGITAF_BIODIVERSITY_FLEMISH_TREEROWS:OCCURRENCE:birds:AudioMoth recording:L1:tree:2023-06-10:216"
"217","L1","tree","Passer domesticus","Passeridae","Passeriformes","birds",50.819168,4.673106,2023-06-10,1,"Jari Vandendriessche & Luc Willems","","","AudioMoth recording","DIGITAF_BIODIVERSITY_FLEMISH_TREEROWS:OCCURRENCE:birds:AudioMoth recording:L1:tree:2023-06-10:217"
"218","L1","tree","Phoenicurus ochruros","Muscicapidae","Passeriformes","birds",50.819168,4.673106,2023-06-10,1,"Jari Vandendriessche & Luc Willems","","","AudioMoth recording","DIGITAF_BIODIVERSITY_FLEMISH_TREEROWS:OCCURRENCE:birds:AudioMoth recording:L1:tree:2023-06-10:218"
"219","L1","tree","Pica pica","Corvidae","Passeriformes","birds",50.819168,4.673106,2023-06-10,1,"Jari Vandendriessche & Luc Willems","","","AudioMoth recording","DIGITAF_BIODIVERSITY_FLEMISH_TREEROWS:OCCURRENCE:birds:AudioMoth recording:L1:tree:2023-06-10:219"
"220","L1","tree","Prunella modularis","Prunellidae","Passeriformes","birds",50.819168,4.673106,2023-06-10,1,"Jari Vandendriessche & Luc Willems","","","AudioMoth recording","DIGITAF_BIODIVERSITY_FLEMISH_TREEROWS:OCCURRENCE:birds:AudioMoth recording:L1:tree:2023-06-10:220"
"221","L1","tree","Streptopelia decaocto","Columbidae","Columbiformes","birds",50.819168,4.673106,2023-06-10,1,"Jari Vandendriessche & Luc Willems","","","AudioMoth recording","DIGITAF_BIODIVERSITY_FLEMISH_TREEROWS:OCCURRENCE:birds:AudioMoth recording:L1:tree:2023-06-10:221"
"222","L1","tree","Turdus merula","Turdidae","Passeriformes","birds",50.819168,4.673106,2023-06-10,1,"Jari Vandendriessche & Luc Willems","","","AudioMoth recording","DIGITAF_BIODIVERSITY_FLEMISH_TREEROWS:OCCURRENCE:birds:AudioMoth recording:L1:tree:2023-06-10:222"
"223","L2","crtl","Athene noctua","Strigidae","Strigiformes","birds",50.829258,4.671156,2023-06-10,1,"Jari Vandendriessche & Luc Willems","","","AudioMoth recording","DIGITAF_BIODIVERSITY_FLEMISH_TREEROWS:OCCURRENCE:birds:AudioMoth recording:L2:crtl:2023-06-10:223"
"224","L2","crtl","Certhia brachydactyla","Certhiidae","Passeriformes","birds",50.829258,4.671156,2023-06-10,1,"Jari Vandendriessche & Luc Willems","","","AudioMoth recording","DIGITAF_BIODIVERSITY_FLEMISH_TREEROWS:OCCURRENCE:birds:AudioMoth recording:L2:crtl:2023-06-10:224"
"225","L2","crtl","Columba palumbus","Columbidae","Columbiformes","birds",50.829258,4.671156,2023-06-10,1,"Jari Vandendriessche & Luc Willems","","","AudioMoth recording","DIGITAF_BIODIVERSITY_FLEMISH_TREEROWS:OCCURRENCE:birds:AudioMoth recording:L2:crtl:2023-06-10:225"
"226","L2","crtl","Corvus corone","Corvidae","Passeriformes","birds",50.829258,4.671156,2023-06-10,1,"Jari Vandendriessche & Luc Willems","","","AudioMoth recording","DIGITAF_BIODIVERSITY_FLEMISH_TREEROWS:OCCURRENCE:birds:AudioMoth recording:L2:crtl:2023-06-10:226"
"227","L2","crtl","Coloeus monedula","Corvidae","Passeriformes","birds",50.829258,4.671156,2023-06-10,1,"Jari Vandendriessche & Luc Willems","","","AudioMoth recording","DIGITAF_BIODIVERSITY_FLEMISH_TREEROWS:OCCURRENCE:birds:AudioMoth recording:L2:crtl:2023-06-10:227"
"228","L2","crtl","Cyanistes caeruleus","Paridae","Passeriformes","birds",50.829258,4.671156,2023-06-10,1,"Jari Vandendriessche & Luc Willems","","","AudioMoth recording","DIGITAF_BIODIVERSITY_FLEMISH_TREEROWS:OCCURRENCE:birds:AudioMoth recording:L2:crtl:2023-06-10:228"
"229","L2","crtl","Dendrocopos major","Picidae","Piciformes","birds",50.829258,4.671156,2023-06-10,1,"Jari Vandendriessche & Luc Willems","","","AudioMoth recording","DIGITAF_BIODIVERSITY_FLEMISH_TREEROWS:OCCURRENCE:birds:AudioMoth recording:L2:crtl:2023-06-10:229"
"230","L2","crtl","Dryocopus martius","Picidae","Piciformes","birds",50.829258,4.671156,2023-06-10,1,"Jari Vandendriessche & Luc Willems","","","AudioMoth recording","DIGITAF_BIODIVERSITY_FLEMISH_TREEROWS:OCCURRENCE:birds:AudioMoth recording:L2:crtl:2023-06-10:230"
"231","L2","crtl","Erithacus rubecula","Muscicapidae","Passeriformes","birds",50.829258,4.671156,2023-06-10,1,"Jari Vandendriessche & Luc Willems","","","AudioMoth recording","DIGITAF_BIODIVERSITY_FLEMISH_TREEROWS:OCCURRENCE:birds:AudioMoth recording:L2:crtl:2023-06-10:231"
"232","L2","crtl","Fringilla coelebs","Fringillidae","Passeriformes","birds",50.829258,4.671156,2023-06-10,1,"Jari Vandendriessche & Luc Willems","","","AudioMoth recording","DIGITAF_BIODIVERSITY_FLEMISH_TREEROWS:OCCURRENCE:birds:AudioMoth recording:L2:crtl:2023-06-10:232"
"233","L2","crtl","Phylloscopus collybita","Phylloscopidae","Passeriformes","birds",50.829258,4.671156,2023-06-10,1,"Jari Vandendriessche & Luc Willems","","","AudioMoth recording","DIGITAF_BIODIVERSITY_FLEMISH_TREEROWS:OCCURRENCE:birds:AudioMoth recording:L2:crtl:2023-06-10:233"
"234","L2","crtl","Poecile palustris","Paridae","Passeriformes","birds",50.829258,4.671156,2023-06-10,1,"Jari Vandendriessche & Luc Willems","","","AudioMoth recording","DIGITAF_BIODIVERSITY_FLEMISH_TREEROWS:OCCURRENCE:birds:AudioMoth recording:L2:crtl:2023-06-10:234"
"235","L2","crtl","Regulus regulus","Regulidae","Passeriformes","birds",50.829258,4.671156,2023-06-10,1,"Jari Vandendriessche & Luc Willems","","","AudioMoth recording","DIGITAF_BIODIVERSITY_FLEMISH_TREEROWS:OCCURRENCE:birds:AudioMoth recording:L2:crtl:2023-06-10:235"
"236","L2","crtl","Sitta europaea","Sittidae","Passeriformes","birds",50.829258,4.671156,2023-06-10,1,"Jari Vandendriessche & Luc Willems","","","AudioMoth recording","DIGITAF_BIODIVERSITY_FLEMISH_TREEROWS:OCCURRENCE:birds:AudioMoth recording:L2:crtl:2023-06-10:236"
"237","L2","crtl","Troglodytes troglodytes","Troglodytidae","Passeriformes","birds",50.829258,4.671156,2023-06-10,1,"Jari Vandendriessche & Luc Willems","","","AudioMoth recording","DIGITAF_BIODIVERSITY_FLEMISH_TREEROWS:OCCURRENCE:birds:AudioMoth recording:L2:crtl:2023-06-10:237"
"238","L2","crtl","Turdus merula","Turdidae","Passeriformes","birds",50.829258,4.671156,2023-06-10,1,"Jari Vandendriessche & Luc Willems","","","AudioMoth recording","DIGITAF_BIODIVERSITY_FLEMISH_TREEROWS:OCCURRENCE:birds:AudioMoth recording:L2:crtl:2023-06-10:238"
"239","L2","crtl","Turdus philomelos","Turdidae","Passeriformes","birds",50.829258,4.671156,2023-06-10,1,"Jari Vandendriessche & Luc Willems","","","AudioMoth recording","DIGITAF_BIODIVERSITY_FLEMISH_TREEROWS:OCCURRENCE:birds:AudioMoth recording:L2:crtl:2023-06-10:239"
"240","L2","tree","Athene noctua","Strigidae","Strigiformes","birds",50.830441,4.670732,2023-06-10,1,"Jari Vandendriessche & Luc Willems","","","AudioMoth recording","DIGITAF_BIODIVERSITY_FLEMISH_TREEROWS:OCCURRENCE:birds:AudioMoth recording:L2:tree:2023-06-10:240"
"241","L2","tree","Buteo buteo","Accipitridae","Accipitriformes","birds",50.830441,4.670732,2023-06-10,1,"Jari Vandendriessche & Luc Willems","","","AudioMoth recording","DIGITAF_BIODIVERSITY_FLEMISH_TREEROWS:OCCURRENCE:birds:AudioMoth recording:L2:tree:2023-06-10:241"
"242","L2","tree","Certhia brachydactyla","Certhiidae","Passeriformes","birds",50.830441,4.670732,2023-06-10,1,"Jari Vandendriessche & Luc Willems","","","AudioMoth recording","DIGITAF_BIODIVERSITY_FLEMISH_TREEROWS:OCCURRENCE:birds:AudioMoth recording:L2:tree:2023-06-10:242"
"243","L2","tree","Columba oenas","Columbidae","Columbiformes","birds",50.830441,4.670732,2023-06-10,1,"Jari Vandendriessche & Luc Willems","","","AudioMoth recording","DIGITAF_BIODIVERSITY_FLEMISH_TREEROWS:OCCURRENCE:birds:AudioMoth recording:L2:tree:2023-06-10:243"
"244","L2","tree","Columba palumbus","Columbidae","Columbiformes","birds",50.830441,4.670732,2023-06-10,1,"Jari Vandendriessche & Luc Willems","","","AudioMoth recording","DIGITAF_BIODIVERSITY_FLEMISH_TREEROWS:OCCURRENCE:birds:AudioMoth recording:L2:tree:2023-06-10:244"
"245","L2","tree","Corvus corone","Corvidae","Passeriformes","birds",50.830441,4.670732,2023-06-10,1,"Jari Vandendriessche & Luc Willems","","","AudioMoth recording","DIGITAF_BIODIVERSITY_FLEMISH_TREEROWS:OCCURRENCE:birds:AudioMoth recording:L2:tree:2023-06-10:245"
"246","L2","tree","Coloeus monedula","Corvidae","Passeriformes","birds",50.830441,4.670732,2023-06-10,1,"Jari Vandendriessche & Luc Willems","","","AudioMoth recording","DIGITAF_BIODIVERSITY_FLEMISH_TREEROWS:OCCURRENCE:birds:AudioMoth recording:L2:tree:2023-06-10:246"
"247","L2","tree","Cyanistes caeruleus","Paridae","Passeriformes","birds",50.830441,4.670732,2023-06-10,1,"Jari Vandendriessche & Luc Willems","","","AudioMoth recording","DIGITAF_BIODIVERSITY_FLEMISH_TREEROWS:OCCURRENCE:birds:AudioMoth recording:L2:tree:2023-06-10:247"
"248","L2","tree","Dendrocopos major","Picidae","Piciformes","birds",50.830441,4.670732,2023-06-10,1,"Jari Vandendriessche & Luc Willems","","","AudioMoth recording","DIGITAF_BIODIVERSITY_FLEMISH_TREEROWS:OCCURRENCE:birds:AudioMoth recording:L2:tree:2023-06-10:248"
"249","L2","tree","Erithacus rubecula","Muscicapidae","Passeriformes","birds",50.830441,4.670732,2023-06-10,1,"Jari Vandendriessche & Luc Willems","","","AudioMoth recording","DIGITAF_BIODIVERSITY_FLEMISH_TREEROWS:OCCURRENCE:birds:AudioMoth recording:L2:tree:2023-06-10:249"
"250","L2","tree","Fringilla coelebs","Fringillidae","Passeriformes","birds",50.830441,4.670732,2023-06-10,1,"Jari Vandendriessche & Luc Willems","","","AudioMoth recording","DIGITAF_BIODIVERSITY_FLEMISH_TREEROWS:OCCURRENCE:birds:AudioMoth recording:L2:tree:2023-06-10:250"
"251","L2","tree","Parus major","Paridae","Passeriformes","birds",50.830441,4.670732,2023-06-10,1,"Jari Vandendriessche & Luc Willems","","","AudioMoth recording","DIGITAF_BIODIVERSITY_FLEMISH_TREEROWS:OCCURRENCE:birds:AudioMoth recording:L2:tree:2023-06-10:251"
"252","L2","tree","Phylloscopus collybita","Phylloscopidae","Passeriformes","birds",50.830441,4.670732,2023-06-10,1,"Jari Vandendriessche & Luc Willems","","","AudioMoth recording","DIGITAF_BIODIVERSITY_FLEMISH_TREEROWS:OCCURRENCE:birds:AudioMoth recording:L2:tree:2023-06-10:252"
"253","L2","tree","Poecile palustris","Paridae","Passeriformes","birds",50.830441,4.670732,2023-06-10,1,"Jari Vandendriessche & Luc Willems","","","AudioMoth recording","DIGITAF_BIODIVERSITY_FLEMISH_TREEROWS:OCCURRENCE:birds:AudioMoth recording:L2:tree:2023-06-10:253"
"254","L2","tree","Regulus regulus","Regulidae","Passeriformes","birds",50.830441,4.670732,2023-06-10,1,"Jari Vandendriessche & Luc Willems","","","AudioMoth recording","DIGITAF_BIODIVERSITY_FLEMISH_TREEROWS:OCCURRENCE:birds:AudioMoth recording:L2:tree:2023-06-10:254"
"255","L2","tree","Sitta europaea","Sittidae","Passeriformes","birds",50.830441,4.670732,2023-06-10,1,"Jari Vandendriessche & Luc Willems","","","AudioMoth recording","DIGITAF_BIODIVERSITY_FLEMISH_TREEROWS:OCCURRENCE:birds:AudioMoth recording:L2:tree:2023-06-10:255"
"256","L2","tree","Sylvia atricapilla","Sylviidae","Passeriformes","birds",50.830441,4.670732,2023-06-10,1,"Jari Vandendriessche & Luc Willems","","","AudioMoth recording","DIGITAF_BIODIVERSITY_FLEMISH_TREEROWS:OCCURRENCE:birds:AudioMoth recording:L2:tree:2023-06-10:256"
"257","L2","tree","Turdus merula","Turdidae","Passeriformes","birds",50.830441,4.670732,2023-06-10,1,"Jari Vandendriessche & Luc Willems","","","AudioMoth recording","DIGITAF_BIODIVERSITY_FLEMISH_TREEROWS:OCCURRENCE:birds:AudioMoth recording:L2:tree:2023-06-10:257"
"258","Mb","crop","Erithacus rubecula","Muscicapidae","Passeriformes","birds",50.970043,3.755069,2023-06-14,1,"Jari Vandendriessche & Luc Willems","","","AudioMoth recording","DIGITAF_BIODIVERSITY_FLEMISH_TREEROWS:OCCURRENCE:birds:AudioMoth recording:Mb:crop:2023-06-14:258"
"259","Mb","crop","Fringilla coelebs","Fringillidae","Passeriformes","birds",50.970043,3.755069,2023-06-14,1,"Jari Vandendriessche & Luc Willems","","","AudioMoth recording","DIGITAF_BIODIVERSITY_FLEMISH_TREEROWS:OCCURRENCE:birds:AudioMoth recording:Mb:crop:2023-06-14:259"
"260","Mb","crop","Perdix perdix","Phasianidae","Galliformes","birds",50.970043,3.755069,2023-06-14,1,"Jari Vandendriessche & Luc Willems","","","AudioMoth recording","DIGITAF_BIODIVERSITY_FLEMISH_TREEROWS:OCCURRENCE:birds:AudioMoth recording:Mb:crop:2023-06-14:260"
"261","Mb","crop","Phylloscopus collybita","Phylloscopidae","Passeriformes","birds",50.970043,3.755069,2023-06-14,1,"Jari Vandendriessche & Luc Willems","","","AudioMoth recording","DIGITAF_BIODIVERSITY_FLEMISH_TREEROWS:OCCURRENCE:birds:AudioMoth recording:Mb:crop:2023-06-14:261"
"262","Mb","crop","Troglodytes troglodytes","Troglodytidae","Passeriformes","birds",50.970043,3.755069,2023-06-14,1,"Jari Vandendriessche & Luc Willems","","","AudioMoth recording","DIGITAF_BIODIVERSITY_FLEMISH_TREEROWS:OCCURRENCE:birds:AudioMoth recording:Mb:crop:2023-06-14:262"
"263","Mb","crop","Turdus merula","Turdidae","Passeriformes","birds",50.970043,3.755069,2023-06-14,1,"Jari Vandendriessche & Luc Willems","","","AudioMoth recording","DIGITAF_BIODIVERSITY_FLEMISH_TREEROWS:OCCURRENCE:birds:AudioMoth recording:Mb:crop:2023-06-14:263"
"264","Mb","crtl","Coloeus monedula","Corvidae","Passeriformes","birds",50.969597,3.755234,2023-06-14,1,"Jari Vandendriessche & Luc Willems","","","AudioMoth recording","DIGITAF_BIODIVERSITY_FLEMISH_TREEROWS:OCCURRENCE:birds:AudioMoth recording:Mb:crtl:2023-06-14:264"
"265","Mb","crtl","Corvus corone","Corvidae","Passeriformes","birds",50.969597,3.755234,2023-06-14,1,"Jari Vandendriessche & Luc Willems","","","AudioMoth recording","DIGITAF_BIODIVERSITY_FLEMISH_TREEROWS:OCCURRENCE:birds:AudioMoth recording:Mb:crtl:2023-06-14:265"
"266","Mb","crtl","Coloeus monedula","Corvidae","Passeriformes","birds",50.969597,3.755234,2023-06-14,1,"Jari Vandendriessche & Luc Willems","","","AudioMoth recording","DIGITAF_BIODIVERSITY_FLEMISH_TREEROWS:OCCURRENCE:birds:AudioMoth recording:Mb:crtl:2023-06-14:266"
"267","Mb","crtl","Dendrocopos major","Picidae","Piciformes","birds",50.969597,3.755234,2023-06-14,1,"Jari Vandendriessche & Luc Willems","","","AudioMoth recording","DIGITAF_BIODIVERSITY_FLEMISH_TREEROWS:OCCURRENCE:birds:AudioMoth recording:Mb:crtl:2023-06-14:267"
"268","Mb","crtl","Erithacus rubecula","Muscicapidae","Passeriformes","birds",50.969597,3.755234,2023-06-14,1,"Jari Vandendriessche & Luc Willems","","","AudioMoth recording","DIGITAF_BIODIVERSITY_FLEMISH_TREEROWS:OCCURRENCE:birds:AudioMoth recording:Mb:crtl:2023-06-14:268"
"269","Mb","crtl","Pica pica","Corvidae","Passeriformes","birds",50.969597,3.755234,2023-06-14,1,"Jari Vandendriessche & Luc Willems","","","AudioMoth recording","DIGITAF_BIODIVERSITY_FLEMISH_TREEROWS:OCCURRENCE:birds:AudioMoth recording:Mb:crtl:2023-06-14:269"
"270","Mb","crtl","Troglodytes troglodytes","Troglodytidae","Passeriformes","birds",50.969597,3.755234,2023-06-14,1,"Jari Vandendriessche & Luc Willems","","","AudioMoth recording","DIGITAF_BIODIVERSITY_FLEMISH_TREEROWS:OCCURRENCE:birds:AudioMoth recording:Mb:crtl:2023-06-14:270"
"271","Mb","crtl","Turdus merula","Turdidae","Passeriformes","birds",50.969597,3.755234,2023-06-14,1,"Jari Vandendriessche & Luc Willems","","","AudioMoth recording","DIGITAF_BIODIVERSITY_FLEMISH_TREEROWS:OCCURRENCE:birds:AudioMoth recording:Mb:crtl:2023-06-14:271"
"272","Mb","tree","Aegithalos caudatus","Aegithalidae","Passeriformes","birds",50.970682,3.754116,2023-06-14,1,"Jari Vandendriessche & Luc Willems","","","AudioMoth recording","DIGITAF_BIODIVERSITY_FLEMISH_TREEROWS:OCCURRENCE:birds:AudioMoth recording:Mb:tree:2023-06-14:272"
"273","Mb","tree","Ardea cinerea","Ardeidae","Pelecaniformes","birds",50.970682,3.754116,2023-06-14,1,"Jari Vandendriessche & Luc Willems","","","AudioMoth recording","DIGITAF_BIODIVERSITY_FLEMISH_TREEROWS:OCCURRENCE:birds:AudioMoth recording:Mb:tree:2023-06-14:273"
"274","Mb","tree","Athene noctua","Strigidae","Strigiformes","birds",50.970682,3.754116,2023-06-14,1,"Jari Vandendriessche & Luc Willems","","","AudioMoth recording","DIGITAF_BIODIVERSITY_FLEMISH_TREEROWS:OCCURRENCE:birds:AudioMoth recording:Mb:tree:2023-06-14:274"
"275","Mb","tree","Columba palumbus","Columbidae","Columbiformes","birds",50.970682,3.754116,2023-06-14,1,"Jari Vandendriessche & Luc Willems","","","AudioMoth recording","DIGITAF_BIODIVERSITY_FLEMISH_TREEROWS:OCCURRENCE:birds:AudioMoth recording:Mb:tree:2023-06-14:275"
"276","Mb","tree","Corvus corone","Corvidae","Passeriformes","birds",50.970682,3.754116,2023-06-14,1,"Jari Vandendriessche & Luc Willems","","","AudioMoth recording","DIGITAF_BIODIVERSITY_FLEMISH_TREEROWS:OCCURRENCE:birds:AudioMoth recording:Mb:tree:2023-06-14:276"
"277","Mb","tree","Coloeus monedula","Corvidae","Passeriformes","birds",50.970682,3.754116,2023-06-14,1,"Jari Vandendriessche & Luc Willems","","","AudioMoth recording","DIGITAF_BIODIVERSITY_FLEMISH_TREEROWS:OCCURRENCE:birds:AudioMoth recording:Mb:tree:2023-06-14:277"
"278","Mb","tree","Cyanistes caeruleus","Paridae","Passeriformes","birds",50.970682,3.754116,2023-06-14,1,"Jari Vandendriessche & Luc Willems","","","AudioMoth recording","DIGITAF_BIODIVERSITY_FLEMISH_TREEROWS:OCCURRENCE:birds:AudioMoth recording:Mb:tree:2023-06-14:278"
"279","Mb","tree","Erithacus rubecula","Muscicapidae","Passeriformes","birds",50.970682,3.754116,2023-06-14,1,"Jari Vandendriessche & Luc Willems","","","AudioMoth recording","DIGITAF_BIODIVERSITY_FLEMISH_TREEROWS:OCCURRENCE:birds:AudioMoth recording:Mb:tree:2023-06-14:279"
"280","Mb","tree","Fringilla coelebs","Fringillidae","Passeriformes","birds",50.970682,3.754116,2023-06-14,1,"Jari Vandendriessche & Luc Willems","","","AudioMoth recording","DIGITAF_BIODIVERSITY_FLEMISH_TREEROWS:OCCURRENCE:birds:AudioMoth recording:Mb:tree:2023-06-14:280"
"281","Mb","tree","Muscicapa striata","Muscicapidae","Passeriformes","birds",50.970682,3.754116,2023-06-14,1,"Jari Vandendriessche & Luc Willems","","","AudioMoth recording","DIGITAF_BIODIVERSITY_FLEMISH_TREEROWS:OCCURRENCE:birds:AudioMoth recording:Mb:tree:2023-06-14:281"
"282","Mb","tree","Parus major","Paridae","Passeriformes","birds",50.970682,3.754116,2023-06-14,1,"Jari Vandendriessche & Luc Willems","","","AudioMoth recording","DIGITAF_BIODIVERSITY_FLEMISH_TREEROWS:OCCURRENCE:birds:AudioMoth recording:Mb:tree:2023-06-14:282"
"283","Mb","tree","Phylloscopus collybita","Phylloscopidae","Passeriformes","birds",50.970682,3.754116,2023-06-14,1,"Jari Vandendriessche & Luc Willems","","","AudioMoth recording","DIGITAF_BIODIVERSITY_FLEMISH_TREEROWS:OCCURRENCE:birds:AudioMoth recording:Mb:tree:2023-06-14:283"
"284","Mb","tree","Pica pica","Corvidae","Passeriformes","birds",50.970682,3.754116,2023-06-14,1,"Jari Vandendriessche & Luc Willems","","","AudioMoth recording","DIGITAF_BIODIVERSITY_FLEMISH_TREEROWS:OCCURRENCE:birds:AudioMoth recording:Mb:tree:2023-06-14:284"
"285","Mb","tree","Regulus regulus","Regulidae","Passeriformes","birds",50.970682,3.754116,2023-06-14,1,"Jari Vandendriessche & Luc Willems","","","AudioMoth recording","DIGITAF_BIODIVERSITY_FLEMISH_TREEROWS:OCCURRENCE:birds:AudioMoth recording:Mb:tree:2023-06-14:285"
"286","Mb","tree","Sylvia atricapilla","Sylviidae","Passeriformes","birds",50.970682,3.754116,2023-06-14,1,"Jari Vandendriessche & Luc Willems","","","AudioMoth recording","DIGITAF_BIODIVERSITY_FLEMISH_TREEROWS:OCCURRENCE:birds:AudioMoth recording:Mb:tree:2023-06-14:286"
"287","Mb","tree","Troglodytes troglodytes","Troglodytidae","Passeriformes","birds",50.970682,3.754116,2023-06-14,1,"Jari Vandendriessche & Luc Willems","","","AudioMoth recording","DIGITAF_BIODIVERSITY_FLEMISH_TREEROWS:OCCURRENCE:birds:AudioMoth recording:Mb:tree:2023-06-14:287"
"288","Mb","tree","Turdus merula","Turdidae","Passeriformes","birds",50.970682,3.754116,2023-06-14,1,"Jari Vandendriessche & Luc Willems","","","AudioMoth recording","DIGITAF_BIODIVERSITY_FLEMISH_TREEROWS:OCCURRENCE:birds:AudioMoth recording:Mb:tree:2023-06-14:288"
"289","Mb1","crtl","Anas platyrhynchos","Anatidae","Anseriformes","birds",50.962509,3.764582,2023-05-23,1,"Jari Vandendriessche & Luc Willems","","","AudioMoth recording","DIGITAF_BIODIVERSITY_FLEMISH_TREEROWS:OCCURRENCE:birds:AudioMoth recording:Mb1:crtl:2023-05-23:289"
"290","Mb1","crtl","Carduelis carduelis","Fringillidae","Passeriformes","birds",50.962509,3.764582,2023-05-23,1,"Jari Vandendriessche & Luc Willems","","","AudioMoth recording","DIGITAF_BIODIVERSITY_FLEMISH_TREEROWS:OCCURRENCE:birds:AudioMoth recording:Mb1:crtl:2023-05-23:290"
"291","Mb1","crtl","Certhia brachydactyla","Certhiidae","Passeriformes","birds",50.962509,3.764582,2023-05-23,1,"Jari Vandendriessche & Luc Willems","","","AudioMoth recording","DIGITAF_BIODIVERSITY_FLEMISH_TREEROWS:OCCURRENCE:birds:AudioMoth recording:Mb1:crtl:2023-05-23:291"
"292","Mb1","crtl","Columba oenas","Columbidae","Columbiformes","birds",50.962509,3.764582,2023-05-23,1,"Jari Vandendriessche & Luc Willems","","","AudioMoth recording","DIGITAF_BIODIVERSITY_FLEMISH_TREEROWS:OCCURRENCE:birds:AudioMoth recording:Mb1:crtl:2023-05-23:292"
"293","Mb1","crtl","Columba palumbus","Columbidae","Columbiformes","birds",50.962509,3.764582,2023-05-23,1,"Jari Vandendriessche & Luc Willems","","","AudioMoth recording","DIGITAF_BIODIVERSITY_FLEMISH_TREEROWS:OCCURRENCE:birds:AudioMoth recording:Mb1:crtl:2023-05-23:293"
"294","Mb1","crtl","Corvus corone","Corvidae","Passeriformes","birds",50.962509,3.764582,2023-05-23,1,"Jari Vandendriessche & Luc Willems","","","AudioMoth recording","DIGITAF_BIODIVERSITY_FLEMISH_TREEROWS:OCCURRENCE:birds:AudioMoth recording:Mb1:crtl:2023-05-23:294"
"295","Mb1","crtl","Corvus frugilegus","Corvidae","Passeriformes","birds",50.962509,3.764582,2023-05-23,1,"Jari Vandendriessche & Luc Willems","","","AudioMoth recording","DIGITAF_BIODIVERSITY_FLEMISH_TREEROWS:OCCURRENCE:birds:AudioMoth recording:Mb1:crtl:2023-05-23:295"
"296","Mb1","crtl","Coloeus monedula","Corvidae","Passeriformes","birds",50.962509,3.764582,2023-05-23,1,"Jari Vandendriessche & Luc Willems","","","AudioMoth recording","DIGITAF_BIODIVERSITY_FLEMISH_TREEROWS:OCCURRENCE:birds:AudioMoth recording:Mb1:crtl:2023-05-23:296"
"297","Mb1","crtl","Cyanistes caeruleus","Paridae","Passeriformes","birds",50.962509,3.764582,2023-05-23,1,"Jari Vandendriessche & Luc Willems","","","AudioMoth recording","DIGITAF_BIODIVERSITY_FLEMISH_TREEROWS:OCCURRENCE:birds:AudioMoth recording:Mb1:crtl:2023-05-23:297"
"298","Mb1","crtl","Dendrocopos major","Picidae","Piciformes","birds",50.962509,3.764582,2023-05-23,1,"Jari Vandendriessche & Luc Willems","","","AudioMoth recording","DIGITAF_BIODIVERSITY_FLEMISH_TREEROWS:OCCURRENCE:birds:AudioMoth recording:Mb1:crtl:2023-05-23:298"
"299","Mb1","crtl","Fringilla coelebs","Fringillidae","Passeriformes","birds",50.962509,3.764582,2023-05-23,1,"Jari Vandendriessche & Luc Willems","","","AudioMoth recording","DIGITAF_BIODIVERSITY_FLEMISH_TREEROWS:OCCURRENCE:birds:AudioMoth recording:Mb1:crtl:2023-05-23:299"
"300","Mb1","crtl","Hirundo rustica","Hirundinidae","Passeriformes","birds",50.962509,3.764582,2023-05-23,1,"Jari Vandendriessche & Luc Willems","","","AudioMoth recording","DIGITAF_BIODIVERSITY_FLEMISH_TREEROWS:OCCURRENCE:birds:AudioMoth recording:Mb1:crtl:2023-05-23:300"
"301","Mb1","crtl","Motacilla alba","Motacillidae","Passeriformes","birds",50.962509,3.764582,2023-05-23,1,"Jari Vandendriessche & Luc Willems","","","AudioMoth recording","DIGITAF_BIODIVERSITY_FLEMISH_TREEROWS:OCCURRENCE:birds:AudioMoth recording:Mb1:crtl:2023-05-23:301"
"302","Mb1","crtl","Parus major","Paridae","Passeriformes","birds",50.962509,3.764582,2023-05-23,1,"Jari Vandendriessche & Luc Willems","","","AudioMoth recording","DIGITAF_BIODIVERSITY_FLEMISH_TREEROWS:OCCURRENCE:birds:AudioMoth recording:Mb1:crtl:2023-05-23:302"
"303","Mb1","crtl","Phylloscopus collybita","Phylloscopidae","Passeriformes","birds",50.962509,3.764582,2023-05-23,1,"Jari Vandendriessche & Luc Willems","","","AudioMoth recording","DIGITAF_BIODIVERSITY_FLEMISH_TREEROWS:OCCURRENCE:birds:AudioMoth recording:Mb1:crtl:2023-05-23:303"
"304","Mb1","crtl","Pica pica","Corvidae","Passeriformes","birds",50.962509,3.764582,2023-05-23,1,"Jari Vandendriessche & Luc Willems","","","AudioMoth recording","DIGITAF_BIODIVERSITY_FLEMISH_TREEROWS:OCCURRENCE:birds:AudioMoth recording:Mb1:crtl:2023-05-23:304"
"305","Mb1","crtl","Picus viridis","Picidae","Piciformes","birds",50.962509,3.764582,2023-05-23,1,"Jari Vandendriessche & Luc Willems","","","AudioMoth recording","DIGITAF_BIODIVERSITY_FLEMISH_TREEROWS:OCCURRENCE:birds:AudioMoth recording:Mb1:crtl:2023-05-23:305"
"306","Mb1","crtl","Sitta europaea","Sittidae","Passeriformes","birds",50.962509,3.764582,2023-05-23,1,"Jari Vandendriessche & Luc Willems","","","AudioMoth recording","DIGITAF_BIODIVERSITY_FLEMISH_TREEROWS:OCCURRENCE:birds:AudioMoth recording:Mb1:crtl:2023-05-23:306"
"307","Mb1","crtl","Sturnus vulgaris","Sturnidae","Passeriformes","birds",50.962509,3.764582,2023-05-23,1,"Jari Vandendriessche & Luc Willems","","","AudioMoth recording","DIGITAF_BIODIVERSITY_FLEMISH_TREEROWS:OCCURRENCE:birds:AudioMoth recording:Mb1:crtl:2023-05-23:307"
"308","Mb1","crtl","Sylvia atricapilla","Sylviidae","Passeriformes","birds",50.962509,3.764582,2023-05-23,1,"Jari Vandendriessche & Luc Willems","","","AudioMoth recording","DIGITAF_BIODIVERSITY_FLEMISH_TREEROWS:OCCURRENCE:birds:AudioMoth recording:Mb1:crtl:2023-05-23:308"
"309","Mb1","crtl","Troglodytes troglodytes","Troglodytidae","Passeriformes","birds",50.962509,3.764582,2023-05-23,1,"Jari Vandendriessche & Luc Willems","","","AudioMoth recording","DIGITAF_BIODIVERSITY_FLEMISH_TREEROWS:OCCURRENCE:birds:AudioMoth recording:Mb1:crtl:2023-05-23:309"
"310","Mb1","crtl","Turdus merula","Turdidae","Passeriformes","birds",50.962509,3.764582,2023-05-23,1,"Jari Vandendriessche & Luc Willems","","","AudioMoth recording","DIGITAF_BIODIVERSITY_FLEMISH_TREEROWS:OCCURRENCE:birds:AudioMoth recording:Mb1:crtl:2023-05-23:310"
"311","Mb1","crtl","Turdus philomelos","Turdidae","Passeriformes","birds",50.962509,3.764582,2023-05-23,1,"Jari Vandendriessche & Luc Willems","","","AudioMoth recording","DIGITAF_BIODIVERSITY_FLEMISH_TREEROWS:OCCURRENCE:birds:AudioMoth recording:Mb1:crtl:2023-05-23:311"
"312","Mb1","tree","Anas platyrhynchos","Anatidae","Anseriformes","birds",50.96162,3.764554,2023-05-23,1,"Jari Vandendriessche & Luc Willems","","","AudioMoth recording","DIGITAF_BIODIVERSITY_FLEMISH_TREEROWS:OCCURRENCE:birds:AudioMoth recording:Mb1:tree:2023-05-23:312"
"313","Mb1","tree","Anas platyrhynchos","Anatidae","Anseriformes","birds",50.96162,3.764554,2023-05-23,1,"Jari Vandendriessche & Luc Willems","","","AudioMoth recording","DIGITAF_BIODIVERSITY_FLEMISH_TREEROWS:OCCURRENCE:birds:AudioMoth recording:Mb1:tree:2023-05-23:313"
"314","Mb1","tree","Certhia brachydactyla","Certhiidae","Passeriformes","birds",50.96162,3.764554,2023-05-23,1,"Jari Vandendriessche & Luc Willems","","","AudioMoth recording","DIGITAF_BIODIVERSITY_FLEMISH_TREEROWS:OCCURRENCE:birds:AudioMoth recording:Mb1:tree:2023-05-23:314"
"315","Mb1","tree","Columba palumbus","Columbidae","Columbiformes","birds",50.96162,3.764554,2023-05-23,1,"Jari Vandendriessche & Luc Willems","","","AudioMoth recording","DIGITAF_BIODIVERSITY_FLEMISH_TREEROWS:OCCURRENCE:birds:AudioMoth recording:Mb1:tree:2023-05-23:315"
"316","Mb1","tree","Corvus corone","Corvidae","Passeriformes","birds",50.96162,3.764554,2023-05-23,1,"Jari Vandendriessche & Luc Willems","","","AudioMoth recording","DIGITAF_BIODIVERSITY_FLEMISH_TREEROWS:OCCURRENCE:birds:AudioMoth recording:Mb1:tree:2023-05-23:316"
"317","Mb1","tree","Cyanistes caeruleus","Paridae","Passeriformes","birds",50.96162,3.764554,2023-05-23,1,"Jari Vandendriessche & Luc Willems","","","AudioMoth recording","DIGITAF_BIODIVERSITY_FLEMISH_TREEROWS:OCCURRENCE:birds:AudioMoth recording:Mb1:tree:2023-05-23:317"
"318","Mb1","tree","Dendrocopos major","Picidae","Piciformes","birds",50.96162,3.764554,2023-05-23,1,"Jari Vandendriessche & Luc Willems","","","AudioMoth recording","DIGITAF_BIODIVERSITY_FLEMISH_TREEROWS:OCCURRENCE:birds:AudioMoth recording:Mb1:tree:2023-05-23:318"
"319","Mb1","tree","Fringilla coelebs","Fringillidae","Passeriformes","birds",50.96162,3.764554,2023-05-23,1,"Jari Vandendriessche & Luc Willems","","","AudioMoth recording","DIGITAF_BIODIVERSITY_FLEMISH_TREEROWS:OCCURRENCE:birds:AudioMoth recording:Mb1:tree:2023-05-23:319"
"320","Mb1","tree","Hirundo rustica","Hirundinidae","Passeriformes","birds",50.96162,3.764554,2023-05-23,1,"Jari Vandendriessche & Luc Willems","","","AudioMoth recording","DIGITAF_BIODIVERSITY_FLEMISH_TREEROWS:OCCURRENCE:birds:AudioMoth recording:Mb1:tree:2023-05-23:320"
"321","Mb1","tree","Parus major","Paridae","Passeriformes","birds",50.96162,3.764554,2023-05-23,1,"Jari Vandendriessche & Luc Willems","","","AudioMoth recording","DIGITAF_BIODIVERSITY_FLEMISH_TREEROWS:OCCURRENCE:birds:AudioMoth recording:Mb1:tree:2023-05-23:321"
"322","Mb1","tree","Phoenicurus ochruros","Muscicapidae","Passeriformes","birds",50.96162,3.764554,2023-05-23,1,"Jari Vandendriessche & Luc Willems","","","AudioMoth recording","DIGITAF_BIODIVERSITY_FLEMISH_TREEROWS:OCCURRENCE:birds:AudioMoth recording:Mb1:tree:2023-05-23:322"
"323","Mb1","tree","Phylloscopus collybita","Phylloscopidae","Passeriformes","birds",50.96162,3.764554,2023-05-23,1,"Jari Vandendriessche & Luc Willems","","","AudioMoth recording","DIGITAF_BIODIVERSITY_FLEMISH_TREEROWS:OCCURRENCE:birds:AudioMoth recording:Mb1:tree:2023-05-23:323"
"324","Mb1","tree","Picus viridis","Picidae","Piciformes","birds",50.96162,3.764554,2023-05-23,1,"Jari Vandendriessche & Luc Willems","","","AudioMoth recording","DIGITAF_BIODIVERSITY_FLEMISH_TREEROWS:OCCURRENCE:birds:AudioMoth recording:Mb1:tree:2023-05-23:324"
"325","Mb1","tree","Prunella modularis","Prunellidae","Passeriformes","birds",50.96162,3.764554,2023-05-23,1,"Jari Vandendriessche & Luc Willems","","","AudioMoth recording","DIGITAF_BIODIVERSITY_FLEMISH_TREEROWS:OCCURRENCE:birds:AudioMoth recording:Mb1:tree:2023-05-23:325"
"326","Mb1","tree","Sitta europaea","Sittidae","Passeriformes","birds",50.96162,3.764554,2023-05-23,1,"Jari Vandendriessche & Luc Willems","","","AudioMoth recording","DIGITAF_BIODIVERSITY_FLEMISH_TREEROWS:OCCURRENCE:birds:AudioMoth recording:Mb1:tree:2023-05-23:326"
"327","Mb1","tree","Sylvia atricapilla","Sylviidae","Passeriformes","birds",50.96162,3.764554,2023-05-23,1,"Jari Vandendriessche & Luc Willems","","","AudioMoth recording","DIGITAF_BIODIVERSITY_FLEMISH_TREEROWS:OCCURRENCE:birds:AudioMoth recording:Mb1:tree:2023-05-23:327"
"328","Mb1","tree","Troglodytes troglodytes","Troglodytidae","Passeriformes","birds",50.96162,3.764554,2023-05-23,1,"Jari Vandendriessche & Luc Willems","","","AudioMoth recording","DIGITAF_BIODIVERSITY_FLEMISH_TREEROWS:OCCURRENCE:birds:AudioMoth recording:Mb1:tree:2023-05-23:328"
"329","Me","crop","Alopochen aegyptiaca","Anatidae","Anseriformes","birds",50.98959,3.828819,2023-05-24,1,"Jari Vandendriessche & Luc Willems","","","AudioMoth recording","DIGITAF_BIODIVERSITY_FLEMISH_TREEROWS:OCCURRENCE:birds:AudioMoth recording:Me:crop:2023-05-24:329"
"330","Me","crop","Buteo buteo","Accipitridae","Accipitriformes","birds",50.98959,3.828819,2023-05-24,1,"Jari Vandendriessche & Luc Willems","","","AudioMoth recording","DIGITAF_BIODIVERSITY_FLEMISH_TREEROWS:OCCURRENCE:birds:AudioMoth recording:Me:crop:2023-05-24:330"
"331","Me","crop","Certhia brachydactyla","Certhiidae","Passeriformes","birds",50.98959,3.828819,2023-05-24,1,"Jari Vandendriessche & Luc Willems","","","AudioMoth recording","DIGITAF_BIODIVERSITY_FLEMISH_TREEROWS:OCCURRENCE:birds:AudioMoth recording:Me:crop:2023-05-24:331"
"332","Me","crop","Corvus corone","Corvidae","Passeriformes","birds",50.98959,3.828819,2023-05-24,1,"Jari Vandendriessche & Luc Willems","","","AudioMoth recording","DIGITAF_BIODIVERSITY_FLEMISH_TREEROWS:OCCURRENCE:birds:AudioMoth recording:Me:crop:2023-05-24:332"
"333","Me","crop","Coloeus monedula","Corvidae","Passeriformes","birds",50.98959,3.828819,2023-05-24,1,"Jari Vandendriessche & Luc Willems","","","AudioMoth recording","DIGITAF_BIODIVERSITY_FLEMISH_TREEROWS:OCCURRENCE:birds:AudioMoth recording:Me:crop:2023-05-24:333"
"334","Me","crop","Dendrocopos major","Picidae","Piciformes","birds",50.98959,3.828819,2023-05-24,1,"Jari Vandendriessche & Luc Willems","","","AudioMoth recording","DIGITAF_BIODIVERSITY_FLEMISH_TREEROWS:OCCURRENCE:birds:AudioMoth recording:Me:crop:2023-05-24:334"
"335","Me","crop","Erithacus rubecula","Muscicapidae","Passeriformes","birds",50.98959,3.828819,2023-05-24,1,"Jari Vandendriessche & Luc Willems","","","AudioMoth recording","DIGITAF_BIODIVERSITY_FLEMISH_TREEROWS:OCCURRENCE:birds:AudioMoth recording:Me:crop:2023-05-24:335"
"336","Me","crop","Garrulus glandarius","Corvidae","Passeriformes","birds",50.98959,3.828819,2023-05-24,1,"Jari Vandendriessche & Luc Willems","","","AudioMoth recording","DIGITAF_BIODIVERSITY_FLEMISH_TREEROWS:OCCURRENCE:birds:AudioMoth recording:Me:crop:2023-05-24:336"
"337","Me","crop","Parus major","Paridae","Passeriformes","birds",50.98959,3.828819,2023-05-24,1,"Jari Vandendriessche & Luc Willems","","","AudioMoth recording","DIGITAF_BIODIVERSITY_FLEMISH_TREEROWS:OCCURRENCE:birds:AudioMoth recording:Me:crop:2023-05-24:337"
"338","Me","crop","Phylloscopus collybita","Phylloscopidae","Passeriformes","birds",50.98959,3.828819,2023-05-24,1,"Jari Vandendriessche & Luc Willems","","","AudioMoth recording","DIGITAF_BIODIVERSITY_FLEMISH_TREEROWS:OCCURRENCE:birds:AudioMoth recording:Me:crop:2023-05-24:338"
"339","Me","crop","Pica pica","Corvidae","Passeriformes","birds",50.98959,3.828819,2023-05-24,1,"Jari Vandendriessche & Luc Willems","","","AudioMoth recording","DIGITAF_BIODIVERSITY_FLEMISH_TREEROWS:OCCURRENCE:birds:AudioMoth recording:Me:crop:2023-05-24:339"
"340","Me","crop","Picus viridis","Picidae","Piciformes","birds",50.98959,3.828819,2023-05-24,1,"Jari Vandendriessche & Luc Willems","","","AudioMoth recording","DIGITAF_BIODIVERSITY_FLEMISH_TREEROWS:OCCURRENCE:birds:AudioMoth recording:Me:crop:2023-05-24:340"
"341","Me","crop","Sylvia atricapilla","Sylviidae","Passeriformes","birds",50.98959,3.828819,2023-05-24,1,"Jari Vandendriessche & Luc Willems","","","AudioMoth recording","DIGITAF_BIODIVERSITY_FLEMISH_TREEROWS:OCCURRENCE:birds:AudioMoth recording:Me:crop:2023-05-24:341"
"342","Me","crop","Troglodytes troglodytes","Troglodytidae","Passeriformes","birds",50.98959,3.828819,2023-05-24,1,"Jari Vandendriessche & Luc Willems","","","AudioMoth recording","DIGITAF_BIODIVERSITY_FLEMISH_TREEROWS:OCCURRENCE:birds:AudioMoth recording:Me:crop:2023-05-24:342"
"343","Me","crop","Turdus merula","Turdidae","Passeriformes","birds",50.98959,3.828819,2023-05-24,1,"Jari Vandendriessche & Luc Willems","","","AudioMoth recording","DIGITAF_BIODIVERSITY_FLEMISH_TREEROWS:OCCURRENCE:birds:AudioMoth recording:Me:crop:2023-05-24:343"
"344","Me","crtl","Alopochen aegyptiaca","Anatidae","Anseriformes","birds",50.988918,3.828591,2023-05-24,1,"Jari Vandendriessche & Luc Willems","","","AudioMoth recording","DIGITAF_BIODIVERSITY_FLEMISH_TREEROWS:OCCURRENCE:birds:AudioMoth recording:Me:crtl:2023-05-24:344"
"345","Me","crtl","Anas crecca","Anatidae","Anseriformes","birds",50.988918,3.828591,2023-05-24,1,"Jari Vandendriessche & Luc Willems","","","AudioMoth recording","DIGITAF_BIODIVERSITY_FLEMISH_TREEROWS:OCCURRENCE:birds:AudioMoth recording:Me:crtl:2023-05-24:345"
"346","Me","crtl","Buteo buteo","Accipitridae","Accipitriformes","birds",50.988918,3.828591,2023-05-24,1,"Jari Vandendriessche & Luc Willems","","","AudioMoth recording","DIGITAF_BIODIVERSITY_FLEMISH_TREEROWS:OCCURRENCE:birds:AudioMoth recording:Me:crtl:2023-05-24:346"
"347","Me","crtl","Certhia brachydactyla","Certhiidae","Passeriformes","birds",50.988918,3.828591,2023-05-24,1,"Jari Vandendriessche & Luc Willems","","","AudioMoth recording","DIGITAF_BIODIVERSITY_FLEMISH_TREEROWS:OCCURRENCE:birds:AudioMoth recording:Me:crtl:2023-05-24:347"
"348","Me","crtl","Columba palumbus","Columbidae","Columbiformes","birds",50.988918,3.828591,2023-05-24,1,"Jari Vandendriessche & Luc Willems","","","AudioMoth recording","DIGITAF_BIODIVERSITY_FLEMISH_TREEROWS:OCCURRENCE:birds:AudioMoth recording:Me:crtl:2023-05-24:348"
"349","Me","crtl","Corvus corone","Corvidae","Passeriformes","birds",50.988918,3.828591,2023-05-24,1,"Jari Vandendriessche & Luc Willems","","","AudioMoth recording","DIGITAF_BIODIVERSITY_FLEMISH_TREEROWS:OCCURRENCE:birds:AudioMoth recording:Me:crtl:2023-05-24:349"
"350","Me","crtl","Coloeus monedula","Corvidae","Passeriformes","birds",50.988918,3.828591,2023-05-24,1,"Jari Vandendriessche & Luc Willems","","","AudioMoth recording","DIGITAF_BIODIVERSITY_FLEMISH_TREEROWS:OCCURRENCE:birds:AudioMoth recording:Me:crtl:2023-05-24:350"
"351","Me","crtl","Dendrocopos major","Picidae","Piciformes","birds",50.988918,3.828591,2023-05-24,1,"Jari Vandendriessche & Luc Willems","","","AudioMoth recording","DIGITAF_BIODIVERSITY_FLEMISH_TREEROWS:OCCURRENCE:birds:AudioMoth recording:Me:crtl:2023-05-24:351"
"352","Me","crtl","Erithacus rubecula","Muscicapidae","Passeriformes","birds",50.988918,3.828591,2023-05-24,1,"Jari Vandendriessche & Luc Willems","","","AudioMoth recording","DIGITAF_BIODIVERSITY_FLEMISH_TREEROWS:OCCURRENCE:birds:AudioMoth recording:Me:crtl:2023-05-24:352"
"353","Me","crtl","Parus major","Paridae","Passeriformes","birds",50.988918,3.828591,2023-05-24,1,"Jari Vandendriessche & Luc Willems","","","AudioMoth recording","DIGITAF_BIODIVERSITY_FLEMISH_TREEROWS:OCCURRENCE:birds:AudioMoth recording:Me:crtl:2023-05-24:353"
"354","Me","crtl","Phylloscopus collybita","Phylloscopidae","Passeriformes","birds",50.988918,3.828591,2023-05-24,1,"Jari Vandendriessche & Luc Willems","","","AudioMoth recording","DIGITAF_BIODIVERSITY_FLEMISH_TREEROWS:OCCURRENCE:birds:AudioMoth recording:Me:crtl:2023-05-24:354"
"355","Me","crtl","Pica pica","Corvidae","Passeriformes","birds",50.988918,3.828591,2023-05-24,1,"Jari Vandendriessche & Luc Willems","","","AudioMoth recording","DIGITAF_BIODIVERSITY_FLEMISH_TREEROWS:OCCURRENCE:birds:AudioMoth recording:Me:crtl:2023-05-24:355"
"356","Me","crtl","Picus viridis","Picidae","Piciformes","birds",50.988918,3.828591,2023-05-24,1,"Jari Vandendriessche & Luc Willems","","","AudioMoth recording","DIGITAF_BIODIVERSITY_FLEMISH_TREEROWS:OCCURRENCE:birds:AudioMoth recording:Me:crtl:2023-05-24:356"
"357","Me","crtl","Strix aluco","Strigidae","Strigiformes","birds",50.988918,3.828591,2023-05-24,1,"Jari Vandendriessche & Luc Willems","","","AudioMoth recording","DIGITAF_BIODIVERSITY_FLEMISH_TREEROWS:OCCURRENCE:birds:AudioMoth recording:Me:crtl:2023-05-24:357"
"358","Me","crtl","Troglodytes troglodytes","Troglodytidae","Passeriformes","birds",50.988918,3.828591,2023-05-24,1,"Jari Vandendriessche & Luc Willems","","","AudioMoth recording","DIGITAF_BIODIVERSITY_FLEMISH_TREEROWS:OCCURRENCE:birds:AudioMoth recording:Me:crtl:2023-05-24:358"
"359","Me","crtl","Turdus merula","Turdidae","Passeriformes","birds",50.988918,3.828591,2023-05-24,1,"Jari Vandendriessche & Luc Willems","","","AudioMoth recording","DIGITAF_BIODIVERSITY_FLEMISH_TREEROWS:OCCURRENCE:birds:AudioMoth recording:Me:crtl:2023-05-24:359"
"360","Me","crtl","Turdus philomelos","Turdidae","Passeriformes","birds",50.988918,3.828591,2023-05-24,1,"Jari Vandendriessche & Luc Willems","","","AudioMoth recording","DIGITAF_BIODIVERSITY_FLEMISH_TREEROWS:OCCURRENCE:birds:AudioMoth recording:Me:crtl:2023-05-24:360"
"361","Me","tree","Anas platyrhynchos","Anatidae","Anseriformes","birds",50.989864,3.829628,2023-05-24,1,"Jari Vandendriessche & Luc Willems","","","AudioMoth recording","DIGITAF_BIODIVERSITY_FLEMISH_TREEROWS:OCCURRENCE:birds:AudioMoth recording:Me:tree:2023-05-24:361"
"362","Me","tree","Buteo buteo","Accipitridae","Accipitriformes","birds",50.989864,3.829628,2023-05-24,1,"Jari Vandendriessche & Luc Willems","","","AudioMoth recording","DIGITAF_BIODIVERSITY_FLEMISH_TREEROWS:OCCURRENCE:birds:AudioMoth recording:Me:tree:2023-05-24:362"
"363","Me","tree","Corvus corone","Corvidae","Passeriformes","birds",50.989864,3.829628,2023-05-24,1,"Jari Vandendriessche & Luc Willems","","","AudioMoth recording","DIGITAF_BIODIVERSITY_FLEMISH_TREEROWS:OCCURRENCE:birds:AudioMoth recording:Me:tree:2023-05-24:363"
"364","Me","tree","Coloeus monedula","Corvidae","Passeriformes","birds",50.989864,3.829628,2023-05-24,1,"Jari Vandendriessche & Luc Willems","","","AudioMoth recording","DIGITAF_BIODIVERSITY_FLEMISH_TREEROWS:OCCURRENCE:birds:AudioMoth recording:Me:tree:2023-05-24:364"
"365","Me","tree","Curruca communis","Sylviidae","Passeriformes","birds",50.989864,3.829628,2023-05-24,1,"Jari Vandendriessche & Luc Willems","","","AudioMoth recording","DIGITAF_BIODIVERSITY_FLEMISH_TREEROWS:OCCURRENCE:birds:AudioMoth recording:Me:tree:2023-05-24:365"
"366","Me","tree","Erithacus rubecula","Muscicapidae","Passeriformes","birds",50.989864,3.829628,2023-05-24,1,"Jari Vandendriessche & Luc Willems","","","AudioMoth recording","DIGITAF_BIODIVERSITY_FLEMISH_TREEROWS:OCCURRENCE:birds:AudioMoth recording:Me:tree:2023-05-24:366"
"367","Me","tree","Muscicapa striata","Muscicapidae","Passeriformes","birds",50.989864,3.829628,2023-05-24,1,"Jari Vandendriessche & Luc Willems","","","AudioMoth recording","DIGITAF_BIODIVERSITY_FLEMISH_TREEROWS:OCCURRENCE:birds:AudioMoth recording:Me:tree:2023-05-24:367"
"368","Me","tree","Parus major","Paridae","Passeriformes","birds",50.989864,3.829628,2023-05-24,1,"Jari Vandendriessche & Luc Willems","","","AudioMoth recording","DIGITAF_BIODIVERSITY_FLEMISH_TREEROWS:OCCURRENCE:birds:AudioMoth recording:Me:tree:2023-05-24:368"
"369","Me","tree","Phylloscopus collybita","Phylloscopidae","Passeriformes","birds",50.989864,3.829628,2023-05-24,1,"Jari Vandendriessche & Luc Willems","","","AudioMoth recording","DIGITAF_BIODIVERSITY_FLEMISH_TREEROWS:OCCURRENCE:birds:AudioMoth recording:Me:tree:2023-05-24:369"
"370","Me","tree","Pica pica","Corvidae","Passeriformes","birds",50.989864,3.829628,2023-05-24,1,"Jari Vandendriessche & Luc Willems","","","AudioMoth recording","DIGITAF_BIODIVERSITY_FLEMISH_TREEROWS:OCCURRENCE:birds:AudioMoth recording:Me:tree:2023-05-24:370"
"371","Me","tree","Prunella modularis","Prunellidae","Passeriformes","birds",50.989864,3.829628,2023-05-24,1,"Jari Vandendriessche & Luc Willems","","","AudioMoth recording","DIGITAF_BIODIVERSITY_FLEMISH_TREEROWS:OCCURRENCE:birds:AudioMoth recording:Me:tree:2023-05-24:371"
"372","Me","tree","Sylvia atricapilla","Sylviidae","Passeriformes","birds",50.989864,3.829628,2023-05-24,1,"Jari Vandendriessche & Luc Willems","","","AudioMoth recording","DIGITAF_BIODIVERSITY_FLEMISH_TREEROWS:OCCURRENCE:birds:AudioMoth recording:Me:tree:2023-05-24:372"
"373","Me","tree","Troglodytes troglodytes","Troglodytidae","Passeriformes","birds",50.989864,3.829628,2023-05-24,1,"Jari Vandendriessche & Luc Willems","","","AudioMoth recording","DIGITAF_BIODIVERSITY_FLEMISH_TREEROWS:OCCURRENCE:birds:AudioMoth recording:Me:tree:2023-05-24:373"
"374","Me","tree","Turdus merula","Turdidae","Passeriformes","birds",50.989864,3.829628,2023-05-24,1,"Jari Vandendriessche & Luc Willems","","","AudioMoth recording","DIGITAF_BIODIVERSITY_FLEMISH_TREEROWS:OCCURRENCE:birds:AudioMoth recording:Me:tree:2023-05-24:374"
"375","Me1","crtl","Aegithalos caudatus","Aegithalidae","Passeriformes","birds",50.99086,3.820881,2023-05-24,1,"Jari Vandendriessche & Luc Willems","","","AudioMoth recording","DIGITAF_BIODIVERSITY_FLEMISH_TREEROWS:OCCURRENCE:birds:AudioMoth recording:Me1:crtl:2023-05-24:375"
"376","Me1","crtl","Ardea cinerea","Ardeidae","Pelecaniformes","birds",50.99086,3.820881,2023-05-24,1,"Jari Vandendriessche & Luc Willems","","","AudioMoth recording","DIGITAF_BIODIVERSITY_FLEMISH_TREEROWS:OCCURRENCE:birds:AudioMoth recording:Me1:crtl:2023-05-24:376"
"377","Me1","crtl","Buteo buteo","Accipitridae","Accipitriformes","birds",50.99086,3.820881,2023-05-24,1,"Jari Vandendriessche & Luc Willems","","","AudioMoth recording","DIGITAF_BIODIVERSITY_FLEMISH_TREEROWS:OCCURRENCE:birds:AudioMoth recording:Me1:crtl:2023-05-24:377"
"378","Me1","crtl","Columba palumbus","Columbidae","Columbiformes","birds",50.99086,3.820881,2023-05-24,1,"Jari Vandendriessche & Luc Willems","","","AudioMoth recording","DIGITAF_BIODIVERSITY_FLEMISH_TREEROWS:OCCURRENCE:birds:AudioMoth recording:Me1:crtl:2023-05-24:378"
"379","Me1","crtl","Corvus corone","Corvidae","Passeriformes","birds",50.99086,3.820881,2023-05-24,1,"Jari Vandendriessche & Luc Willems","","","AudioMoth recording","DIGITAF_BIODIVERSITY_FLEMISH_TREEROWS:OCCURRENCE:birds:AudioMoth recording:Me1:crtl:2023-05-24:379"
"380","Me1","crtl","Coloeus monedula","Corvidae","Passeriformes","birds",50.99086,3.820881,2023-05-24,1,"Jari Vandendriessche & Luc Willems","","","AudioMoth recording","DIGITAF_BIODIVERSITY_FLEMISH_TREEROWS:OCCURRENCE:birds:AudioMoth recording:Me1:crtl:2023-05-24:380"
"381","Me1","crtl","Fringilla coelebs","Fringillidae","Passeriformes","birds",50.99086,3.820881,2023-05-24,1,"Jari Vandendriessche & Luc Willems","","","AudioMoth recording","DIGITAF_BIODIVERSITY_FLEMISH_TREEROWS:OCCURRENCE:birds:AudioMoth recording:Me1:crtl:2023-05-24:381"
"382","Me1","crtl","Pica pica","Corvidae","Passeriformes","birds",50.99086,3.820881,2023-05-24,1,"Jari Vandendriessche & Luc Willems","","","AudioMoth recording","DIGITAF_BIODIVERSITY_FLEMISH_TREEROWS:OCCURRENCE:birds:AudioMoth recording:Me1:crtl:2023-05-24:382"
"383","Me1","crtl","Regulus ignicapilla","Regulidae","Passeriformes","birds",50.99086,3.820881,2023-05-24,1,"Jari Vandendriessche & Luc Willems","","","AudioMoth recording","DIGITAF_BIODIVERSITY_FLEMISH_TREEROWS:OCCURRENCE:birds:AudioMoth recording:Me1:crtl:2023-05-24:383"
"384","Me1","crtl","Regulus regulus","Regulidae","Passeriformes","birds",50.99086,3.820881,2023-05-24,1,"Jari Vandendriessche & Luc Willems","","","AudioMoth recording","DIGITAF_BIODIVERSITY_FLEMISH_TREEROWS:OCCURRENCE:birds:AudioMoth recording:Me1:crtl:2023-05-24:384"
"385","Me1","crtl","Sylvia atricapilla","Sylviidae","Passeriformes","birds",50.99086,3.820881,2023-05-24,1,"Jari Vandendriessche & Luc Willems","","","AudioMoth recording","DIGITAF_BIODIVERSITY_FLEMISH_TREEROWS:OCCURRENCE:birds:AudioMoth recording:Me1:crtl:2023-05-24:385"
"386","Me1","crtl","Troglodytes troglodytes","Troglodytidae","Passeriformes","birds",50.99086,3.820881,2023-05-24,1,"Jari Vandendriessche & Luc Willems","","","AudioMoth recording","DIGITAF_BIODIVERSITY_FLEMISH_TREEROWS:OCCURRENCE:birds:AudioMoth recording:Me1:crtl:2023-05-24:386"
"387","Me1","crtl","Turdus merula","Turdidae","Passeriformes","birds",50.99086,3.820881,2023-05-24,1,"Jari Vandendriessche & Luc Willems","","","AudioMoth recording","DIGITAF_BIODIVERSITY_FLEMISH_TREEROWS:OCCURRENCE:birds:AudioMoth recording:Me1:crtl:2023-05-24:387"
"388","Me1","tree","Alcedo atthis","Alcedinidae","Coraciiformes","birds",50.992008,3.820138,2023-05-24,1,"Jari Vandendriessche & Luc Willems","","","AudioMoth recording","DIGITAF_BIODIVERSITY_FLEMISH_TREEROWS:OCCURRENCE:birds:AudioMoth recording:Me1:tree:2023-05-24:388"
"389","Me1","tree","Ardea cinerea","Ardeidae","Pelecaniformes","birds",50.992008,3.820138,2023-05-24,1,"Jari Vandendriessche & Luc Willems","","","AudioMoth recording","DIGITAF_BIODIVERSITY_FLEMISH_TREEROWS:OCCURRENCE:birds:AudioMoth recording:Me1:tree:2023-05-24:389"
"390","Me1","tree","Buteo buteo","Accipitridae","Accipitriformes","birds",50.992008,3.820138,2023-05-24,1,"Jari Vandendriessche & Luc Willems","","","AudioMoth recording","DIGITAF_BIODIVERSITY_FLEMISH_TREEROWS:OCCURRENCE:birds:AudioMoth recording:Me1:tree:2023-05-24:390"
"391","Me1","tree","Certhia brachydactyla","Certhiidae","Passeriformes","birds",50.992008,3.820138,2023-05-24,1,"Jari Vandendriessche & Luc Willems","","","AudioMoth recording","DIGITAF_BIODIVERSITY_FLEMISH_TREEROWS:OCCURRENCE:birds:AudioMoth recording:Me1:tree:2023-05-24:391"
"392","Me1","tree","Columba oenas","Columbidae","Columbiformes","birds",50.992008,3.820138,2023-05-24,1,"Jari Vandendriessche & Luc Willems","","","AudioMoth recording","DIGITAF_BIODIVERSITY_FLEMISH_TREEROWS:OCCURRENCE:birds:AudioMoth recording:Me1:tree:2023-05-24:392"
"393","Me1","tree","Columba palumbus","Columbidae","Columbiformes","birds",50.992008,3.820138,2023-05-24,1,"Jari Vandendriessche & Luc Willems","","","AudioMoth recording","DIGITAF_BIODIVERSITY_FLEMISH_TREEROWS:OCCURRENCE:birds:AudioMoth recording:Me1:tree:2023-05-24:393"
"394","Me1","tree","Coloeus monedula","Corvidae","Passeriformes","birds",50.992008,3.820138,2023-05-24,1,"Jari Vandendriessche & Luc Willems","","","AudioMoth recording","DIGITAF_BIODIVERSITY_FLEMISH_TREEROWS:OCCURRENCE:birds:AudioMoth recording:Me1:tree:2023-05-24:394"
"395","Me1","tree","Fulica atra","Rallidae","Gruiformes","birds",50.992008,3.820138,2023-05-24,1,"Jari Vandendriessche & Luc Willems","","","AudioMoth recording","DIGITAF_BIODIVERSITY_FLEMISH_TREEROWS:OCCURRENCE:birds:AudioMoth recording:Me1:tree:2023-05-24:395"
"396","Me1","tree","Muscicapa striata","Muscicapidae","Passeriformes","birds",50.992008,3.820138,2023-05-24,1,"Jari Vandendriessche & Luc Willems","","","AudioMoth recording","DIGITAF_BIODIVERSITY_FLEMISH_TREEROWS:OCCURRENCE:birds:AudioMoth recording:Me1:tree:2023-05-24:396"
"397","Me1","tree","Parus major","Paridae","Passeriformes","birds",50.992008,3.820138,2023-05-24,1,"Jari Vandendriessche & Luc Willems","","","AudioMoth recording","DIGITAF_BIODIVERSITY_FLEMISH_TREEROWS:OCCURRENCE:birds:AudioMoth recording:Me1:tree:2023-05-24:397"
"398","Me1","tree","Prunella modularis","Prunellidae","Passeriformes","birds",50.992008,3.820138,2023-05-24,1,"Jari Vandendriessche & Luc Willems","","","AudioMoth recording","DIGITAF_BIODIVERSITY_FLEMISH_TREEROWS:OCCURRENCE:birds:AudioMoth recording:Me1:tree:2023-05-24:398"
"399","Me1","tree","Troglodytes troglodytes","Troglodytidae","Passeriformes","birds",50.992008,3.820138,2023-05-24,1,"Jari Vandendriessche & Luc Willems","","","AudioMoth recording","DIGITAF_BIODIVERSITY_FLEMISH_TREEROWS:OCCURRENCE:birds:AudioMoth recording:Me1:tree:2023-05-24:399"
"400","Me1","tree","Turdus merula","Turdidae","Passeriformes","birds",50.992008,3.820138,2023-05-24,1,"Jari Vandendriessche & Luc Willems","","","AudioMoth recording","DIGITAF_BIODIVERSITY_FLEMISH_TREEROWS:OCCURRENCE:birds:AudioMoth recording:Me1:tree:2023-05-24:400"
"401","Me2","crtl","Chloris chloris","Fringillidae","Passeriformes","birds",50.988483,3.808303,2023-05-24,1,"Jari Vandendriessche & Luc Willems","","","AudioMoth recording","DIGITAF_BIODIVERSITY_FLEMISH_TREEROWS:OCCURRENCE:birds:AudioMoth recording:Me2:crtl:2023-05-24:401"
"402","Me2","crtl","Coloeus monedula","Corvidae","Passeriformes","birds",50.988483,3.808303,2023-05-24,1,"Jari Vandendriessche & Luc Willems","","","AudioMoth recording","DIGITAF_BIODIVERSITY_FLEMISH_TREEROWS:OCCURRENCE:birds:AudioMoth recording:Me2:crtl:2023-05-24:402"
"403","Me2","crtl","Curruca communis","Sylviidae","Passeriformes","birds",50.988483,3.808303,2023-05-24,1,"Jari Vandendriessche & Luc Willems","","","AudioMoth recording","DIGITAF_BIODIVERSITY_FLEMISH_TREEROWS:OCCURRENCE:birds:AudioMoth recording:Me2:crtl:2023-05-24:403"
"404","Me2","crtl","Erithacus rubecula","Muscicapidae","Passeriformes","birds",50.988483,3.808303,2023-05-24,1,"Jari Vandendriessche & Luc Willems","","","AudioMoth recording","DIGITAF_BIODIVERSITY_FLEMISH_TREEROWS:OCCURRENCE:birds:AudioMoth recording:Me2:crtl:2023-05-24:404"
"405","Me2","crtl","Hirundo rustica","Hirundinidae","Passeriformes","birds",50.988483,3.808303,2023-05-24,1,"Jari Vandendriessche & Luc Willems","","","AudioMoth recording","DIGITAF_BIODIVERSITY_FLEMISH_TREEROWS:OCCURRENCE:birds:AudioMoth recording:Me2:crtl:2023-05-24:405"
"406","Me2","crtl","Motacilla alba","Motacillidae","Passeriformes","birds",50.988483,3.808303,2023-05-24,1,"Jari Vandendriessche & Luc Willems","","","AudioMoth recording","DIGITAF_BIODIVERSITY_FLEMISH_TREEROWS:OCCURRENCE:birds:AudioMoth recording:Me2:crtl:2023-05-24:406"
"407","Me2","crtl","Passer domesticus","Passeridae","Passeriformes","birds",50.988483,3.808303,2023-05-24,1,"Jari Vandendriessche & Luc Willems","","","AudioMoth recording","DIGITAF_BIODIVERSITY_FLEMISH_TREEROWS:OCCURRENCE:birds:AudioMoth recording:Me2:crtl:2023-05-24:407"
"408","Me2","crtl","Pica pica","Corvidae","Passeriformes","birds",50.988483,3.808303,2023-05-24,1,"Jari Vandendriessche & Luc Willems","","","AudioMoth recording","DIGITAF_BIODIVERSITY_FLEMISH_TREEROWS:OCCURRENCE:birds:AudioMoth recording:Me2:crtl:2023-05-24:408"
"409","Me2","crtl","Prunella modularis","Prunellidae","Passeriformes","birds",50.988483,3.808303,2023-05-24,1,"Jari Vandendriessche & Luc Willems","","","AudioMoth recording","DIGITAF_BIODIVERSITY_FLEMISH_TREEROWS:OCCURRENCE:birds:AudioMoth recording:Me2:crtl:2023-05-24:409"
"410","Me2","crtl","Troglodytes troglodytes","Troglodytidae","Passeriformes","birds",50.988483,3.808303,2023-05-24,1,"Jari Vandendriessche & Luc Willems","","","AudioMoth recording","DIGITAF_BIODIVERSITY_FLEMISH_TREEROWS:OCCURRENCE:birds:AudioMoth recording:Me2:crtl:2023-05-24:410"
"411","Me2","tree","Chloris chloris","Fringillidae","Passeriformes","birds",50.988411,3.808989,2023-05-24,1,"Jari Vandendriessche & Luc Willems","","","AudioMoth recording","DIGITAF_BIODIVERSITY_FLEMISH_TREEROWS:OCCURRENCE:birds:AudioMoth recording:Me2:tree:2023-05-24:411"
"412","Me2","tree","Corvus corone","Corvidae","Passeriformes","birds",50.988411,3.808989,2023-05-24,1,"Jari Vandendriessche & Luc Willems","","","AudioMoth recording","DIGITAF_BIODIVERSITY_FLEMISH_TREEROWS:OCCURRENCE:birds:AudioMoth recording:Me2:tree:2023-05-24:412"
"413","Me2","tree","Coloeus monedula","Corvidae","Passeriformes","birds",50.988411,3.808989,2023-05-24,1,"Jari Vandendriessche & Luc Willems","","","AudioMoth recording","DIGITAF_BIODIVERSITY_FLEMISH_TREEROWS:OCCURRENCE:birds:AudioMoth recording:Me2:tree:2023-05-24:413"
"414","Me2","tree","Cyanistes caeruleus","Paridae","Passeriformes","birds",50.988411,3.808989,2023-05-24,1,"Jari Vandendriessche & Luc Willems","","","AudioMoth recording","DIGITAF_BIODIVERSITY_FLEMISH_TREEROWS:OCCURRENCE:birds:AudioMoth recording:Me2:tree:2023-05-24:414"
"415","Me2","tree","Erithacus rubecula","Muscicapidae","Passeriformes","birds",50.988411,3.808989,2023-05-24,1,"Jari Vandendriessche & Luc Willems","","","AudioMoth recording","DIGITAF_BIODIVERSITY_FLEMISH_TREEROWS:OCCURRENCE:birds:AudioMoth recording:Me2:tree:2023-05-24:415"
"416","Me2","tree","Hirundo rustica","Hirundinidae","Passeriformes","birds",50.988411,3.808989,2023-05-24,1,"Jari Vandendriessche & Luc Willems","","","AudioMoth recording","DIGITAF_BIODIVERSITY_FLEMISH_TREEROWS:OCCURRENCE:birds:AudioMoth recording:Me2:tree:2023-05-24:416"
"417","Me2","tree","Motacilla alba","Motacillidae","Passeriformes","birds",50.988411,3.808989,2023-05-24,1,"Jari Vandendriessche & Luc Willems","","","AudioMoth recording","DIGITAF_BIODIVERSITY_FLEMISH_TREEROWS:OCCURRENCE:birds:AudioMoth recording:Me2:tree:2023-05-24:417"
"418","Me2","tree","Parus major","Paridae","Passeriformes","birds",50.988411,3.808989,2023-05-24,1,"Jari Vandendriessche & Luc Willems","","","AudioMoth recording","DIGITAF_BIODIVERSITY_FLEMISH_TREEROWS:OCCURRENCE:birds:AudioMoth recording:Me2:tree:2023-05-24:418"
"419","Me2","tree","Passer domesticus","Passeridae","Passeriformes","birds",50.988411,3.808989,2023-05-24,1,"Jari Vandendriessche & Luc Willems","","","AudioMoth recording","DIGITAF_BIODIVERSITY_FLEMISH_TREEROWS:OCCURRENCE:birds:AudioMoth recording:Me2:tree:2023-05-24:419"
"420","Me2","tree","Phylloscopus collybita","Phylloscopidae","Passeriformes","birds",50.988411,3.808989,2023-05-24,1,"Jari Vandendriessche & Luc Willems","","","AudioMoth recording","DIGITAF_BIODIVERSITY_FLEMISH_TREEROWS:OCCURRENCE:birds:AudioMoth recording:Me2:tree:2023-05-24:420"
"421","Me2","tree","Pica pica","Corvidae","Passeriformes","birds",50.988411,3.808989,2023-05-24,1,"Jari Vandendriessche & Luc Willems","","","AudioMoth recording","DIGITAF_BIODIVERSITY_FLEMISH_TREEROWS:OCCURRENCE:birds:AudioMoth recording:Me2:tree:2023-05-24:421"
"422","Me2","tree","Prunella modularis","Prunellidae","Passeriformes","birds",50.988411,3.808989,2023-05-24,1,"Jari Vandendriessche & Luc Willems","","","AudioMoth recording","DIGITAF_BIODIVERSITY_FLEMISH_TREEROWS:OCCURRENCE:birds:AudioMoth recording:Me2:tree:2023-05-24:422"
"423","Me2","tree","Regulus regulus","Regulidae","Passeriformes","birds",50.988411,3.808989,2023-05-24,1,"Jari Vandendriessche & Luc Willems","","","AudioMoth recording","DIGITAF_BIODIVERSITY_FLEMISH_TREEROWS:OCCURRENCE:birds:AudioMoth recording:Me2:tree:2023-05-24:423"
"424","Me2","tree","Streptopelia decaocto","Columbidae","Columbiformes","birds",50.988411,3.808989,2023-05-24,1,"Jari Vandendriessche & Luc Willems","","","AudioMoth recording","DIGITAF_BIODIVERSITY_FLEMISH_TREEROWS:OCCURRENCE:birds:AudioMoth recording:Me2:tree:2023-05-24:424"
"425","Me2","tree","Troglodytes troglodytes","Troglodytidae","Passeriformes","birds",50.988411,3.808989,2023-05-24,1,"Jari Vandendriessche & Luc Willems","","","AudioMoth recording","DIGITAF_BIODIVERSITY_FLEMISH_TREEROWS:OCCURRENCE:birds:AudioMoth recording:Me2:tree:2023-05-24:425"
"426","Oz","crop","Chloris chloris","Fringillidae","Passeriformes","birds",50.930752,3.833002,2023-05-23,1,"Jari Vandendriessche & Luc Willems","","","AudioMoth recording","DIGITAF_BIODIVERSITY_FLEMISH_TREEROWS:OCCURRENCE:birds:AudioMoth recording:Oz:crop:2023-05-23:426"
"427","Oz","crop","Corvus corone","Corvidae","Passeriformes","birds",50.930752,3.833002,2023-05-23,1,"Jari Vandendriessche & Luc Willems","","","AudioMoth recording","DIGITAF_BIODIVERSITY_FLEMISH_TREEROWS:OCCURRENCE:birds:AudioMoth recording:Oz:crop:2023-05-23:427"
"428","Oz","crop","Corvus frugilegus","Corvidae","Passeriformes","birds",50.930752,3.833002,2023-05-23,1,"Jari Vandendriessche & Luc Willems","","","AudioMoth recording","DIGITAF_BIODIVERSITY_FLEMISH_TREEROWS:OCCURRENCE:birds:AudioMoth recording:Oz:crop:2023-05-23:428"
"429","Oz","crop","Coloeus monedula","Corvidae","Passeriformes","birds",50.930752,3.833002,2023-05-23,1,"Jari Vandendriessche & Luc Willems","","","AudioMoth recording","DIGITAF_BIODIVERSITY_FLEMISH_TREEROWS:OCCURRENCE:birds:AudioMoth recording:Oz:crop:2023-05-23:429"
"430","Oz","crop","Coturnix coturnix","Phasianidae","Galliformes","birds",50.930752,3.833002,2023-05-23,1,"Jari Vandendriessche & Luc Willems","","","AudioMoth recording","DIGITAF_BIODIVERSITY_FLEMISH_TREEROWS:OCCURRENCE:birds:AudioMoth recording:Oz:crop:2023-05-23:430"
"431","Oz","crop","Hirundo rustica","Hirundinidae","Passeriformes","birds",50.930752,3.833002,2023-05-23,1,"Jari Vandendriessche & Luc Willems","","","AudioMoth recording","DIGITAF_BIODIVERSITY_FLEMISH_TREEROWS:OCCURRENCE:birds:AudioMoth recording:Oz:crop:2023-05-23:431"
"432","Oz","crop","Motacilla alba","Motacillidae","Passeriformes","birds",50.930752,3.833002,2023-05-23,1,"Jari Vandendriessche & Luc Willems","","","AudioMoth recording","DIGITAF_BIODIVERSITY_FLEMISH_TREEROWS:OCCURRENCE:birds:AudioMoth recording:Oz:crop:2023-05-23:432"
"433","Oz","crop","Phasianus colchicus","Phasianidae","Galliformes","birds",50.930752,3.833002,2023-05-23,1,"Jari Vandendriessche & Luc Willems","","","AudioMoth recording","DIGITAF_BIODIVERSITY_FLEMISH_TREEROWS:OCCURRENCE:birds:AudioMoth recording:Oz:crop:2023-05-23:433"
"434","Oz","crop","Sturnus vulgaris","Sturnidae","Passeriformes","birds",50.930752,3.833002,2023-05-23,1,"Jari Vandendriessche & Luc Willems","","","AudioMoth recording","DIGITAF_BIODIVERSITY_FLEMISH_TREEROWS:OCCURRENCE:birds:AudioMoth recording:Oz:crop:2023-05-23:434"
"435","Oz","crop","Turdus merula","Turdidae","Passeriformes","birds",50.930752,3.833002,2023-05-23,1,"Jari Vandendriessche & Luc Willems","","","AudioMoth recording","DIGITAF_BIODIVERSITY_FLEMISH_TREEROWS:OCCURRENCE:birds:AudioMoth recording:Oz:crop:2023-05-23:435"
"436","Oz","crop","Vanellus vanellus","Charadriidae","Charadriiformes","birds",50.930752,3.833002,2023-05-23,1,"Jari Vandendriessche & Luc Willems","","","AudioMoth recording","DIGITAF_BIODIVERSITY_FLEMISH_TREEROWS:OCCURRENCE:birds:AudioMoth recording:Oz:crop:2023-05-23:436"
"437","Oz","crtl","Chloris chloris","Fringillidae","Passeriformes","birds",50.930698,3.833295,2023-05-23,1,"Jari Vandendriessche & Luc Willems","","","AudioMoth recording","DIGITAF_BIODIVERSITY_FLEMISH_TREEROWS:OCCURRENCE:birds:AudioMoth recording:Oz:crtl:2023-05-23:437"
"438","Oz","crtl","Corvus corone","Corvidae","Passeriformes","birds",50.930698,3.833295,2023-05-23,1,"Jari Vandendriessche & Luc Willems","","","AudioMoth recording","DIGITAF_BIODIVERSITY_FLEMISH_TREEROWS:OCCURRENCE:birds:AudioMoth recording:Oz:crtl:2023-05-23:438"
"439","Oz","crtl","Corvus frugilegus","Corvidae","Passeriformes","birds",50.930698,3.833295,2023-05-23,1,"Jari Vandendriessche & Luc Willems","","","AudioMoth recording","DIGITAF_BIODIVERSITY_FLEMISH_TREEROWS:OCCURRENCE:birds:AudioMoth recording:Oz:crtl:2023-05-23:439"
"440","Oz","crtl","Coloeus monedula","Corvidae","Passeriformes","birds",50.930698,3.833295,2023-05-23,1,"Jari Vandendriessche & Luc Willems","","","AudioMoth recording","DIGITAF_BIODIVERSITY_FLEMISH_TREEROWS:OCCURRENCE:birds:AudioMoth recording:Oz:crtl:2023-05-23:440"
"441","Oz","crtl","Coturnix coturnix","Phasianidae","Galliformes","birds",50.930698,3.833295,2023-05-23,1,"Jari Vandendriessche & Luc Willems","","","AudioMoth recording","DIGITAF_BIODIVERSITY_FLEMISH_TREEROWS:OCCURRENCE:birds:AudioMoth recording:Oz:crtl:2023-05-23:441"
"442","Oz","crtl","Hirundo rustica","Hirundinidae","Passeriformes","birds",50.930698,3.833295,2023-05-23,1,"Jari Vandendriessche & Luc Willems","","","AudioMoth recording","DIGITAF_BIODIVERSITY_FLEMISH_TREEROWS:OCCURRENCE:birds:AudioMoth recording:Oz:crtl:2023-05-23:442"
"443","Oz","crtl","Motacilla alba","Motacillidae","Passeriformes","birds",50.930698,3.833295,2023-05-23,1,"Jari Vandendriessche & Luc Willems","","","AudioMoth recording","DIGITAF_BIODIVERSITY_FLEMISH_TREEROWS:OCCURRENCE:birds:AudioMoth recording:Oz:crtl:2023-05-23:443"
"444","Oz","crtl","Motacilla flava","Motacillidae","Passeriformes","birds",50.930698,3.833295,2023-05-23,1,"Jari Vandendriessche & Luc Willems","","","AudioMoth recording","DIGITAF_BIODIVERSITY_FLEMISH_TREEROWS:OCCURRENCE:birds:AudioMoth recording:Oz:crtl:2023-05-23:444"
"445","Oz","crtl","Passer domesticus","Passeridae","Passeriformes","birds",50.930698,3.833295,2023-05-23,1,"Jari Vandendriessche & Luc Willems","","","AudioMoth recording","DIGITAF_BIODIVERSITY_FLEMISH_TREEROWS:OCCURRENCE:birds:AudioMoth recording:Oz:crtl:2023-05-23:445"
"446","Oz","crtl","Phasianus colchicus","Phasianidae","Galliformes","birds",50.930698,3.833295,2023-05-23,1,"Jari Vandendriessche & Luc Willems","","","AudioMoth recording","DIGITAF_BIODIVERSITY_FLEMISH_TREEROWS:OCCURRENCE:birds:AudioMoth recording:Oz:crtl:2023-05-23:446"
"447","Oz","crtl","Strix aluco","Strigidae","Strigiformes","birds",50.930698,3.833295,2023-05-23,1,"Jari Vandendriessche & Luc Willems","","","AudioMoth recording","DIGITAF_BIODIVERSITY_FLEMISH_TREEROWS:OCCURRENCE:birds:AudioMoth recording:Oz:crtl:2023-05-23:447"
"448","Oz","crtl","Sturnus vulgaris","Sturnidae","Passeriformes","birds",50.930698,3.833295,2023-05-23,1,"Jari Vandendriessche & Luc Willems","","","AudioMoth recording","DIGITAF_BIODIVERSITY_FLEMISH_TREEROWS:OCCURRENCE:birds:AudioMoth recording:Oz:crtl:2023-05-23:448"
"449","Oz","crtl","Sylvia atricapilla","Sylviidae","Passeriformes","birds",50.930698,3.833295,2023-05-23,1,"Jari Vandendriessche & Luc Willems","","","AudioMoth recording","DIGITAF_BIODIVERSITY_FLEMISH_TREEROWS:OCCURRENCE:birds:AudioMoth recording:Oz:crtl:2023-05-23:449"
"450","Oz","crtl","Turdus merula","Turdidae","Passeriformes","birds",50.930698,3.833295,2023-05-23,1,"Jari Vandendriessche & Luc Willems","","","AudioMoth recording","DIGITAF_BIODIVERSITY_FLEMISH_TREEROWS:OCCURRENCE:birds:AudioMoth recording:Oz:crtl:2023-05-23:450"
"451","Oz","crtl","Vanellus vanellus","Charadriidae","Charadriiformes","birds",50.930698,3.833295,2023-05-23,1,"Jari Vandendriessche & Luc Willems","","","AudioMoth recording","DIGITAF_BIODIVERSITY_FLEMISH_TREEROWS:OCCURRENCE:birds:AudioMoth recording:Oz:crtl:2023-05-23:451"
"452","Oz","tree","Corvus corone","Corvidae","Passeriformes","birds",50.930286,3.833097,2023-05-23,1,"Jari Vandendriessche & Luc Willems","","","AudioMoth recording","DIGITAF_BIODIVERSITY_FLEMISH_TREEROWS:OCCURRENCE:birds:AudioMoth recording:Oz:tree:2023-05-23:452"
"453","Oz","tree","Corvus frugilegus","Corvidae","Passeriformes","birds",50.930286,3.833097,2023-05-23,1,"Jari Vandendriessche & Luc Willems","","","AudioMoth recording","DIGITAF_BIODIVERSITY_FLEMISH_TREEROWS:OCCURRENCE:birds:AudioMoth recording:Oz:tree:2023-05-23:453"
"454","Oz","tree","Coloeus monedula","Corvidae","Passeriformes","birds",50.930286,3.833097,2023-05-23,1,"Jari Vandendriessche & Luc Willems","","","AudioMoth recording","DIGITAF_BIODIVERSITY_FLEMISH_TREEROWS:OCCURRENCE:birds:AudioMoth recording:Oz:tree:2023-05-23:454"
"455","Oz","tree","Coturnix coturnix","Phasianidae","Galliformes","birds",50.930286,3.833097,2023-05-23,1,"Jari Vandendriessche & Luc Willems","","","AudioMoth recording","DIGITAF_BIODIVERSITY_FLEMISH_TREEROWS:OCCURRENCE:birds:AudioMoth recording:Oz:tree:2023-05-23:455"
"456","Oz","tree","Cyanistes caeruleus","Paridae","Passeriformes","birds",50.930286,3.833097,2023-05-23,1,"Jari Vandendriessche & Luc Willems","","","AudioMoth recording","DIGITAF_BIODIVERSITY_FLEMISH_TREEROWS:OCCURRENCE:birds:AudioMoth recording:Oz:tree:2023-05-23:456"
"457","Oz","tree","Falco tinnunculus","Falconidae","Falconiformes","birds",50.930286,3.833097,2023-05-23,1,"Jari Vandendriessche & Luc Willems","","","AudioMoth recording","DIGITAF_BIODIVERSITY_FLEMISH_TREEROWS:OCCURRENCE:birds:AudioMoth recording:Oz:tree:2023-05-23:457"
"458","Oz","tree","Hirundo rustica","Hirundinidae","Passeriformes","birds",50.930286,3.833097,2023-05-23,1,"Jari Vandendriessche & Luc Willems","","","AudioMoth recording","DIGITAF_BIODIVERSITY_FLEMISH_TREEROWS:OCCURRENCE:birds:AudioMoth recording:Oz:tree:2023-05-23:458"
"459","Oz","tree","Motacilla alba","Motacillidae","Passeriformes","birds",50.930286,3.833097,2023-05-23,1,"Jari Vandendriessche & Luc Willems","","","AudioMoth recording","DIGITAF_BIODIVERSITY_FLEMISH_TREEROWS:OCCURRENCE:birds:AudioMoth recording:Oz:tree:2023-05-23:459"
"460","Oz","tree","Numenius phaeopus","Scolopacidae","Charadriiformes","birds",50.930286,3.833097,2023-05-23,1,"Jari Vandendriessche & Luc Willems","","","AudioMoth recording","DIGITAF_BIODIVERSITY_FLEMISH_TREEROWS:OCCURRENCE:birds:AudioMoth recording:Oz:tree:2023-05-23:460"
"461","Oz","tree","Parus major","Paridae","Passeriformes","birds",50.930286,3.833097,2023-05-23,1,"Jari Vandendriessche & Luc Willems","","","AudioMoth recording","DIGITAF_BIODIVERSITY_FLEMISH_TREEROWS:OCCURRENCE:birds:AudioMoth recording:Oz:tree:2023-05-23:461"
"462","Oz","tree","Passer domesticus","Passeridae","Passeriformes","birds",50.930286,3.833097,2023-05-23,1,"Jari Vandendriessche & Luc Willems","","","AudioMoth recording","DIGITAF_BIODIVERSITY_FLEMISH_TREEROWS:OCCURRENCE:birds:AudioMoth recording:Oz:tree:2023-05-23:462"
"463","Oz","tree","Perdix perdix","Phasianidae","Galliformes","birds",50.930286,3.833097,2023-05-23,1,"Jari Vandendriessche & Luc Willems","","","AudioMoth recording","DIGITAF_BIODIVERSITY_FLEMISH_TREEROWS:OCCURRENCE:birds:AudioMoth recording:Oz:tree:2023-05-23:463"
"464","Oz","tree","Phasianus colchicus","Phasianidae","Galliformes","birds",50.930286,3.833097,2023-05-23,1,"Jari Vandendriessche & Luc Willems","","","AudioMoth recording","DIGITAF_BIODIVERSITY_FLEMISH_TREEROWS:OCCURRENCE:birds:AudioMoth recording:Oz:tree:2023-05-23:464"
"465","Oz","tree","Streptopelia decaocto","Columbidae","Columbiformes","birds",50.930286,3.833097,2023-05-23,1,"Jari Vandendriessche & Luc Willems","","","AudioMoth recording","DIGITAF_BIODIVERSITY_FLEMISH_TREEROWS:OCCURRENCE:birds:AudioMoth recording:Oz:tree:2023-05-23:465"
"466","Oz","tree","Strix aluco","Strigidae","Strigiformes","birds",50.930286,3.833097,2023-05-23,1,"Jari Vandendriessche & Luc Willems","","","AudioMoth recording","DIGITAF_BIODIVERSITY_FLEMISH_TREEROWS:OCCURRENCE:birds:AudioMoth recording:Oz:tree:2023-05-23:466"
"467","Oz","tree","Sturnus vulgaris","Sturnidae","Passeriformes","birds",50.930286,3.833097,2023-05-23,1,"Jari Vandendriessche & Luc Willems","","","AudioMoth recording","DIGITAF_BIODIVERSITY_FLEMISH_TREEROWS:OCCURRENCE:birds:AudioMoth recording:Oz:tree:2023-05-23:467"
"468","Oz","tree","Vanellus vanellus","Charadriidae","Charadriiformes","birds",50.930286,3.833097,2023-05-23,1,"Jari Vandendriessche & Luc Willems","","","AudioMoth recording","DIGITAF_BIODIVERSITY_FLEMISH_TREEROWS:OCCURRENCE:birds:AudioMoth recording:Oz:tree:2023-05-23:468"
"469","PL","crop","Garrulus glandarius","Corvidae","Passeriformes","birds",50.759422,4.036237,2023-06-14,1,"Jari Vandendriessche & Luc Willems","","","AudioMoth recording","DIGITAF_BIODIVERSITY_FLEMISH_TREEROWS:OCCURRENCE:birds:AudioMoth recording:PL:crop:2023-06-14:469"
"470","PL","crop","Phylloscopus collybita","Phylloscopidae","Passeriformes","birds",50.759422,4.036237,2023-06-14,1,"Jari Vandendriessche & Luc Willems","","","AudioMoth recording","DIGITAF_BIODIVERSITY_FLEMISH_TREEROWS:OCCURRENCE:birds:AudioMoth recording:PL:crop:2023-06-14:470"
"471","PL","crop","Troglodytes troglodytes","Troglodytidae","Passeriformes","birds",50.759422,4.036237,2023-06-14,1,"Jari Vandendriessche & Luc Willems","","","AudioMoth recording","DIGITAF_BIODIVERSITY_FLEMISH_TREEROWS:OCCURRENCE:birds:AudioMoth recording:PL:crop:2023-06-14:471"
"472","PL","crop","Turdus merula","Turdidae","Passeriformes","birds",50.759422,4.036237,2023-06-14,1,"Jari Vandendriessche & Luc Willems","","","AudioMoth recording","DIGITAF_BIODIVERSITY_FLEMISH_TREEROWS:OCCURRENCE:birds:AudioMoth recording:PL:crop:2023-06-14:472"
"473","PL","crop","Turdus philomelos","Turdidae","Passeriformes","birds",50.759422,4.036237,2023-06-14,1,"Jari Vandendriessche & Luc Willems","","","AudioMoth recording","DIGITAF_BIODIVERSITY_FLEMISH_TREEROWS:OCCURRENCE:birds:AudioMoth recording:PL:crop:2023-06-14:473"
"474","PL","crtl","Buteo buteo","Accipitridae","Accipitriformes","birds",50.75819,4.03304,2023-06-14,1,"Jari Vandendriessche & Luc Willems","","","AudioMoth recording","DIGITAF_BIODIVERSITY_FLEMISH_TREEROWS:OCCURRENCE:birds:AudioMoth recording:PL:crtl:2023-06-14:474"
"475","PL","crtl","Certhia brachydactyla","Certhiidae","Passeriformes","birds",50.75819,4.03304,2023-06-14,1,"Jari Vandendriessche & Luc Willems","","","AudioMoth recording","DIGITAF_BIODIVERSITY_FLEMISH_TREEROWS:OCCURRENCE:birds:AudioMoth recording:PL:crtl:2023-06-14:475"
"476","PL","crtl","Chloris chloris","Fringillidae","Passeriformes","birds",50.75819,4.03304,2023-06-14,1,"Jari Vandendriessche & Luc Willems","","","AudioMoth recording","DIGITAF_BIODIVERSITY_FLEMISH_TREEROWS:OCCURRENCE:birds:AudioMoth recording:PL:crtl:2023-06-14:476"
"477","PL","crtl","Columba oenas","Columbidae","Columbiformes","birds",50.75819,4.03304,2023-06-14,1,"Jari Vandendriessche & Luc Willems","","","AudioMoth recording","DIGITAF_BIODIVERSITY_FLEMISH_TREEROWS:OCCURRENCE:birds:AudioMoth recording:PL:crtl:2023-06-14:477"
"478","PL","crtl","Columba palumbus","Columbidae","Columbiformes","birds",50.75819,4.03304,2023-06-14,1,"Jari Vandendriessche & Luc Willems","","","AudioMoth recording","DIGITAF_BIODIVERSITY_FLEMISH_TREEROWS:OCCURRENCE:birds:AudioMoth recording:PL:crtl:2023-06-14:478"
"479","PL","crtl","Corvus corone","Corvidae","Passeriformes","birds",50.75819,4.03304,2023-06-14,1,"Jari Vandendriessche & Luc Willems","","","AudioMoth recording","DIGITAF_BIODIVERSITY_FLEMISH_TREEROWS:OCCURRENCE:birds:AudioMoth recording:PL:crtl:2023-06-14:479"
"480","PL","crtl","Curruca communis","Sylviidae","Passeriformes","birds",50.75819,4.03304,2023-06-14,1,"Jari Vandendriessche & Luc Willems","","","AudioMoth recording","DIGITAF_BIODIVERSITY_FLEMISH_TREEROWS:OCCURRENCE:birds:AudioMoth recording:PL:crtl:2023-06-14:480"
"481","PL","crtl","Cyanistes caeruleus","Paridae","Passeriformes","birds",50.75819,4.03304,2023-06-14,1,"Jari Vandendriessche & Luc Willems","","","AudioMoth recording","DIGITAF_BIODIVERSITY_FLEMISH_TREEROWS:OCCURRENCE:birds:AudioMoth recording:PL:crtl:2023-06-14:481"
"482","PL","crtl","Erithacus rubecula","Muscicapidae","Passeriformes","birds",50.75819,4.03304,2023-06-14,1,"Jari Vandendriessche & Luc Willems","","","AudioMoth recording","DIGITAF_BIODIVERSITY_FLEMISH_TREEROWS:OCCURRENCE:birds:AudioMoth recording:PL:crtl:2023-06-14:482"
"483","PL","crtl","Falco tinnunculus","Falconidae","Falconiformes","birds",50.75819,4.03304,2023-06-14,1,"Jari Vandendriessche & Luc Willems","","","AudioMoth recording","DIGITAF_BIODIVERSITY_FLEMISH_TREEROWS:OCCURRENCE:birds:AudioMoth recording:PL:crtl:2023-06-14:483"
"484","PL","crtl","Fringilla coelebs","Fringillidae","Passeriformes","birds",50.75819,4.03304,2023-06-14,1,"Jari Vandendriessche & Luc Willems","","","AudioMoth recording","DIGITAF_BIODIVERSITY_FLEMISH_TREEROWS:OCCURRENCE:birds:AudioMoth recording:PL:crtl:2023-06-14:484"
"485","PL","crtl","Garrulus glandarius","Corvidae","Passeriformes","birds",50.75819,4.03304,2023-06-14,1,"Jari Vandendriessche & Luc Willems","","","AudioMoth recording","DIGITAF_BIODIVERSITY_FLEMISH_TREEROWS:OCCURRENCE:birds:AudioMoth recording:PL:crtl:2023-06-14:485"
"486","PL","crtl","Muscicapa striata","Muscicapidae","Passeriformes","birds",50.75819,4.03304,2023-06-14,1,"Jari Vandendriessche & Luc Willems","","","AudioMoth recording","DIGITAF_BIODIVERSITY_FLEMISH_TREEROWS:OCCURRENCE:birds:AudioMoth recording:PL:crtl:2023-06-14:486"
"487","PL","crtl","Parus major","Paridae","Passeriformes","birds",50.75819,4.03304,2023-06-14,1,"Jari Vandendriessche & Luc Willems","","","AudioMoth recording","DIGITAF_BIODIVERSITY_FLEMISH_TREEROWS:OCCURRENCE:birds:AudioMoth recording:PL:crtl:2023-06-14:487"
"488","PL","crtl","Phasianus colchicus","Phasianidae","Galliformes","birds",50.75819,4.03304,2023-06-14,1,"Jari Vandendriessche & Luc Willems","","","AudioMoth recording","DIGITAF_BIODIVERSITY_FLEMISH_TREEROWS:OCCURRENCE:birds:AudioMoth recording:PL:crtl:2023-06-14:488"
"489","PL","crtl","Phylloscopus collybita","Phylloscopidae","Passeriformes","birds",50.75819,4.03304,2023-06-14,1,"Jari Vandendriessche & Luc Willems","","","AudioMoth recording","DIGITAF_BIODIVERSITY_FLEMISH_TREEROWS:OCCURRENCE:birds:AudioMoth recording:PL:crtl:2023-06-14:489"
"490","PL","crtl","Prunella modularis","Prunellidae","Passeriformes","birds",50.75819,4.03304,2023-06-14,1,"Jari Vandendriessche & Luc Willems","","","AudioMoth recording","DIGITAF_BIODIVERSITY_FLEMISH_TREEROWS:OCCURRENCE:birds:AudioMoth recording:PL:crtl:2023-06-14:490"
"491","PL","crtl","Strix aluco","Strigidae","Strigiformes","birds",50.75819,4.03304,2023-06-14,1,"Jari Vandendriessche & Luc Willems","","","AudioMoth recording","DIGITAF_BIODIVERSITY_FLEMISH_TREEROWS:OCCURRENCE:birds:AudioMoth recording:PL:crtl:2023-06-14:491"
"492","PL","crtl","Troglodytes troglodytes","Troglodytidae","Passeriformes","birds",50.75819,4.03304,2023-06-14,1,"Jari Vandendriessche & Luc Willems","","","AudioMoth recording","DIGITAF_BIODIVERSITY_FLEMISH_TREEROWS:OCCURRENCE:birds:AudioMoth recording:PL:crtl:2023-06-14:492"
"493","PL","crtl","Turdus merula","Turdidae","Passeriformes","birds",50.75819,4.03304,2023-06-14,1,"Jari Vandendriessche & Luc Willems","","","AudioMoth recording","DIGITAF_BIODIVERSITY_FLEMISH_TREEROWS:OCCURRENCE:birds:AudioMoth recording:PL:crtl:2023-06-14:493"
"494","PL","crtl","Turdus philomelos","Turdidae","Passeriformes","birds",50.75819,4.03304,2023-06-14,1,"Jari Vandendriessche & Luc Willems","","","AudioMoth recording","DIGITAF_BIODIVERSITY_FLEMISH_TREEROWS:OCCURRENCE:birds:AudioMoth recording:PL:crtl:2023-06-14:494"
"495","PL","tree","Aegithalos caudatus","Aegithalidae","Passeriformes","birds",50.760017,4.03697,2023-06-14,1,"Jari Vandendriessche & Luc Willems","","","AudioMoth recording","DIGITAF_BIODIVERSITY_FLEMISH_TREEROWS:OCCURRENCE:birds:AudioMoth recording:PL:tree:2023-06-14:495"
"496","PL","tree","Certhia brachydactyla","Certhiidae","Passeriformes","birds",50.760017,4.03697,2023-06-14,1,"Jari Vandendriessche & Luc Willems","","","AudioMoth recording","DIGITAF_BIODIVERSITY_FLEMISH_TREEROWS:OCCURRENCE:birds:AudioMoth recording:PL:tree:2023-06-14:496"
"497","PL","tree","Columba palumbus","Columbidae","Columbiformes","birds",50.760017,4.03697,2023-06-14,1,"Jari Vandendriessche & Luc Willems","","","AudioMoth recording","DIGITAF_BIODIVERSITY_FLEMISH_TREEROWS:OCCURRENCE:birds:AudioMoth recording:PL:tree:2023-06-14:497"
"498","PL","tree","Dendrocopos major","Picidae","Piciformes","birds",50.760017,4.03697,2023-06-14,1,"Jari Vandendriessche & Luc Willems","","","AudioMoth recording","DIGITAF_BIODIVERSITY_FLEMISH_TREEROWS:OCCURRENCE:birds:AudioMoth recording:PL:tree:2023-06-14:498"
"499","PL","tree","Dryobates minor","Picidae","Piciformes","birds",50.760017,4.03697,2023-06-14,1,"Jari Vandendriessche & Luc Willems","","","AudioMoth recording","DIGITAF_BIODIVERSITY_FLEMISH_TREEROWS:OCCURRENCE:birds:AudioMoth recording:PL:tree:2023-06-14:499"
"500","PL","tree","Fringilla coelebs","Fringillidae","Passeriformes","birds",50.760017,4.03697,2023-06-14,1,"Jari Vandendriessche & Luc Willems","","","AudioMoth recording","DIGITAF_BIODIVERSITY_FLEMISH_TREEROWS:OCCURRENCE:birds:AudioMoth recording:PL:tree:2023-06-14:500"
"501","PL","tree","Phylloscopus collybita","Phylloscopidae","Passeriformes","birds",50.760017,4.03697,2023-06-14,1,"Jari Vandendriessche & Luc Willems","","","AudioMoth recording","DIGITAF_BIODIVERSITY_FLEMISH_TREEROWS:OCCURRENCE:birds:AudioMoth recording:PL:tree:2023-06-14:501"
"502","PL","tree","Prunella modularis","Prunellidae","Passeriformes","birds",50.760017,4.03697,2023-06-14,1,"Jari Vandendriessche & Luc Willems","","","AudioMoth recording","DIGITAF_BIODIVERSITY_FLEMISH_TREEROWS:OCCURRENCE:birds:AudioMoth recording:PL:tree:2023-06-14:502"
"503","PL","tree","Remiz pendulinus","Remizidae","Passeriformes","birds",50.760017,4.03697,2023-06-14,1,"Jari Vandendriessche & Luc Willems","","","AudioMoth recording","DIGITAF_BIODIVERSITY_FLEMISH_TREEROWS:OCCURRENCE:birds:AudioMoth recording:PL:tree:2023-06-14:503"
"504","PL","tree","Strix aluco","Strigidae","Strigiformes","birds",50.760017,4.03697,2023-06-14,1,"Jari Vandendriessche & Luc Willems","","","AudioMoth recording","DIGITAF_BIODIVERSITY_FLEMISH_TREEROWS:OCCURRENCE:birds:AudioMoth recording:PL:tree:2023-06-14:504"
"505","PL","tree","Sylvia atricapilla","Sylviidae","Passeriformes","birds",50.760017,4.03697,2023-06-14,1,"Jari Vandendriessche & Luc Willems","","","AudioMoth recording","DIGITAF_BIODIVERSITY_FLEMISH_TREEROWS:OCCURRENCE:birds:AudioMoth recording:PL:tree:2023-06-14:505"
"506","PL","tree","Troglodytes troglodytes","Troglodytidae","Passeriformes","birds",50.760017,4.03697,2023-06-14,1,"Jari Vandendriessche & Luc Willems","","","AudioMoth recording","DIGITAF_BIODIVERSITY_FLEMISH_TREEROWS:OCCURRENCE:birds:AudioMoth recording:PL:tree:2023-06-14:506"
"507","PL","tree","Turdus merula","Turdidae","Passeriformes","birds",50.760017,4.03697,2023-06-14,1,"Jari Vandendriessche & Luc Willems","","","AudioMoth recording","DIGITAF_BIODIVERSITY_FLEMISH_TREEROWS:OCCURRENCE:birds:AudioMoth recording:PL:tree:2023-06-14:507"
"508","PL","tree","Turdus philomelos","Turdidae","Passeriformes","birds",50.760017,4.03697,2023-06-14,1,"Jari Vandendriessche & Luc Willems","","","AudioMoth recording","DIGITAF_BIODIVERSITY_FLEMISH_TREEROWS:OCCURRENCE:birds:AudioMoth recording:PL:tree:2023-06-14:508"
"509","Ti1","crtl","Ardea cinerea","Ardeidae","Pelecaniformes","birds",51.014877,3.473279,2023-05-18,1,"Jari Vandendriessche & Luc Willems","","","AudioMoth recording","DIGITAF_BIODIVERSITY_FLEMISH_TREEROWS:OCCURRENCE:birds:AudioMoth recording:Ti1:crtl:2023-05-18:509"
"510","Ti1","crtl","Chloris chloris","Fringillidae","Passeriformes","birds",51.014877,3.473279,2023-05-18,1,"Jari Vandendriessche & Luc Willems","","","AudioMoth recording","DIGITAF_BIODIVERSITY_FLEMISH_TREEROWS:OCCURRENCE:birds:AudioMoth recording:Ti1:crtl:2023-05-18:510"
"511","Ti1","crtl","Columba palumbus","Columbidae","Columbiformes","birds",51.014877,3.473279,2023-05-18,1,"Jari Vandendriessche & Luc Willems","","","AudioMoth recording","DIGITAF_BIODIVERSITY_FLEMISH_TREEROWS:OCCURRENCE:birds:AudioMoth recording:Ti1:crtl:2023-05-18:511"
"512","Ti1","crtl","Coloeus monedula","Corvidae","Passeriformes","birds",51.014877,3.473279,2023-05-18,1,"Jari Vandendriessche & Luc Willems","","","AudioMoth recording","DIGITAF_BIODIVERSITY_FLEMISH_TREEROWS:OCCURRENCE:birds:AudioMoth recording:Ti1:crtl:2023-05-18:512"
"513","Ti1","crtl","Cyanistes caeruleus","Paridae","Passeriformes","birds",51.014877,3.473279,2023-05-18,1,"Jari Vandendriessche & Luc Willems","","","AudioMoth recording","DIGITAF_BIODIVERSITY_FLEMISH_TREEROWS:OCCURRENCE:birds:AudioMoth recording:Ti1:crtl:2023-05-18:513"
"514","Ti1","crtl","Dendrocopos major","Picidae","Piciformes","birds",51.014877,3.473279,2023-05-18,1,"Jari Vandendriessche & Luc Willems","","","AudioMoth recording","DIGITAF_BIODIVERSITY_FLEMISH_TREEROWS:OCCURRENCE:birds:AudioMoth recording:Ti1:crtl:2023-05-18:514"
"515","Ti1","crtl","Fringilla coelebs","Fringillidae","Passeriformes","birds",51.014877,3.473279,2023-05-18,1,"Jari Vandendriessche & Luc Willems","","","AudioMoth recording","DIGITAF_BIODIVERSITY_FLEMISH_TREEROWS:OCCURRENCE:birds:AudioMoth recording:Ti1:crtl:2023-05-18:515"
"516","Ti1","crtl","Hirundo rustica","Hirundinidae","Passeriformes","birds",51.014877,3.473279,2023-05-18,1,"Jari Vandendriessche & Luc Willems","","","AudioMoth recording","DIGITAF_BIODIVERSITY_FLEMISH_TREEROWS:OCCURRENCE:birds:AudioMoth recording:Ti1:crtl:2023-05-18:516"
"517","Ti1","crtl","Parus major","Paridae","Passeriformes","birds",51.014877,3.473279,2023-05-18,1,"Jari Vandendriessche & Luc Willems","","","AudioMoth recording","DIGITAF_BIODIVERSITY_FLEMISH_TREEROWS:OCCURRENCE:birds:AudioMoth recording:Ti1:crtl:2023-05-18:517"
"518","Ti1","crtl","Prunella modularis","Prunellidae","Passeriformes","birds",51.014877,3.473279,2023-05-18,1,"Jari Vandendriessche & Luc Willems","","","AudioMoth recording","DIGITAF_BIODIVERSITY_FLEMISH_TREEROWS:OCCURRENCE:birds:AudioMoth recording:Ti1:crtl:2023-05-18:518"
"519","Ti1","crtl","Sitta europaea","Sittidae","Passeriformes","birds",51.014877,3.473279,2023-05-18,1,"Jari Vandendriessche & Luc Willems","","","AudioMoth recording","DIGITAF_BIODIVERSITY_FLEMISH_TREEROWS:OCCURRENCE:birds:AudioMoth recording:Ti1:crtl:2023-05-18:519"
"520","Ti1","crtl","Streptopelia decaocto","Columbidae","Columbiformes","birds",51.014877,3.473279,2023-05-18,1,"Jari Vandendriessche & Luc Willems","","","AudioMoth recording","DIGITAF_BIODIVERSITY_FLEMISH_TREEROWS:OCCURRENCE:birds:AudioMoth recording:Ti1:crtl:2023-05-18:520"
"521","Ti1","crtl","Strix aluco","Strigidae","Strigiformes","birds",51.014877,3.473279,2023-05-18,1,"Jari Vandendriessche & Luc Willems","","","AudioMoth recording","DIGITAF_BIODIVERSITY_FLEMISH_TREEROWS:OCCURRENCE:birds:AudioMoth recording:Ti1:crtl:2023-05-18:521"
"522","Ti1","crtl","Troglodytes troglodytes","Troglodytidae","Passeriformes","birds",51.014877,3.473279,2023-05-18,1,"Jari Vandendriessche & Luc Willems","","","AudioMoth recording","DIGITAF_BIODIVERSITY_FLEMISH_TREEROWS:OCCURRENCE:birds:AudioMoth recording:Ti1:crtl:2023-05-18:522"
"523","Ti1","crtl","Turdus merula","Turdidae","Passeriformes","birds",51.014877,3.473279,2023-05-18,1,"Jari Vandendriessche & Luc Willems","","","AudioMoth recording","DIGITAF_BIODIVERSITY_FLEMISH_TREEROWS:OCCURRENCE:birds:AudioMoth recording:Ti1:crtl:2023-05-18:523"
"524","Ti1","tree","Corvus corone","Corvidae","Passeriformes","birds",51.017292,3.472148,2023-05-18,1,"Jari Vandendriessche & Luc Willems","","","AudioMoth recording","DIGITAF_BIODIVERSITY_FLEMISH_TREEROWS:OCCURRENCE:birds:AudioMoth recording:Ti1:tree:2023-05-18:524"
"525","Ti1","tree","Coloeus monedula","Corvidae","Passeriformes","birds",51.017292,3.472148,2023-05-18,1,"Jari Vandendriessche & Luc Willems","","","AudioMoth recording","DIGITAF_BIODIVERSITY_FLEMISH_TREEROWS:OCCURRENCE:birds:AudioMoth recording:Ti1:tree:2023-05-18:525"
"526","Ti1","tree","Fringilla coelebs","Fringillidae","Passeriformes","birds",51.017292,3.472148,2023-05-18,1,"Jari Vandendriessche & Luc Willems","","","AudioMoth recording","DIGITAF_BIODIVERSITY_FLEMISH_TREEROWS:OCCURRENCE:birds:AudioMoth recording:Ti1:tree:2023-05-18:526"
"527","Ti1","tree","Fringilla coelebs","Fringillidae","Passeriformes","birds",51.017292,3.472148,2023-05-18,1,"Jari Vandendriessche & Luc Willems","","","AudioMoth recording","DIGITAF_BIODIVERSITY_FLEMISH_TREEROWS:OCCURRENCE:birds:AudioMoth recording:Ti1:tree:2023-05-18:527"
"528","Ti1","tree","Motacilla alba","Motacillidae","Passeriformes","birds",51.017292,3.472148,2023-05-18,1,"Jari Vandendriessche & Luc Willems","","","AudioMoth recording","DIGITAF_BIODIVERSITY_FLEMISH_TREEROWS:OCCURRENCE:birds:AudioMoth recording:Ti1:tree:2023-05-18:528"
"529","Ti1","tree","Parus major","Paridae","Passeriformes","birds",51.017292,3.472148,2023-05-18,1,"Jari Vandendriessche & Luc Willems","","","AudioMoth recording","DIGITAF_BIODIVERSITY_FLEMISH_TREEROWS:OCCURRENCE:birds:AudioMoth recording:Ti1:tree:2023-05-18:529"
"530","Ti1","tree","Perdix perdix","Phasianidae","Galliformes","birds",51.017292,3.472148,2023-05-18,1,"Jari Vandendriessche & Luc Willems","","","AudioMoth recording","DIGITAF_BIODIVERSITY_FLEMISH_TREEROWS:OCCURRENCE:birds:AudioMoth recording:Ti1:tree:2023-05-18:530"
"531","Ti1","tree","Phoenicurus ochruros","Muscicapidae","Passeriformes","birds",51.017292,3.472148,2023-05-18,1,"Jari Vandendriessche & Luc Willems","","","AudioMoth recording","DIGITAF_BIODIVERSITY_FLEMISH_TREEROWS:OCCURRENCE:birds:AudioMoth recording:Ti1:tree:2023-05-18:531"
"532","Ti1","tree","Prunella modularis","Prunellidae","Passeriformes","birds",51.017292,3.472148,2023-05-18,1,"Jari Vandendriessche & Luc Willems","","","AudioMoth recording","DIGITAF_BIODIVERSITY_FLEMISH_TREEROWS:OCCURRENCE:birds:AudioMoth recording:Ti1:tree:2023-05-18:532"
"533","Ti1","tree","Streptopelia decaocto","Columbidae","Columbiformes","birds",51.017292,3.472148,2023-05-18,1,"Jari Vandendriessche & Luc Willems","","","AudioMoth recording","DIGITAF_BIODIVERSITY_FLEMISH_TREEROWS:OCCURRENCE:birds:AudioMoth recording:Ti1:tree:2023-05-18:533"
"534","Ti1","tree","Troglodytes troglodytes","Troglodytidae","Passeriformes","birds",51.017292,3.472148,2023-05-18,1,"Jari Vandendriessche & Luc Willems","","","AudioMoth recording","DIGITAF_BIODIVERSITY_FLEMISH_TREEROWS:OCCURRENCE:birds:AudioMoth recording:Ti1:tree:2023-05-18:534"
"535","TW","crop","Aegithalos caudatus","Aegithalidae","Passeriformes","birds",50.930634,4.915771,2023-06-28,1,"Jari Vandendriessche & Luc Willems","","","AudioMoth recording","DIGITAF_BIODIVERSITY_FLEMISH_TREEROWS:OCCURRENCE:birds:AudioMoth recording:TW:crop:2023-06-28:535"
"536","TW","crop","Apus apus","Apodidae","Apodiformes","birds",50.930634,4.915771,2023-06-28,1,"Jari Vandendriessche & Luc Willems","","","AudioMoth recording","DIGITAF_BIODIVERSITY_FLEMISH_TREEROWS:OCCURRENCE:birds:AudioMoth recording:TW:crop:2023-06-28:536"
"537","TW","crop","Certhia brachydactyla","Certhiidae","Passeriformes","birds",50.930634,4.915771,2023-06-28,1,"Jari Vandendriessche & Luc Willems","","","AudioMoth recording","DIGITAF_BIODIVERSITY_FLEMISH_TREEROWS:OCCURRENCE:birds:AudioMoth recording:TW:crop:2023-06-28:537"
"538","TW","crop","Corvus corone","Corvidae","Passeriformes","birds",50.930634,4.915771,2023-06-28,1,"Jari Vandendriessche & Luc Willems","","","AudioMoth recording","DIGITAF_BIODIVERSITY_FLEMISH_TREEROWS:OCCURRENCE:birds:AudioMoth recording:TW:crop:2023-06-28:538"
"539","TW","crop","Cyanistes caeruleus","Paridae","Passeriformes","birds",50.930634,4.915771,2023-06-28,1,"Jari Vandendriessche & Luc Willems","","","AudioMoth recording","DIGITAF_BIODIVERSITY_FLEMISH_TREEROWS:OCCURRENCE:birds:AudioMoth recording:TW:crop:2023-06-28:539"
"540","TW","crop","Erithacus rubecula","Muscicapidae","Passeriformes","birds",50.930634,4.915771,2023-06-28,1,"Jari Vandendriessche & Luc Willems","","","AudioMoth recording","DIGITAF_BIODIVERSITY_FLEMISH_TREEROWS:OCCURRENCE:birds:AudioMoth recording:TW:crop:2023-06-28:540"
"541","TW","crop","Fringilla coelebs","Fringillidae","Passeriformes","birds",50.930634,4.915771,2023-06-28,1,"Jari Vandendriessche & Luc Willems","","","AudioMoth recording","DIGITAF_BIODIVERSITY_FLEMISH_TREEROWS:OCCURRENCE:birds:AudioMoth recording:TW:crop:2023-06-28:541"
"542","TW","crop","Phylloscopus collybita","Phylloscopidae","Passeriformes","birds",50.930634,4.915771,2023-06-28,1,"Jari Vandendriessche & Luc Willems","","","AudioMoth recording","DIGITAF_BIODIVERSITY_FLEMISH_TREEROWS:OCCURRENCE:birds:AudioMoth recording:TW:crop:2023-06-28:542"
"543","TW","crop","Prunella modularis","Prunellidae","Passeriformes","birds",50.930634,4.915771,2023-06-28,1,"Jari Vandendriessche & Luc Willems","","","AudioMoth recording","DIGITAF_BIODIVERSITY_FLEMISH_TREEROWS:OCCURRENCE:birds:AudioMoth recording:TW:crop:2023-06-28:543"
"544","TW","crop","Regulus regulus","Regulidae","Passeriformes","birds",50.930634,4.915771,2023-06-28,1,"Jari Vandendriessche & Luc Willems","","","AudioMoth recording","DIGITAF_BIODIVERSITY_FLEMISH_TREEROWS:OCCURRENCE:birds:AudioMoth recording:TW:crop:2023-06-28:544"
"545","TW","crop","Sylvia atricapilla","Sylviidae","Passeriformes","birds",50.930634,4.915771,2023-06-28,1,"Jari Vandendriessche & Luc Willems","","","AudioMoth recording","DIGITAF_BIODIVERSITY_FLEMISH_TREEROWS:OCCURRENCE:birds:AudioMoth recording:TW:crop:2023-06-28:545"
"546","TW","crop","Troglodytes troglodytes","Troglodytidae","Passeriformes","birds",50.930634,4.915771,2023-06-28,1,"Jari Vandendriessche & Luc Willems","","","AudioMoth recording","DIGITAF_BIODIVERSITY_FLEMISH_TREEROWS:OCCURRENCE:birds:AudioMoth recording:TW:crop:2023-06-28:546"
"547","TW","crop","Turdus merula","Turdidae","Passeriformes","birds",50.930634,4.915771,2023-06-28,1,"Jari Vandendriessche & Luc Willems","","","AudioMoth recording","DIGITAF_BIODIVERSITY_FLEMISH_TREEROWS:OCCURRENCE:birds:AudioMoth recording:TW:crop:2023-06-28:547"
"548","TW","crop","Turdus philomelos","Turdidae","Passeriformes","birds",50.930634,4.915771,2023-06-28,1,"Jari Vandendriessche & Luc Willems","","","AudioMoth recording","DIGITAF_BIODIVERSITY_FLEMISH_TREEROWS:OCCURRENCE:birds:AudioMoth recording:TW:crop:2023-06-28:548"
"549","TW","crtl","Athene noctua","Strigidae","Strigiformes","birds",50.92865,4.919942,2023-06-28,1,"Jari Vandendriessche & Luc Willems","","","AudioMoth recording","DIGITAF_BIODIVERSITY_FLEMISH_TREEROWS:OCCURRENCE:birds:AudioMoth recording:TW:crtl:2023-06-28:549"
"550","TW","crtl","Certhia brachydactyla","Certhiidae","Passeriformes","birds",50.92865,4.919942,2023-06-28,1,"Jari Vandendriessche & Luc Willems","","","AudioMoth recording","DIGITAF_BIODIVERSITY_FLEMISH_TREEROWS:OCCURRENCE:birds:AudioMoth recording:TW:crtl:2023-06-28:550"
"551","TW","crtl","Columba palumbus","Columbidae","Columbiformes","birds",50.92865,4.919942,2023-06-28,1,"Jari Vandendriessche & Luc Willems","","","AudioMoth recording","DIGITAF_BIODIVERSITY_FLEMISH_TREEROWS:OCCURRENCE:birds:AudioMoth recording:TW:crtl:2023-06-28:551"
"552","TW","crtl","Corvus corone","Corvidae","Passeriformes","birds",50.92865,4.919942,2023-06-28,1,"Jari Vandendriessche & Luc Willems","","","AudioMoth recording","DIGITAF_BIODIVERSITY_FLEMISH_TREEROWS:OCCURRENCE:birds:AudioMoth recording:TW:crtl:2023-06-28:552"
"553","TW","crtl","Cyanistes caeruleus","Paridae","Passeriformes","birds",50.92865,4.919942,2023-06-28,1,"Jari Vandendriessche & Luc Willems","","","AudioMoth recording","DIGITAF_BIODIVERSITY_FLEMISH_TREEROWS:OCCURRENCE:birds:AudioMoth recording:TW:crtl:2023-06-28:553"
"554","TW","crtl","Dendrocopos major","Picidae","Piciformes","birds",50.92865,4.919942,2023-06-28,1,"Jari Vandendriessche & Luc Willems","","","AudioMoth recording","DIGITAF_BIODIVERSITY_FLEMISH_TREEROWS:OCCURRENCE:birds:AudioMoth recording:TW:crtl:2023-06-28:554"
"555","TW","crtl","Dendrocoptes medius","Picidae","Piciformes","birds",50.92865,4.919942,2023-06-28,1,"Jari Vandendriessche & Luc Willems","","","AudioMoth recording","DIGITAF_BIODIVERSITY_FLEMISH_TREEROWS:OCCURRENCE:birds:AudioMoth recording:TW:crtl:2023-06-28:555"
"556","TW","crtl","Emberiza citrinella","Emberizidae","Passeriformes","birds",50.92865,4.919942,2023-06-28,1,"Jari Vandendriessche & Luc Willems","","","AudioMoth recording","DIGITAF_BIODIVERSITY_FLEMISH_TREEROWS:OCCURRENCE:birds:AudioMoth recording:TW:crtl:2023-06-28:556"
"557","TW","crtl","Fringilla coelebs","Fringillidae","Passeriformes","birds",50.92865,4.919942,2023-06-28,1,"Jari Vandendriessche & Luc Willems","","","AudioMoth recording","DIGITAF_BIODIVERSITY_FLEMISH_TREEROWS:OCCURRENCE:birds:AudioMoth recording:TW:crtl:2023-06-28:557"
"558","TW","crtl","Muscicapa striata","Muscicapidae","Passeriformes","birds",50.92865,4.919942,2023-06-28,1,"Jari Vandendriessche & Luc Willems","","","AudioMoth recording","DIGITAF_BIODIVERSITY_FLEMISH_TREEROWS:OCCURRENCE:birds:AudioMoth recording:TW:crtl:2023-06-28:558"
"559","TW","crtl","Phylloscopus collybita","Phylloscopidae","Passeriformes","birds",50.92865,4.919942,2023-06-28,1,"Jari Vandendriessche & Luc Willems","","","AudioMoth recording","DIGITAF_BIODIVERSITY_FLEMISH_TREEROWS:OCCURRENCE:birds:AudioMoth recording:TW:crtl:2023-06-28:559"
"560","TW","crtl","Pica pica","Corvidae","Passeriformes","birds",50.92865,4.919942,2023-06-28,1,"Jari Vandendriessche & Luc Willems","","","AudioMoth recording","DIGITAF_BIODIVERSITY_FLEMISH_TREEROWS:OCCURRENCE:birds:AudioMoth recording:TW:crtl:2023-06-28:560"
"561","TW","crtl","Picus viridis","Picidae","Piciformes","birds",50.92865,4.919942,2023-06-28,1,"Jari Vandendriessche & Luc Willems","","","AudioMoth recording","DIGITAF_BIODIVERSITY_FLEMISH_TREEROWS:OCCURRENCE:birds:AudioMoth recording:TW:crtl:2023-06-28:561"
"562","TW","crtl","Prunella modularis","Prunellidae","Passeriformes","birds",50.92865,4.919942,2023-06-28,1,"Jari Vandendriessche & Luc Willems","","","AudioMoth recording","DIGITAF_BIODIVERSITY_FLEMISH_TREEROWS:OCCURRENCE:birds:AudioMoth recording:TW:crtl:2023-06-28:562"
"563","TW","crtl","Streptopelia decaocto","Columbidae","Columbiformes","birds",50.92865,4.919942,2023-06-28,1,"Jari Vandendriessche & Luc Willems","","","AudioMoth recording","DIGITAF_BIODIVERSITY_FLEMISH_TREEROWS:OCCURRENCE:birds:AudioMoth recording:TW:crtl:2023-06-28:563"
"564","TW","crtl","Sylvia atricapilla","Sylviidae","Passeriformes","birds",50.92865,4.919942,2023-06-28,1,"Jari Vandendriessche & Luc Willems","","","AudioMoth recording","DIGITAF_BIODIVERSITY_FLEMISH_TREEROWS:OCCURRENCE:birds:AudioMoth recording:TW:crtl:2023-06-28:564"
"565","TW","crtl","Troglodytes troglodytes","Troglodytidae","Passeriformes","birds",50.92865,4.919942,2023-06-28,1,"Jari Vandendriessche & Luc Willems","","","AudioMoth recording","DIGITAF_BIODIVERSITY_FLEMISH_TREEROWS:OCCURRENCE:birds:AudioMoth recording:TW:crtl:2023-06-28:565"
"566","TW","crtl","Turdus merula","Turdidae","Passeriformes","birds",50.92865,4.919942,2023-06-28,1,"Jari Vandendriessche & Luc Willems","","","AudioMoth recording","DIGITAF_BIODIVERSITY_FLEMISH_TREEROWS:OCCURRENCE:birds:AudioMoth recording:TW:crtl:2023-06-28:566"
"567","TW","tree","Aegithalos caudatus","Aegithalidae","Passeriformes","birds",50.931244,4.916273,2023-06-28,1,"Jari Vandendriessche & Luc Willems","","","AudioMoth recording","DIGITAF_BIODIVERSITY_FLEMISH_TREEROWS:OCCURRENCE:birds:AudioMoth recording:TW:tree:2023-06-28:567"
"568","TW","tree","Columba palumbus","Columbidae","Columbiformes","birds",50.931244,4.916273,2023-06-28,1,"Jari Vandendriessche & Luc Willems","","","AudioMoth recording","DIGITAF_BIODIVERSITY_FLEMISH_TREEROWS:OCCURRENCE:birds:AudioMoth recording:TW:tree:2023-06-28:568"
"569","TW","tree","Corvus corone","Corvidae","Passeriformes","birds",50.931244,4.916273,2023-06-28,1,"Jari Vandendriessche & Luc Willems","","","AudioMoth recording","DIGITAF_BIODIVERSITY_FLEMISH_TREEROWS:OCCURRENCE:birds:AudioMoth recording:TW:tree:2023-06-28:569"
"570","TW","tree","Erithacus rubecula","Muscicapidae","Passeriformes","birds",50.931244,4.916273,2023-06-28,1,"Jari Vandendriessche & Luc Willems","","","AudioMoth recording","DIGITAF_BIODIVERSITY_FLEMISH_TREEROWS:OCCURRENCE:birds:AudioMoth recording:TW:tree:2023-06-28:570"
"571","TW","tree","Fringilla coelebs","Fringillidae","Passeriformes","birds",50.931244,4.916273,2023-06-28,1,"Jari Vandendriessche & Luc Willems","","","AudioMoth recording","DIGITAF_BIODIVERSITY_FLEMISH_TREEROWS:OCCURRENCE:birds:AudioMoth recording:TW:tree:2023-06-28:571"
"572","TW","tree","Troglodytes troglodytes","Troglodytidae","Passeriformes","birds",50.931244,4.916273,2023-06-28,1,"Jari Vandendriessche & Luc Willems","","","AudioMoth recording","DIGITAF_BIODIVERSITY_FLEMISH_TREEROWS:OCCURRENCE:birds:AudioMoth recording:TW:tree:2023-06-28:572"
"573","TW","tree","Turdus merula","Turdidae","Passeriformes","birds",50.931244,4.916273,2023-06-28,1,"Jari Vandendriessche & Luc Willems","","","AudioMoth recording","DIGITAF_BIODIVERSITY_FLEMISH_TREEROWS:OCCURRENCE:birds:AudioMoth recording:TW:tree:2023-06-28:573"
"574","TW","tree","Turdus philomelos","Turdidae","Passeriformes","birds",50.931244,4.916273,2023-06-28,1,"Jari Vandendriessche & Luc Willems","","","AudioMoth recording","DIGITAF_BIODIVERSITY_FLEMISH_TREEROWS:OCCURRENCE:birds:AudioMoth recording:TW:tree:2023-06-28:574"
"575","TW1","crop","Aegithalos caudatus","Aegithalidae","Passeriformes","birds",50.952758,4.725003,2023-06-28,1,"Jari Vandendriessche & Luc Willems","","","AudioMoth recording","DIGITAF_BIODIVERSITY_FLEMISH_TREEROWS:OCCURRENCE:birds:AudioMoth recording:TW1:crop:2023-06-28:575"
"576","TW1","crop","Buteo buteo","Accipitridae","Accipitriformes","birds",50.952758,4.725003,2023-06-28,1,"Jari Vandendriessche & Luc Willems","","","AudioMoth recording","DIGITAF_BIODIVERSITY_FLEMISH_TREEROWS:OCCURRENCE:birds:AudioMoth recording:TW1:crop:2023-06-28:576"
"577","TW1","crop","Certhia brachydactyla","Certhiidae","Passeriformes","birds",50.952758,4.725003,2023-06-28,1,"Jari Vandendriessche & Luc Willems","","","AudioMoth recording","DIGITAF_BIODIVERSITY_FLEMISH_TREEROWS:OCCURRENCE:birds:AudioMoth recording:TW1:crop:2023-06-28:577"
"578","TW1","crop","Columba palumbus","Columbidae","Columbiformes","birds",50.952758,4.725003,2023-06-28,1,"Jari Vandendriessche & Luc Willems","","","AudioMoth recording","DIGITAF_BIODIVERSITY_FLEMISH_TREEROWS:OCCURRENCE:birds:AudioMoth recording:TW1:crop:2023-06-28:578"
"579","TW1","crop","Corvus corone","Corvidae","Passeriformes","birds",50.952758,4.725003,2023-06-28,1,"Jari Vandendriessche & Luc Willems","","","AudioMoth recording","DIGITAF_BIODIVERSITY_FLEMISH_TREEROWS:OCCURRENCE:birds:AudioMoth recording:TW1:crop:2023-06-28:579"
"580","TW1","crop","Cyanistes caeruleus","Paridae","Passeriformes","birds",50.952758,4.725003,2023-06-28,1,"Jari Vandendriessche & Luc Willems","","","AudioMoth recording","DIGITAF_BIODIVERSITY_FLEMISH_TREEROWS:OCCURRENCE:birds:AudioMoth recording:TW1:crop:2023-06-28:580"
"581","TW1","crop","Dendrocopos major","Picidae","Piciformes","birds",50.952758,4.725003,2023-06-28,1,"Jari Vandendriessche & Luc Willems","","","AudioMoth recording","DIGITAF_BIODIVERSITY_FLEMISH_TREEROWS:OCCURRENCE:birds:AudioMoth recording:TW1:crop:2023-06-28:581"
"582","TW1","crop","Erithacus rubecula","Muscicapidae","Passeriformes","birds",50.952758,4.725003,2023-06-28,1,"Jari Vandendriessche & Luc Willems","","","AudioMoth recording","DIGITAF_BIODIVERSITY_FLEMISH_TREEROWS:OCCURRENCE:birds:AudioMoth recording:TW1:crop:2023-06-28:582"
"583","TW1","crop","Fringilla coelebs","Fringillidae","Passeriformes","birds",50.952758,4.725003,2023-06-28,1,"Jari Vandendriessche & Luc Willems","","","AudioMoth recording","DIGITAF_BIODIVERSITY_FLEMISH_TREEROWS:OCCURRENCE:birds:AudioMoth recording:TW1:crop:2023-06-28:583"
"584","TW1","crop","Garrulus glandarius","Corvidae","Passeriformes","birds",50.952758,4.725003,2023-06-28,1,"Jari Vandendriessche & Luc Willems","","","AudioMoth recording","DIGITAF_BIODIVERSITY_FLEMISH_TREEROWS:OCCURRENCE:birds:AudioMoth recording:TW1:crop:2023-06-28:584"
"585","TW1","crop","Phylloscopus collybita","Phylloscopidae","Passeriformes","birds",50.952758,4.725003,2023-06-28,1,"Jari Vandendriessche & Luc Willems","","","AudioMoth recording","DIGITAF_BIODIVERSITY_FLEMISH_TREEROWS:OCCURRENCE:birds:AudioMoth recording:TW1:crop:2023-06-28:585"
"586","TW1","crop","Pica pica","Corvidae","Passeriformes","birds",50.952758,4.725003,2023-06-28,1,"Jari Vandendriessche & Luc Willems","","","AudioMoth recording","DIGITAF_BIODIVERSITY_FLEMISH_TREEROWS:OCCURRENCE:birds:AudioMoth recording:TW1:crop:2023-06-28:586"
"587","TW1","crop","Prunella modularis","Prunellidae","Passeriformes","birds",50.952758,4.725003,2023-06-28,1,"Jari Vandendriessche & Luc Willems","","","AudioMoth recording","DIGITAF_BIODIVERSITY_FLEMISH_TREEROWS:OCCURRENCE:birds:AudioMoth recording:TW1:crop:2023-06-28:587"
"588","TW1","crop","Streptopelia decaocto","Columbidae","Columbiformes","birds",50.952758,4.725003,2023-06-28,1,"Jari Vandendriessche & Luc Willems","","","AudioMoth recording","DIGITAF_BIODIVERSITY_FLEMISH_TREEROWS:OCCURRENCE:birds:AudioMoth recording:TW1:crop:2023-06-28:588"
"589","TW1","crop","Sylvia atricapilla","Sylviidae","Passeriformes","birds",50.952758,4.725003,2023-06-28,1,"Jari Vandendriessche & Luc Willems","","","AudioMoth recording","DIGITAF_BIODIVERSITY_FLEMISH_TREEROWS:OCCURRENCE:birds:AudioMoth recording:TW1:crop:2023-06-28:589"
"590","TW1","crop","Troglodytes troglodytes","Troglodytidae","Passeriformes","birds",50.952758,4.725003,2023-06-28,1,"Jari Vandendriessche & Luc Willems","","","AudioMoth recording","DIGITAF_BIODIVERSITY_FLEMISH_TREEROWS:OCCURRENCE:birds:AudioMoth recording:TW1:crop:2023-06-28:590"
"591","TW1","crop","Turdus merula","Turdidae","Passeriformes","birds",50.952758,4.725003,2023-06-28,1,"Jari Vandendriessche & Luc Willems","","","AudioMoth recording","DIGITAF_BIODIVERSITY_FLEMISH_TREEROWS:OCCURRENCE:birds:AudioMoth recording:TW1:crop:2023-06-28:591"
"592","TW1","crtl","Aegithalos caudatus","Aegithalidae","Passeriformes","birds",50.952572,4.724937,2023-06-28,1,"Jari Vandendriessche & Luc Willems","","","AudioMoth recording","DIGITAF_BIODIVERSITY_FLEMISH_TREEROWS:OCCURRENCE:birds:AudioMoth recording:TW1:crtl:2023-06-28:592"
"593","TW1","crtl","Coccothraustes coccothraustes","Fringillidae","Passeriformes","birds",50.952572,4.724937,2023-06-28,1,"Jari Vandendriessche & Luc Willems","","","AudioMoth recording","DIGITAF_BIODIVERSITY_FLEMISH_TREEROWS:OCCURRENCE:birds:AudioMoth recording:TW1:crtl:2023-06-28:593"
"594","TW1","crtl","Columba palumbus","Columbidae","Columbiformes","birds",50.952572,4.724937,2023-06-28,1,"Jari Vandendriessche & Luc Willems","","","AudioMoth recording","DIGITAF_BIODIVERSITY_FLEMISH_TREEROWS:OCCURRENCE:birds:AudioMoth recording:TW1:crtl:2023-06-28:594"
"595","TW1","crtl","Corvus corone","Corvidae","Passeriformes","birds",50.952572,4.724937,2023-06-28,1,"Jari Vandendriessche & Luc Willems","","","AudioMoth recording","DIGITAF_BIODIVERSITY_FLEMISH_TREEROWS:OCCURRENCE:birds:AudioMoth recording:TW1:crtl:2023-06-28:595"
"596","TW1","crtl","Dendrocopos major","Picidae","Piciformes","birds",50.952572,4.724937,2023-06-28,1,"Jari Vandendriessche & Luc Willems","","","AudioMoth recording","DIGITAF_BIODIVERSITY_FLEMISH_TREEROWS:OCCURRENCE:birds:AudioMoth recording:TW1:crtl:2023-06-28:596"
"597","TW1","crtl","Erithacus rubecula","Muscicapidae","Passeriformes","birds",50.952572,4.724937,2023-06-28,1,"Jari Vandendriessche & Luc Willems","","","AudioMoth recording","DIGITAF_BIODIVERSITY_FLEMISH_TREEROWS:OCCURRENCE:birds:AudioMoth recording:TW1:crtl:2023-06-28:597"
"598","TW1","crtl","Fringilla coelebs","Fringillidae","Passeriformes","birds",50.952572,4.724937,2023-06-28,1,"Jari Vandendriessche & Luc Willems","","","AudioMoth recording","DIGITAF_BIODIVERSITY_FLEMISH_TREEROWS:OCCURRENCE:birds:AudioMoth recording:TW1:crtl:2023-06-28:598"
"599","TW1","crtl","Garrulus glandarius","Corvidae","Passeriformes","birds",50.952572,4.724937,2023-06-28,1,"Jari Vandendriessche & Luc Willems","","","AudioMoth recording","DIGITAF_BIODIVERSITY_FLEMISH_TREEROWS:OCCURRENCE:birds:AudioMoth recording:TW1:crtl:2023-06-28:599"
"600","TW1","crtl","Phylloscopus collybita","Phylloscopidae","Passeriformes","birds",50.952572,4.724937,2023-06-28,1,"Jari Vandendriessche & Luc Willems","","","AudioMoth recording","DIGITAF_BIODIVERSITY_FLEMISH_TREEROWS:OCCURRENCE:birds:AudioMoth recording:TW1:crtl:2023-06-28:600"
"601","TW1","crtl","Pica pica","Corvidae","Passeriformes","birds",50.952572,4.724937,2023-06-28,1,"Jari Vandendriessche & Luc Willems","","","AudioMoth recording","DIGITAF_BIODIVERSITY_FLEMISH_TREEROWS:OCCURRENCE:birds:AudioMoth recording:TW1:crtl:2023-06-28:601"
"602","TW1","crtl","Prunella modularis","Prunellidae","Passeriformes","birds",50.952572,4.724937,2023-06-28,1,"Jari Vandendriessche & Luc Willems","","","AudioMoth recording","DIGITAF_BIODIVERSITY_FLEMISH_TREEROWS:OCCURRENCE:birds:AudioMoth recording:TW1:crtl:2023-06-28:602"
"603","TW1","crtl","Sylvia atricapilla","Sylviidae","Passeriformes","birds",50.952572,4.724937,2023-06-28,1,"Jari Vandendriessche & Luc Willems","","","AudioMoth recording","DIGITAF_BIODIVERSITY_FLEMISH_TREEROWS:OCCURRENCE:birds:AudioMoth recording:TW1:crtl:2023-06-28:603"
"604","TW1","crtl","Troglodytes troglodytes","Troglodytidae","Passeriformes","birds",50.952572,4.724937,2023-06-28,1,"Jari Vandendriessche & Luc Willems","","","AudioMoth recording","DIGITAF_BIODIVERSITY_FLEMISH_TREEROWS:OCCURRENCE:birds:AudioMoth recording:TW1:crtl:2023-06-28:604"
"605","TW1","crtl","Turdus merula","Turdidae","Passeriformes","birds",50.952572,4.724937,2023-06-28,1,"Jari Vandendriessche & Luc Willems","","","AudioMoth recording","DIGITAF_BIODIVERSITY_FLEMISH_TREEROWS:OCCURRENCE:birds:AudioMoth recording:TW1:crtl:2023-06-28:605"
"606","TW1","tree","Aegithalos caudatus","Aegithalidae","Passeriformes","birds",50.953194,4.724807,2023-06-28,1,"Jari Vandendriessche & Luc Willems","","","AudioMoth recording","DIGITAF_BIODIVERSITY_FLEMISH_TREEROWS:OCCURRENCE:birds:AudioMoth recording:TW1:tree:2023-06-28:606"
"607","TW1","tree","Buteo buteo","Accipitridae","Accipitriformes","birds",50.953194,4.724807,2023-06-28,1,"Jari Vandendriessche & Luc Willems","","","AudioMoth recording","DIGITAF_BIODIVERSITY_FLEMISH_TREEROWS:OCCURRENCE:birds:AudioMoth recording:TW1:tree:2023-06-28:607"
"608","TW1","tree","Certhia brachydactyla","Certhiidae","Passeriformes","birds",50.953194,4.724807,2023-06-28,1,"Jari Vandendriessche & Luc Willems","","","AudioMoth recording","DIGITAF_BIODIVERSITY_FLEMISH_TREEROWS:OCCURRENCE:birds:AudioMoth recording:TW1:tree:2023-06-28:608"
"609","TW1","tree","Chloris chloris","Fringillidae","Passeriformes","birds",50.953194,4.724807,2023-06-28,1,"Jari Vandendriessche & Luc Willems","","","AudioMoth recording","DIGITAF_BIODIVERSITY_FLEMISH_TREEROWS:OCCURRENCE:birds:AudioMoth recording:TW1:tree:2023-06-28:609"
"610","TW1","tree","Coccothraustes coccothraustes","Fringillidae","Passeriformes","birds",50.953194,4.724807,2023-06-28,1,"Jari Vandendriessche & Luc Willems","","","AudioMoth recording","DIGITAF_BIODIVERSITY_FLEMISH_TREEROWS:OCCURRENCE:birds:AudioMoth recording:TW1:tree:2023-06-28:610"
"611","TW1","tree","Columba palumbus","Columbidae","Columbiformes","birds",50.953194,4.724807,2023-06-28,1,"Jari Vandendriessche & Luc Willems","","","AudioMoth recording","DIGITAF_BIODIVERSITY_FLEMISH_TREEROWS:OCCURRENCE:birds:AudioMoth recording:TW1:tree:2023-06-28:611"
"612","TW1","tree","Corvus corone","Corvidae","Passeriformes","birds",50.953194,4.724807,2023-06-28,1,"Jari Vandendriessche & Luc Willems","","","AudioMoth recording","DIGITAF_BIODIVERSITY_FLEMISH_TREEROWS:OCCURRENCE:birds:AudioMoth recording:TW1:tree:2023-06-28:612"
"613","TW1","tree","Dendrocopos major","Picidae","Piciformes","birds",50.953194,4.724807,2023-06-28,1,"Jari Vandendriessche & Luc Willems","","","AudioMoth recording","DIGITAF_BIODIVERSITY_FLEMISH_TREEROWS:OCCURRENCE:birds:AudioMoth recording:TW1:tree:2023-06-28:613"
"614","TW1","tree","Erithacus rubecula","Muscicapidae","Passeriformes","birds",50.953194,4.724807,2023-06-28,1,"Jari Vandendriessche & Luc Willems","","","AudioMoth recording","DIGITAF_BIODIVERSITY_FLEMISH_TREEROWS:OCCURRENCE:birds:AudioMoth recording:TW1:tree:2023-06-28:614"
"615","TW1","tree","Fringilla coelebs","Fringillidae","Passeriformes","birds",50.953194,4.724807,2023-06-28,1,"Jari Vandendriessche & Luc Willems","","","AudioMoth recording","DIGITAF_BIODIVERSITY_FLEMISH_TREEROWS:OCCURRENCE:birds:AudioMoth recording:TW1:tree:2023-06-28:615"
"616","TW1","tree","Garrulus glandarius","Corvidae","Passeriformes","birds",50.953194,4.724807,2023-06-28,1,"Jari Vandendriessche & Luc Willems","","","AudioMoth recording","DIGITAF_BIODIVERSITY_FLEMISH_TREEROWS:OCCURRENCE:birds:AudioMoth recording:TW1:tree:2023-06-28:616"
"617","TW1","tree","Parus major","Paridae","Passeriformes","birds",50.953194,4.724807,2023-06-28,1,"Jari Vandendriessche & Luc Willems","","","AudioMoth recording","DIGITAF_BIODIVERSITY_FLEMISH_TREEROWS:OCCURRENCE:birds:AudioMoth recording:TW1:tree:2023-06-28:617"
"618","TW1","tree","Phylloscopus collybita","Phylloscopidae","Passeriformes","birds",50.953194,4.724807,2023-06-28,1,"Jari Vandendriessche & Luc Willems","","","AudioMoth recording","DIGITAF_BIODIVERSITY_FLEMISH_TREEROWS:OCCURRENCE:birds:AudioMoth recording:TW1:tree:2023-06-28:618"
"619","TW1","tree","Pica pica","Corvidae","Passeriformes","birds",50.953194,4.724807,2023-06-28,1,"Jari Vandendriessche & Luc Willems","","","AudioMoth recording","DIGITAF_BIODIVERSITY_FLEMISH_TREEROWS:OCCURRENCE:birds:AudioMoth recording:TW1:tree:2023-06-28:619"
"620","TW1","tree","Prunella modularis","Prunellidae","Passeriformes","birds",50.953194,4.724807,2023-06-28,1,"Jari Vandendriessche & Luc Willems","","","AudioMoth recording","DIGITAF_BIODIVERSITY_FLEMISH_TREEROWS:OCCURRENCE:birds:AudioMoth recording:TW1:tree:2023-06-28:620"
"621","TW1","tree","Streptopelia decaocto","Columbidae","Columbiformes","birds",50.953194,4.724807,2023-06-28,1,"Jari Vandendriessche & Luc Willems","","","AudioMoth recording","DIGITAF_BIODIVERSITY_FLEMISH_TREEROWS:OCCURRENCE:birds:AudioMoth recording:TW1:tree:2023-06-28:621"
"622","TW1","tree","Sylvia atricapilla","Sylviidae","Passeriformes","birds",50.953194,4.724807,2023-06-28,1,"Jari Vandendriessche & Luc Willems","","","AudioMoth recording","DIGITAF_BIODIVERSITY_FLEMISH_TREEROWS:OCCURRENCE:birds:AudioMoth recording:TW1:tree:2023-06-28:622"
"623","TW1","tree","Troglodytes troglodytes","Troglodytidae","Passeriformes","birds",50.953194,4.724807,2023-06-28,1,"Jari Vandendriessche & Luc Willems","","","AudioMoth recording","DIGITAF_BIODIVERSITY_FLEMISH_TREEROWS:OCCURRENCE:birds:AudioMoth recording:TW1:tree:2023-06-28:623"
"624","TW1","tree","Turdus merula","Turdidae","Passeriformes","birds",50.953194,4.724807,2023-06-28,1,"Jari Vandendriessche & Luc Willems","","","AudioMoth recording","DIGITAF_BIODIVERSITY_FLEMISH_TREEROWS:OCCURRENCE:birds:AudioMoth recording:TW1:tree:2023-06-28:624"
"625","TW2","crtl","Certhia brachydactyla","Certhiidae","Passeriformes","birds",50.93,4.91899,2023-06-28,1,"Jari Vandendriessche & Luc Willems","","","AudioMoth recording","DIGITAF_BIODIVERSITY_FLEMISH_TREEROWS:OCCURRENCE:birds:AudioMoth recording:TW2:crtl:2023-06-28:625"
"626","TW2","crtl","Columba palumbus","Columbidae","Columbiformes","birds",50.93,4.91899,2023-06-28,1,"Jari Vandendriessche & Luc Willems","","","AudioMoth recording","DIGITAF_BIODIVERSITY_FLEMISH_TREEROWS:OCCURRENCE:birds:AudioMoth recording:TW2:crtl:2023-06-28:626"
"627","TW2","crtl","Corvus corone","Corvidae","Passeriformes","birds",50.93,4.91899,2023-06-28,1,"Jari Vandendriessche & Luc Willems","","","AudioMoth recording","DIGITAF_BIODIVERSITY_FLEMISH_TREEROWS:OCCURRENCE:birds:AudioMoth recording:TW2:crtl:2023-06-28:627"
"628","TW2","crtl","Coloeus monedula","Corvidae","Passeriformes","birds",50.93,4.91899,2023-06-28,1,"Jari Vandendriessche & Luc Willems","","","AudioMoth recording","DIGITAF_BIODIVERSITY_FLEMISH_TREEROWS:OCCURRENCE:birds:AudioMoth recording:TW2:crtl:2023-06-28:628"
"629","TW2","crtl","Cyanistes caeruleus","Paridae","Passeriformes","birds",50.93,4.91899,2023-06-28,1,"Jari Vandendriessche & Luc Willems","","","AudioMoth recording","DIGITAF_BIODIVERSITY_FLEMISH_TREEROWS:OCCURRENCE:birds:AudioMoth recording:TW2:crtl:2023-06-28:629"
"630","TW2","crtl","Dendrocopos major","Picidae","Piciformes","birds",50.93,4.91899,2023-06-28,1,"Jari Vandendriessche & Luc Willems","","","AudioMoth recording","DIGITAF_BIODIVERSITY_FLEMISH_TREEROWS:OCCURRENCE:birds:AudioMoth recording:TW2:crtl:2023-06-28:630"
"631","TW2","crtl","Emberiza citrinella","Emberizidae","Passeriformes","birds",50.93,4.91899,2023-06-28,1,"Jari Vandendriessche & Luc Willems","","","AudioMoth recording","DIGITAF_BIODIVERSITY_FLEMISH_TREEROWS:OCCURRENCE:birds:AudioMoth recording:TW2:crtl:2023-06-28:631"
"632","TW2","crtl","Falco tinnunculus","Falconidae","Falconiformes","birds",50.93,4.91899,2023-06-28,1,"Jari Vandendriessche & Luc Willems","","","AudioMoth recording","DIGITAF_BIODIVERSITY_FLEMISH_TREEROWS:OCCURRENCE:birds:AudioMoth recording:TW2:crtl:2023-06-28:632"
"633","TW2","crtl","Fringilla coelebs","Fringillidae","Passeriformes","birds",50.93,4.91899,2023-06-28,1,"Jari Vandendriessche & Luc Willems","","","AudioMoth recording","DIGITAF_BIODIVERSITY_FLEMISH_TREEROWS:OCCURRENCE:birds:AudioMoth recording:TW2:crtl:2023-06-28:633"
"634","TW2","crtl","Muscicapa striata","Muscicapidae","Passeriformes","birds",50.93,4.91899,2023-06-28,1,"Jari Vandendriessche & Luc Willems","","","AudioMoth recording","DIGITAF_BIODIVERSITY_FLEMISH_TREEROWS:OCCURRENCE:birds:AudioMoth recording:TW2:crtl:2023-06-28:634"
"635","TW2","crtl","Phoenicurus phoenicurus","Muscicapidae","Passeriformes","birds",50.93,4.91899,2023-06-28,1,"Jari Vandendriessche & Luc Willems","","","AudioMoth recording","DIGITAF_BIODIVERSITY_FLEMISH_TREEROWS:OCCURRENCE:birds:AudioMoth recording:TW2:crtl:2023-06-28:635"
"636","TW2","crtl","Phylloscopus collybita","Phylloscopidae","Passeriformes","birds",50.93,4.91899,2023-06-28,1,"Jari Vandendriessche & Luc Willems","","","AudioMoth recording","DIGITAF_BIODIVERSITY_FLEMISH_TREEROWS:OCCURRENCE:birds:AudioMoth recording:TW2:crtl:2023-06-28:636"
"637","TW2","crtl","Pica pica","Corvidae","Passeriformes","birds",50.93,4.91899,2023-06-28,1,"Jari Vandendriessche & Luc Willems","","","AudioMoth recording","DIGITAF_BIODIVERSITY_FLEMISH_TREEROWS:OCCURRENCE:birds:AudioMoth recording:TW2:crtl:2023-06-28:637"
"638","TW2","crtl","Prunella modularis","Prunellidae","Passeriformes","birds",50.93,4.91899,2023-06-28,1,"Jari Vandendriessche & Luc Willems","","","AudioMoth recording","DIGITAF_BIODIVERSITY_FLEMISH_TREEROWS:OCCURRENCE:birds:AudioMoth recording:TW2:crtl:2023-06-28:638"
"639","TW2","crtl","Streptopelia decaocto","Columbidae","Columbiformes","birds",50.93,4.91899,2023-06-28,1,"Jari Vandendriessche & Luc Willems","","","AudioMoth recording","DIGITAF_BIODIVERSITY_FLEMISH_TREEROWS:OCCURRENCE:birds:AudioMoth recording:TW2:crtl:2023-06-28:639"
"640","TW2","crtl","Sylvia atricapilla","Sylviidae","Passeriformes","birds",50.93,4.91899,2023-06-28,1,"Jari Vandendriessche & Luc Willems","","","AudioMoth recording","DIGITAF_BIODIVERSITY_FLEMISH_TREEROWS:OCCURRENCE:birds:AudioMoth recording:TW2:crtl:2023-06-28:640"
"641","TW2","crtl","Troglodytes troglodytes","Troglodytidae","Passeriformes","birds",50.93,4.91899,2023-06-28,1,"Jari Vandendriessche & Luc Willems","","","AudioMoth recording","DIGITAF_BIODIVERSITY_FLEMISH_TREEROWS:OCCURRENCE:birds:AudioMoth recording:TW2:crtl:2023-06-28:641"
"642","TW2","crtl","Turdus merula","Turdidae","Passeriformes","birds",50.93,4.91899,2023-06-28,1,"Jari Vandendriessche & Luc Willems","","","AudioMoth recording","DIGITAF_BIODIVERSITY_FLEMISH_TREEROWS:OCCURRENCE:birds:AudioMoth recording:TW2:crtl:2023-06-28:642"
"643","TW2","tree","Columba palumbus","Columbidae","Columbiformes","birds",50.929592,4.919866,2023-06-28,1,"Jari Vandendriessche & Luc Willems","","","AudioMoth recording","DIGITAF_BIODIVERSITY_FLEMISH_TREEROWS:OCCURRENCE:birds:AudioMoth recording:TW2:tree:2023-06-28:643"
"644","TW2","tree","Corvus corone","Corvidae","Passeriformes","birds",50.929592,4.919866,2023-06-28,1,"Jari Vandendriessche & Luc Willems","","","AudioMoth recording","DIGITAF_BIODIVERSITY_FLEMISH_TREEROWS:OCCURRENCE:birds:AudioMoth recording:TW2:tree:2023-06-28:644"
"645","TW2","tree","Coloeus monedula","Corvidae","Passeriformes","birds",50.929592,4.919866,2023-06-28,1,"Jari Vandendriessche & Luc Willems","","","AudioMoth recording","DIGITAF_BIODIVERSITY_FLEMISH_TREEROWS:OCCURRENCE:birds:AudioMoth recording:TW2:tree:2023-06-28:645"
"646","TW2","tree","Cyanistes caeruleus","Paridae","Passeriformes","birds",50.929592,4.919866,2023-06-28,1,"Jari Vandendriessche & Luc Willems","","","AudioMoth recording","DIGITAF_BIODIVERSITY_FLEMISH_TREEROWS:OCCURRENCE:birds:AudioMoth recording:TW2:tree:2023-06-28:646"
"647","TW2","tree","Dendrocopos major","Picidae","Piciformes","birds",50.929592,4.919866,2023-06-28,1,"Jari Vandendriessche & Luc Willems","","","AudioMoth recording","DIGITAF_BIODIVERSITY_FLEMISH_TREEROWS:OCCURRENCE:birds:AudioMoth recording:TW2:tree:2023-06-28:647"
"648","TW2","tree","Emberiza citrinella","Emberizidae","Passeriformes","birds",50.929592,4.919866,2023-06-28,1,"Jari Vandendriessche & Luc Willems","","","AudioMoth recording","DIGITAF_BIODIVERSITY_FLEMISH_TREEROWS:OCCURRENCE:birds:AudioMoth recording:TW2:tree:2023-06-28:648"
"649","TW2","tree","Falco tinnunculus","Falconidae","Falconiformes","birds",50.929592,4.919866,2023-06-28,1,"Jari Vandendriessche & Luc Willems","","","AudioMoth recording","DIGITAF_BIODIVERSITY_FLEMISH_TREEROWS:OCCURRENCE:birds:AudioMoth recording:TW2:tree:2023-06-28:649"
"650","TW2","tree","Fringilla coelebs","Fringillidae","Passeriformes","birds",50.929592,4.919866,2023-06-28,1,"Jari Vandendriessche & Luc Willems","","","AudioMoth recording","DIGITAF_BIODIVERSITY_FLEMISH_TREEROWS:OCCURRENCE:birds:AudioMoth recording:TW2:tree:2023-06-28:650"
"651","TW2","tree","Muscicapa striata","Muscicapidae","Passeriformes","birds",50.929592,4.919866,2023-06-28,1,"Jari Vandendriessche & Luc Willems","","","AudioMoth recording","DIGITAF_BIODIVERSITY_FLEMISH_TREEROWS:OCCURRENCE:birds:AudioMoth recording:TW2:tree:2023-06-28:651"
"652","TW2","tree","Parus major","Paridae","Passeriformes","birds",50.929592,4.919866,2023-06-28,1,"Jari Vandendriessche & Luc Willems","","","AudioMoth recording","DIGITAF_BIODIVERSITY_FLEMISH_TREEROWS:OCCURRENCE:birds:AudioMoth recording:TW2:tree:2023-06-28:652"
"653","TW2","tree","Phasianus colchicus","Phasianidae","Galliformes","birds",50.929592,4.919866,2023-06-28,1,"Jari Vandendriessche & Luc Willems","","","AudioMoth recording","DIGITAF_BIODIVERSITY_FLEMISH_TREEROWS:OCCURRENCE:birds:AudioMoth recording:TW2:tree:2023-06-28:653"
"654","TW2","tree","Phylloscopus collybita","Phylloscopidae","Passeriformes","birds",50.929592,4.919866,2023-06-28,1,"Jari Vandendriessche & Luc Willems","","","AudioMoth recording","DIGITAF_BIODIVERSITY_FLEMISH_TREEROWS:OCCURRENCE:birds:AudioMoth recording:TW2:tree:2023-06-28:654"
"655","TW2","tree","Pica pica","Corvidae","Passeriformes","birds",50.929592,4.919866,2023-06-28,1,"Jari Vandendriessche & Luc Willems","","","AudioMoth recording","DIGITAF_BIODIVERSITY_FLEMISH_TREEROWS:OCCURRENCE:birds:AudioMoth recording:TW2:tree:2023-06-28:655"
"656","TW2","tree","Streptopelia decaocto","Columbidae","Columbiformes","birds",50.929592,4.919866,2023-06-28,1,"Jari Vandendriessche & Luc Willems","","","AudioMoth recording","DIGITAF_BIODIVERSITY_FLEMISH_TREEROWS:OCCURRENCE:birds:AudioMoth recording:TW2:tree:2023-06-28:656"
"657","TW2","tree","Sylvia atricapilla","Sylviidae","Passeriformes","birds",50.929592,4.919866,2023-06-28,1,"Jari Vandendriessche & Luc Willems","","","AudioMoth recording","DIGITAF_BIODIVERSITY_FLEMISH_TREEROWS:OCCURRENCE:birds:AudioMoth recording:TW2:tree:2023-06-28:657"
"658","TW2","tree","Turdus merula","Turdidae","Passeriformes","birds",50.929592,4.919866,2023-06-28,1,"Jari Vandendriessche & Luc Willems","","","AudioMoth recording","DIGITAF_BIODIVERSITY_FLEMISH_TREEROWS:OCCURRENCE:birds:AudioMoth recording:TW2:tree:2023-06-28:658"
"659","TW2","tree","Turdus philomelos","Turdidae","Passeriformes","birds",50.929592,4.919866,2023-06-28,1,"Jari Vandendriessche & Luc Willems","","","AudioMoth recording","DIGITAF_BIODIVERSITY_FLEMISH_TREEROWS:OCCURRENCE:birds:AudioMoth recording:TW2:tree:2023-06-28:659"
"660","TW3","crtl","Apus apus","Apodidae","Apodiformes","birds",50.927067,4.925451,2023-06-28,1,"Jari Vandendriessche & Luc Willems","","","AudioMoth recording","DIGITAF_BIODIVERSITY_FLEMISH_TREEROWS:OCCURRENCE:birds:AudioMoth recording:TW3:crtl:2023-06-28:660"
"661","TW3","crtl","Corvus corone","Corvidae","Passeriformes","birds",50.927067,4.925451,2023-06-28,1,"Jari Vandendriessche & Luc Willems","","","AudioMoth recording","DIGITAF_BIODIVERSITY_FLEMISH_TREEROWS:OCCURRENCE:birds:AudioMoth recording:TW3:crtl:2023-06-28:661"
"662","TW3","crtl","Coloeus monedula","Corvidae","Passeriformes","birds",50.927067,4.925451,2023-06-28,1,"Jari Vandendriessche & Luc Willems","","","AudioMoth recording","DIGITAF_BIODIVERSITY_FLEMISH_TREEROWS:OCCURRENCE:birds:AudioMoth recording:TW3:crtl:2023-06-28:662"
"663","TW3","crtl","Delichon urbicum","Hirundinidae","Passeriformes","birds",50.927067,4.925451,2023-06-28,1,"Jari Vandendriessche & Luc Willems","","","AudioMoth recording","DIGITAF_BIODIVERSITY_FLEMISH_TREEROWS:OCCURRENCE:birds:AudioMoth recording:TW3:crtl:2023-06-28:663"
"664","TW3","crtl","Motacilla alba","Motacillidae","Passeriformes","birds",50.927067,4.925451,2023-06-28,1,"Jari Vandendriessche & Luc Willems","","","AudioMoth recording","DIGITAF_BIODIVERSITY_FLEMISH_TREEROWS:OCCURRENCE:birds:AudioMoth recording:TW3:crtl:2023-06-28:664"
"665","TW3","crtl","Motacilla flava","Motacillidae","Passeriformes","birds",50.927067,4.925451,2023-06-28,1,"Jari Vandendriessche & Luc Willems","","","AudioMoth recording","DIGITAF_BIODIVERSITY_FLEMISH_TREEROWS:OCCURRENCE:birds:AudioMoth recording:TW3:crtl:2023-06-28:665"
"666","TW3","crtl","Passer domesticus","Passeridae","Passeriformes","birds",50.927067,4.925451,2023-06-28,1,"Jari Vandendriessche & Luc Willems","","","AudioMoth recording","DIGITAF_BIODIVERSITY_FLEMISH_TREEROWS:OCCURRENCE:birds:AudioMoth recording:TW3:crtl:2023-06-28:666"
"667","TW3","crtl","Phylloscopus collybita","Phylloscopidae","Passeriformes","birds",50.927067,4.925451,2023-06-28,1,"Jari Vandendriessche & Luc Willems","","","AudioMoth recording","DIGITAF_BIODIVERSITY_FLEMISH_TREEROWS:OCCURRENCE:birds:AudioMoth recording:TW3:crtl:2023-06-28:667"
"668","TW3","crtl","Picus viridis","Picidae","Piciformes","birds",50.927067,4.925451,2023-06-28,1,"Jari Vandendriessche & Luc Willems","","","AudioMoth recording","DIGITAF_BIODIVERSITY_FLEMISH_TREEROWS:OCCURRENCE:birds:AudioMoth recording:TW3:crtl:2023-06-28:668"
"669","TW3","crtl","Strix aluco","Strigidae","Strigiformes","birds",50.927067,4.925451,2023-06-28,1,"Jari Vandendriessche & Luc Willems","","","AudioMoth recording","DIGITAF_BIODIVERSITY_FLEMISH_TREEROWS:OCCURRENCE:birds:AudioMoth recording:TW3:crtl:2023-06-28:669"
"670","TW3","crtl","Turdus merula","Turdidae","Passeriformes","birds",50.927067,4.925451,2023-06-28,1,"Jari Vandendriessche & Luc Willems","","","AudioMoth recording","DIGITAF_BIODIVERSITY_FLEMISH_TREEROWS:OCCURRENCE:birds:AudioMoth recording:TW3:crtl:2023-06-28:670"
"671","TW3","tree","Buteo buteo","Accipitridae","Accipitriformes","birds",50.926302,4.92707,2023-06-28,1,"Jari Vandendriessche & Luc Willems","","","AudioMoth recording","DIGITAF_BIODIVERSITY_FLEMISH_TREEROWS:OCCURRENCE:birds:AudioMoth recording:TW3:tree:2023-06-28:671"
"672","TW3","tree","Certhia brachydactyla","Certhiidae","Passeriformes","birds",50.926302,4.92707,2023-06-28,1,"Jari Vandendriessche & Luc Willems","","","AudioMoth recording","DIGITAF_BIODIVERSITY_FLEMISH_TREEROWS:OCCURRENCE:birds:AudioMoth recording:TW3:tree:2023-06-28:672"
"673","TW3","tree","Corvus corone","Corvidae","Passeriformes","birds",50.926302,4.92707,2023-06-28,1,"Jari Vandendriessche & Luc Willems","","","AudioMoth recording","DIGITAF_BIODIVERSITY_FLEMISH_TREEROWS:OCCURRENCE:birds:AudioMoth recording:TW3:tree:2023-06-28:673"
"674","TW3","tree","Cyanistes caeruleus","Paridae","Passeriformes","birds",50.926302,4.92707,2023-06-28,1,"Jari Vandendriessche & Luc Willems","","","AudioMoth recording","DIGITAF_BIODIVERSITY_FLEMISH_TREEROWS:OCCURRENCE:birds:AudioMoth recording:TW3:tree:2023-06-28:674"
"675","TW3","tree","Erithacus rubecula","Muscicapidae","Passeriformes","birds",50.926302,4.92707,2023-06-28,1,"Jari Vandendriessche & Luc Willems","","","AudioMoth recording","DIGITAF_BIODIVERSITY_FLEMISH_TREEROWS:OCCURRENCE:birds:AudioMoth recording:TW3:tree:2023-06-28:675"
"676","TW3","tree","Fringilla coelebs","Fringillidae","Passeriformes","birds",50.926302,4.92707,2023-06-28,1,"Jari Vandendriessche & Luc Willems","","","AudioMoth recording","DIGITAF_BIODIVERSITY_FLEMISH_TREEROWS:OCCURRENCE:birds:AudioMoth recording:TW3:tree:2023-06-28:676"
"677","TW3","tree","Muscicapa striata","Muscicapidae","Passeriformes","birds",50.926302,4.92707,2023-06-28,1,"Jari Vandendriessche & Luc Willems","","","AudioMoth recording","DIGITAF_BIODIVERSITY_FLEMISH_TREEROWS:OCCURRENCE:birds:AudioMoth recording:TW3:tree:2023-06-28:677"
"678","TW3","tree","Parus major","Paridae","Passeriformes","birds",50.926302,4.92707,2023-06-28,1,"Jari Vandendriessche & Luc Willems","","","AudioMoth recording","DIGITAF_BIODIVERSITY_FLEMISH_TREEROWS:OCCURRENCE:birds:AudioMoth recording:TW3:tree:2023-06-28:678"
"679","TW3","tree","Phylloscopus collybita","Phylloscopidae","Passeriformes","birds",50.926302,4.92707,2023-06-28,1,"Jari Vandendriessche & Luc Willems","","","AudioMoth recording","DIGITAF_BIODIVERSITY_FLEMISH_TREEROWS:OCCURRENCE:birds:AudioMoth recording:TW3:tree:2023-06-28:679"
"680","TW3","tree","Picus viridis","Picidae","Piciformes","birds",50.926302,4.92707,2023-06-28,1,"Jari Vandendriessche & Luc Willems","","","AudioMoth recording","DIGITAF_BIODIVERSITY_FLEMISH_TREEROWS:OCCURRENCE:birds:AudioMoth recording:TW3:tree:2023-06-28:680"
"681","TW3","tree","Prunella modularis","Prunellidae","Passeriformes","birds",50.926302,4.92707,2023-06-28,1,"Jari Vandendriessche & Luc Willems","","","AudioMoth recording","DIGITAF_BIODIVERSITY_FLEMISH_TREEROWS:OCCURRENCE:birds:AudioMoth recording:TW3:tree:2023-06-28:681"
"682","TW3","tree","Sitta europaea","Sittidae","Passeriformes","birds",50.926302,4.92707,2023-06-28,1,"Jari Vandendriessche & Luc Willems","","","AudioMoth recording","DIGITAF_BIODIVERSITY_FLEMISH_TREEROWS:OCCURRENCE:birds:AudioMoth recording:TW3:tree:2023-06-28:682"
"683","TW3","tree","Strix aluco","Strigidae","Strigiformes","birds",50.926302,4.92707,2023-06-28,1,"Jari Vandendriessche & Luc Willems","","","AudioMoth recording","DIGITAF_BIODIVERSITY_FLEMISH_TREEROWS:OCCURRENCE:birds:AudioMoth recording:TW3:tree:2023-06-28:683"
"684","TW3","tree","Sylvia atricapilla","Sylviidae","Passeriformes","birds",50.926302,4.92707,2023-06-28,1,"Jari Vandendriessche & Luc Willems","","","AudioMoth recording","DIGITAF_BIODIVERSITY_FLEMISH_TREEROWS:OCCURRENCE:birds:AudioMoth recording:TW3:tree:2023-06-28:684"
"685","TW3","tree","Troglodytes troglodytes","Troglodytidae","Passeriformes","birds",50.926302,4.92707,2023-06-28,1,"Jari Vandendriessche & Luc Willems","","","AudioMoth recording","DIGITAF_BIODIVERSITY_FLEMISH_TREEROWS:OCCURRENCE:birds:AudioMoth recording:TW3:tree:2023-06-28:685"
"686","TW3","tree","Turdus merula","Turdidae","Passeriformes","birds",50.926302,4.92707,2023-06-28,1,"Jari Vandendriessche & Luc Willems","","","AudioMoth recording","DIGITAF_BIODIVERSITY_FLEMISH_TREEROWS:OCCURRENCE:birds:AudioMoth recording:TW3:tree:2023-06-28:686"
"687","TW3","tree","Turdus philomelos","Turdidae","Passeriformes","birds",50.926302,4.92707,2023-06-28,1,"Jari Vandendriessche & Luc Willems","","","AudioMoth recording","DIGITAF_BIODIVERSITY_FLEMISH_TREEROWS:OCCURRENCE:birds:AudioMoth recording:TW3:tree:2023-06-28:687"
"688","Zo","crop","Ardea cinerea","Ardeidae","Pelecaniformes","birds",51.106331,3.55805,2023-05-19,1,"Jari Vandendriessche & Luc Willems","","","AudioMoth recording","DIGITAF_BIODIVERSITY_FLEMISH_TREEROWS:OCCURRENCE:birds:AudioMoth recording:Zo:crop:2023-05-19:688"
"689","Zo","crop","Athene noctua","Strigidae","Strigiformes","birds",51.106331,3.55805,2023-05-19,1,"Jari Vandendriessche & Luc Willems","","","AudioMoth recording","DIGITAF_BIODIVERSITY_FLEMISH_TREEROWS:OCCURRENCE:birds:AudioMoth recording:Zo:crop:2023-05-19:689"
"690","Zo","crop","Corvus corone","Corvidae","Passeriformes","birds",51.106331,3.55805,2023-05-19,1,"Jari Vandendriessche & Luc Willems","","","AudioMoth recording","DIGITAF_BIODIVERSITY_FLEMISH_TREEROWS:OCCURRENCE:birds:AudioMoth recording:Zo:crop:2023-05-19:690"
"691","Zo","crop","Coloeus monedula","Corvidae","Passeriformes","birds",51.106331,3.55805,2023-05-19,1,"Jari Vandendriessche & Luc Willems","","","AudioMoth recording","DIGITAF_BIODIVERSITY_FLEMISH_TREEROWS:OCCURRENCE:birds:AudioMoth recording:Zo:crop:2023-05-19:691"
"692","Zo","crop","Coturnix coturnix","Phasianidae","Galliformes","birds",51.106331,3.55805,2023-05-19,1,"Jari Vandendriessche & Luc Willems","","","AudioMoth recording","DIGITAF_BIODIVERSITY_FLEMISH_TREEROWS:OCCURRENCE:birds:AudioMoth recording:Zo:crop:2023-05-19:692"
"693","Zo","crop","Cuculus canorus","Cuculidae","Cuculiformes","birds",51.106331,3.55805,2023-05-19,1,"Jari Vandendriessche & Luc Willems","","","AudioMoth recording","DIGITAF_BIODIVERSITY_FLEMISH_TREEROWS:OCCURRENCE:birds:AudioMoth recording:Zo:crop:2023-05-19:693"
"694","Zo","crop","Curruca communis","Sylviidae","Passeriformes","birds",51.106331,3.55805,2023-05-19,1,"Jari Vandendriessche & Luc Willems","","","AudioMoth recording","DIGITAF_BIODIVERSITY_FLEMISH_TREEROWS:OCCURRENCE:birds:AudioMoth recording:Zo:crop:2023-05-19:694"
"695","Zo","crop","Dendrocopos major","Picidae","Piciformes","birds",51.106331,3.55805,2023-05-19,1,"Jari Vandendriessche & Luc Willems","","","AudioMoth recording","DIGITAF_BIODIVERSITY_FLEMISH_TREEROWS:OCCURRENCE:birds:AudioMoth recording:Zo:crop:2023-05-19:695"
"696","Zo","crop","Dendrocopos major","Picidae","Piciformes","birds",51.106331,3.55805,2023-05-19,1,"Jari Vandendriessche & Luc Willems","","","AudioMoth recording","DIGITAF_BIODIVERSITY_FLEMISH_TREEROWS:OCCURRENCE:birds:AudioMoth recording:Zo:crop:2023-05-19:696"
"697","Zo","crop","Fringilla coelebs","Fringillidae","Passeriformes","birds",51.106331,3.55805,2023-05-19,1,"Jari Vandendriessche & Luc Willems","","","AudioMoth recording","DIGITAF_BIODIVERSITY_FLEMISH_TREEROWS:OCCURRENCE:birds:AudioMoth recording:Zo:crop:2023-05-19:697"
"698","Zo","crop","Gallinula chloropus","Rallidae","Gruiformes","birds",51.106331,3.55805,2023-05-19,1,"Jari Vandendriessche & Luc Willems","","","AudioMoth recording","DIGITAF_BIODIVERSITY_FLEMISH_TREEROWS:OCCURRENCE:birds:AudioMoth recording:Zo:crop:2023-05-19:698"
"699","Zo","crop","Haematopus ostralegus","Haematopodidae","Charadriiformes","birds",51.106331,3.55805,2023-05-19,1,"Jari Vandendriessche & Luc Willems","","","AudioMoth recording","DIGITAF_BIODIVERSITY_FLEMISH_TREEROWS:OCCURRENCE:birds:AudioMoth recording:Zo:crop:2023-05-19:699"
"700","Zo","crop","Hirundo rustica","Hirundinidae","Passeriformes","birds",51.106331,3.55805,2023-05-19,1,"Jari Vandendriessche & Luc Willems","","","AudioMoth recording","DIGITAF_BIODIVERSITY_FLEMISH_TREEROWS:OCCURRENCE:birds:AudioMoth recording:Zo:crop:2023-05-19:700"
"701","Zo","crop","Luscinia svecica","Muscicapidae","Passeriformes","birds",51.106331,3.55805,2023-05-19,1,"Jari Vandendriessche & Luc Willems","","","AudioMoth recording","DIGITAF_BIODIVERSITY_FLEMISH_TREEROWS:OCCURRENCE:birds:AudioMoth recording:Zo:crop:2023-05-19:701"
"702","Zo","crop","Motacilla flava","Motacillidae","Passeriformes","birds",51.106331,3.55805,2023-05-19,1,"Jari Vandendriessche & Luc Willems","","","AudioMoth recording","DIGITAF_BIODIVERSITY_FLEMISH_TREEROWS:OCCURRENCE:birds:AudioMoth recording:Zo:crop:2023-05-19:702"
"703","Zo","crop","Parus major","Paridae","Passeriformes","birds",51.106331,3.55805,2023-05-19,1,"Jari Vandendriessche & Luc Willems","","","AudioMoth recording","DIGITAF_BIODIVERSITY_FLEMISH_TREEROWS:OCCURRENCE:birds:AudioMoth recording:Zo:crop:2023-05-19:703"
"704","Zo","crop","Phoenicurus ochruros","Muscicapidae","Passeriformes","birds",51.106331,3.55805,2023-05-19,1,"Jari Vandendriessche & Luc Willems","","","AudioMoth recording","DIGITAF_BIODIVERSITY_FLEMISH_TREEROWS:OCCURRENCE:birds:AudioMoth recording:Zo:crop:2023-05-19:704"
"705","Zo","crop","Phylloscopus collybita","Phylloscopidae","Passeriformes","birds",51.106331,3.55805,2023-05-19,1,"Jari Vandendriessche & Luc Willems","","","AudioMoth recording","DIGITAF_BIODIVERSITY_FLEMISH_TREEROWS:OCCURRENCE:birds:AudioMoth recording:Zo:crop:2023-05-19:705"
"706","Zo","crop","Turdus merula","Turdidae","Passeriformes","birds",51.106331,3.55805,2023-05-19,1,"Jari Vandendriessche & Luc Willems","","","AudioMoth recording","DIGITAF_BIODIVERSITY_FLEMISH_TREEROWS:OCCURRENCE:birds:AudioMoth recording:Zo:crop:2023-05-19:706"
"707","Zo","crtl","Ardea cinerea","Ardeidae","Pelecaniformes","birds",51.106567,3.557371,2023-05-19,1,"Jari Vandendriessche & Luc Willems","","","AudioMoth recording","DIGITAF_BIODIVERSITY_FLEMISH_TREEROWS:OCCURRENCE:birds:AudioMoth recording:Zo:crtl:2023-05-19:707"
"708","Zo","crtl","Coturnix coturnix","Phasianidae","Galliformes","birds",51.106567,3.557371,2023-05-19,1,"Jari Vandendriessche & Luc Willems","","","AudioMoth recording","DIGITAF_BIODIVERSITY_FLEMISH_TREEROWS:OCCURRENCE:birds:AudioMoth recording:Zo:crtl:2023-05-19:708"
"709","Zo","crtl","Gallinula chloropus","Rallidae","Gruiformes","birds",51.106567,3.557371,2023-05-19,1,"Jari Vandendriessche & Luc Willems","","","AudioMoth recording","DIGITAF_BIODIVERSITY_FLEMISH_TREEROWS:OCCURRENCE:birds:AudioMoth recording:Zo:crtl:2023-05-19:709"
"710","Zo","crtl","Haematopus ostralegus","Haematopodidae","Charadriiformes","birds",51.106567,3.557371,2023-05-19,1,"Jari Vandendriessche & Luc Willems","","","AudioMoth recording","DIGITAF_BIODIVERSITY_FLEMISH_TREEROWS:OCCURRENCE:birds:AudioMoth recording:Zo:crtl:2023-05-19:710"
"711","Zo","crtl","Luscinia svecica","Muscicapidae","Passeriformes","birds",51.106567,3.557371,2023-05-19,1,"Jari Vandendriessche & Luc Willems","","","AudioMoth recording","DIGITAF_BIODIVERSITY_FLEMISH_TREEROWS:OCCURRENCE:birds:AudioMoth recording:Zo:crtl:2023-05-19:711"
"712","Zo","crtl","Phoenicurus ochruros","Muscicapidae","Passeriformes","birds",51.106567,3.557371,2023-05-19,1,"Jari Vandendriessche & Luc Willems","","","AudioMoth recording","DIGITAF_BIODIVERSITY_FLEMISH_TREEROWS:OCCURRENCE:birds:AudioMoth recording:Zo:crtl:2023-05-19:712"
"713","Zo","crtl","Sturnus vulgaris","Sturnidae","Passeriformes","birds",51.106567,3.557371,2023-05-19,1,"Jari Vandendriessche & Luc Willems","","","AudioMoth recording","DIGITAF_BIODIVERSITY_FLEMISH_TREEROWS:OCCURRENCE:birds:AudioMoth recording:Zo:crtl:2023-05-19:713"
"714","Zo","crtl","Tringa totanus","Scolopacidae","Charadriiformes","birds",51.106567,3.557371,2023-05-19,1,"Jari Vandendriessche & Luc Willems","","","AudioMoth recording","DIGITAF_BIODIVERSITY_FLEMISH_TREEROWS:OCCURRENCE:birds:AudioMoth recording:Zo:crtl:2023-05-19:714"
"715","Zo","crtl","Turdus merula","Turdidae","Passeriformes","birds",51.106567,3.557371,2023-05-19,1,"Jari Vandendriessche & Luc Willems","","","AudioMoth recording","DIGITAF_BIODIVERSITY_FLEMISH_TREEROWS:OCCURRENCE:birds:AudioMoth recording:Zo:crtl:2023-05-19:715"
"716","Zo","tree","Ardea cinerea","Ardeidae","Pelecaniformes","birds",51.105865,3.556603,2023-05-19,1,"Jari Vandendriessche & Luc Willems","","","AudioMoth recording","DIGITAF_BIODIVERSITY_FLEMISH_TREEROWS:OCCURRENCE:birds:AudioMoth recording:Zo:tree:2023-05-19:716"
"717","Zo","tree","Coloeus monedula","Corvidae","Passeriformes","birds",51.105865,3.556603,2023-05-19,1,"Jari Vandendriessche & Luc Willems","","","AudioMoth recording","DIGITAF_BIODIVERSITY_FLEMISH_TREEROWS:OCCURRENCE:birds:AudioMoth recording:Zo:tree:2023-05-19:717"
"718","Zo","tree","Dendrocopos major","Picidae","Piciformes","birds",51.105865,3.556603,2023-05-19,1,"Jari Vandendriessche & Luc Willems","","","AudioMoth recording","DIGITAF_BIODIVERSITY_FLEMISH_TREEROWS:OCCURRENCE:birds:AudioMoth recording:Zo:tree:2023-05-19:718"
"719","Zo","tree","Fringilla coelebs","Fringillidae","Passeriformes","birds",51.105865,3.556603,2023-05-19,1,"Jari Vandendriessche & Luc Willems","","","AudioMoth recording","DIGITAF_BIODIVERSITY_FLEMISH_TREEROWS:OCCURRENCE:birds:AudioMoth recording:Zo:tree:2023-05-19:719"
"720","Zo","tree","Gallinula chloropus","Rallidae","Gruiformes","birds",51.105865,3.556603,2023-05-19,1,"Jari Vandendriessche & Luc Willems","","","AudioMoth recording","DIGITAF_BIODIVERSITY_FLEMISH_TREEROWS:OCCURRENCE:birds:AudioMoth recording:Zo:tree:2023-05-19:720"
"721","Zo","tree","Haematopus ostralegus","Haematopodidae","Charadriiformes","birds",51.105865,3.556603,2023-05-19,1,"Jari Vandendriessche & Luc Willems","","","AudioMoth recording","DIGITAF_BIODIVERSITY_FLEMISH_TREEROWS:OCCURRENCE:birds:AudioMoth recording:Zo:tree:2023-05-19:721"
"722","Zo","tree","Hirundo rustica","Hirundinidae","Passeriformes","birds",51.105865,3.556603,2023-05-19,1,"Jari Vandendriessche & Luc Willems","","","AudioMoth recording","DIGITAF_BIODIVERSITY_FLEMISH_TREEROWS:OCCURRENCE:birds:AudioMoth recording:Zo:tree:2023-05-19:722"
"723","Zo","tree","Luscinia svecica","Muscicapidae","Passeriformes","birds",51.105865,3.556603,2023-05-19,1,"Jari Vandendriessche & Luc Willems","","","AudioMoth recording","DIGITAF_BIODIVERSITY_FLEMISH_TREEROWS:OCCURRENCE:birds:AudioMoth recording:Zo:tree:2023-05-19:723"
"724","Zo","tree","Parus major","Paridae","Passeriformes","birds",51.105865,3.556603,2023-05-19,1,"Jari Vandendriessche & Luc Willems","","","AudioMoth recording","DIGITAF_BIODIVERSITY_FLEMISH_TREEROWS:OCCURRENCE:birds:AudioMoth recording:Zo:tree:2023-05-19:724"
"725","Zo","tree","Phoenicurus ochruros","Muscicapidae","Passeriformes","birds",51.105865,3.556603,2023-05-19,1,"Jari Vandendriessche & Luc Willems","","","AudioMoth recording","DIGITAF_BIODIVERSITY_FLEMISH_TREEROWS:OCCURRENCE:birds:AudioMoth recording:Zo:tree:2023-05-19:725"
"726","Zo","tree","Phylloscopus collybita","Phylloscopidae","Passeriformes","birds",51.105865,3.556603,2023-05-19,1,"Jari Vandendriessche & Luc Willems","","","AudioMoth recording","DIGITAF_BIODIVERSITY_FLEMISH_TREEROWS:OCCURRENCE:birds:AudioMoth recording:Zo:tree:2023-05-19:726"
"727","Zo","tree","Prunella modularis","Prunellidae","Passeriformes","birds",51.105865,3.556603,2023-05-19,1,"Jari Vandendriessche & Luc Willems","","","AudioMoth recording","DIGITAF_BIODIVERSITY_FLEMISH_TREEROWS:OCCURRENCE:birds:AudioMoth recording:Zo:tree:2023-05-19:727"
"728","Zo","tree","Saxicola rubicola","Muscicapidae","Passeriformes","birds",51.105865,3.556603,2023-05-19,1,"Jari Vandendriessche & Luc Willems","","","AudioMoth recording","DIGITAF_BIODIVERSITY_FLEMISH_TREEROWS:OCCURRENCE:birds:AudioMoth recording:Zo:tree:2023-05-19:728"
"729","Zo","tree","Troglodytes troglodytes","Troglodytidae","Passeriformes","birds",51.105865,3.556603,2023-05-19,1,"Jari Vandendriessche & Luc Willems","","","AudioMoth recording","DIGITAF_BIODIVERSITY_FLEMISH_TREEROWS:OCCURRENCE:birds:AudioMoth recording:Zo:tree:2023-05-19:729"
"730","Zo1","crtl","Columba palumbus","Columbidae","Columbiformes","birds",51.107437,3.567569,2023-05-18,1,"Jari Vandendriessche & Luc Willems","","","AudioMoth recording","DIGITAF_BIODIVERSITY_FLEMISH_TREEROWS:OCCURRENCE:birds:AudioMoth recording:Zo1:crtl:2023-05-18:730"
"731","Zo1","crtl","Coloeus monedula","Corvidae","Passeriformes","birds",51.107437,3.567569,2023-05-18,1,"Jari Vandendriessche & Luc Willems","","","AudioMoth recording","DIGITAF_BIODIVERSITY_FLEMISH_TREEROWS:OCCURRENCE:birds:AudioMoth recording:Zo1:crtl:2023-05-18:731"
"732","Zo1","crtl","Cuculus canorus","Cuculidae","Cuculiformes","birds",51.107437,3.567569,2023-05-18,1,"Jari Vandendriessche & Luc Willems","","","AudioMoth recording","DIGITAF_BIODIVERSITY_FLEMISH_TREEROWS:OCCURRENCE:birds:AudioMoth recording:Zo1:crtl:2023-05-18:732"
"733","Zo1","crtl","Haematopus ostralegus","Haematopodidae","Charadriiformes","birds",51.107437,3.567569,2023-05-18,1,"Jari Vandendriessche & Luc Willems","","","AudioMoth recording","DIGITAF_BIODIVERSITY_FLEMISH_TREEROWS:OCCURRENCE:birds:AudioMoth recording:Zo1:crtl:2023-05-18:733"
"734","Zo1","crtl","Hirundo rustica","Hirundinidae","Passeriformes","birds",51.107437,3.567569,2023-05-18,1,"Jari Vandendriessche & Luc Willems","","","AudioMoth recording","DIGITAF_BIODIVERSITY_FLEMISH_TREEROWS:OCCURRENCE:birds:AudioMoth recording:Zo1:crtl:2023-05-18:734"
"735","Zo1","crtl","Parus major","Paridae","Passeriformes","birds",51.107437,3.567569,2023-05-18,1,"Jari Vandendriessche & Luc Willems","","","AudioMoth recording","DIGITAF_BIODIVERSITY_FLEMISH_TREEROWS:OCCURRENCE:birds:AudioMoth recording:Zo1:crtl:2023-05-18:735"
"736","Zo1","crtl","Phylloscopus collybita","Phylloscopidae","Passeriformes","birds",51.107437,3.567569,2023-05-18,1,"Jari Vandendriessche & Luc Willems","","","AudioMoth recording","DIGITAF_BIODIVERSITY_FLEMISH_TREEROWS:OCCURRENCE:birds:AudioMoth recording:Zo1:crtl:2023-05-18:736"
"737","Zo1","crtl","Pica pica","Corvidae","Passeriformes","birds",51.107437,3.567569,2023-05-18,1,"Jari Vandendriessche & Luc Willems","","","AudioMoth recording","DIGITAF_BIODIVERSITY_FLEMISH_TREEROWS:OCCURRENCE:birds:AudioMoth recording:Zo1:crtl:2023-05-18:737"
"738","Zo1","crtl","Picus viridis","Picidae","Piciformes","birds",51.107437,3.567569,2023-05-18,1,"Jari Vandendriessche & Luc Willems","","","AudioMoth recording","DIGITAF_BIODIVERSITY_FLEMISH_TREEROWS:OCCURRENCE:birds:AudioMoth recording:Zo1:crtl:2023-05-18:738"
"739","Zo1","crtl","Streptopelia decaocto","Columbidae","Columbiformes","birds",51.107437,3.567569,2023-05-18,1,"Jari Vandendriessche & Luc Willems","","","AudioMoth recording","DIGITAF_BIODIVERSITY_FLEMISH_TREEROWS:OCCURRENCE:birds:AudioMoth recording:Zo1:crtl:2023-05-18:739"
"740","Zo1","crtl","Sylvia borin","Sylviidae","Passeriformes","birds",51.107437,3.567569,2023-05-18,1,"Jari Vandendriessche & Luc Willems","","","AudioMoth recording","DIGITAF_BIODIVERSITY_FLEMISH_TREEROWS:OCCURRENCE:birds:AudioMoth recording:Zo1:crtl:2023-05-18:740"
"741","Zo1","crtl","Troglodytes troglodytes","Troglodytidae","Passeriformes","birds",51.107437,3.567569,2023-05-18,1,"Jari Vandendriessche & Luc Willems","","","AudioMoth recording","DIGITAF_BIODIVERSITY_FLEMISH_TREEROWS:OCCURRENCE:birds:AudioMoth recording:Zo1:crtl:2023-05-18:741"
"742","Zo1","crtl","Turdus merula","Turdidae","Passeriformes","birds",51.107437,3.567569,2023-05-18,1,"Jari Vandendriessche & Luc Willems","","","AudioMoth recording","DIGITAF_BIODIVERSITY_FLEMISH_TREEROWS:OCCURRENCE:birds:AudioMoth recording:Zo1:crtl:2023-05-18:742"
"743","Zo1","tree","Columba palumbus","Columbidae","Columbiformes","birds",51.107109,3.566462,2023-05-18,1,"Jari Vandendriessche & Luc Willems","","","AudioMoth recording","DIGITAF_BIODIVERSITY_FLEMISH_TREEROWS:OCCURRENCE:birds:AudioMoth recording:Zo1:tree:2023-05-18:743"
"744","Zo1","tree","Coloeus monedula","Corvidae","Passeriformes","birds",51.107109,3.566462,2023-05-18,1,"Jari Vandendriessche & Luc Willems","","","AudioMoth recording","DIGITAF_BIODIVERSITY_FLEMISH_TREEROWS:OCCURRENCE:birds:AudioMoth recording:Zo1:tree:2023-05-18:744"
"745","Zo1","tree","Cuculus canorus","Cuculidae","Cuculiformes","birds",51.107109,3.566462,2023-05-18,1,"Jari Vandendriessche & Luc Willems","","","AudioMoth recording","DIGITAF_BIODIVERSITY_FLEMISH_TREEROWS:OCCURRENCE:birds:AudioMoth recording:Zo1:tree:2023-05-18:745"
"746","Zo1","tree","Cyanistes caeruleus","Paridae","Passeriformes","birds",51.107109,3.566462,2023-05-18,1,"Jari Vandendriessche & Luc Willems","","","AudioMoth recording","DIGITAF_BIODIVERSITY_FLEMISH_TREEROWS:OCCURRENCE:birds:AudioMoth recording:Zo1:tree:2023-05-18:746"
"747","Zo1","tree","Fringilla coelebs","Fringillidae","Passeriformes","birds",51.107109,3.566462,2023-05-18,1,"Jari Vandendriessche & Luc Willems","","","AudioMoth recording","DIGITAF_BIODIVERSITY_FLEMISH_TREEROWS:OCCURRENCE:birds:AudioMoth recording:Zo1:tree:2023-05-18:747"
"748","Zo1","tree","Hirundo rustica","Hirundinidae","Passeriformes","birds",51.107109,3.566462,2023-05-18,1,"Jari Vandendriessche & Luc Willems","","","AudioMoth recording","DIGITAF_BIODIVERSITY_FLEMISH_TREEROWS:OCCURRENCE:birds:AudioMoth recording:Zo1:tree:2023-05-18:748"
"749","Zo1","tree","Parus major","Paridae","Passeriformes","birds",51.107109,3.566462,2023-05-18,1,"Jari Vandendriessche & Luc Willems","","","AudioMoth recording","DIGITAF_BIODIVERSITY_FLEMISH_TREEROWS:OCCURRENCE:birds:AudioMoth recording:Zo1:tree:2023-05-18:749"
"750","Zo1","tree","Phylloscopus collybita","Phylloscopidae","Passeriformes","birds",51.107109,3.566462,2023-05-18,1,"Jari Vandendriessche & Luc Willems","","","AudioMoth recording","DIGITAF_BIODIVERSITY_FLEMISH_TREEROWS:OCCURRENCE:birds:AudioMoth recording:Zo1:tree:2023-05-18:750"
"751","Zo1","tree","Pica pica","Corvidae","Passeriformes","birds",51.107109,3.566462,2023-05-18,1,"Jari Vandendriessche & Luc Willems","","","AudioMoth recording","DIGITAF_BIODIVERSITY_FLEMISH_TREEROWS:OCCURRENCE:birds:AudioMoth recording:Zo1:tree:2023-05-18:751"
"752","Zo1","tree","Picus viridis","Picidae","Piciformes","birds",51.107109,3.566462,2023-05-18,1,"Jari Vandendriessche & Luc Willems","","","AudioMoth recording","DIGITAF_BIODIVERSITY_FLEMISH_TREEROWS:OCCURRENCE:birds:AudioMoth recording:Zo1:tree:2023-05-18:752"
"753","Zo1","tree","Streptopelia decaocto","Columbidae","Columbiformes","birds",51.107109,3.566462,2023-05-18,1,"Jari Vandendriessche & Luc Willems","","","AudioMoth recording","DIGITAF_BIODIVERSITY_FLEMISH_TREEROWS:OCCURRENCE:birds:AudioMoth recording:Zo1:tree:2023-05-18:753"
"754","Zo1","tree","Troglodytes troglodytes","Troglodytidae","Passeriformes","birds",51.107109,3.566462,2023-05-18,1,"Jari Vandendriessche & Luc Willems","","","AudioMoth recording","DIGITAF_BIODIVERSITY_FLEMISH_TREEROWS:OCCURRENCE:birds:AudioMoth recording:Zo1:tree:2023-05-18:754"
"755","Zo1","tree","Turdus merula","Turdidae","Passeriformes","birds",51.107109,3.566462,2023-05-18,1,"Jari Vandendriessche & Luc Willems","","","AudioMoth recording","DIGITAF_BIODIVERSITY_FLEMISH_TREEROWS:OCCURRENCE:birds:AudioMoth recording:Zo1:tree:2023-05-18:755"
"756","Zo2","crtl","Chloris chloris","Fringillidae","Passeriformes","birds",51.113503,3.537224,2023-05-19,1,"Jari Vandendriessche & Luc Willems","","","AudioMoth recording","DIGITAF_BIODIVERSITY_FLEMISH_TREEROWS:OCCURRENCE:birds:AudioMoth recording:Zo2:crtl:2023-05-19:756"
"757","Zo2","crtl","Corvus corone","Corvidae","Passeriformes","birds",51.113503,3.537224,2023-05-19,1,"Jari Vandendriessche & Luc Willems","","","AudioMoth recording","DIGITAF_BIODIVERSITY_FLEMISH_TREEROWS:OCCURRENCE:birds:AudioMoth recording:Zo2:crtl:2023-05-19:757"
"758","Zo2","crtl","Coloeus monedula","Corvidae","Passeriformes","birds",51.113503,3.537224,2023-05-19,1,"Jari Vandendriessche & Luc Willems","","","AudioMoth recording","DIGITAF_BIODIVERSITY_FLEMISH_TREEROWS:OCCURRENCE:birds:AudioMoth recording:Zo2:crtl:2023-05-19:758"
"759","Zo2","crtl","Cuculus canorus","Cuculidae","Cuculiformes","birds",51.113503,3.537224,2023-05-19,1,"Jari Vandendriessche & Luc Willems","","","AudioMoth recording","DIGITAF_BIODIVERSITY_FLEMISH_TREEROWS:OCCURRENCE:birds:AudioMoth recording:Zo2:crtl:2023-05-19:759"
"760","Zo2","crtl","Curruca communis","Sylviidae","Passeriformes","birds",51.113503,3.537224,2023-05-19,1,"Jari Vandendriessche & Luc Willems","","","AudioMoth recording","DIGITAF_BIODIVERSITY_FLEMISH_TREEROWS:OCCURRENCE:birds:AudioMoth recording:Zo2:crtl:2023-05-19:760"
"761","Zo2","crtl","Motacilla alba","Motacillidae","Passeriformes","birds",51.113503,3.537224,2023-05-19,1,"Jari Vandendriessche & Luc Willems","","","AudioMoth recording","DIGITAF_BIODIVERSITY_FLEMISH_TREEROWS:OCCURRENCE:birds:AudioMoth recording:Zo2:crtl:2023-05-19:761"
"762","Zo2","crtl","Motacilla flava","Motacillidae","Passeriformes","birds",51.113503,3.537224,2023-05-19,1,"Jari Vandendriessche & Luc Willems","","","AudioMoth recording","DIGITAF_BIODIVERSITY_FLEMISH_TREEROWS:OCCURRENCE:birds:AudioMoth recording:Zo2:crtl:2023-05-19:762"
"763","Zo2","crtl","Muscicapa striata","Muscicapidae","Passeriformes","birds",51.113503,3.537224,2023-05-19,1,"Jari Vandendriessche & Luc Willems","","","AudioMoth recording","DIGITAF_BIODIVERSITY_FLEMISH_TREEROWS:OCCURRENCE:birds:AudioMoth recording:Zo2:crtl:2023-05-19:763"
"764","Zo2","crtl","Parus major","Paridae","Passeriformes","birds",51.113503,3.537224,2023-05-19,1,"Jari Vandendriessche & Luc Willems","","","AudioMoth recording","DIGITAF_BIODIVERSITY_FLEMISH_TREEROWS:OCCURRENCE:birds:AudioMoth recording:Zo2:crtl:2023-05-19:764"
"765","Zo2","crtl","Pica pica","Corvidae","Passeriformes","birds",51.113503,3.537224,2023-05-19,1,"Jari Vandendriessche & Luc Willems","","","AudioMoth recording","DIGITAF_BIODIVERSITY_FLEMISH_TREEROWS:OCCURRENCE:birds:AudioMoth recording:Zo2:crtl:2023-05-19:765"
"766","Zo2","crtl","Prunella modularis","Prunellidae","Passeriformes","birds",51.113503,3.537224,2023-05-19,1,"Jari Vandendriessche & Luc Willems","","","AudioMoth recording","DIGITAF_BIODIVERSITY_FLEMISH_TREEROWS:OCCURRENCE:birds:AudioMoth recording:Zo2:crtl:2023-05-19:766"
"767","Zo2","crtl","Sturnus vulgaris","Sturnidae","Passeriformes","birds",51.113503,3.537224,2023-05-19,1,"Jari Vandendriessche & Luc Willems","","","AudioMoth recording","DIGITAF_BIODIVERSITY_FLEMISH_TREEROWS:OCCURRENCE:birds:AudioMoth recording:Zo2:crtl:2023-05-19:767"
"768","Zo2","crtl","Troglodytes troglodytes","Troglodytidae","Passeriformes","birds",51.113503,3.537224,2023-05-19,1,"Jari Vandendriessche & Luc Willems","","","AudioMoth recording","DIGITAF_BIODIVERSITY_FLEMISH_TREEROWS:OCCURRENCE:birds:AudioMoth recording:Zo2:crtl:2023-05-19:768"
"769","Zo2","crtl","Turdus merula","Turdidae","Passeriformes","birds",51.113503,3.537224,2023-05-19,1,"Jari Vandendriessche & Luc Willems","","","AudioMoth recording","DIGITAF_BIODIVERSITY_FLEMISH_TREEROWS:OCCURRENCE:birds:AudioMoth recording:Zo2:crtl:2023-05-19:769"
"770","Zo2","tree","Columba palumbus","Columbidae","Columbiformes","birds",51.112732,3.537079,2023-05-19,1,"Jari Vandendriessche & Luc Willems","","","AudioMoth recording","DIGITAF_BIODIVERSITY_FLEMISH_TREEROWS:OCCURRENCE:birds:AudioMoth recording:Zo2:tree:2023-05-19:770"
"771","Zo2","tree","Coloeus monedula","Corvidae","Passeriformes","birds",51.112732,3.537079,2023-05-19,1,"Jari Vandendriessche & Luc Willems","","","AudioMoth recording","DIGITAF_BIODIVERSITY_FLEMISH_TREEROWS:OCCURRENCE:birds:AudioMoth recording:Zo2:tree:2023-05-19:771"
"772","Zo2","tree","Curruca communis","Sylviidae","Passeriformes","birds",51.112732,3.537079,2023-05-19,1,"Jari Vandendriessche & Luc Willems","","","AudioMoth recording","DIGITAF_BIODIVERSITY_FLEMISH_TREEROWS:OCCURRENCE:birds:AudioMoth recording:Zo2:tree:2023-05-19:772"
"773","Zo2","tree","Cyanistes caeruleus","Paridae","Passeriformes","birds",51.112732,3.537079,2023-05-19,1,"Jari Vandendriessche & Luc Willems","","","AudioMoth recording","DIGITAF_BIODIVERSITY_FLEMISH_TREEROWS:OCCURRENCE:birds:AudioMoth recording:Zo2:tree:2023-05-19:773"
"774","Zo2","tree","Erithacus rubecula","Muscicapidae","Passeriformes","birds",51.112732,3.537079,2023-05-19,1,"Jari Vandendriessche & Luc Willems","","","AudioMoth recording","DIGITAF_BIODIVERSITY_FLEMISH_TREEROWS:OCCURRENCE:birds:AudioMoth recording:Zo2:tree:2023-05-19:774"
"775","Zo2","tree","Fringilla coelebs","Fringillidae","Passeriformes","birds",51.112732,3.537079,2023-05-19,1,"Jari Vandendriessche & Luc Willems","","","AudioMoth recording","DIGITAF_BIODIVERSITY_FLEMISH_TREEROWS:OCCURRENCE:birds:AudioMoth recording:Zo2:tree:2023-05-19:775"
"776","Zo2","tree","Parus major","Paridae","Passeriformes","birds",51.112732,3.537079,2023-05-19,1,"Jari Vandendriessche & Luc Willems","","","AudioMoth recording","DIGITAF_BIODIVERSITY_FLEMISH_TREEROWS:OCCURRENCE:birds:AudioMoth recording:Zo2:tree:2023-05-19:776"
"777","Zo2","tree","Phylloscopus collybita","Phylloscopidae","Passeriformes","birds",51.112732,3.537079,2023-05-19,1,"Jari Vandendriessche & Luc Willems","","","AudioMoth recording","DIGITAF_BIODIVERSITY_FLEMISH_TREEROWS:OCCURRENCE:birds:AudioMoth recording:Zo2:tree:2023-05-19:777"
"778","Zo2","tree","Pica pica","Corvidae","Passeriformes","birds",51.112732,3.537079,2023-05-19,1,"Jari Vandendriessche & Luc Willems","","","AudioMoth recording","DIGITAF_BIODIVERSITY_FLEMISH_TREEROWS:OCCURRENCE:birds:AudioMoth recording:Zo2:tree:2023-05-19:778"
"779","Zo2","tree","Prunella modularis","Prunellidae","Passeriformes","birds",51.112732,3.537079,2023-05-19,1,"Jari Vandendriessche & Luc Willems","","","AudioMoth recording","DIGITAF_BIODIVERSITY_FLEMISH_TREEROWS:OCCURRENCE:birds:AudioMoth recording:Zo2:tree:2023-05-19:779"
"780","Zo2","tree","Streptopelia decaocto","Columbidae","Columbiformes","birds",51.112732,3.537079,2023-05-19,1,"Jari Vandendriessche & Luc Willems","","","AudioMoth recording","DIGITAF_BIODIVERSITY_FLEMISH_TREEROWS:OCCURRENCE:birds:AudioMoth recording:Zo2:tree:2023-05-19:780"
"781","Zo2","tree","Troglodytes troglodytes","Troglodytidae","Passeriformes","birds",51.112732,3.537079,2023-05-19,1,"Jari Vandendriessche & Luc Willems","","","AudioMoth recording","DIGITAF_BIODIVERSITY_FLEMISH_TREEROWS:OCCURRENCE:birds:AudioMoth recording:Zo2:tree:2023-05-19:781"
"782","Zo2","tree","Turdus merula","Turdidae","Passeriformes","birds",51.112732,3.537079,2023-05-19,1,"Jari Vandendriessche & Luc Willems","","","AudioMoth recording","DIGITAF_BIODIVERSITY_FLEMISH_TREEROWS:OCCURRENCE:birds:AudioMoth recording:Zo2:tree:2023-05-19:782"
"783","Zw","crop","Actitis hypoleucos","Scolopacidae","Charadriiformes","birds",50.850731,3.71571,2023-06-02,1,"Jari Vandendriessche & Luc Willems","","","AudioMoth recording","DIGITAF_BIODIVERSITY_FLEMISH_TREEROWS:OCCURRENCE:birds:AudioMoth recording:Zw:crop:2023-06-02:783"
"784","Zw","crop","Ardea cinerea","Ardeidae","Pelecaniformes","birds",50.850731,3.71571,2023-06-02,1,"Jari Vandendriessche & Luc Willems","","","AudioMoth recording","DIGITAF_BIODIVERSITY_FLEMISH_TREEROWS:OCCURRENCE:birds:AudioMoth recording:Zw:crop:2023-06-02:784"
"785","Zw","crop","Corvus corone","Corvidae","Passeriformes","birds",50.850731,3.71571,2023-06-02,1,"Jari Vandendriessche & Luc Willems","","","AudioMoth recording","DIGITAF_BIODIVERSITY_FLEMISH_TREEROWS:OCCURRENCE:birds:AudioMoth recording:Zw:crop:2023-06-02:785"
"786","Zw","crop","Coloeus monedula","Corvidae","Passeriformes","birds",50.850731,3.71571,2023-06-02,1,"Jari Vandendriessche & Luc Willems","","","AudioMoth recording","DIGITAF_BIODIVERSITY_FLEMISH_TREEROWS:OCCURRENCE:birds:AudioMoth recording:Zw:crop:2023-06-02:786"
"787","Zw","crop","Gallinula chloropus","Rallidae","Gruiformes","birds",50.850731,3.71571,2023-06-02,1,"Jari Vandendriessche & Luc Willems","","","AudioMoth recording","DIGITAF_BIODIVERSITY_FLEMISH_TREEROWS:OCCURRENCE:birds:AudioMoth recording:Zw:crop:2023-06-02:787"
"788","Zw","crop","Haematopus ostralegus","Haematopodidae","Charadriiformes","birds",50.850731,3.71571,2023-06-02,1,"Jari Vandendriessche & Luc Willems","","","AudioMoth recording","DIGITAF_BIODIVERSITY_FLEMISH_TREEROWS:OCCURRENCE:birds:AudioMoth recording:Zw:crop:2023-06-02:788"
"789","Zw","crop","Hirundo rustica","Hirundinidae","Passeriformes","birds",50.850731,3.71571,2023-06-02,1,"Jari Vandendriessche & Luc Willems","","","AudioMoth recording","DIGITAF_BIODIVERSITY_FLEMISH_TREEROWS:OCCURRENCE:birds:AudioMoth recording:Zw:crop:2023-06-02:789"
"790","Zw","crop","Linaria cannabina","Fringillidae","Passeriformes","birds",50.850731,3.71571,2023-06-02,1,"Jari Vandendriessche & Luc Willems","","","AudioMoth recording","DIGITAF_BIODIVERSITY_FLEMISH_TREEROWS:OCCURRENCE:birds:AudioMoth recording:Zw:crop:2023-06-02:790"
"791","Zw","crop","Phasianus colchicus","Phasianidae","Galliformes","birds",50.850731,3.71571,2023-06-02,1,"Jari Vandendriessche & Luc Willems","","","AudioMoth recording","DIGITAF_BIODIVERSITY_FLEMISH_TREEROWS:OCCURRENCE:birds:AudioMoth recording:Zw:crop:2023-06-02:791"
"792","Zw","crop","Phoenicurus ochruros","Muscicapidae","Passeriformes","birds",50.850731,3.71571,2023-06-02,1,"Jari Vandendriessche & Luc Willems","","","AudioMoth recording","DIGITAF_BIODIVERSITY_FLEMISH_TREEROWS:OCCURRENCE:birds:AudioMoth recording:Zw:crop:2023-06-02:792"
"793","Zw","crop","Phylloscopus collybita","Phylloscopidae","Passeriformes","birds",50.850731,3.71571,2023-06-02,1,"Jari Vandendriessche & Luc Willems","","","AudioMoth recording","DIGITAF_BIODIVERSITY_FLEMISH_TREEROWS:OCCURRENCE:birds:AudioMoth recording:Zw:crop:2023-06-02:793"
"794","Zw","crop","Pica pica","Corvidae","Passeriformes","birds",50.850731,3.71571,2023-06-02,1,"Jari Vandendriessche & Luc Willems","","","AudioMoth recording","DIGITAF_BIODIVERSITY_FLEMISH_TREEROWS:OCCURRENCE:birds:AudioMoth recording:Zw:crop:2023-06-02:794"
"795","Zw","crop","Prunella modularis","Prunellidae","Passeriformes","birds",50.850731,3.71571,2023-06-02,1,"Jari Vandendriessche & Luc Willems","","","AudioMoth recording","DIGITAF_BIODIVERSITY_FLEMISH_TREEROWS:OCCURRENCE:birds:AudioMoth recording:Zw:crop:2023-06-02:795"
"796","Zw","crop","Strix aluco","Strigidae","Strigiformes","birds",50.850731,3.71571,2023-06-02,1,"Jari Vandendriessche & Luc Willems","","","AudioMoth recording","DIGITAF_BIODIVERSITY_FLEMISH_TREEROWS:OCCURRENCE:birds:AudioMoth recording:Zw:crop:2023-06-02:796"
"797","Zw","crop","Turdus merula","Turdidae","Passeriformes","birds",50.850731,3.71571,2023-06-02,1,"Jari Vandendriessche & Luc Willems","","","AudioMoth recording","DIGITAF_BIODIVERSITY_FLEMISH_TREEROWS:OCCURRENCE:birds:AudioMoth recording:Zw:crop:2023-06-02:797"
"798","Zw","crtl","Ardea cinerea","Ardeidae","Pelecaniformes","birds",50.850586,3.71506,2023-06-02,1,"Jari Vandendriessche & Luc Willems","","","AudioMoth recording","DIGITAF_BIODIVERSITY_FLEMISH_TREEROWS:OCCURRENCE:birds:AudioMoth recording:Zw:crtl:2023-06-02:798"
"799","Zw","crtl","Chloris chloris","Fringillidae","Passeriformes","birds",50.850586,3.71506,2023-06-02,1,"Jari Vandendriessche & Luc Willems","","","AudioMoth recording","DIGITAF_BIODIVERSITY_FLEMISH_TREEROWS:OCCURRENCE:birds:AudioMoth recording:Zw:crtl:2023-06-02:799"
"800","Zw","crtl","Columba palumbus","Columbidae","Columbiformes","birds",50.850586,3.71506,2023-06-02,1,"Jari Vandendriessche & Luc Willems","","","AudioMoth recording","DIGITAF_BIODIVERSITY_FLEMISH_TREEROWS:OCCURRENCE:birds:AudioMoth recording:Zw:crtl:2023-06-02:800"
"801","Zw","crtl","Coloeus monedula","Corvidae","Passeriformes","birds",50.850586,3.71506,2023-06-02,1,"Jari Vandendriessche & Luc Willems","","","AudioMoth recording","DIGITAF_BIODIVERSITY_FLEMISH_TREEROWS:OCCURRENCE:birds:AudioMoth recording:Zw:crtl:2023-06-02:801"
"802","Zw","crtl","Cyanistes caeruleus","Paridae","Passeriformes","birds",50.850586,3.71506,2023-06-02,1,"Jari Vandendriessche & Luc Willems","","","AudioMoth recording","DIGITAF_BIODIVERSITY_FLEMISH_TREEROWS:OCCURRENCE:birds:AudioMoth recording:Zw:crtl:2023-06-02:802"
"803","Zw","crtl","Fringilla coelebs","Fringillidae","Passeriformes","birds",50.850586,3.71506,2023-06-02,1,"Jari Vandendriessche & Luc Willems","","","AudioMoth recording","DIGITAF_BIODIVERSITY_FLEMISH_TREEROWS:OCCURRENCE:birds:AudioMoth recording:Zw:crtl:2023-06-02:803"
"804","Zw","crtl","Gallinula chloropus","Rallidae","Gruiformes","birds",50.850586,3.71506,2023-06-02,1,"Jari Vandendriessche & Luc Willems","","","AudioMoth recording","DIGITAF_BIODIVERSITY_FLEMISH_TREEROWS:OCCURRENCE:birds:AudioMoth recording:Zw:crtl:2023-06-02:804"
"805","Zw","crtl","Hirundo rustica","Hirundinidae","Passeriformes","birds",50.850586,3.71506,2023-06-02,1,"Jari Vandendriessche & Luc Willems","","","AudioMoth recording","DIGITAF_BIODIVERSITY_FLEMISH_TREEROWS:OCCURRENCE:birds:AudioMoth recording:Zw:crtl:2023-06-02:805"
"806","Zw","crtl","Motacilla flava","Motacillidae","Passeriformes","birds",50.850586,3.71506,2023-06-02,1,"Jari Vandendriessche & Luc Willems","","","AudioMoth recording","DIGITAF_BIODIVERSITY_FLEMISH_TREEROWS:OCCURRENCE:birds:AudioMoth recording:Zw:crtl:2023-06-02:806"
"807","Zw","crtl","Phasianus colchicus","Phasianidae","Galliformes","birds",50.850586,3.71506,2023-06-02,1,"Jari Vandendriessche & Luc Willems","","","AudioMoth recording","DIGITAF_BIODIVERSITY_FLEMISH_TREEROWS:OCCURRENCE:birds:AudioMoth recording:Zw:crtl:2023-06-02:807"
"808","Zw","crtl","Phoenicurus ochruros","Muscicapidae","Passeriformes","birds",50.850586,3.71506,2023-06-02,1,"Jari Vandendriessche & Luc Willems","","","AudioMoth recording","DIGITAF_BIODIVERSITY_FLEMISH_TREEROWS:OCCURRENCE:birds:AudioMoth recording:Zw:crtl:2023-06-02:808"
"809","Zw","crtl","Phylloscopus collybita","Phylloscopidae","Passeriformes","birds",50.850586,3.71506,2023-06-02,1,"Jari Vandendriessche & Luc Willems","","","AudioMoth recording","DIGITAF_BIODIVERSITY_FLEMISH_TREEROWS:OCCURRENCE:birds:AudioMoth recording:Zw:crtl:2023-06-02:809"
"810","Zw","crtl","Pica pica","Corvidae","Passeriformes","birds",50.850586,3.71506,2023-06-02,1,"Jari Vandendriessche & Luc Willems","","","AudioMoth recording","DIGITAF_BIODIVERSITY_FLEMISH_TREEROWS:OCCURRENCE:birds:AudioMoth recording:Zw:crtl:2023-06-02:810"
"811","Zw","crtl","Prunella modularis","Prunellidae","Passeriformes","birds",50.850586,3.71506,2023-06-02,1,"Jari Vandendriessche & Luc Willems","","","AudioMoth recording","DIGITAF_BIODIVERSITY_FLEMISH_TREEROWS:OCCURRENCE:birds:AudioMoth recording:Zw:crtl:2023-06-02:811"
"812","Zw","crtl","Strix aluco","Strigidae","Strigiformes","birds",50.850586,3.71506,2023-06-02,1,"Jari Vandendriessche & Luc Willems","","","AudioMoth recording","DIGITAF_BIODIVERSITY_FLEMISH_TREEROWS:OCCURRENCE:birds:AudioMoth recording:Zw:crtl:2023-06-02:812"
"813","Zw","crtl","Sylvia atricapilla","Sylviidae","Passeriformes","birds",50.850586,3.71506,2023-06-02,1,"Jari Vandendriessche & Luc Willems","","","AudioMoth recording","DIGITAF_BIODIVERSITY_FLEMISH_TREEROWS:OCCURRENCE:birds:AudioMoth recording:Zw:crtl:2023-06-02:813"
"814","Zw","crtl","Troglodytes troglodytes","Troglodytidae","Passeriformes","birds",50.850586,3.71506,2023-06-02,1,"Jari Vandendriessche & Luc Willems","","","AudioMoth recording","DIGITAF_BIODIVERSITY_FLEMISH_TREEROWS:OCCURRENCE:birds:AudioMoth recording:Zw:crtl:2023-06-02:814"
"815","Zw","crtl","Turdus merula","Turdidae","Passeriformes","birds",50.850586,3.71506,2023-06-02,1,"Jari Vandendriessche & Luc Willems","","","AudioMoth recording","DIGITAF_BIODIVERSITY_FLEMISH_TREEROWS:OCCURRENCE:birds:AudioMoth recording:Zw:crtl:2023-06-02:815"
"816","Zw","tree","Columba palumbus","Columbidae","Columbiformes","birds",50.85034873,3.71592082647387,2023-06-02,1,"Jari Vandendriessche & Luc Willems","","","AudioMoth recording","DIGITAF_BIODIVERSITY_FLEMISH_TREEROWS:OCCURRENCE:birds:AudioMoth recording:Zw:tree:2023-06-02:816"
"817","Zw","tree","Cyanistes caeruleus","Paridae","Passeriformes","birds",50.85034873,3.71592082647387,2023-06-02,1,"Jari Vandendriessche & Luc Willems","","","AudioMoth recording","DIGITAF_BIODIVERSITY_FLEMISH_TREEROWS:OCCURRENCE:birds:AudioMoth recording:Zw:tree:2023-06-02:817"
"818","Zw","tree","Dendrocopos major","Picidae","Piciformes","birds",50.85034873,3.71592082647387,2023-06-02,1,"Jari Vandendriessche & Luc Willems","","","AudioMoth recording","DIGITAF_BIODIVERSITY_FLEMISH_TREEROWS:OCCURRENCE:birds:AudioMoth recording:Zw:tree:2023-06-02:818"
"819","Zw","tree","Erithacus rubecula","Muscicapidae","Passeriformes","birds",50.85034873,3.71592082647387,2023-06-02,1,"Jari Vandendriessche & Luc Willems","","","AudioMoth recording","DIGITAF_BIODIVERSITY_FLEMISH_TREEROWS:OCCURRENCE:birds:AudioMoth recording:Zw:tree:2023-06-02:819"
"820","Zw","tree","Gallinula chloropus","Rallidae","Gruiformes","birds",50.85034873,3.71592082647387,2023-06-02,1,"Jari Vandendriessche & Luc Willems","","","AudioMoth recording","DIGITAF_BIODIVERSITY_FLEMISH_TREEROWS:OCCURRENCE:birds:AudioMoth recording:Zw:tree:2023-06-02:820"
"821","Zw","tree","Garrulus glandarius","Corvidae","Passeriformes","birds",50.85034873,3.71592082647387,2023-06-02,1,"Jari Vandendriessche & Luc Willems","","","AudioMoth recording","DIGITAF_BIODIVERSITY_FLEMISH_TREEROWS:OCCURRENCE:birds:AudioMoth recording:Zw:tree:2023-06-02:821"
"822","Zw","tree","Parus major","Paridae","Passeriformes","birds",50.85034873,3.71592082647387,2023-06-02,1,"Jari Vandendriessche & Luc Willems","","","AudioMoth recording","DIGITAF_BIODIVERSITY_FLEMISH_TREEROWS:OCCURRENCE:birds:AudioMoth recording:Zw:tree:2023-06-02:822"
"823","Zw","tree","Phasianus colchicus","Phasianidae","Galliformes","birds",50.85034873,3.71592082647387,2023-06-02,1,"Jari Vandendriessche & Luc Willems","","","AudioMoth recording","DIGITAF_BIODIVERSITY_FLEMISH_TREEROWS:OCCURRENCE:birds:AudioMoth recording:Zw:tree:2023-06-02:823"
"824","Zw","tree","Phylloscopus collybita","Phylloscopidae","Passeriformes","birds",50.85034873,3.71592082647387,2023-06-02,1,"Jari Vandendriessche & Luc Willems","","","AudioMoth recording","DIGITAF_BIODIVERSITY_FLEMISH_TREEROWS:OCCURRENCE:birds:AudioMoth recording:Zw:tree:2023-06-02:824"
"825","Zw","tree","Prunella modularis","Prunellidae","Passeriformes","birds",50.85034873,3.71592082647387,2023-06-02,1,"Jari Vandendriessche & Luc Willems","","","AudioMoth recording","DIGITAF_BIODIVERSITY_FLEMISH_TREEROWS:OCCURRENCE:birds:AudioMoth recording:Zw:tree:2023-06-02:825"
"826","Zw","tree","Streptopelia decaocto","Columbidae","Columbiformes","birds",50.85034873,3.71592082647387,2023-06-02,1,"Jari Vandendriessche & Luc Willems","","","AudioMoth recording","DIGITAF_BIODIVERSITY_FLEMISH_TREEROWS:OCCURRENCE:birds:AudioMoth recording:Zw:tree:2023-06-02:826"
"827","Zw","tree","Strix aluco","Strigidae","Strigiformes","birds",50.85034873,3.71592082647387,2023-06-02,1,"Jari Vandendriessche & Luc Willems","","","AudioMoth recording","DIGITAF_BIODIVERSITY_FLEMISH_TREEROWS:OCCURRENCE:birds:AudioMoth recording:Zw:tree:2023-06-02:827"
"828","Zw","tree","Troglodytes troglodytes","Troglodytidae","Passeriformes","birds",50.85034873,3.71592082647387,2023-06-02,1,"Jari Vandendriessche & Luc Willems","","","AudioMoth recording","DIGITAF_BIODIVERSITY_FLEMISH_TREEROWS:OCCURRENCE:birds:AudioMoth recording:Zw:tree:2023-06-02:828"
"829","Zw","tree","Turdus merula","Turdidae","Passeriformes","birds",50.85034873,3.71592082647387,2023-06-02,1,"Jari Vandendriessche & Luc Willems","","","AudioMoth recording","DIGITAF_BIODIVERSITY_FLEMISH_TREEROWS:OCCURRENCE:birds:AudioMoth recording:Zw:tree:2023-06-02:829"
"830","Zw1","crtl","Chloris chloris","Fringillidae","Passeriformes","birds",50.876247,3.759652,2023-06-02,1,"Jari Vandendriessche & Luc Willems","","","AudioMoth recording","DIGITAF_BIODIVERSITY_FLEMISH_TREEROWS:OCCURRENCE:birds:AudioMoth recording:Zw1:crtl:2023-06-02:830"
"831","Zw1","crtl","Corvus corone","Corvidae","Passeriformes","birds",50.876247,3.759652,2023-06-02,1,"Jari Vandendriessche & Luc Willems","","","AudioMoth recording","DIGITAF_BIODIVERSITY_FLEMISH_TREEROWS:OCCURRENCE:birds:AudioMoth recording:Zw1:crtl:2023-06-02:831"
"832","Zw1","crtl","Corvus frugilegus","Corvidae","Passeriformes","birds",50.876247,3.759652,2023-06-02,1,"Jari Vandendriessche & Luc Willems","","","AudioMoth recording","DIGITAF_BIODIVERSITY_FLEMISH_TREEROWS:OCCURRENCE:birds:AudioMoth recording:Zw1:crtl:2023-06-02:832"
"833","Zw1","crtl","Coloeus monedula","Corvidae","Passeriformes","birds",50.876247,3.759652,2023-06-02,1,"Jari Vandendriessche & Luc Willems","","","AudioMoth recording","DIGITAF_BIODIVERSITY_FLEMISH_TREEROWS:OCCURRENCE:birds:AudioMoth recording:Zw1:crtl:2023-06-02:833"
"834","Zw1","crtl","Motacilla flava","Motacillidae","Passeriformes","birds",50.876247,3.759652,2023-06-02,1,"Jari Vandendriessche & Luc Willems","","","AudioMoth recording","DIGITAF_BIODIVERSITY_FLEMISH_TREEROWS:OCCURRENCE:birds:AudioMoth recording:Zw1:crtl:2023-06-02:834"
"835","Zw1","crtl","Perdix perdix","Phasianidae","Galliformes","birds",50.876247,3.759652,2023-06-02,1,"Jari Vandendriessche & Luc Willems","","","AudioMoth recording","DIGITAF_BIODIVERSITY_FLEMISH_TREEROWS:OCCURRENCE:birds:AudioMoth recording:Zw1:crtl:2023-06-02:835"
"836","Zw1","crtl","Turdus merula","Turdidae","Passeriformes","birds",50.876247,3.759652,2023-06-02,1,"Jari Vandendriessche & Luc Willems","","","AudioMoth recording","DIGITAF_BIODIVERSITY_FLEMISH_TREEROWS:OCCURRENCE:birds:AudioMoth recording:Zw1:crtl:2023-06-02:836"
"837","Zw1","tree","Columba palumbus","Columbidae","Columbiformes","birds",50.875347,3.7624,2023-06-02,1,"Jari Vandendriessche & Luc Willems","","","AudioMoth recording","DIGITAF_BIODIVERSITY_FLEMISH_TREEROWS:OCCURRENCE:birds:AudioMoth recording:Zw1:tree:2023-06-02:837"
"838","Zw1","tree","Corvus corone","Corvidae","Passeriformes","birds",50.875347,3.7624,2023-06-02,1,"Jari Vandendriessche & Luc Willems","","","AudioMoth recording","DIGITAF_BIODIVERSITY_FLEMISH_TREEROWS:OCCURRENCE:birds:AudioMoth recording:Zw1:tree:2023-06-02:838"
"839","Zw1","tree","Coloeus monedula","Corvidae","Passeriformes","birds",50.875347,3.7624,2023-06-02,1,"Jari Vandendriessche & Luc Willems","","","AudioMoth recording","DIGITAF_BIODIVERSITY_FLEMISH_TREEROWS:OCCURRENCE:birds:AudioMoth recording:Zw1:tree:2023-06-02:839"
"840","Zw1","tree","Cyanistes caeruleus","Paridae","Passeriformes","birds",50.875347,3.7624,2023-06-02,1,"Jari Vandendriessche & Luc Willems","","","AudioMoth recording","DIGITAF_BIODIVERSITY_FLEMISH_TREEROWS:OCCURRENCE:birds:AudioMoth recording:Zw1:tree:2023-06-02:840"
"841","Zw1","tree","Fringilla coelebs","Fringillidae","Passeriformes","birds",50.875347,3.7624,2023-06-02,1,"Jari Vandendriessche & Luc Willems","","","AudioMoth recording","DIGITAF_BIODIVERSITY_FLEMISH_TREEROWS:OCCURRENCE:birds:AudioMoth recording:Zw1:tree:2023-06-02:841"
"842","Zw1","tree","Hirundo rustica","Hirundinidae","Passeriformes","birds",50.875347,3.7624,2023-06-02,1,"Jari Vandendriessche & Luc Willems","","","AudioMoth recording","DIGITAF_BIODIVERSITY_FLEMISH_TREEROWS:OCCURRENCE:birds:AudioMoth recording:Zw1:tree:2023-06-02:842"
"843","Zw1","tree","Motacilla alba","Motacillidae","Passeriformes","birds",50.875347,3.7624,2023-06-02,1,"Jari Vandendriessche & Luc Willems","","","AudioMoth recording","DIGITAF_BIODIVERSITY_FLEMISH_TREEROWS:OCCURRENCE:birds:AudioMoth recording:Zw1:tree:2023-06-02:843"
"844","Zw1","tree","Motacilla flava","Motacillidae","Passeriformes","birds",50.875347,3.7624,2023-06-02,1,"Jari Vandendriessche & Luc Willems","","","AudioMoth recording","DIGITAF_BIODIVERSITY_FLEMISH_TREEROWS:OCCURRENCE:birds:AudioMoth recording:Zw1:tree:2023-06-02:844"
"845","Zw1","tree","Passer domesticus","Passeridae","Passeriformes","birds",50.875347,3.7624,2023-06-02,1,"Jari Vandendriessche & Luc Willems","","","AudioMoth recording","DIGITAF_BIODIVERSITY_FLEMISH_TREEROWS:OCCURRENCE:birds:AudioMoth recording:Zw1:tree:2023-06-02:845"
"846","Zw1","tree","Streptopelia decaocto","Columbidae","Columbiformes","birds",50.875347,3.7624,2023-06-02,1,"Jari Vandendriessche & Luc Willems","","","AudioMoth recording","DIGITAF_BIODIVERSITY_FLEMISH_TREEROWS:OCCURRENCE:birds:AudioMoth recording:Zw1:tree:2023-06-02:846"
"847","Zw1","tree","Sturnus vulgaris","Sturnidae","Passeriformes","birds",50.875347,3.7624,2023-06-02,1,"Jari Vandendriessche & Luc Willems","","","AudioMoth recording","DIGITAF_BIODIVERSITY_FLEMISH_TREEROWS:OCCURRENCE:birds:AudioMoth recording:Zw1:tree:2023-06-02:847"
"848","Zw1","tree","Troglodytes troglodytes","Troglodytidae","Passeriformes","birds",50.875347,3.7624,2023-06-02,1,"Jari Vandendriessche & Luc Willems","","","AudioMoth recording","DIGITAF_BIODIVERSITY_FLEMISH_TREEROWS:OCCURRENCE:birds:AudioMoth recording:Zw1:tree:2023-06-02:848"
"849","Zw1","tree","Turdus merula","Turdidae","Passeriformes","birds",50.875347,3.7624,2023-06-02,1,"Jari Vandendriessche & Luc Willems","","","AudioMoth recording","DIGITAF_BIODIVERSITY_FLEMISH_TREEROWS:OCCURRENCE:birds:AudioMoth recording:Zw1:tree:2023-06-02:849"
"850","Zw2","crtl","Corvus corone","Corvidae","Passeriformes","birds",50.841705,3.746366,2023-06-02,1,"Jari Vandendriessche & Luc Willems","","","AudioMoth recording","DIGITAF_BIODIVERSITY_FLEMISH_TREEROWS:OCCURRENCE:birds:AudioMoth recording:Zw2:crtl:2023-06-02:850"
"851","Zw2","crtl","Corvus frugilegus","Corvidae","Passeriformes","birds",50.841705,3.746366,2023-06-02,1,"Jari Vandendriessche & Luc Willems","","","AudioMoth recording","DIGITAF_BIODIVERSITY_FLEMISH_TREEROWS:OCCURRENCE:birds:AudioMoth recording:Zw2:crtl:2023-06-02:851"
"852","Zw2","crtl","Coloeus monedula","Corvidae","Passeriformes","birds",50.841705,3.746366,2023-06-02,1,"Jari Vandendriessche & Luc Willems","","","AudioMoth recording","DIGITAF_BIODIVERSITY_FLEMISH_TREEROWS:OCCURRENCE:birds:AudioMoth recording:Zw2:crtl:2023-06-02:852"
"853","Zw2","crtl","Phylloscopus collybita","Phylloscopidae","Passeriformes","birds",50.841705,3.746366,2023-06-02,1,"Jari Vandendriessche & Luc Willems","","","AudioMoth recording","DIGITAF_BIODIVERSITY_FLEMISH_TREEROWS:OCCURRENCE:birds:AudioMoth recording:Zw2:crtl:2023-06-02:853"
"854","Zw2","crtl","Strix aluco","Strigidae","Strigiformes","birds",50.841705,3.746366,2023-06-02,1,"Jari Vandendriessche & Luc Willems","","","AudioMoth recording","DIGITAF_BIODIVERSITY_FLEMISH_TREEROWS:OCCURRENCE:birds:AudioMoth recording:Zw2:crtl:2023-06-02:854"
"855","Zw2","crtl","Sylvia atricapilla","Sylviidae","Passeriformes","birds",50.841705,3.746366,2023-06-02,1,"Jari Vandendriessche & Luc Willems","","","AudioMoth recording","DIGITAF_BIODIVERSITY_FLEMISH_TREEROWS:OCCURRENCE:birds:AudioMoth recording:Zw2:crtl:2023-06-02:855"
"856","Zw2","crtl","Troglodytes troglodytes","Troglodytidae","Passeriformes","birds",50.841705,3.746366,2023-06-02,1,"Jari Vandendriessche & Luc Willems","","","AudioMoth recording","DIGITAF_BIODIVERSITY_FLEMISH_TREEROWS:OCCURRENCE:birds:AudioMoth recording:Zw2:crtl:2023-06-02:856"
"857","Zw2","crtl","Turdus merula","Turdidae","Passeriformes","birds",50.841705,3.746366,2023-06-02,1,"Jari Vandendriessche & Luc Willems","","","AudioMoth recording","DIGITAF_BIODIVERSITY_FLEMISH_TREEROWS:OCCURRENCE:birds:AudioMoth recording:Zw2:crtl:2023-06-02:857"
"858","Zw2","tree","Corvus corone","Corvidae","Passeriformes","birds",50.842518,3.745591,2023-06-02,1,"Jari Vandendriessche & Luc Willems","","","AudioMoth recording","DIGITAF_BIODIVERSITY_FLEMISH_TREEROWS:OCCURRENCE:birds:AudioMoth recording:Zw2:tree:2023-06-02:858"
"859","Zw2","tree","Corvus frugilegus","Corvidae","Passeriformes","birds",50.842518,3.745591,2023-06-02,1,"Jari Vandendriessche & Luc Willems","","","AudioMoth recording","DIGITAF_BIODIVERSITY_FLEMISH_TREEROWS:OCCURRENCE:birds:AudioMoth recording:Zw2:tree:2023-06-02:859"
"860","Zw2","tree","Cyanistes caeruleus","Paridae","Passeriformes","birds",50.842518,3.745591,2023-06-02,1,"Jari Vandendriessche & Luc Willems","","","AudioMoth recording","DIGITAF_BIODIVERSITY_FLEMISH_TREEROWS:OCCURRENCE:birds:AudioMoth recording:Zw2:tree:2023-06-02:860"
"861","Zw2","tree","Erithacus rubecula","Muscicapidae","Passeriformes","birds",50.842518,3.745591,2023-06-02,1,"Jari Vandendriessche & Luc Willems","","","AudioMoth recording","DIGITAF_BIODIVERSITY_FLEMISH_TREEROWS:OCCURRENCE:birds:AudioMoth recording:Zw2:tree:2023-06-02:861"
"862","Zw2","tree","Fringilla coelebs","Fringillidae","Passeriformes","birds",50.842518,3.745591,2023-06-02,1,"Jari Vandendriessche & Luc Willems","","","AudioMoth recording","DIGITAF_BIODIVERSITY_FLEMISH_TREEROWS:OCCURRENCE:birds:AudioMoth recording:Zw2:tree:2023-06-02:862"
"863","Zw2","tree","Parus major","Paridae","Passeriformes","birds",50.842518,3.745591,2023-06-02,1,"Jari Vandendriessche & Luc Willems","","","AudioMoth recording","DIGITAF_BIODIVERSITY_FLEMISH_TREEROWS:OCCURRENCE:birds:AudioMoth recording:Zw2:tree:2023-06-02:863"
"864","Zw2","tree","Phoenicurus phoenicurus","Muscicapidae","Passeriformes","birds",50.842518,3.745591,2023-06-02,1,"Jari Vandendriessche & Luc Willems","","","AudioMoth recording","DIGITAF_BIODIVERSITY_FLEMISH_TREEROWS:OCCURRENCE:birds:AudioMoth recording:Zw2:tree:2023-06-02:864"
"865","Zw2","tree","Phylloscopus collybita","Phylloscopidae","Passeriformes","birds",50.842518,3.745591,2023-06-02,1,"Jari Vandendriessche & Luc Willems","","","AudioMoth recording","DIGITAF_BIODIVERSITY_FLEMISH_TREEROWS:OCCURRENCE:birds:AudioMoth recording:Zw2:tree:2023-06-02:865"
"866","Zw2","tree","Prunella modularis","Prunellidae","Passeriformes","birds",50.842518,3.745591,2023-06-02,1,"Jari Vandendriessche & Luc Willems","","","AudioMoth recording","DIGITAF_BIODIVERSITY_FLEMISH_TREEROWS:OCCURRENCE:birds:AudioMoth recording:Zw2:tree:2023-06-02:866"
"867","Zw2","tree","Sylvia atricapilla","Sylviidae","Passeriformes","birds",50.842518,3.745591,2023-06-02,1,"Jari Vandendriessche & Luc Willems","","","AudioMoth recording","DIGITAF_BIODIVERSITY_FLEMISH_TREEROWS:OCCURRENCE:birds:AudioMoth recording:Zw2:tree:2023-06-02:867"
"868","Zw2","tree","Troglodytes troglodytes","Troglodytidae","Passeriformes","birds",50.842518,3.745591,2023-06-02,1,"Jari Vandendriessche & Luc Willems","","","AudioMoth recording","DIGITAF_BIODIVERSITY_FLEMISH_TREEROWS:OCCURRENCE:birds:AudioMoth recording:Zw2:tree:2023-06-02:868"
