"","country","Loc","Type","date","species.group","number","Periode","id","latname","Sex","Comments","Method","Det","Stage","Family","Order","Spec.group"
"1","Belgium","It1","Crtl1",2024-09-08,"Other",3,2,"pantrap_ab_680","Other","","","Pan trap","Jari Vandendriessche","",NA,NA,"other"
"2","Belgium","It1","Crtl2",2024-05-20,"Aranea",2,1,"pantrap_ab_520","Aranea indet.","","","Pan trap","Jari Vandendriessche","",NA,"Araneae","spiders"
"3","Belgium","It1","Crtl2",2024-05-20,"Gastropoda",1,1,"pantrap_ab_519","Gastropoda indet.","","","Pan trap","Jari Vandendriessche","",NA,"Gastropoda","other"
"4","Belgium","It1","Crtl2",2024-05-20,"Isopoda",1,1,"pantrap_ab_518","Isopoda indet.","","","Pan trap","Jari Vandendriessche","",NA,"Isopoda","woodlice"
"5","Belgium","It1","Crtl2",2024-09-08,"Other",1,2,"pantrap_ab_739","Other","","","Pan trap","Jari Vandendriessche","",NA,NA,"other"
"6","Belgium","It1","Field",2024-09-08,"Other",5,2,"pantrap_ab_755","Other","","","Pan trap","Jari Vandendriessche","",NA,NA,"other"
"7","Belgium","It1","Tree",2024-05-20,"Gastropoda",4,1,"pantrap_ab_539","Gastropoda indet.","","","Pan trap","Jari Vandendriessche","",NA,"Gastropoda","other"
"8","Belgium","It1","Tree",2024-05-20,"Other",6,1,"pantrap_ab_540","Other","","","Pan trap","Jari Vandendriessche","",NA,NA,"other"
"9","Belgium","It1","Tree",2024-09-08,"Gastropoda",1,2,"pantrap_ab_785","Gastropoda indet.","","","Pan trap","Jari Vandendriessche","",NA,"Gastropoda","other"
"10","Belgium","It1","Tree",2024-09-08,"Other",1,2,"pantrap_ab_784","Other","","","Pan trap","Jari Vandendriessche","",NA,NA,"other"
"11","Belgium","It2","Crtl2",2024-05-20,"Other",3,1,"pantrap_ab_514","Other","","","Pan trap","Jari Vandendriessche","",NA,NA,"other"
"12","Belgium","It2","Crtl2",2024-09-08,"Coleoptera",1,2,"pantrap_ab_780","Coleoptera indet.","","","Pan trap","Jari Vandendriessche","",NA,"Coleoptera","other beetles"
"13","Belgium","It2","Crtl2",2024-09-08,"Other",1,2,"pantrap_ab_779","Other","","","Pan trap","Jari Vandendriessche","",NA,NA,"other"
"14","Belgium","It2","Field",2024-05-20,"Other",2,1,"pantrap_ab_580","Other","","","Pan trap","Jari Vandendriessche","",NA,NA,"other"
"15","Belgium","It2","Field",2024-09-08,"Other",3,2,"pantrap_ab_745","Other","","","Pan trap","Jari Vandendriessche","",NA,NA,"other"
"16","Belgium","It2","Tree",2024-05-20,"Other",2,1,"pantrap_ab_643","Other","","","Pan trap","Jari Vandendriessche","",NA,NA,"other"
"17","Belgium","It2","Tree",2024-09-08,"Coleoptera",1,2,"pantrap_ab_749","Coleoptera indet.","","","Pan trap","Jari Vandendriessche","",NA,"Coleoptera","other beetles"
"18","Belgium","It2","Tree",2024-09-08,"Other",1,2,"pantrap_ab_750","Other","","","Pan trap","Jari Vandendriessche","",NA,NA,"other"
"19","Belgium","Lo1","Crtl1",2024-05-14,"Aranea",1,1,"pantrap_ab_560","Aranea indet.","","","Pan trap","Jari Vandendriessche","",NA,"Araneae","spiders"
"20","Belgium","Lo1","Crtl1",2024-05-14,"Other",6,1,"pantrap_ab_557","Other","","","Pan trap","Jari Vandendriessche","",NA,NA,"other"
"21","Belgium","Lo1","Crtl2",2024-05-14,"Aranea",2,1,"pantrap_ab_633","Aranea indet.","","","Pan trap","Jari Vandendriessche","",NA,"Araneae","spiders"
"22","Belgium","Lo1","Crtl2",2024-05-14,"Coleoptera",4,1,"pantrap_ab_632","Coleoptera indet.","","","Pan trap","Jari Vandendriessche","",NA,"Coleoptera","other beetles"
"23","Belgium","Lo1","Crtl2",2024-05-14,"Other",8,1,"pantrap_ab_634","Other","","","Pan trap","Jari Vandendriessche","",NA,NA,"other"
"24","Belgium","Lo1","Crtl2",2024-09-06,"Acari",1,2,"pantrap_ab_771","Acari indet.","","","Pan trap","Jari Vandendriessche","",NA,"Acari","other"
"25","Belgium","Lo1","Field",2024-05-14,"Coleoptera",1,1,"pantrap_ab_265","Coleoptera indet.","","","Pan trap","Jari Vandendriessche","",NA,"Coleoptera","other beetles"
"26","Belgium","Lo1","Field",2024-05-14,"Other",5,1,"pantrap_ab_268","Other","","","Pan trap","Jari Vandendriessche","",NA,NA,"other"
"27","Belgium","Lo1","Tree",2024-05-14,"Aranea",1,1,"pantrap_ab_609","Aranea indet.","","","Pan trap","Jari Vandendriessche","",NA,"Araneae","spiders"
"28","Belgium","Lo1","Tree",2024-05-14,"Coleoptera",2,1,"pantrap_ab_605","Coleoptera indet.","","","Pan trap","Jari Vandendriessche","",NA,"Coleoptera","other beetles"
"29","Belgium","Lo1","Tree",2024-05-14,"Other",6,1,"pantrap_ab_610","Other","","","Pan trap","Jari Vandendriessche","",NA,NA,"other"
"30","Belgium","Lo1","Tree",2024-09-06,"Coleoptera",5,2,"pantrap_ab_760","Coleoptera indet.","","","Pan trap","Jari Vandendriessche","",NA,"Coleoptera","other beetles"
"31","Belgium","Lo1","Tree",2024-09-06,"Other",5,2,"pantrap_ab_761","Other","","","Pan trap","Jari Vandendriessche","",NA,NA,"other"
"32","Belgium","Lo2","Crtl1",2024-05-14,"Aranea",1,1,"pantrap_ab_537","Aranea indet.","","","Pan trap","Jari Vandendriessche","",NA,"Araneae","spiders"
"33","Belgium","Lo2","Crtl1",2024-05-14,"Coleoptera",1,1,"pantrap_ab_533","Coleoptera indet.","","","Pan trap","Jari Vandendriessche","",NA,"Coleoptera","other beetles"
"34","Belgium","Lo2","Crtl1",2024-05-14,"Other",7,1,"pantrap_ab_534","Other","","","Pan trap","Jari Vandendriessche","",NA,NA,"other"
"35","Belgium","Lo2","Crtl1",2024-09-06,"Other",2,2,"pantrap_ab_792","Other","","","Pan trap","Jari Vandendriessche","",NA,NA,"other"
"36","Belgium","Lo2","Crtl2",2024-05-14,"Other",2,1,"pantrap_ab_564","Other","","","Pan trap","Jari Vandendriessche","",NA,NA,"other"
"37","Belgium","Lo2","Field",2024-05-14,"Other",5,1,"pantrap_ab_648","Other","","","Pan trap","Jari Vandendriessche","",NA,NA,"other"
"38","Belgium","Lo2","Field",2024-09-06,"Other",1,2,"pantrap_ab_796","Other","","","Pan trap","Jari Vandendriessche","",NA,NA,"other"
"39","Belgium","Lo2","Tree",2024-05-14,"Coleoptera",1,1,"pantrap_ab_656","Coleoptera indet.","","","Pan trap","Jari Vandendriessche","",NA,"Coleoptera","other beetles"
"40","Belgium","Lo2","Tree",2024-05-14,"Other",4,1,"pantrap_ab_657","Other","","","Pan trap","Jari Vandendriessche","",NA,NA,"other"
"41","Belgium","Lo2","Tree",2024-09-06,"Aranea",1,2,"pantrap_ab_767","Aranea indet.","","","Pan trap","Jari Vandendriessche","",NA,"Araneae","spiders"
"42","Belgium","Lo2","Tree",2024-09-06,"Other",2,2,"pantrap_ab_769","Other","","","Pan trap","Jari Vandendriessche","",NA,NA,"other"
"43","Belgium","Ur1","Crtl1",2024-05-17,"Aranea",1,1,"pantrap_ab_573","Aranea indet.","","","Pan trap","Jari Vandendriessche","",NA,"Araneae","spiders"
"44","Belgium","Ur1","Crtl1",2024-05-17,"Other",1,1,"pantrap_ab_577","Other","","","Pan trap","Jari Vandendriessche","",NA,NA,"other"
"45","Belgium","Ur1","Crtl1",2024-09-11,"Other",4,2,"pantrap_ab_674","Other","","","Pan trap","Jari Vandendriessche","",NA,NA,"other"
"46","Belgium","Ur1","Crtl2",2024-05-17,"Aranea",1,1,"pantrap_ab_598","Aranea indet.","","","Pan trap","Jari Vandendriessche","",NA,"Araneae","spiders"
"47","Belgium","Ur1","Crtl2",2024-05-17,"Coleoptera",1,1,"pantrap_ab_602","Coleoptera indet.","","","Pan trap","Jari Vandendriessche","",NA,"Coleoptera","other beetles"
"48","Belgium","Ur1","Crtl2",2024-05-17,"Other",2,1,"pantrap_ab_604","Other","","","Pan trap","Jari Vandendriessche","",NA,NA,"other"
"49","Belgium","Ur1","Crtl2",2024-09-11,"Myriapoda",1,2,"pantrap_ab_802","Myriapoda indet.","","","Pan trap","Jari Vandendriessche","",NA,"Myriapoda","other"
"50","Belgium","Ur1","Crtl2",2024-09-11,"Other",1,2,"pantrap_ab_800","Other","","","Pan trap","Jari Vandendriessche","",NA,NA,"other"
"51","Belgium","Ur1","Field",2024-05-17,"Coleoptera",1,1,"pantrap_ab_273","Coleoptera indet.","","","Pan trap","Jari Vandendriessche","",NA,"Coleoptera","other beetles"
"52","Belgium","Ur1","Field",2024-09-11,"Aranea",2,2,"pantrap_ab_711","Aranea indet.","","","Pan trap","Jari Vandendriessche","",NA,"Araneae","spiders"
"53","Belgium","Ur1","Field",2024-09-11,"Other",4,2,"pantrap_ab_713","Other","","","Pan trap","Jari Vandendriessche","",NA,NA,"other"
"54","Belgium","Ur1","Tree",2024-05-17,"Gastropoda",2,1,"pantrap_ab_568","Gastropoda indet.","","","Pan trap","Jari Vandendriessche","",NA,"Gastropoda","other"
"55","Belgium","Ur1","Tree",2024-09-11,"Other",4,2,"pantrap_ab_734","Other","","","Pan trap","Jari Vandendriessche","",NA,NA,"other"
"56","Belgium","Zo1","Crtl1",2024-05-17,"Aranea",2,1,"pantrap_ab_527","Aranea indet.","","","Pan trap","Jari Vandendriessche","",NA,"Araneae","spiders"
"57","Belgium","Zo1","Crtl1",2024-09-11,"Coleoptera",1,2,"pantrap_ab_701","Coleoptera indet.","","","Pan trap","Jari Vandendriessche","",NA,"Coleoptera","other beetles"
"58","Belgium","Zo1","Crtl1",2024-09-11,"Other",5,2,"pantrap_ab_702","Other","","","Pan trap","Jari Vandendriessche","",NA,NA,"other"
"59","Belgium","Zo1","Crtl2",2024-05-17,"Aranea",3,1,"pantrap_ab_584","Aranea indet.","","","Pan trap","Jari Vandendriessche","",NA,"Araneae","spiders"
"60","Belgium","Zo1","Crtl2",2024-05-17,"Coleoptera",1,1,"pantrap_ab_589","Coleoptera indet.","","","Pan trap","Jari Vandendriessche","",NA,"Coleoptera","other beetles"
"61","Belgium","Zo1","Crtl2",2024-05-17,"Other",3,1,"pantrap_ab_587","Other","","","Pan trap","Jari Vandendriessche","",NA,NA,"other"
"62","Belgium","Zo1","Crtl2",2024-09-11,"Coleoptera",1,2,"pantrap_ab_689","Coleoptera indet.","","","Pan trap","Jari Vandendriessche","",NA,"Coleoptera","other beetles"
"63","Belgium","Zo1","Field",2024-05-17,"Aranea",3,1,"pantrap_ab_616","Aranea indet.","","","Pan trap","Jari Vandendriessche","",NA,"Araneae","spiders"
"64","Belgium","Zo1","Field",2024-05-17,"Gastropoda",1,1,"pantrap_ab_619","Gastropoda indet.","","","Pan trap","Jari Vandendriessche","",NA,"Gastropoda","other"
"65","Belgium","Zo1","Field",2024-05-17,"Other",2,1,"pantrap_ab_623","Other","","","Pan trap","Jari Vandendriessche","",NA,NA,"other"
"66","Belgium","Zo1","Field",2024-05-17,"Other",6,1,"pantrap_ab_621","Other","","","Pan trap","Jari Vandendriessche","",NA,NA,"other"
"67","Belgium","Zo1","Tree",2024-05-17,"Aranea",1,1,"pantrap_ab_592","Aranea indet.","","","Pan trap","Jari Vandendriessche","",NA,"Araneae","spiders"
"68","Belgium","Zo1","Tree",2024-05-17,"Other",3,1,"pantrap_ab_594","Other","","","Pan trap","Jari Vandendriessche","",NA,NA,"other"
"69","Belgium","Zo1","Tree",2024-09-11,"Aranea",1,2,"pantrap_ab_694","Aranea indet.","","","Pan trap","Jari Vandendriessche","",NA,"Araneae","spiders"
"70","Belgium","Zo1","Tree",2024-09-11,"Other",6,2,"pantrap_ab_696","Other","","","Pan trap","Jari Vandendriessche","",NA,NA,"other"
"71","Belgium","Zo2","Crtl1",2024-05-17,"Other",1,1,"pantrap_ab_552","Other","","","Pan trap","Jari Vandendriessche","",NA,NA,"other"
"72","Belgium","Zo2","Crtl1",2024-09-11,"Aranea",1,2,"pantrap_ab_669","Aranea indet.","","","Pan trap","Jari Vandendriessche","",NA,"Araneae","spiders"
"73","Belgium","Zo2","Crtl2",2024-05-17,"Coleoptera",1,1,"pantrap_ab_653","Coleoptera indet.","","","Pan trap","Jari Vandendriessche","",NA,"Coleoptera","other beetles"
"74","Belgium","Zo2","Crtl2",2024-05-17,"Other",1,1,"pantrap_ab_654","Other","","","Pan trap","Jari Vandendriessche","",NA,NA,"other"
"75","Belgium","Zo2","Crtl2",2024-09-11,"Aranea",3,2,"pantrap_ab_720","Aranea indet.","","","Pan trap","Jari Vandendriessche","",NA,"Araneae","spiders"
"76","Belgium","Zo2","Crtl2",2024-09-11,"Other",2,2,"pantrap_ab_721","Other","","","Pan trap","Jari Vandendriessche","",NA,NA,"other"
"77","Belgium","Zo2","Field",2024-09-11,"Aranea",1,2,"pantrap_ab_666","Aranea indet.","","","Pan trap","Jari Vandendriessche","",NA,"Araneae","spiders"
"78","Belgium","Zo2","Field",2024-09-11,"Other",2,2,"pantrap_ab_663","Other","","","Pan trap","Jari Vandendriessche","",NA,NA,"other"
"79","Belgium","Zo2","Tree",2024-05-17,"Coleoptera",1,1,"pantrap_ab_628","Coleoptera indet.","","","Pan trap","Jari Vandendriessche","",NA,"Coleoptera","other beetles"
"80","Belgium","Zo2","Tree",2024-05-17,"Other",1,1,"pantrap_ab_629","Other","","","Pan trap","Jari Vandendriessche","",NA,NA,"other"
"81","Belgium","Zo2","Tree",2024-09-11,"Other",5,2,"pantrap_ab_684","Other","","","Pan trap","Jari Vandendriessche","",NA,NA,"other"
"82","Czechia","Hu1","Crtl1",2024-06-06,"Coleoptera",27,1,"pantrap_ab_166","Coleoptera indet.","","","Pan trap","Jari Vandendriessche","",NA,"Coleoptera","other beetles"
"83","Czechia","Hu1","Crtl1",2024-06-06,"Other",35,1,"pantrap_ab_167","Other","","","Pan trap","Jari Vandendriessche","",NA,NA,"other"
"84","Czechia","Hu1","Crtl1",2024-09-27,"Aranea",2,2,"pantrap_ab_1010","Aranea indet.","","","Pan trap","Jari Vandendriessche","",NA,"Araneae","spiders"
"85","Czechia","Hu1","Crtl1",2024-09-27,"Other",12,2,"pantrap_ab_1009","Other","","","Pan trap","Jari Vandendriessche","",NA,NA,"other"
"86","Czechia","Hu1","Crtl2",2024-06-06,"Coleoptera",22,1,"pantrap_ab_151","Coleoptera indet.","","","Pan trap","Jari Vandendriessche","",NA,"Coleoptera","other beetles"
"87","Czechia","Hu1","Crtl2",2024-06-06,"Other",37,1,"pantrap_ab_155","Other","","","Pan trap","Jari Vandendriessche","",NA,NA,"other"
"88","Czechia","Hu1","Crtl2",2024-09-27,"Other",6,2,"pantrap_ab_1021","Other","","","Pan trap","Jari Vandendriessche","",NA,NA,"other"
"89","Czechia","Hu1","Field",2024-06-06,"Coleoptera",25,1,"pantrap_ab_116","Coleoptera indet.","","","Pan trap","Jari Vandendriessche","",NA,"Coleoptera","other beetles"
"90","Czechia","Hu1","Field",2024-06-06,"Other",35,1,"pantrap_ab_117","Other","","","Pan trap","Jari Vandendriessche","",NA,NA,"other"
"91","Czechia","Hu1","Field",2024-09-27,"Other",4,2,"pantrap_ab_1015","Other","","","Pan trap","Jari Vandendriessche","",NA,NA,"other"
"92","Czechia","Hu1","Tree",2024-06-06,"Aranea",1,1,"pantrap_ab_209","Aranea indet.","","","Pan trap","Jari Vandendriessche","",NA,"Araneae","spiders"
"93","Czechia","Hu1","Tree",2024-06-06,"Coleoptera",1,1,"pantrap_ab_204","Coleoptera indet.","","","Pan trap","Jari Vandendriessche","",NA,"Coleoptera","other beetles"
"94","Czechia","Hu1","Tree",2024-06-06,"Other",19,1,"pantrap_ab_207","Other","","","Pan trap","Jari Vandendriessche","",NA,NA,"other"
"95","Czechia","Hu1","Tree",2024-09-27,"Other",3,2,"pantrap_ab_1003","Other","","","Pan trap","Jari Vandendriessche","",NA,NA,"other"
"96","Czechia","Pr1","Crtl1",2024-06-04,"Coleoptera",10,1,"pantrap_ab_148","Coleoptera indet.","","","Pan trap","Jari Vandendriessche","",NA,"Coleoptera","other beetles"
"97","Czechia","Pr1","Crtl1",2024-06-04,"Other",1,1,"pantrap_ab_149","Other","","","Pan trap","Jari Vandendriessche","",NA,NA,"other"
"98","Czechia","Pr1","Crtl1",2024-09-25,"Aranea",1,2,"pantrap_ab_1035","Aranea indet.","","","Pan trap","Jari Vandendriessche","",NA,"Araneae","spiders"
"99","Czechia","Pr1","Crtl1",2024-09-25,"Coleoptera",2,2,"pantrap_ab_1034","Coleoptera indet.","","","Pan trap","Jari Vandendriessche","",NA,"Coleoptera","other beetles"
"100","Czechia","Pr1","Crtl1",2024-09-25,"Other",7,2,"pantrap_ab_1036","Other","","","Pan trap","Jari Vandendriessche","",NA,NA,"other"
"101","Czechia","Pr1","Crtl2",2024-06-04,"Aranea",2,1,"pantrap_ab_186","Aranea indet.","","","Pan trap","Jari Vandendriessche","",NA,"Araneae","spiders"
"102","Czechia","Pr1","Crtl2",2024-06-04,"Coleoptera",7,1,"pantrap_ab_184","Coleoptera indet.","","","Pan trap","Jari Vandendriessche","",NA,"Coleoptera","other beetles"
"103","Czechia","Pr1","Crtl2",2024-06-04,"Other",2,1,"pantrap_ab_187","Other","","","Pan trap","Jari Vandendriessche","",NA,NA,"other"
"104","Czechia","Pr1","Crtl2",2024-09-25,"Aranea",1,2,"pantrap_ab_1041","Aranea indet.","","","Pan trap","Jari Vandendriessche","",NA,"Araneae","spiders"
"105","Czechia","Pr1","Crtl2",2024-09-25,"Coleoptera",3,2,"pantrap_ab_1040","Coleoptera indet.","","","Pan trap","Jari Vandendriessche","",NA,"Coleoptera","other beetles"
"106","Czechia","Pr1","Crtl2",2024-09-25,"Other",3,2,"pantrap_ab_1042","Other","","","Pan trap","Jari Vandendriessche","",NA,NA,"other"
"107","Czechia","Pr1","Field",2024-06-04,"Coleoptera",1,1,"pantrap_ab_225","Coleoptera indet.","","","Pan trap","Jari Vandendriessche","",NA,"Coleoptera","other beetles"
"108","Czechia","Pr1","Field",2024-06-04,"Other",1,1,"pantrap_ab_227","Other","","","Pan trap","Jari Vandendriessche","",NA,NA,"other"
"109","Czechia","Pr1","Field",2024-09-25,"Other",9,2,"pantrap_ab_1030","Other","","","Pan trap","Jari Vandendriessche","",NA,NA,"other"
"110","Czechia","Pr1","Tree",2024-06-04,"Aranea",1,1,"pantrap_ab_94","Aranea indet.","","","Pan trap","Jari Vandendriessche","",NA,"Araneae","spiders"
"111","Czechia","Pr1","Tree",2024-06-04,"Coleoptera",2,1,"pantrap_ab_96","Coleoptera indet.","","","Pan trap","Jari Vandendriessche","",NA,"Coleoptera","other beetles"
"112","Czechia","Pr1","Tree",2024-06-04,"Other",5,1,"pantrap_ab_97","Other","","","Pan trap","Jari Vandendriessche","",NA,NA,"other"
"113","Czechia","Pr1","Tree",2024-09-25,"Coleoptera",1,2,"pantrap_ab_1023","Coleoptera indet.","","","Pan trap","Jari Vandendriessche","",NA,"Coleoptera","other beetles"
"114","Czechia","Sa1","Crtl1",2024-05-31,"Other",18,1,"pantrap_ab_263","Other","","","Pan trap","Jari Vandendriessche","",NA,NA,"other"
"115","Czechia","Sa1","Crtl1",2024-09-19,"Acari",1,2,"pantrap_ab_943","Acari indet.","","","Pan trap","Jari Vandendriessche","",NA,"Acari","other"
"116","Czechia","Sa1","Crtl1",2024-09-19,"Other",1,2,"pantrap_ab_944","Other","","","Pan trap","Jari Vandendriessche","",NA,NA,"other"
"117","Czechia","Sa1","Crtl2",2024-05-31,"Other",43,1,"pantrap_ab_135","Other","","","Pan trap","Jari Vandendriessche","",NA,NA,"other"
"118","Czechia","Sa1","Crtl2",2024-09-19,"Aranea",2,2,"pantrap_ab_932","Aranea indet.","","","Pan trap","Jari Vandendriessche","",NA,"Araneae","spiders"
"119","Czechia","Sa1","Crtl2",2024-09-19,"Coleoptera",1,2,"pantrap_ab_931","Coleoptera indet.","","","Pan trap","Jari Vandendriessche","",NA,"Coleoptera","other beetles"
"120","Czechia","Sa1","Crtl2",2024-09-19,"Other",1,2,"pantrap_ab_935","Other","","","Pan trap","Jari Vandendriessche","",NA,NA,"other"
"121","Czechia","Sa1","Crtl2",2024-09-19,"Other",2,2,"pantrap_ab_936","Other","","","Pan trap","Jari Vandendriessche","",NA,NA,"other"
"122","Czechia","Sa1","Field",2024-05-31,"Other",30,1,"pantrap_ab_240","Other","","","Pan trap","Jari Vandendriessche","",NA,NA,"other"
"123","Czechia","Sa1","Field",2024-09-19,"Other",1,2,"pantrap_ab_927","Other","","","Pan trap","Jari Vandendriessche","",NA,NA,"other"
"124","Czechia","Sa1","Field",2024-09-19,"Other",7,2,"pantrap_ab_928","Other","","","Pan trap","Jari Vandendriessche","",NA,NA,"other"
"125","Czechia","Sa1","Tree",2024-05-31,"Aranea",1,1,"pantrap_ab_130","Aranea indet.","","","Pan trap","Jari Vandendriessche","",NA,"Araneae","spiders"
"126","Czechia","Sa1","Tree",2024-05-31,"Other",18,1,"pantrap_ab_127","Other","","","Pan trap","Jari Vandendriessche","",NA,NA,"other"
"127","Czechia","Sa1","Tree",2024-09-19,"Coleoptera",3,2,"pantrap_ab_919","Coleoptera indet.","","","Pan trap","Jari Vandendriessche","",NA,"Coleoptera","other beetles"
"128","Czechia","Sa1","Tree",2024-09-19,"Other",7,2,"pantrap_ab_921","Other","","","Pan trap","Jari Vandendriessche","",NA,NA,"other"
"129","Czechia","Sa1","Tree",2024-09-19,"Other",4,2,"pantrap_ab_920","Other","","","Pan trap","Jari Vandendriessche","",NA,NA,"other"
"130","Czechia","Sa2","Crtl1",2024-05-31,"Coleoptera",35,1,"pantrap_ab_255","Coleoptera indet.","","","Pan trap","Jari Vandendriessche","",NA,"Coleoptera","other beetles"
"131","Czechia","Sa2","Crtl1",2024-05-31,"Other",7,1,"pantrap_ab_256","Other","","","Pan trap","Jari Vandendriessche","",NA,NA,"other"
"132","Czechia","Sa2","Crtl1",2024-09-19,"Opiliones",1,2,"pantrap_ab_986","Opiliones indet.","","","Pan trap","Jari Vandendriessche","",NA,"Opiliones","harvestmen"
"133","Czechia","Sa2","Crtl1",2024-09-19,"Other",8,2,"pantrap_ab_987","Other","","","Pan trap","Jari Vandendriessche","",NA,NA,"other"
"134","Czechia","Sa2","Crtl2",2024-09-19,"Other",5,2,"pantrap_ab_999","Other","","","Pan trap","Jari Vandendriessche","",NA,NA,"other"
"135","Czechia","Sa2","Field",2024-05-31,"Coleoptera",12,1,"pantrap_ab_159","Coleoptera indet.","","","Pan trap","Jari Vandendriessche","",NA,"Coleoptera","other beetles"
"136","Czechia","Sa2","Field",2024-05-31,"Other",55,1,"pantrap_ab_160","Other","","","Pan trap","Jari Vandendriessche","",NA,NA,"other"
"137","Czechia","Sa2","Field",2024-09-19,"Coleoptera",2,2,"pantrap_ab_992","Coleoptera indet.","","","Pan trap","Jari Vandendriessche","",NA,"Coleoptera","other beetles"
"138","Czechia","Sa2","Field",2024-09-19,"Other",2,2,"pantrap_ab_993","Other","","","Pan trap","Jari Vandendriessche","",NA,NA,"other"
"139","Czechia","Sa2","Tree",2024-05-31,"Coleoptera",2,1,"pantrap_ab_232","Coleoptera indet.","","","Pan trap","Jari Vandendriessche","",NA,"Coleoptera","other beetles"
"140","Czechia","Sa2","Tree",2024-05-31,"Other",18,1,"pantrap_ab_233","Other","","","Pan trap","Jari Vandendriessche","",NA,NA,"other"
"141","Czechia","Sa2","Tree",2024-09-19,"Aranea",1,2,"pantrap_ab_978","Aranea indet.","","","Pan trap","Jari Vandendriessche","",NA,"Araneae","spiders"
"142","Czechia","Sa2","Tree",2024-09-19,"Other",10,2,"pantrap_ab_977","Other","","","Pan trap","Jari Vandendriessche","",NA,NA,"other"
"143","Czechia","Sa2","Tree",2024-09-19,"Other",1,2,"pantrap_ab_979","Other","","","Pan trap","Jari Vandendriessche","",NA,NA,"other"
"144","Czechia","Ve1","Crtl1",2024-06-06,"Aranea",1,1,"pantrap_ab_196","Aranea indet.","","","Pan trap","Jari Vandendriessche","",NA,"Araneae","spiders"
"145","Czechia","Ve1","Crtl1",2024-06-06,"Coleoptera",118,1,"pantrap_ab_193","Coleoptera indet.","","","Pan trap","Jari Vandendriessche","",NA,"Coleoptera","other beetles"
"146","Czechia","Ve1","Crtl1",2024-06-06,"Other",41,1,"pantrap_ab_194","Other","","","Pan trap","Jari Vandendriessche","",NA,NA,"other"
"147","Czechia","Ve1","Crtl1",2024-09-27,"Aranea",1,2,"pantrap_ab_959","Aranea indet.","","","Pan trap","Jari Vandendriessche","",NA,"Araneae","spiders"
"148","Czechia","Ve1","Crtl1",2024-09-27,"Other",13,2,"pantrap_ab_963","Other","","","Pan trap","Jari Vandendriessche","",NA,NA,"other"
"149","Czechia","Ve1","Crtl2",2024-06-06,"Aranea",3,1,"pantrap_ab_244","Aranea indet.","","","Pan trap","Jari Vandendriessche","",NA,"Araneae","spiders"
"150","Czechia","Ve1","Crtl2",2024-06-06,"Coleoptera",394,1,"pantrap_ab_248","Coleoptera indet.","","","Pan trap","Jari Vandendriessche","",NA,"Coleoptera","other beetles"
"151","Czechia","Ve1","Crtl2",2024-06-06,"Other",23,1,"pantrap_ab_247","Other","","","Pan trap","Jari Vandendriessche","",NA,NA,"other"
"152","Czechia","Ve1","Crtl2",2024-09-27,"Other",11,2,"pantrap_ab_949","Other","","","Pan trap","Jari Vandendriessche","",NA,NA,"other"
"153","Czechia","Ve1","Field",2024-09-27,"Aranea",1,2,"pantrap_ab_973","Aranea indet.","","","Pan trap","Jari Vandendriessche","",NA,"Araneae","spiders"
"154","Czechia","Ve1","Field",2024-09-27,"Other",2,2,"pantrap_ab_969","Other","","","Pan trap","Jari Vandendriessche","",NA,NA,"other"
"155","Czechia","Ve2","Field",2024-06-06,"Coleoptera",125,1,"pantrap_ab_102","Coleoptera indet.","","","Pan trap","Jari Vandendriessche","",NA,"Coleoptera","other beetles"
"156","Czechia","Ve2","Field",2024-06-06,"Other",10,1,"pantrap_ab_103","Other","","","Pan trap","Jari Vandendriessche","",NA,NA,"other"
"157","Czechia","Ve1","Tree",2024-06-06,"Aranea",1,1,"pantrap_ab_138","Aranea indet.","","","Pan trap","Jari Vandendriessche","",NA,"Araneae","spiders"
"158","Czechia","Ve1","Tree",2024-06-06,"Aranea",1,1,"pantrap_ab_182","Aranea indet.","","","Pan trap","Jari Vandendriessche","",NA,"Araneae","spiders"
"159","Czechia","Ve1","Tree",2024-06-06,"Coleoptera",77,1,"pantrap_ab_140","Coleoptera indet.","","","Pan trap","Jari Vandendriessche","",NA,"Coleoptera","other beetles"
"160","Czechia","Ve1","Tree",2024-06-06,"Coleoptera",105,1,"pantrap_ab_178","Coleoptera indet.","","","Pan trap","Jari Vandendriessche","",NA,"Coleoptera","other beetles"
"161","Czechia","Ve1","Tree",2024-06-06,"Other",25,1,"pantrap_ab_179","Other","","","Pan trap","Jari Vandendriessche","",NA,NA,"other"
"162","Czechia","Ve1","Tree",2024-06-06,"Other",35,1,"pantrap_ab_141","Other","","","Pan trap","Jari Vandendriessche","",NA,NA,"other"
"163","Czechia","Ve1","Tree",2024-09-27,"Aranea",1,2,"pantrap_ab_955","Aranea indet.","","","Pan trap","Jari Vandendriessche","",NA,"Araneae","spiders"
"164","Czechia","Ve1","Tree",2024-09-27,"Other",4,2,"pantrap_ab_956","Other","","","Pan trap","Jari Vandendriessche","",NA,NA,"other"
"165","Czechia","Ve2","Tree",2024-06-06,"Coleoptera",45,1,"pantrap_ab_174","Coleoptera indet.","","","Pan trap","Jari Vandendriessche","",NA,"Coleoptera","other beetles"
"166","Czechia","Ve2","Tree",2024-06-06,"Other",27,1,"pantrap_ab_170","Other","","","Pan trap","Jari Vandendriessche","",NA,NA,"other"
"167","Czechia","Za1","Crtl1",2024-06-02,"Aranea",1,1,"pantrap_ab_221","Aranea indet.","","","Pan trap","Jari Vandendriessche","",NA,"Araneae","spiders"
"168","Czechia","Za1","Crtl1",2024-06-02,"Coleoptera",1,1,"pantrap_ab_220","Coleoptera indet.","","","Pan trap","Jari Vandendriessche","",NA,"Coleoptera","other beetles"
"169","Czechia","Za1","Crtl1",2024-06-02,"Other",5,1,"pantrap_ab_218","Other","","","Pan trap","Jari Vandendriessche","",NA,NA,"other"
"170","Czechia","Za1","Crtl1",2024-09-23,"Other",2,2,"pantrap_ab_1051","Other","","","Pan trap","Jari Vandendriessche","",NA,NA,"other"
"171","Czechia","Za1","Crtl2",2024-06-02,"Other",9,1,"pantrap_ab_93","Other","","","Pan trap","Jari Vandendriessche","",NA,NA,"other"
"172","Czechia","Za1","Crtl2",2024-09-23,"Other",8,2,"pantrap_ab_1056","Other","","","Pan trap","Jari Vandendriessche","",NA,NA,"other"
"173","Czechia","Za1","Field",2024-06-02,"Coleoptera",3,1,"pantrap_ab_215","Coleoptera indet.","","","Pan trap","Jari Vandendriessche","",NA,"Coleoptera","other beetles"
"174","Czechia","Za1","Field",2024-06-02,"Other",14,1,"pantrap_ab_213","Other","","","Pan trap","Jari Vandendriessche","",NA,NA,"other"
"175","Czechia","Za1","Field",2024-09-23,"Other",9,2,"pantrap_ab_1069","Other","","","Pan trap","Jari Vandendriessche","",NA,NA,"other"
"176","Czechia","Za1","Tree",2024-06-02,"Coleoptera",3,1,"pantrap_ab_198","Coleoptera indet.","","","Pan trap","Jari Vandendriessche","",NA,"Coleoptera","other beetles"
"177","Czechia","Za1","Tree",2024-06-02,"Other",14,1,"pantrap_ab_201","Other","","","Pan trap","Jari Vandendriessche","",NA,NA,"other"
"178","Czechia","Za1","Tree",2024-09-23,"Aranea",2,2,"pantrap_ab_1061","Aranea indet.","","","Pan trap","Jari Vandendriessche","",NA,"Araneae","spiders"
"179","Czechia","Za1","Tree",2024-09-23,"Coleoptera",1,2,"pantrap_ab_1062","Coleoptera indet.","","","Pan trap","Jari Vandendriessche","",NA,"Coleoptera","other beetles"
"180","Czechia","Za1","Tree",2024-09-23,"Other",6,2,"pantrap_ab_1063","Other","","","Pan trap","Jari Vandendriessche","",NA,NA,"other"
"181","France","Ca1","Crtl2",2024-04-04,"Aranea",1,1,"pantrap_ab_424","Aranea indet.","","","Pan trap","Jari Vandendriessche","",NA,"Araneae","spiders"
"182","France","Ca1","Field",2024-04-04,"Aranea",1,1,"pantrap_ab_433","Aranea indet.","","","Pan trap","Jari Vandendriessche","",NA,"Araneae","spiders"
"183","France","Ca1","Field",2024-04-04,"Coleoptera",3,1,"pantrap_ab_432","Coleoptera indet.","","","Pan trap","Jari Vandendriessche","",NA,"Coleoptera","other beetles"
"184","France","Ca1","Field",2024-04-04,"Other",3,1,"pantrap_ab_435","Other","","","Pan trap","Jari Vandendriessche","",NA,NA,"other"
"185","France","Ca1","Tree",2024-04-04,"Other",1,1,"pantrap_ab_486","Other","","","Pan trap","Jari Vandendriessche","",NA,NA,"other"
"186","France","ND1","Crtl2",2024-04-04,"Other",2,1,"pantrap_ab_509","Other","","","Pan trap","Jari Vandendriessche","",NA,NA,"other"
"187","France","ND1","Field",2024-04-04,"Other",3,1,"pantrap_ab_408","Other","","","Pan trap","Jari Vandendriessche","",NA,NA,"other"
"188","France","Pe1","Crtl1",2024-03-30,"Coleoptera",1,1,"pantrap_ab_427","Coleoptera indet.","","","Pan trap","Jari Vandendriessche","",NA,"Coleoptera","other beetles"
"189","France","Pe1","Crtl1",2024-03-30,"Other",3,1,"pantrap_ab_426","Other","","","Pan trap","Jari Vandendriessche","",NA,NA,"other"
"190","France","Pe1","Crtl2",2024-03-30,"Other",1,1,"pantrap_ab_475","Other","","","Pan trap","Jari Vandendriessche","",NA,NA,"other"
"191","France","Pe1","Field",2024-03-30,"Other",4,1,"pantrap_ab_397","Other","","","Pan trap","Jari Vandendriessche","",NA,NA,"other"
"192","France","Pe1","Tree",2024-03-30,"Other",1,1,"pantrap_ab_459","Other","","","Pan trap","Jari Vandendriessche","",NA,NA,"other"
"193","France","PL1","Crtl2",2024-03-30,"Aranea",2,1,"pantrap_ab_480","Aranea indet.","","","Pan trap","Jari Vandendriessche","",NA,"Araneae","spiders"
"194","France","PL1","Crtl2",2024-03-30,"Other",2,1,"pantrap_ab_479","Other","","","Pan trap","Jari Vandendriessche","",NA,NA,"other"
"195","France","PL1","Field",2024-03-30,"Aranea",1,1,"pantrap_ab_401","Aranea indet.","","","Pan trap","Jari Vandendriessche","",NA,"Araneae","spiders"
"196","France","PL1","Field",2024-03-30,"Other",1,1,"pantrap_ab_403","Other","","","Pan trap","Jari Vandendriessche","",NA,NA,"other"
"197","France","PL1","Tree",2024-03-30,"Other",1,1,"pantrap_ab_442","Other","","","Pan trap","Jari Vandendriessche","",NA,NA,"other"
"198","France","PL2","Crtl1",2024-04-02,"Other",1,1,"pantrap_ab_464","Other","","","Pan trap","Jari Vandendriessche","",NA,NA,"other"
"199","France","PL2","Crtl2",2024-04-02,"Other",1,1,"pantrap_ab_505","Other","","","Pan trap","Jari Vandendriessche","",NA,NA,"other"
"200","France","PL3","Crtl1",2024-04-02,"Coleoptera",7,1,"pantrap_ab_498","Coleoptera indet.","","","Pan trap","Jari Vandendriessche","",NA,"Coleoptera","other beetles"
"201","France","PL3","Crtl1",2024-04-02,"Other",7,1,"pantrap_ab_499","Other","","","Pan trap","Jari Vandendriessche","",NA,NA,"other"
"202","France","PL3","Crtl2",2024-04-02,"Aranea",1,1,"pantrap_ab_412","Aranea indet.","","","Pan trap","Jari Vandendriessche","",NA,"Araneae","spiders"
"203","France","PL3","Crtl2",2024-04-02,"Coleoptera",3,1,"pantrap_ab_411","Coleoptera indet.","","","Pan trap","Jari Vandendriessche","",NA,"Coleoptera","other beetles"
"204","France","PL3","Crtl2",2024-04-02,"Other",9,1,"pantrap_ab_416","Other","","","Pan trap","Jari Vandendriessche","",NA,NA,"other"
"205","France","PL3","Field",2024-04-02,"Other",1,1,"pantrap_ab_469","Other","","","Pan trap","Jari Vandendriessche","",NA,NA,"other"
"206","France","PL3","Tree",2024-04-02,"Other",3,1,"pantrap_ab_489","Other","","","Pan trap","Jari Vandendriessche","",NA,NA,"other"
"207","Portugal","JS1","Crtl1",2024-03-23,"Other",1,1,"pantrap_ab_384","Other","","","Pan trap","Jari Vandendriessche","",NA,NA,"other"
"208","Portugal","JS1","Crtl1",2024-12-02,"Aranea",1,2,"pantrap_ab_807","Aranea indet.","","","Pan trap","Jari Vandendriessche","",NA,"Araneae","spiders"
"209","Portugal","JS1","Crtl2",2024-03-23,"Aranea",1,1,"pantrap_ab_339","Aranea indet.","","","Pan trap","Jari Vandendriessche","",NA,"Araneae","spiders"
"210","Portugal","JS1","Crtl2",2024-12-02,"Aranea",1,2,"pantrap_ab_859","Aranea indet.","","","Pan trap","Jari Vandendriessche","",NA,"Araneae","spiders"
"211","Portugal","JS1","Crtl2",2024-12-02,"Coleoptera",1,2,"pantrap_ab_857","Coleoptera indet.","","","Pan trap","Jari Vandendriessche","",NA,"Coleoptera","other beetles"
"212","Portugal","JS1","Crtl2",2024-12-02,"Coleoptera",2,2,"pantrap_ab_868","Coleoptera indet.","","","Pan trap","Jari Vandendriessche","",NA,"Coleoptera","other beetles"
"213","Portugal","JS1","Crtl2",2024-12-02,"Other",1,2,"pantrap_ab_869","Other","","","Pan trap","Jari Vandendriessche","",NA,NA,"other"
"214","Portugal","JS1","Field",2024-03-23,"Aranea",1,1,"pantrap_ab_282","Aranea indet.","","","Pan trap","Jari Vandendriessche","",NA,"Araneae","spiders"
"215","Portugal","JS1","Field",2024-12-02,"Aranea",1,2,"pantrap_ab_887","Aranea indet.","","","Pan trap","Jari Vandendriessche","",NA,"Araneae","spiders"
"216","Portugal","JS1","Tree",2024-03-23,"Other",3,1,"pantrap_ab_361","Other","","","Pan trap","Jari Vandendriessche","",NA,NA,"other"
"217","Portugal","JS2","Crtl1",2024-03-23,"Aranea",1,1,"pantrap_ab_297","Aranea indet.","","","Pan trap","Jari Vandendriessche","",NA,"Araneae","spiders"
"218","Portugal","JS2","Crtl1",2024-12-02,"Coleoptera",3,2,"pantrap_ab_881","Coleoptera indet.","","","Pan trap","Jari Vandendriessche","",NA,"Coleoptera","other beetles"
"219","Portugal","JS2","Crtl2",2024-03-23,"Coleoptera",2,1,"pantrap_ab_287","Coleoptera indet.","","","Pan trap","Jari Vandendriessche","",NA,"Coleoptera","other beetles"
"220","Portugal","JS2","Crtl2",2024-03-23,"Other",1,1,"pantrap_ab_288","Other","","","Pan trap","Jari Vandendriessche","",NA,NA,"other"
"221","Portugal","JS2","Crtl2",2024-12-02,"Other",1,2,"pantrap_ab_842","Other","","","Pan trap","Jari Vandendriessche","",NA,NA,"other"
"222","Portugal","JS2","Field",2024-03-23,"Other",3,1,"pantrap_ab_332","Other","","","Pan trap","Jari Vandendriessche","",NA,NA,"other"
"223","Portugal","JS2","Field",2024-12-02,"Coleoptera",11,2,"pantrap_ab_853","Coleoptera indet.","","","Pan trap","Jari Vandendriessche","",NA,"Coleoptera","other beetles"
"224","Portugal","JS2","Tree",2024-03-23,"Coleoptera",1,1,"pantrap_ab_321","Coleoptera indet.","","","Pan trap","Jari Vandendriessche","",NA,"Coleoptera","other beetles"
"225","Portugal","JS2","Tree",2024-03-23,"Other",1,1,"pantrap_ab_322","Other","","","Pan trap","Jari Vandendriessche","",NA,NA,"other"
"226","Portugal","Mo1","Crtl1",2024-03-25,"Aranea",1,1,"pantrap_ab_295","Aranea indet.","","","Pan trap","Jari Vandendriessche","",NA,"Araneae","spiders"
"227","Portugal","Mo1","Crtl1",2024-03-25,"Other",5,1,"pantrap_ab_294","Other","","","Pan trap","Jari Vandendriessche","",NA,NA,"other"
"228","Portugal","Mo1","Crtl1",2024-12-06,"Aranea",2,2,"pantrap_ab_906","Aranea indet.","","","Pan trap","Jari Vandendriessche","",NA,"Araneae","spiders"
"229","Portugal","Mo1","Crtl1",2024-12-06,"Other",2,2,"pantrap_ab_907","Other","","","Pan trap","Jari Vandendriessche","",NA,NA,"other"
"230","Portugal","Mo1","Crtl2",2024-03-25,"Coleoptera",1,1,"pantrap_ab_377","Coleoptera indet.","","","Pan trap","Jari Vandendriessche","",NA,"Coleoptera","other beetles"
"231","Portugal","Mo1","Crtl2",2024-03-25,"Other",1,1,"pantrap_ab_378","Other","","","Pan trap","Jari Vandendriessche","",NA,NA,"other"
"232","Portugal","Mo1","Field",2024-03-25,"Coleoptera",7,1,"pantrap_ab_344","Coleoptera indet.","","","Pan trap","Jari Vandendriessche","",NA,"Coleoptera","other beetles"
"233","Portugal","Mo1","Field",2024-03-25,"Other",5,1,"pantrap_ab_346","Other","","","Pan trap","Jari Vandendriessche","",NA,NA,"other"
"234","Portugal","Mo1","Field",2024-12-06,"Coleoptera",1,2,"pantrap_ab_913","Coleoptera indet.","","","Pan trap","Jari Vandendriessche","",NA,"Coleoptera","other beetles"
"235","Portugal","Mo1","Tree",2024-03-25,"Coleoptera",1,1,"pantrap_ab_372","Coleoptera indet.","","","Pan trap","Jari Vandendriessche","",NA,"Coleoptera","other beetles"
"236","Portugal","Mo1","Tree",2024-03-25,"Other",2,1,"pantrap_ab_373","Other","","","Pan trap","Jari Vandendriessche","",NA,NA,"other"
"237","Portugal","MV1","Crtl1",2024-03-19,"Other",2,1,"pantrap_ab_284","Other","","","Pan trap","Jari Vandendriessche","",NA,NA,"other"
"238","Portugal","MV1","Crtl1",2024-12-08,"Coleoptera",1,2,"pantrap_ab_896","Coleoptera indet.","","","Pan trap","Jari Vandendriessche","",NA,"Coleoptera","other beetles"
"239","Portugal","MV1","Crtl2",2024-03-19,"Other",2,1,"pantrap_ab_390","Other","","","Pan trap","Jari Vandendriessche","",NA,NA,"other"
"240","Portugal","MV1","Crtl2",2024-12-08,"Other",1,2,"pantrap_ab_864","Other","","","Pan trap","Jari Vandendriessche","",NA,NA,"other"
"241","Portugal","MV1","Field",2024-03-19,"Other",3,1,"pantrap_ab_326","Other","","","Pan trap","Jari Vandendriessche","",NA,NA,"other"
"242","Portugal","MV1","Field",2024-12-08,"Aranea",1,2,"pantrap_ab_874","Aranea indet.","","","Pan trap","Jari Vandendriessche","",NA,"Araneae","spiders"
"243","Portugal","MV1","Field",2024-12-08,"Other",1,2,"pantrap_ab_873","Other","","","Pan trap","Jari Vandendriessche","",NA,NA,"other"
"244","Portugal","MV1","Tree",2024-03-19,"Other",1,1,"pantrap_ab_329","Other","","","Pan trap","Jari Vandendriessche","",NA,NA,"other"
"245","Portugal","MV2","Crtl1",2024-03-19,"Aranea",1,1,"pantrap_ab_338","Aranea indet.","","","Pan trap","Jari Vandendriessche","",NA,"Araneae","spiders"
"246","Portugal","MV2","Crtl1",2024-03-19,"Other",1,1,"pantrap_ab_335","Other","","","Pan trap","Jari Vandendriessche","",NA,NA,"other"
"247","Portugal","MV2","Crtl1",2024-12-08,"Other",3,2,"pantrap_ab_832","Other","","","Pan trap","Jari Vandendriessche","",NA,NA,"other"
"248","Portugal","MV2","Crtl2",2024-12-08,"Aranea",1,2,"pantrap_ab_851","Aranea indet.","","","Pan trap","Jari Vandendriessche","",NA,"Araneae","spiders"
"249","Portugal","MV2","Crtl2",2024-12-08,"Other",3,2,"pantrap_ab_848","Other","","","Pan trap","Jari Vandendriessche","",NA,NA,"other"
"250","Portugal","MV2","Field",2024-03-19,"Aranea",1,1,"pantrap_ab_308","Aranea indet.","","","Pan trap","Jari Vandendriessche","",NA,"Araneae","spiders"
"251","Portugal","MV2","Field",2024-03-19,"Other",1,1,"pantrap_ab_311","Other","","","Pan trap","Jari Vandendriessche","",NA,NA,"other"
"252","Portugal","MV2","Field",2024-12-08,"Aranea",1,2,"pantrap_ab_813","Aranea indet.","","","Pan trap","Jari Vandendriessche","",NA,"Araneae","spiders"
"253","Portugal","MV2","Field",2024-12-08,"Coleoptera",1,2,"pantrap_ab_810","Coleoptera indet.","","","Pan trap","Jari Vandendriessche","",NA,"Coleoptera","other beetles"
"254","Portugal","MV2","Tree",2024-03-19,"Coleoptera",1,1,"pantrap_ab_314","Coleoptera indet.","","","Pan trap","Jari Vandendriessche","",NA,"Coleoptera","other beetles"
"255","Portugal","MV2","Tree",2024-03-19,"Other",5,1,"pantrap_ab_313","Other","","","Pan trap","Jari Vandendriessche","",NA,NA,"other"
"256","Portugal","MV2","Tree",2024-12-08,"Aranea",1,2,"pantrap_ab_824","Aranea indet.","","","Pan trap","Jari Vandendriessche","",NA,"Araneae","spiders"
"257","Portugal","MV2","Tree",2024-12-08,"Coleoptera",1,2,"pantrap_ab_825","Coleoptera indet.","","","Pan trap","Jari Vandendriessche","",NA,"Coleoptera","other beetles"
"258","Portugal","MV2","Tree",2024-12-08,"Other",1,2,"pantrap_ab_823","Other","","","Pan trap","Jari Vandendriessche","",NA,NA,"other"
"259","Portugal","MV3","Crtl1",2024-12-10,"Other",2,2,"pantrap_ab_818","Other","","","Pan trap","Jari Vandendriessche","",NA,NA,"other"
"260","Portugal","MV3","Crtl2",2024-03-21,"Coleoptera",1,1,"pantrap_ab_355","Coleoptera indet.","","","Pan trap","Jari Vandendriessche","",NA,"Coleoptera","other beetles"
"261","Portugal","MV3","Crtl2",2024-03-21,"Other",1,1,"pantrap_ab_358","Other","","","Pan trap","Jari Vandendriessche","",NA,NA,"other"
"262","Portugal","MV3","Field",2024-03-21,"Aranea",1,1,"pantrap_ab_350","Aranea indet.","","","Pan trap","Jari Vandendriessche","",NA,"Araneae","spiders"
"263","Portugal","MV3","Field",2024-03-21,"Other",5,1,"pantrap_ab_351","Other","","","Pan trap","Jari Vandendriessche","",NA,NA,"other"
"264","Portugal","MV3","Tree",2024-03-21,"Other",4,1,"pantrap_ab_369","Other","","","Pan trap","Jari Vandendriessche","",NA,NA,"other"
"265","Portugal","MV3","Tree",2024-12-10,"Aranea",1,2,"pantrap_ab_836","Aranea indet.","","","Pan trap","Jari Vandendriessche","",NA,"Araneae","spiders"
"266","Portugal","MV3","Tree",2024-12-10,"Other",1,2,"pantrap_ab_837","Other","","","Pan trap","Jari Vandendriessche","",NA,NA,"other"
"267","UK","Ar1","Crtl1",2024-06-16,"Aranea",1,1,"pantrap_ab_26","Aranea indet.","","","Pan trap","Jari Vandendriessche","",NA,"Araneae","spiders"
"268","UK","Ar1","Crtl1",2024-06-16,"Coleoptera",2,1,"pantrap_ab_28","Coleoptera indet.","","","Pan trap","Jari Vandendriessche","",NA,"Coleoptera","other beetles"
"269","UK","Ar1","Crtl1",2024-06-16,"Other",1,1,"pantrap_ab_27","Other","","","Pan trap","Jari Vandendriessche","",NA,NA,"other"
"270","UK","Ar1","Crtl2",2024-06-16,"Aranea",1,1,"pantrap_ab_54","Aranea indet.","","","Pan trap","Jari Vandendriessche","",NA,"Araneae","spiders"
"271","UK","Ar1","Field",2024-06-16,"Aranea",5,1,"pantrap_ab_1","Aranea indet.","","","Pan trap","Jari Vandendriessche","",NA,"Araneae","spiders"
"272","UK","Be1","Crtl1",2024-06-18,"Aranea",3,1,"pantrap_ab_46","Aranea indet.","","","Pan trap","Jari Vandendriessche","",NA,"Araneae","spiders"
"273","UK","Be1","Crtl1",2024-06-18,"Other",1,1,"pantrap_ab_44","Other","","","Pan trap","Jari Vandendriessche","",NA,NA,"other"
"274","UK","Be1","Crtl1",2024-06-18,"Other",8,1,"pantrap_ab_48","Other","","","Pan trap","Jari Vandendriessche","",NA,NA,"other"
"275","UK","Be1","Field",2024-06-18,"Aranea",1,1,"pantrap_ab_38","Aranea indet.","","","Pan trap","Jari Vandendriessche","",NA,"Araneae","spiders"
"276","UK","Be1","Field",2024-06-18,"Other",13,1,"pantrap_ab_39","Other","","","Pan trap","Jari Vandendriessche","",NA,NA,"other"
"277","UK","Be1","Tree",2024-06-18,"Other",1,1,"pantrap_ab_72","Other","","","Pan trap","Jari Vandendriessche","",NA,NA,"other"
"278","UK","Be2","Field",2024-06-18,"Other",5,1,"pantrap_ab_112","Other","","","Pan trap","Jari Vandendriessche","",NA,NA,"other"
"279","UK","Be2","Tree",2024-06-18,"Aranea",1,1,"pantrap_ab_57","Aranea indet.","","","Pan trap","Jari Vandendriessche","",NA,"Araneae","spiders"
"280","UK","Be2","Tree",2024-06-18,"Coleoptera",1,1,"pantrap_ab_58","Coleoptera indet.","","","Pan trap","Jari Vandendriessche","",NA,"Coleoptera","other beetles"
"281","UK","Be2","Tree",2024-06-18,"Other",1,1,"pantrap_ab_61","Other","","","Pan trap","Jari Vandendriessche","",NA,NA,"other"
"282","UK","Pe1","Crtl2",2024-06-23,"Aranea",1,1,"pantrap_ab_77","Aranea indet.","","","Pan trap","Jari Vandendriessche","",NA,"Araneae","spiders"
"283","UK","Pe1","Crtl2",2024-06-23,"Other",1,1,"pantrap_ab_78","Other","","","Pan trap","Jari Vandendriessche","",NA,NA,"other"
"284","UK","St1","Crtl1",2024-06-16,"Other",3,1,"pantrap_ab_24","Other","","","Pan trap","Jari Vandendriessche","",NA,NA,"other"
"285","UK","St1","Crtl2",2024-06-16,"Coleoptera",1,1,"pantrap_ab_7","Coleoptera indet.","","","Pan trap","Jari Vandendriessche","",NA,"Coleoptera","other beetles"
"286","UK","St1","Tree",2024-06-16,"Aranea",1,1,"pantrap_ab_13","Aranea indet.","","","Pan trap","Jari Vandendriessche","",NA,"Araneae","spiders"
"287","UK","St1","Tree",2024-06-16,"Gastropoda",1,1,"pantrap_ab_11","Gastropoda indet.","","","Pan trap","Jari Vandendriessche","",NA,"Gastropoda","other"
"288","UK","St1","Tree",2024-06-16,"Isopoda",5,1,"pantrap_ab_16","Isopoda indet.","","","Pan trap","Jari Vandendriessche","",NA,"Isopoda","woodlice"
"289","UK","St1","Tree",2024-06-16,"Other",1,1,"pantrap_ab_12","Other","","","Pan trap","Jari Vandendriessche","",NA,NA,"other"
"290","UK","Wo1","Crtl1",2024-06-23,"Coleoptera",1,1,"pantrap_ab_65","Coleoptera indet.","","","Pan trap","Jari Vandendriessche","",NA,"Coleoptera","other beetles"
"291","UK","Wo1","Crtl1",2024-06-23,"Other",4,1,"pantrap_ab_64","Other","","","Pan trap","Jari Vandendriessche","",NA,NA,"other"
"292","UK","Wo1","Field",2024-06-23,"Coleoptera",1,1,"pantrap_ab_106","Coleoptera indet.","","","Pan trap","Jari Vandendriessche","",NA,"Coleoptera","other beetles"
"293","UK","Wo1","Field",2024-06-23,"Other",8,1,"pantrap_ab_109","Other","","","Pan trap","Jari Vandendriessche","",NA,NA,"other"
"294","UK","Wo1","Tree",2024-06-23,"Other",4,1,"pantrap_ab_88","Other","","","Pan trap","Jari Vandendriessche","",NA,NA,"other"
"295","Belgium","Lo2","Crtl1",2024-05-14,"Aranea",1,1,"spiders_JVK_1259","Linyphiidae indet.","","","Pan trap","Johan Van De Keer","juv","Linyphiidae","Araneae","spiders"
"296","Belgium","Lo1","Crtl1",2024-05-14,"Aranea",1,1,"spiders_JVK_1260","Bathyphantes spec.","","","Pan trap","Johan Van De Keer","juv","Linyphiidae","Araneae","spiders"
"297","Belgium","Zo1","Crtl1",2024-05-17,"Aranea",1,1,"spiders_JVK_1261","Prinerigone vagans","M","","Pan trap","Johan Van De Keer","Ad","Linyphiidae","Araneae","spiders"
"298","Belgium","Lo2","Tree",2024-09-06,"Aranea",1,2,"spiders_JVK_1262","Xysticus spec.","","","Pan trap","Johan Van De Keer","juv","Thomisidae","Araneae","spiders"
"299","Belgium","Zo2","Field",2024-09-11,"Aranea",1,2,"spiders_JVK_1263","Linyphiidae indet.","","","Pan trap","Johan Van De Keer","juv","Linyphiidae","Araneae","spiders"
"300","Belgium","Lo1","Crtl2",2024-05-14,"Aranea",1,1,"spiders_JVK_1264","Tenuiphantes tenuis","M","","Pan trap","Johan Van De Keer","Ad","Linyphiidae","Araneae","spiders"
"301","Belgium","Lo1","Crtl2",2024-05-14,"Aranea",1,1,"spiders_JVK_1265","Tenuiphantes tenuis","F","","Pan trap","Johan Van De Keer","Ad","Linyphiidae","Araneae","spiders"
"302","Belgium","It1","Crtl2",2024-05-20,"Aranea",1,1,"spiders_JVK_1266","Tenuiphantes tenuis","M","","Pan trap","Johan Van De Keer","Ad","Linyphiidae","Araneae","spiders"
"303","Belgium","Ur1","Crtl1",2024-05-17,"Aranea",1,1,"spiders_JVK_1267","Pardosa palustris","M","","Pan trap","Johan Van De Keer","Ad","Lycosidae","Araneae","spiders"
"304","Belgium","Zo2","Crtl2",2024-09-11,"Aranea",1,2,"spiders_JVK_1268","Agyneta rurestris","F","","Pan trap","Johan Van De Keer","Ad","Linyphiidae","Araneae","spiders"
"305","Belgium","Zo2","Crtl2",2024-09-11,"Aranea",2,2,"spiders_JVK_1269","Pardosa spec.","","","Pan trap","Johan Van De Keer","juv","Lycosidae","Araneae","spiders"
"306","Belgium","Ur1","Field",2024-09-11,"Aranea",1,2,"spiders_JVK_1270","Erigone atra","F","","Pan trap","Johan Van De Keer","Ad","Linyphiidae","Araneae","spiders"
"307","Belgium","Zo1","Tree",2024-09-11,"Aranea",1,2,"spiders_JVK_1271","Philodromus spec.","","","Pan trap","Johan Van De Keer","juv","Philodromidae","Araneae","spiders"
"308","Belgium","Zo1","Tree",2024-05-17,"Aranea",1,1,"spiders_JVK_1272","Nigma flavescens","M","","Pan trap","Johan Van De Keer","Ad","Dictynidae","Araneae","spiders"
"309","Belgium","Zo2","Crtl1",2024-09-11,"Aranea",1,2,"spiders_JVK_1273","Erigone dentipalpis","F","","Pan trap","Johan Van De Keer","Ad","Linyphiidae","Araneae","spiders"
"310","Belgium","Zo1","Crtl2",2024-05-17,"Aranea",1,1,"spiders_JVK_1274","Pardosa tenuipes","M","","Pan trap","Johan Van De Keer","Ad","Lycosidae","Araneae","spiders"
"311","Belgium","Zo1","Crtl2",2024-05-17,"Aranea",1,1,"spiders_JVK_1275","Pardosa amentata","M","","Pan trap","Johan Van De Keer","Ad","Lycosidae","Araneae","spiders"
"312","Belgium","Lo1","Tree",2024-05-14,"Aranea",1,1,"spiders_JVK_1276","Anelosimus vittatus","M","","Pan trap","Johan Van De Keer","Ad","Theridiidae","Araneae","spiders"
"313","Belgium","Ur1","Crtl2",2024-05-17,"Aranea",1,1,"spiders_JVK_1277","Pardosa tenuipes","F","","Pan trap","Johan Van De Keer","Ad","Lycosidae","Araneae","spiders"
"314","Belgium","Zo1","Field",2024-05-17,"Aranea",1,1,"spiders_JVK_1278","Xysticus cristatus","M","","Pan trap","Johan Van De Keer","Ad","Thomisidae","Araneae","spiders"
"315","Belgium","Zo1","Field",2024-05-17,"Aranea",2,1,"spiders_JVK_1279","Pardosa tenuipes","M","","Pan trap","Johan Van De Keer","Ad","Lycosidae","Araneae","spiders"
"316","UK","Pe1","Crtl2",2024-06-23,"Aranea",1,1,"spiders_JVK_1280","Clubiona phragmitis","M","","Pan trap","Johan Van De Keer","Ad","Clubionidae","Araneae","spiders"
"317","UK","Be1","Field",2024-06-18,"Aranea",1,1,"spiders_JVK_1281","Tenuiphantes tenuis","M","","Pan trap","Johan Van De Keer","Ad","Linyphiidae","Araneae","spiders"
"318","UK","Be2","Tree",2024-06-18,"Aranea",1,1,"spiders_JVK_1282","Philodromus spec.","","","Pan trap","Johan Van De Keer","juv","Philodromidae","Araneae","spiders"
"319","UK","Pe1","Tree",2024-06-23,"Aranea",1,1,"spiders_JVK_1283","Tenuiphantes tenuis","M","","Pan trap","Johan Van De Keer","Ad","Linyphiidae","Araneae","spiders"
"320","UK","Pe1","Tree",2024-06-23,"Aranea",1,1,"spiders_JVK_1284","Pardosa spec.","","","Pan trap","Johan Van De Keer","juv","Lycosidae","Araneae","spiders"
"321","UK","Ar1","Field",2024-06-16,"Aranea",1,1,"spiders_JVK_1285","Pardosa prativaga","M","","Pan trap","Johan Van De Keer","Ad","Lycosidae","Araneae","spiders"
"322","UK","Ar1","Field",2024-06-16,"Aranea",1,1,"spiders_JVK_1286","Pardosa palustris","M","","Pan trap","Johan Van De Keer","Ad","Lycosidae","Araneae","spiders"
"323","UK","Ar1","Field",2024-06-16,"Aranea",2,1,"spiders_JVK_1287","Pachygnatha degeeri","M","","Pan trap","Johan Van De Keer","Ad","Tetragnathidae","Araneae","spiders"
"324","UK","Ar1","Crtl1",2024-06-16,"Aranea",1,1,"spiders_JVK_1288","Tenuiphantes tenuis","M","","Pan trap","Johan Van De Keer","Ad","Linyphiidae","Araneae","spiders"
"325","UK","Be1","Crtl1",2024-06-18,"Aranea",1,1,"spiders_JVK_1289","Pardosa palustris","F","","Pan trap","Johan Van De Keer","Ad","Lycosidae","Araneae","spiders"
"326","UK","Pe1","Crtl1",2024-06-23,"Aranea",1,1,"spiders_JVK_1290","Erigone atra","F","","Pan trap","Johan Van De Keer","Ad","Linyphiidae","Araneae","spiders"
"327","UK","Wo1","Crtl2",2024-06-23,"Aranea",1,1,"spiders_JVK_1291","Pardosa palustris","M","","Pan trap","Johan Van De Keer","Ad","Lycosidae","Araneae","spiders"
"328","France","PL1","Field",2024-03-30,"Aranea",1,1,"spiders_JVK_1292","Linyphiidae indet.","","","Pan trap","Johan Van De Keer","juv","Linyphiidae","Araneae","spiders"
"329","France","Ca1","Field",2024-04-04,"Aranea",1,1,"spiders_JVK_1293","Synema spec.","","","Pan trap","Johan Van De Keer","juv","Thomisidae","Araneae","spiders"
"330","France","PL1","Crtl2",2024-03-30,"Aranea",1,1,"spiders_JVK_1294","Pardosa hortensis","M","","Pan trap","Johan Van De Keer","Ad","Lycosidae","Araneae","spiders"
"331","France","PL1","Crtl2",2024-03-30,"Aranea",1,1,"spiders_JVK_1295","Pardosa proxima","M","","Pan trap","Johan Van De Keer","Ad","Lycosidae","Araneae","spiders"
"332","France","PL3","Crtl2",2024-04-02,"Aranea",1,1,"spiders_JVK_1296","Synema globosum","F","","Pan trap","Johan Van De Keer","Ad","Thomisidae","Araneae","spiders"
"333","France","PL3","Crtl2",2024-04-02,"Aranea",1,1,"spiders_JVK_1297","Xysticus acerbus","M","","Pan trap","Johan Van De Keer","Ad","Thomisidae","Araneae","spiders"
"334","France","Ca1","Crtl2",2024-04-04,"Aranea",1,1,"spiders_JVK_1298","Pelecopsis inedita","M","","Pan trap","Johan Van De Keer","Ad","Linyphiidae","Araneae","spiders"
"335","Czechia","Ve1","Crtl2",2024-06-06,"Aranea",1,1,"spiders_JVK_1299","Pardosa palustris","M","","Pan trap","Johan Van De Keer","Ad","Lycosidae","Araneae","spiders"
"336","Czechia","Ve1","Crtl1",2024-06-06,"Aranea",1,1,"spiders_JVK_1300","Neottiura bimaculata","M","","Pan trap","Johan Van De Keer","Ad","Theridiidae","Araneae","spiders"
"337","Czechia","Za1","Tree",2024-09-23,"Aranea",1,2,"spiders_JVK_1410","Xysticus spec.","","","Pan trap","Johan Van De Keer","juv","Thomisidae","Araneae","spiders"
"338","Czechia","Hu1","Tree",2024-06-06,"Aranea",1,1,"spiders_JVK_1413","Pardosa palustris","M","","Pan trap","Johan Van De Keer","Ad","Lycosidae","Araneae","spiders"
"339","Czechia","Pr1","Crtl1",2024-09-25,"Aranea",1,2,"spiders_JVK_1414","Agyneta rurestris","F","","Pan trap","Johan Van De Keer","Ad","Linyphiidae","Araneae","spiders"
"340","Czechia","Za1","Crtl1",2024-06-02,"Aranea",1,1,"spiders_JVK_1415","Araneae indet.","","","Pan trap","Johan Van De Keer","juv",NA,"Araneae","spiders"
"341","Czechia","Ve1","Tree",2024-09-27,"Aranea",1,2,"spiders_JVK_1416","Araneae indet.","","","Pan trap","Johan Van De Keer","juv",NA,"Araneae","spiders"
"342","Czechia","Ve1","Field",2024-06-06,"Aranea",1,1,"spiders_JVK_1417","Pardosa palustris","M","","Pan trap","Johan Van De Keer","Ad","Lycosidae","Araneae","spiders"
"343","Czechia","Sa1","Tree",2024-05-31,"Aranea",1,1,"spiders_JVK_1418","Linyphiidae indet.","","","Pan trap","Johan Van De Keer","juv","Linyphiidae","Araneae","spiders"
"344","Czechia","Pr1","Crtl2",2024-06-04,"Aranea",1,1,"spiders_JVK_1419","Phylloneta impressa","F","","Pan trap","Johan Van De Keer","Ad","Theridiidae","Araneae","spiders"
"345","Czechia","Pr1","Crtl2",2024-06-04,"Aranea",1,1,"spiders_JVK_1420","Erigone dentosa","M","CJVK","Pan trap","Johan Van De Keer","Ad","Linyphiidae","Araneae","spiders"
"346","Czechia","Ve1","Tree",2024-06-06,"Aranea",1,1,"spiders_JVK_1421","Agyneta affinis","M","","Pan trap","Johan Van De Keer","Ad","Linyphiidae","Araneae","spiders"
"347","Czechia","Ve1","Field",2024-09-27,"Aranea",1,2,"spiders_JVK_1422","Araneae indet.","","","Pan trap","Johan Van De Keer","juv",NA,"Araneae","spiders"
"348","Czechia","Pr1","Crtl2",2024-09-25,"Aranea",1,2,"spiders_JVK_1423","Agyneta rurestris","F","","Pan trap","Johan Van De Keer","Ad","Linyphiidae","Araneae","spiders"
"349","Czechia","Sa1","Crtl1",2024-05-31,"Aranea",1,1,"spiders_JVK_1424","Oedothorax apicatus","M","","Pan trap","Johan Van De Keer","Ad","Linyphiidae","Araneae","spiders"
"350","Czechia","Sa1","Crtl2",2024-09-19,"Aranea",1,2,"spiders_JVK_1425","Xysticus spec.","","","Pan trap","Johan Van De Keer","juv","Thomisidae","Araneae","spiders"
"351","Czechia","Sa2","Tree",2024-09-19,"Aranea",1,2,"spiders_JVK_1426","Theridiidae indet.","","","Pan trap","Johan Van De Keer","juv","Theridiidae","Araneae","spiders"
"352","Czechia","Pr1","Tree",2024-06-04,"Aranea",1,1,"spiders_JVK_1427","Phylloneta impressa","F","","Pan trap","Johan Van De Keer","Ad","Theridiidae","Araneae","spiders"
"353","Portugal","MV2","Crtl2",2024-12-08,"Aranea",1,2,"spiders_JVK_1467","Enoplognatha spec.","","","Pan trap","Johan Van De Keer","juv","Theridiidae","Araneae","spiders"
"354","Portugal","MV2","Field",2024-12-08,"Aranea",1,2,"spiders_JVK_1486","Araneae indet.","","","Pan trap","Johan Van De Keer","juv",NA,"Araneae","spiders"
"355","Portugal","Mo1","Crtl1",2024-12-06,"Aranea",1,2,"spiders_JVK_1487","Setaphis spec.","","","Pan trap","Johan Van De Keer","juv","Gnaphosidae","Araneae","spiders"
"356","Portugal","MV3","Field",2024-03-21,"Aranea",1,1,"spiders_JVK_1488","Lasaeola testaceomarginata","M","CJVK","Pan trap","Johan Van De Keer","Ad","Theridiidae","Araneae","spiders"
"357","Portugal","MV3","Tree",2024-12-10,"Aranea",1,2,"spiders_JVK_1489","Thanatus spec.","","","Pan trap","Johan Van De Keer","juv","Philodromidae","Araneae","spiders"
"358","Portugal","JS1","Field",2024-03-23,"Aranea",1,1,"spiders_JVK_1490","Agyneta spec.","","","Pan trap","Johan Van De Keer","juv","Linyphiidae","Araneae","spiders"
"359","Portugal","MV2","Field",2024-03-19,"Aranea",1,1,"spiders_JVK_1492","Thanatus spec.","","","Pan trap","Johan Van De Keer","juv","Philodromidae","Araneae","spiders"
"360","Portugal","MV2","Crtl1",2024-03-19,"Aranea",1,1,"spiders_JVK_1493","Agyneta spec.","","","Pan trap","Johan Van De Keer","juv","Linyphiidae","Araneae","spiders"
"361","Portugal","JS2","Crtl1",2024-03-23,"Aranea",1,1,"spiders_JVK_1495","Linyphiidae indet.","","","Pan trap","Johan Van De Keer","juv","Linyphiidae","Araneae","spiders"
"362","Portugal","JS1","Crtl1",2024-12-02,"Aranea",1,2,"spiders_JVK_1498","Enoplognatha spec.","","","Pan trap","Johan Van De Keer","juv","Theridiidae","Araneae","spiders"
"363","Portugal","MV2","Tree",2024-12-08,"Aranea",1,2,"spiders_JVK_1499","Araneae indet.","","","Pan trap","Johan Van De Keer","juv",NA,"Araneae","spiders"
"364","Portugal","Mo1","Crtl1",2024-03-25,"Aranea",1,1,"spiders_JVK_1500","Linyphiidae indet.","","","Pan trap","Johan Van De Keer","juv","Linyphiidae","Araneae","spiders"
"365","France","PL3","Field",2024-04-02,"Lepidoptera",1,1,"lepidoptera_JV_1","Callophrys rubi","","","Pan trap","Jari Vandendriessche","Ad","Lycaenidae","Lepidoptera","lepidoptera"
"366","Portugal","MV1","Crtl2",2024-03-19,"Lepidoptera",1,1,"lepidoptera_JV_2","Euchloe belemia","","","Pan trap","Jari Vandendriessche","Ad","Pieridae","Lepidoptera","lepidoptera"
"367","Portugal","MV2","Field",2024-03-19,"Lepidoptera",2,1,"lepidoptera_JV_3","Euchloe belemia","","","Pan trap","Jari Vandendriessche","Ad","Pieridae","Lepidoptera","lepidoptera"
"368","France","Ca1","Field",2024-04-04,"Lepidoptera",1,1,"lepidoptera_JV_4","Carcharodus alceae","","","Pan trap","Jari Vandendriessche","Ad","Hesperiidae","Lepidoptera","lepidoptera"
"369","France","Ca1","Field",2024-04-04,"Lepidoptera",1,1,"lepidoptera_JV_5","Autographa gamma","","","Pan trap","Jari Vandendriessche","Ad","Noctuidae","Lepidoptera","lepidoptera"
"370","Belgium","Lo1","Crtl1",2024-05-14,"Lepidoptera",1,1,"lepidoptera_JV_6","Autographa gamma","","","Pan trap","Jari Vandendriessche","Ad","Noctuidae","Lepidoptera","lepidoptera"
"371","Czechia","Sa1","Tree",2024-05-31,"Lepidoptera",6,1,"lepidoptera_JV_7","Coenonympha pamphilus","","","Pan trap","Jari Vandendriessche","Ad","Nymphalidae","Lepidoptera","lepidoptera"
"372","Portugal","Mo1","Crtl1",2024-03-25,"Lepidoptera",1,1,"lepidoptera_JV_8","Euchloe belemia","","","Pan trap","Jari Vandendriessche","Ad","Pieridae","Lepidoptera","lepidoptera"
"373","Portugal","MV1","Crtl1",2024-03-19,"Lepidoptera",2,1,"lepidoptera_JV_9","Euchloe belemia","","","Pan trap","Jari Vandendriessche","Ad","Pieridae","Lepidoptera","lepidoptera"
"374","Czechia","Sa2","Field",2024-05-31,"Lepidoptera",1,1,"lepidoptera_JV_10","Coenonympha pamphilus","","","Pan trap","Jari Vandendriessche","Ad","Nymphalidae","Lepidoptera","lepidoptera"
"375","Czechia","Za1","Tree",2024-06-02,"Lepidoptera",1,1,"lepidoptera_JV_11","Coenonympha pamphilus","","","Pan trap","Jari Vandendriessche","Ad","Nymphalidae","Lepidoptera","lepidoptera"
"376","Czechia","Hu1","Tree",2024-06-06,"Lepidoptera",1,1,"lepidoptera_JV_12","Coenonympha pamphilus","","","Pan trap","Jari Vandendriessche","Ad","Nymphalidae","Lepidoptera","lepidoptera"
"377","Czechia","Ve1","Crtl1",2024-06-06,"Lepidoptera",2,1,"lepidoptera_JV_13","Coenonympha pamphilus","","","Pan trap","Jari Vandendriessche","Ad","Nymphalidae","Lepidoptera","lepidoptera"
"378","Czechia","Ve1","Tree",2024-06-06,"Lepidoptera",1,1,"lepidoptera_JV_14","Autographa gamma","","","Pan trap","Jari Vandendriessche","Ad","Noctuidae","Lepidoptera","lepidoptera"
"379","Portugal","MV1","Crtl2",2024-03-19,"Lepidoptera",7,1,"lepidoptera_JV_15","Euchloe belemia","","","Pan trap","Jari Vandendriessche","Ad","Pieridae","Lepidoptera","lepidoptera"
"380","Czechia","Hu1","Field",2024-06-06,"Lepidoptera",1,1,"lepidoptera_JV_16","Plutella xylostella","","","Pan trap","Jari Vandendriessche","Ad","Plutellidae","Lepidoptera","lepidoptera"
"381","Czechia","Hu1","Field",2024-06-06,"Lepidoptera",1,1,"lepidoptera_JV_17","Microlepidoptera indet.","","","Pan trap","Jari Vandendriessche","Ad",NA,"Lepidoptera","lepidoptera"
"382","Czechia","Hu1","Crtl2",2024-06-06,"Lepidoptera",1,1,"lepidoptera_JV_18","Microlepidoptera indet.","","","Pan trap","Jari Vandendriessche","Ad",NA,"Lepidoptera","lepidoptera"
"383","Czechia","Hu1","Crtl2",2024-06-06,"Lepidoptera",1,1,"lepidoptera_JV_19","Microlepidoptera indet.","","","Pan trap","Jari Vandendriessche","Ad",NA,"Lepidoptera","lepidoptera"
"384","Czechia","Hu1","Crtl1",2024-06-06,"Lepidoptera",1,1,"lepidoptera_JV_20","Microlepidoptera indet.","","","Pan trap","Jari Vandendriessche","Ad",NA,"Lepidoptera","lepidoptera"
"385","Czechia","Hu1","Crtl1",2024-06-06,"Lepidoptera",1,1,"lepidoptera_JV_21","Microlepidoptera indet.","","","Pan trap","Jari Vandendriessche","Ad",NA,"Lepidoptera","lepidoptera"
"386","Czechia","Sa1","Tree",2024-05-31,"Lepidoptera",1,1,"lepidoptera_JV_22","Microlepidoptera indet.","","","Pan trap","Jari Vandendriessche","Ad",NA,"Lepidoptera","lepidoptera"
"387","Czechia","Ve1","Crtl2",2024-06-06,"Lepidoptera",1,1,"lepidoptera_JV_23","Microlepidoptera indet.","","","Pan trap","Jari Vandendriessche","Ad",NA,"Lepidoptera","lepidoptera"
"388","Portugal","MV1","Field",2024-03-19,"Lepidoptera",1,1,"lepidoptera_JV_24","Euchloe belemia","","","Pan trap","Jari Vandendriessche","Ad","Pieridae","Lepidoptera","lepidoptera"
"389","Portugal","MV1","Field",2024-03-19,"Lepidoptera",1,1,"lepidoptera_JV_25","Leucania obsoleta","","","Pan trap","Jari Vandendriessche","Ad","Noctuidae","Lepidoptera","lepidoptera"
"390","Portugal","MV1","Field",2024-03-19,"Lepidoptera",1,1,"lepidoptera_JV_26","Mamestra brassicae","","","Pan trap","Jari Vandendriessche","Ad","Noctuidae","Lepidoptera","lepidoptera"
"391","Portugal","MV1","Field",2024-03-19,"Lepidoptera",1,1,"lepidoptera_JV_27","Adscita spec.","","","Pan trap","Jari Vandendriessche","Ad","Zygaenidae","Lepidoptera","lepidoptera"
"392","Portugal","MV1","Field",2024-03-19,"Lepidoptera",1,1,"lepidoptera_JV_28","Adscita spec.","","","Pan trap","Jari Vandendriessche","Ad","Zygaenidae","Lepidoptera","lepidoptera"
"393","Portugal","MV1","Field",2024-03-19,"Lepidoptera",1,1,"lepidoptera_JV_29","Plagodis pulveraria","","","Pan trap","Jari Vandendriessche","Ad","Geometridae","Lepidoptera","lepidoptera"
"394","Portugal","MV1","Field",2024-03-19,"Lepidoptera",1,1,"lepidoptera_JV_30","Aspitates gilvaria","","","Pan trap","Jari Vandendriessche","Ad","Geometridae","Lepidoptera","lepidoptera"
"395","Portugal","MV1","Field",2024-03-19,"Lepidoptera",1,1,"lepidoptera_JV_31","Microlepidoptera indet.","","","Pan trap","Jari Vandendriessche","Ad",NA,"Lepidoptera","lepidoptera"
"396","Portugal","MV1","Field",2024-03-19,"Lepidoptera",1,1,"lepidoptera_JV_32","Geometridae indet.","","","Pan trap","Jari Vandendriessche","Ad","Geometridae","Lepidoptera","lepidoptera"
"397","Portugal","MV1","Field",2024-03-19,"Lepidoptera",1,1,"lepidoptera_JV_33","Geometridae indet.","","","Pan trap","Jari Vandendriessche","Ad","Geometridae","Lepidoptera","lepidoptera"
"398","Portugal","JS2","Field",2024-03-23,"Lepidoptera",1,1,"lepidoptera_JV_34","Leptoceridae indet.","","","Pan trap","Jari Vandendriessche","Ad","Leptoceridae","Trichoptera","other"
"399","Portugal","MV1","Field",2024-03-19,"Lepidoptera",1,1,"lepidoptera_JV_35","Prays fraxinella","","","Pan trap","Jari Vandendriessche","Ad","Praydidae","Lepidoptera","lepidoptera"
"400","Portugal","MV1","Field",2024-03-19,"Lepidoptera",1,1,"lepidoptera_JV_36","Microlepidoptera indet.","","","Pan trap","Jari Vandendriessche","Ad",NA,"Lepidoptera","lepidoptera"
"401","Portugal","MV1","Field",2024-03-19,"Lepidoptera",1,1,"lepidoptera_JV_37","Microlepidoptera indet.","","","Pan trap","Jari Vandendriessche","Ad",NA,"Lepidoptera","lepidoptera"
"402","Portugal","MV1","Field",2024-03-19,"Lepidoptera",1,1,"lepidoptera_JV_38","Microlepidoptera indet.","","","Pan trap","Jari Vandendriessche","Ad",NA,"Lepidoptera","lepidoptera"
"403","Portugal","MV1","Field",2024-03-19,"Lepidoptera",1,1,"lepidoptera_JV_39","Microlepidoptera indet.","","","Pan trap","Jari Vandendriessche","Ad",NA,"Lepidoptera","lepidoptera"
"404","Portugal","MV1","Field",2024-03-19,"Lepidoptera",1,1,"lepidoptera_JV_40","Microlepidoptera indet.","","","Pan trap","Jari Vandendriessche","Ad",NA,"Lepidoptera","lepidoptera"
"405","Portugal","MV1","Field",2024-03-19,"Lepidoptera",1,1,"lepidoptera_JV_41","Microlepidoptera indet.","","","Pan trap","Jari Vandendriessche","Ad",NA,"Lepidoptera","lepidoptera"
"406","Portugal","MV1","Field",2024-03-19,"Lepidoptera",1,1,"lepidoptera_JV_42","Microlepidoptera indet.","","","Pan trap","Jari Vandendriessche","Ad",NA,"Lepidoptera","lepidoptera"
"407","Portugal","MV1","Field",2024-03-19,"Lepidoptera",1,1,"lepidoptera_JV_43","Microlepidoptera indet.","","","Pan trap","Jari Vandendriessche","Ad",NA,"Lepidoptera","lepidoptera"
"408","Portugal","MV1","Field",2024-03-19,"Lepidoptera",1,1,"lepidoptera_JV_44","Microlepidoptera indet.","","","Pan trap","Jari Vandendriessche","Ad",NA,"Lepidoptera","lepidoptera"
"409","France","Pe1","Field",2024-03-30,"Lepidoptera",1,1,"lepidoptera_JV_45","Plutella xylostella","","","Pan trap","Jari Vandendriessche","Ad","Plutellidae","Lepidoptera","lepidoptera"
"410","France","Pe1","Field",2024-03-30,"Lepidoptera",1,1,"lepidoptera_JV_46","Plutella xylostella","","","Pan trap","Jari Vandendriessche","Ad","Plutellidae","Lepidoptera","lepidoptera"
"411","France","Pe1","Field",2024-03-30,"Lepidoptera",1,1,"lepidoptera_JV_47","Plutella xylostella","","","Pan trap","Jari Vandendriessche","Ad","Plutellidae","Lepidoptera","lepidoptera"
"412","France","Ca1","Crtl2",2024-04-04,"Lepidoptera",1,1,"lepidoptera_JV_48","Pyrausta despicata","","","Pan trap","Jari Vandendriessche","Ad","Crambidae","Lepidoptera","lepidoptera"
"413","France","Ca1","Crtl2",2024-04-04,"Lepidoptera",1,1,"lepidoptera_JV_49","Carcharodus alceae","","","Pan trap","Jari Vandendriessche","Ad","Hesperiidae","Lepidoptera","lepidoptera"
"414","Belgium","It2","Crtl2",2024-05-20,"Lepidoptera",1,1,"lepidoptera_JV_50","Microlepidoptera indet.","","","Pan trap","Jari Vandendriessche","Ad",NA,"Lepidoptera","lepidoptera"
"415","Belgium","It1","Tree",2024-05-20,"Lepidoptera",1,1,"lepidoptera_JV_51","Microlepidoptera indet.","","","Pan trap","Jari Vandendriessche","Ad",NA,"Lepidoptera","lepidoptera"
"416","Belgium","It1","Tree",2024-05-20,"Lepidoptera",1,1,"lepidoptera_JV_52","Microlepidoptera indet.","","","Pan trap","Jari Vandendriessche","Ad",NA,"Lepidoptera","lepidoptera"
"417","Belgium","Zo1","Field",2024-05-17,"Lepidoptera",1,1,"lepidoptera_JV_55","Pararge aegeria","","","Pan trap","Jari Vandendriessche","Ad","Nymphalidae","Lepidoptera","lepidoptera"
"418","Portugal","MV2","Crtl1",2024-12-08,"Lepidoptera",1,2,"lepidoptera_JV_56","Euchloe belemia","","","Pan trap","Jari Vandendriessche","Ad","Pieridae","Lepidoptera","lepidoptera"
"419","Portugal","MV2","Crtl2",2024-12-08,"Lepidoptera",1,2,"lepidoptera_JV_57","Euchloe belemia","","","Pan trap","Jari Vandendriessche","Ad","Pieridae","Lepidoptera","lepidoptera"
"420","Portugal","MV1","Tree",2024-12-08,"Lepidoptera",1,2,"lepidoptera_JV_58","Euchloe belemia","","","Pan trap","Jari Vandendriessche","Ad","Pieridae","Lepidoptera","lepidoptera"
"421","Portugal","MV1","Tree",2024-12-08,"Lepidoptera",1,2,"lepidoptera_JV_59","Microlepidoptera indet.","","","Pan trap","Jari Vandendriessche","Ad",NA,"Lepidoptera","lepidoptera"
"422","Portugal","Mo1","Field",2024-12-06,"Lepidoptera",1,2,"lepidoptera_JV_60","Leptotes pirithous","","","Pan trap","Jari Vandendriessche","Ad","Lycaenidae","Lepidoptera","lepidoptera"
"423","Czechia","Ve1","Field",2024-09-27,"Lepidoptera",1,2,"lepidoptera_JV_65","Pieris rapae","","","Pan trap","Jari Vandendriessche","Ad","Pieridae","Lepidoptera","lepidoptera"
"424","Czechia","Sa1","Field",2024-09-19,"Lepidoptera",1,2,"lepidoptera_JV_66","Timandra comae","","","Pan trap","Jari Vandendriessche","Ad","Geometridae","Lepidoptera","lepidoptera"
"425","Czechia","Sa2","Field",2024-09-19,"Lepidoptera",1,2,"lepidoptera_JV_67","Eupithecia centaureata","","","Pan trap","Jari Vandendriessche","Ad","Geometridae","Lepidoptera","lepidoptera"
"426","Czechia","Sa2","Tree",2024-09-19,"Lepidoptera",1,2,"lepidoptera_JV_68","Crambidae indet.","","","Pan trap","Jari Vandendriessche","Ad","Crambidae","Lepidoptera","lepidoptera"
"427","Czechia","Sa2","Crtl1",2024-09-19,"Lepidoptera",1,2,"lepidoptera_JV_69","Helicoverpa armigera","","","Pan trap","Jari Vandendriessche","Ad","Noctuidae","Lepidoptera","lepidoptera"
"428","Czechia","Sa1","Tree",2024-09-19,"Lepidoptera",1,2,"lepidoptera_JV_70","Macdunnoughia confusa","","","Pan trap","Jari Vandendriessche","Ad","Noctuidae","Lepidoptera","lepidoptera"
"429","Czechia","Sa1","Field",2024-09-19,"Lepidoptera",1,2,"lepidoptera_JV_73","Autographa gamma","","","Pan trap","Jari Vandendriessche","Ad","Noctuidae","Lepidoptera","lepidoptera"
"430","Czechia","Sa1","Tree",2024-09-19,"Lepidoptera",1,2,"lepidoptera_JV_74","Helicoverpa armigera","","","Pan trap","Jari Vandendriessche","Ad","Noctuidae","Lepidoptera","lepidoptera"
"431","Czechia","Sa1","Field",2024-09-19,"Lepidoptera",1,2,"lepidoptera_JV_75","Macdunnoughia confusa","","","Pan trap","Jari Vandendriessche","Ad","Noctuidae","Lepidoptera","lepidoptera"
"432","Czechia","Sa1","Tree",2024-09-19,"Lepidoptera",1,2,"lepidoptera_JV_76","Limnephilus marmoratus","","","Pan trap","Jari Vandendriessche","Ad","Limnephilidae","Trichoptera","other"
"433","Czechia","Pr1","Tree",2024-09-25,"Lepidoptera",1,2,"lepidoptera_JV_77","Pieris rapae","","","Pan trap","Jari Vandendriessche","Ad","Pieridae","Lepidoptera","lepidoptera"
"434","Belgium","Lo2","Tree",2024-05-14,"Syrphidae",1,1,"syrphids_JH_1","Stomorhina lunata","","","Pan trap","Jef Hendrix","Ad","Calliphoridae","Diptera","flies"
"435","Belgium","Ur1","Tree",2024-09-11,"Syrphidae",1,2,"syrphids_JH_2","Dolichopus plumipes","F","","Pan trap","Jef Hendrix","Ad","Dolichopodidae","Diptera","flies"
"436","Belgium","Ur1","Field",2024-09-11,"Syrphidae",1,2,"syrphids_JH_3","Tachina fera","","","Pan trap","Jef Hendrix","Ad","Tachinidae","Diptera","flies"
"437","Belgium","It2","Crtl1",2024-09-08,"Syrphidae",2,2,"syrphids_JH_4","Stomorhina lunata","","","Pan trap","Jef Hendrix","Ad","Calliphoridae","Diptera","flies"
"438","Belgium","Zo1","Crtl2",2024-05-17,"Syrphidae",1,1,"syrphids_JH_5","Sepsis cynipsea","M","","Pan trap","Jef Hendrix","Ad","Sepsidae","Diptera","flies"
"439","UK","Be2","Crtl1",2024-06-18,"Syrphidae",11,1,"syrphids_JH_6","Musca autumnalis","M","","Pan trap","Jef Hendrix","Ad","Muscidae","Diptera","flies"
"440","UK","Be2","Crtl1",2024-06-18,"Syrphidae",1,1,"syrphids_JH_7","Thecophora fulvipes/atra","F","","Pan trap","Jef Hendrix","Ad","Conopidae","Diptera","flies"
"441","UK","Be2","Tree",2024-06-18,"Syrphidae",1,1,"syrphids_JH_8","Chloromyia formosa","F","","Pan trap","Jef Hendrix","Ad","Stratiomyidae","Diptera","flies"
"442","UK","Be1","Field",2024-06-18,"Syrphidae",4,1,"syrphids_JH_9","Musca autumnalis","M","","Pan trap","Jef Hendrix","Ad","Muscidae","Diptera","flies"
"443","Belgium","Ur1","Crtl2",2024-09-11,"Syrphidae",1,2,"syrphids_JH_10","Rhingia campestris","M","","Pan trap","Jef Hendrix","Ad","Syrphidae","Diptera","syrphids"
"444","Belgium","Ur1","Crtl2",2024-09-11,"Syrphidae",1,2,"syrphids_JH_11","Helophilus pendulus","M","","Pan trap","Jef Hendrix","Ad","Syrphidae","Diptera","syrphids"
"445","Belgium","Ur1","Crtl2",2024-09-11,"Syrphidae",1,2,"syrphids_JH_12","Helophilus pendulus","F","","Pan trap","Jef Hendrix","Ad","Syrphidae","Diptera","syrphids"
"446","Belgium","It1","Tree",2024-09-08,"Syrphidae",1,2,"syrphids_JH_13","Ferdinandea cuprea","F","","Pan trap","Jef Hendrix","Ad","Syrphidae","Diptera","syrphids"
"447","Belgium","Lo2","Tree",2024-05-14,"Syrphidae",1,1,"syrphids_JH_16","Neoascia podagrica","F","","Pan trap","Jef Hendrix","Ad","Syrphidae","Diptera","syrphids"
"448","Belgium","It2","Crtl2",2024-09-08,"Syrphidae",1,2,"syrphids_JH_23","Eristalis arbustorum","M","","Pan trap","Jef Hendrix","Ad","Syrphidae","Diptera","syrphids"
"449","Belgium","It2","Crtl2",2024-09-08,"Syrphidae",1,2,"syrphids_JH_24","Eupeodes corollae","M","","Pan trap","Jef Hendrix","Ad","Syrphidae","Diptera","syrphids"
"450","Belgium","Lo1","Tree",2024-09-06,"Syrphidae",1,2,"syrphids_JH_27","Helophilus pendulus","M","","Pan trap","Jef Hendrix","Ad","Syrphidae","Diptera","syrphids"
"451","Belgium","It1","Field",2024-09-08,"Syrphidae",1,2,"syrphids_JH_28","Helophilus pendulus","F","","Pan trap","Jef Hendrix","Ad","Syrphidae","Diptera","syrphids"
"452","Belgium","It2","Tree",2024-09-08,"Syrphidae",1,2,"syrphids_JH_29","Neoascia podagrica","M","","Pan trap","Jef Hendrix","Ad","Syrphidae","Diptera","syrphids"
"453","Belgium","It2","Field",2024-09-08,"Syrphidae",1,2,"syrphids_JH_30","Eristalis nemorum","M","","Pan trap","Jef Hendrix","Ad","Syrphidae","Diptera","syrphids"
"454","Belgium","It1","Crtl2",2024-09-08,"Syrphidae",1,2,"syrphids_JH_31","Rhingia campestris","F","","Pan trap","Jef Hendrix","Ad","Syrphidae","Diptera","syrphids"
"455","Belgium","It1","Crtl2",2024-09-08,"Syrphidae",1,2,"syrphids_JH_32","Episyrphus balteatus","F","","Pan trap","Jef Hendrix","Ad","Syrphidae","Diptera","syrphids"
"456","Belgium","Ur1","Tree",2024-09-11,"Syrphidae",1,2,"syrphids_JH_33","Helophilus pendulus","M","","Pan trap","Jef Hendrix","Ad","Syrphidae","Diptera","syrphids"
"457","Belgium","Ur1","Tree",2024-09-11,"Syrphidae",1,2,"syrphids_JH_34","Helophilus pendulus","F","","Pan trap","Jef Hendrix","Ad","Syrphidae","Diptera","syrphids"
"458","Belgium","Ur1","Tree",2024-09-11,"Syrphidae",1,2,"syrphids_JH_35","Episyrphus balteatus","F","","Pan trap","Jef Hendrix","Ad","Syrphidae","Diptera","syrphids"
"459","Belgium","Ur1","Tree",2024-09-11,"Syrphidae",1,2,"syrphids_JH_36","Platycheirus albimanus","M","","Pan trap","Jef Hendrix","Ad","Syrphidae","Diptera","syrphids"
"460","Belgium","Zo1","Field",2024-09-11,"Syrphidae",1,2,"syrphids_JH_37","Eristalis tenax","M","","Pan trap","Jef Hendrix","Ad","Syrphidae","Diptera","syrphids"
"461","Belgium","Zo2","Crtl2",2024-09-11,"Syrphidae",1,2,"syrphids_JH_38","Eupeodes corollae","F","","Pan trap","Jef Hendrix","Ad","Syrphidae","Diptera","syrphids"
"462","Belgium","Zo2","Crtl2",2024-09-11,"Syrphidae",2,2,"syrphids_JH_39","Eristalis tenax","M","","Pan trap","Jef Hendrix","Ad","Syrphidae","Diptera","syrphids"
"463","Belgium","Zo2","Crtl2",2024-09-11,"Syrphidae",1,2,"syrphids_JH_40","Eristalis tenax","F","","Pan trap","Jef Hendrix","Ad","Syrphidae","Diptera","syrphids"
"464","Belgium","Zo2","Crtl2",2024-09-11,"Syrphidae",1,2,"syrphids_JH_41","Rhingia campestris","M","","Pan trap","Jef Hendrix","Ad","Syrphidae","Diptera","syrphids"
"465","Belgium","Zo2","Crtl2",2024-09-11,"Syrphidae",2,2,"syrphids_JH_42","Rhingia campestris","F","","Pan trap","Jef Hendrix","Ad","Syrphidae","Diptera","syrphids"
"466","Belgium","Ur1","Field",2024-09-11,"Syrphidae",8,2,"syrphids_JH_43","Helophilus pendulus","M","","Pan trap","Jef Hendrix","Ad","Syrphidae","Diptera","syrphids"
"467","Belgium","Ur1","Field",2024-09-11,"Syrphidae",4,2,"syrphids_JH_44","Helophilus pendulus","F","","Pan trap","Jef Hendrix","Ad","Syrphidae","Diptera","syrphids"
"468","Belgium","Ur1","Field",2024-09-11,"Syrphidae",1,2,"syrphids_JH_45","Helophilus trivittatus","M","","Pan trap","Jef Hendrix","Ad","Syrphidae","Diptera","syrphids"
"469","Belgium","Ur1","Field",2024-09-11,"Syrphidae",1,2,"syrphids_JH_46","Rhingia campestris","F","","Pan trap","Jef Hendrix","Ad","Syrphidae","Diptera","syrphids"
"470","Belgium","Ur1","Field",2024-09-11,"Syrphidae",1,2,"syrphids_JH_47","Rhingia campestris","M","","Pan trap","Jef Hendrix","Ad","Syrphidae","Diptera","syrphids"
"471","Belgium","Ur1","Field",2024-09-11,"Syrphidae",1,2,"syrphids_JH_48","Eristalis nemorum","M","","Pan trap","Jef Hendrix","Ad","Syrphidae","Diptera","syrphids"
"472","Belgium","Zo1","Crtl1",2024-09-11,"Syrphidae",2,2,"syrphids_JH_49","Eristalis tenax","M","","Pan trap","Jef Hendrix","Ad","Syrphidae","Diptera","syrphids"
"473","Belgium","Zo1","Crtl1",2024-09-11,"Syrphidae",1,2,"syrphids_JH_50","Eristalis tenax","F","","Pan trap","Jef Hendrix","Ad","Syrphidae","Diptera","syrphids"
"474","Belgium","Zo1","Tree",2024-09-11,"Syrphidae",1,2,"syrphids_JH_51","Rhingia campestris","F","","Pan trap","Jef Hendrix","Ad","Syrphidae","Diptera","syrphids"
"475","Belgium","Zo1","Tree",2024-09-11,"Syrphidae",1,2,"syrphids_JH_52","Eristalis nemorum","M","","Pan trap","Jef Hendrix","Ad","Syrphidae","Diptera","syrphids"
"476","Belgium","Zo1","Crtl2",2024-09-11,"Syrphidae",1,2,"syrphids_JH_53","Rhingia campestris","F","","Pan trap","Jef Hendrix","Ad","Syrphidae","Diptera","syrphids"
"477","Belgium","Zo1","Crtl2",2024-09-11,"Syrphidae",1,2,"syrphids_JH_54","Eristalis tenax","M","","Pan trap","Jef Hendrix","Ad","Syrphidae","Diptera","syrphids"
"478","Belgium","Zo1","Crtl2",2024-09-11,"Syrphidae",1,2,"syrphids_JH_55","Eristalinus sepulchralis","F","","Pan trap","Jef Hendrix","Ad","Syrphidae","Diptera","syrphids"
"479","Belgium","Zo2","Tree",2024-09-11,"Syrphidae",1,2,"syrphids_JH_56","Eristalis tenax","M","","Pan trap","Jef Hendrix","Ad","Syrphidae","Diptera","syrphids"
"480","Belgium","It1","Crtl1",2024-09-08,"Syrphidae",1,2,"syrphids_JH_57","Cheilosia vernalis","F","","Pan trap","Jef Hendrix","Ad","Syrphidae","Diptera","syrphids"
"481","Belgium","It1","Crtl1",2024-09-08,"Syrphidae",1,2,"syrphids_JH_58","Episyrphus balteatus","F","","Pan trap","Jef Hendrix","Ad","Syrphidae","Diptera","syrphids"
"482","Belgium","Ur1","Crtl1",2024-09-11,"Syrphidae",2,2,"syrphids_JH_59","Helophilus pendulus","F","","Pan trap","Jef Hendrix","Ad","Syrphidae","Diptera","syrphids"
"483","Belgium","Ur1","Crtl1",2024-09-11,"Syrphidae",1,2,"syrphids_JH_60","Eristalis tenax","M","","Pan trap","Jef Hendrix","Ad","Syrphidae","Diptera","syrphids"
"484","Belgium","Zo2","Crtl1",2024-09-11,"Syrphidae",1,2,"syrphids_JH_61","Eristalis tenax","M","","Pan trap","Jef Hendrix","Ad","Syrphidae","Diptera","syrphids"
"485","Belgium","Zo2","Crtl1",2024-09-11,"Syrphidae",1,2,"syrphids_JH_62","Eristalis tenax","F","","Pan trap","Jef Hendrix","Ad","Syrphidae","Diptera","syrphids"
"486","Belgium","Zo2","Crtl1",2024-09-11,"Syrphidae",1,2,"syrphids_JH_63","Eupeodes corollae","F","","Pan trap","Jef Hendrix","Ad","Syrphidae","Diptera","syrphids"
"487","Belgium","Zo1","Field",2024-05-17,"Syrphidae",1,1,"syrphids_JH_64","Eristalis arbustorum","M","","Pan trap","Jef Hendrix","Ad","Syrphidae","Diptera","syrphids"
"488","Belgium","Zo1","Field",2024-05-17,"Syrphidae",3,1,"syrphids_JH_65","Merodon equestris","M","","Pan trap","Jef Hendrix","Ad","Syrphidae","Diptera","syrphids"
"489","Belgium","It1","Tree",2024-05-20,"Syrphidae",1,1,"syrphids_JH_71","Eristalis nemorum","M","","Pan trap","Jef Hendrix","Ad","Syrphidae","Diptera","syrphids"
"490","Belgium","Zo1","Crtl1",2024-05-17,"Syrphidae",1,1,"syrphids_JH_72","Eristalis nemorum","F","","Pan trap","Jef Hendrix","Ad","Syrphidae","Diptera","syrphids"
"491","Belgium","Zo1","Crtl1",2024-05-17,"Syrphidae",1,1,"syrphids_JH_73","Eristalis arbustorum","F","","Pan trap","Jef Hendrix","Ad","Syrphidae","Diptera","syrphids"
"492","Belgium","Zo1","Crtl1",2024-05-17,"Syrphidae",1,1,"syrphids_JH_74","Eristalis arbustorum","M","","Pan trap","Jef Hendrix","Ad","Syrphidae","Diptera","syrphids"
"493","Belgium","Ur1","Crtl2",2024-05-17,"Syrphidae",1,1,"syrphids_JH_75","Helophilus pendulus","M","","Pan trap","Jef Hendrix","Ad","Syrphidae","Diptera","syrphids"
"494","Belgium","Zo1","Crtl2",2024-05-17,"Syrphidae",1,1,"syrphids_JH_76","Helophilus trivittatus","F","","Pan trap","Jef Hendrix","Ad","Syrphidae","Diptera","syrphids"
"495","Belgium","Zo1","Crtl2",2024-05-17,"Syrphidae",3,1,"syrphids_JH_77","Eristalis arbustorum","M","","Pan trap","Jef Hendrix","Ad","Syrphidae","Diptera","syrphids"
"496","Belgium","Ur1","Field",2024-05-17,"Syrphidae",1,1,"syrphids_JH_78","Helophilus pendulus","M","","Pan trap","Jef Hendrix","Ad","Syrphidae","Diptera","syrphids"
"497","Belgium","It2","Crtl2",2024-05-20,"Syrphidae",1,1,"syrphids_JH_79","Cheilosia vernalis","F","","Pan trap","Jef Hendrix","Ad","Syrphidae","Diptera","syrphids"
"498","Belgium","Lo1","Tree",2024-05-14,"Syrphidae",1,1,"syrphids_JH_92","Helophilus pendulus","M","","Pan trap","Jef Hendrix","Ad","Syrphidae","Diptera","syrphids"
"499","Belgium","Zo2","Field",2024-09-11,"Syrphidae",1,2,"syrphids_JH_93","Rhingia campestris","F","","Pan trap","Jef Hendrix","Ad","Syrphidae","Diptera","syrphids"
"500","Belgium","Zo2","Field",2024-09-11,"Syrphidae",1,2,"syrphids_JH_94","Eristalis tenax","F","","Pan trap","Jef Hendrix","Ad","Syrphidae","Diptera","syrphids"
"501","Belgium","Zo2","Field",2024-09-11,"Syrphidae",1,2,"syrphids_JH_95","Helophilus pendulus","F","","Pan trap","Jef Hendrix","Ad","Syrphidae","Diptera","syrphids"
"502","Belgium","Zo2","Field",2024-09-11,"Syrphidae",1,2,"syrphids_JH_96","Eumerus strigatus","M","","Pan trap","Jef Hendrix","Ad","Syrphidae","Diptera","syrphids"
"503","UK","Wo1","Tree",2024-06-23,"Syrphidae",1,1,"syrphids_JH_99","Sphaerophoria scripta","M","","Pan trap","Jef Hendrix","Ad","Syrphidae","Diptera","syrphids"
"504","UK","Be2","Crtl1",2024-06-18,"Syrphidae",1,1,"syrphids_JH_100","Eristalis arbustorum","F","","Pan trap","Jef Hendrix","Ad","Syrphidae","Diptera","syrphids"
"505","UK","Be2","Field",2024-06-18,"Syrphidae",1,1,"syrphids_JH_101","Eristalis pertinax","M","","Pan trap","Jef Hendrix","Ad","Syrphidae","Diptera","syrphids"
"506","UK","Be2","Field",2024-06-18,"Syrphidae",7,1,"syrphids_JH_102","Helophilus pendulus","M","","Pan trap","Jef Hendrix","Ad","Syrphidae","Diptera","syrphids"
"507","UK","Be2","Field",2024-06-18,"Syrphidae",1,1,"syrphids_JH_103","Helophilus pendulus","F","","Pan trap","Jef Hendrix","Ad","Syrphidae","Diptera","syrphids"
"508","UK","Be1","Crtl2",2024-06-18,"Syrphidae",1,1,"syrphids_JH_104","Pipizella spec.","F","","Pan trap","Jef Hendrix","Ad","Syrphidae","Diptera","syrphids"
"509","UK","Be1","Crtl2",2024-06-18,"Syrphidae",1,1,"syrphids_JH_105","Cheilosia vernalis","M","","Pan trap","Jef Hendrix","Ad","Syrphidae","Diptera","syrphids"
"510","UK","St1","Crtl2",2024-06-16,"Syrphidae",1,1,"syrphids_JH_106","Sphaerophoria rueppelli","F","","Pan trap","Jef Hendrix","Ad","Syrphidae","Diptera","syrphids"
"511","UK","St1","Tree",2024-06-16,"Syrphidae",1,1,"syrphids_JH_107","Chrysotoxum bicinctum","M","","Pan trap","Jef Hendrix","Ad","Syrphidae","Diptera","syrphids"
"512","UK","Be1","Field",2024-06-18,"Syrphidae",1,1,"syrphids_JH_108","Eristalis pertinax","F","","Pan trap","Jef Hendrix","Ad","Syrphidae","Diptera","syrphids"
"513","Portugal","MV2","Crtl1",2024-12-08,"Syrphidae",2,2,"syrphids_FVDM_1","Cheilosia griseiventris","F","","Pan trap","Frank Van De Meutter","Ad","Syrphidae","Diptera","syrphids"
"514","Czechia","Sa2","Tree",2024-09-19,"Syrphidae",2,2,"syrphids_FVDM_4","Chrysotoxum elegans","F","","Pan trap","Frank Van De Meutter","Ad","Syrphidae","Diptera","syrphids"
"515","Czechia","Sa1","Crtl2",2024-09-19,"Syrphidae",1,2,"syrphids_FVDM_5","Chrysotoxum festivum","F","","Pan trap","Frank Van De Meutter","Ad","Syrphidae","Diptera","syrphids"
"516","Czechia","Sa1","Tree",2024-09-19,"Syrphidae",3,2,"syrphids_FVDM_6","Chrysotoxum festivum","F","","Pan trap","Frank Van De Meutter","Ad","Syrphidae","Diptera","syrphids"
"517","Czechia","Sa1","Field",2024-09-19,"Syrphidae",1,2,"syrphids_FVDM_10","Episyrphus balteatus","F","","Pan trap","Frank Van De Meutter","Ad","Syrphidae","Diptera","syrphids"
"518","Czechia","Sa2","Field",2024-09-19,"Syrphidae",1,2,"syrphids_FVDM_11","Episyrphus balteatus","M","","Pan trap","Frank Van De Meutter","Ad","Syrphidae","Diptera","syrphids"
"519","Czechia","Ve1","Field",2024-09-27,"Syrphidae",1,2,"syrphids_FVDM_12","Episyrphus balteatus","M","","Pan trap","Frank Van De Meutter","Ad","Syrphidae","Diptera","syrphids"
"520","Czechia","Ve1","Tree",2024-09-27,"Syrphidae",1,2,"syrphids_FVDM_14","Episyrphus balteatus","M","","Pan trap","Frank Van De Meutter","Ad","Syrphidae","Diptera","syrphids"
"521","Czechia","Za1","Field",2024-06-02,"Syrphidae",1,1,"syrphids_FVDM_15","Episyrphus balteatus","F","","Pan trap","Frank Van De Meutter","Ad","Syrphidae","Diptera","syrphids"
"522","Czechia","Sa1","Crtl2",2024-09-19,"Syrphidae",1,2,"syrphids_FVDM_37","Eristalis arbustorum","F","","Pan trap","Frank Van De Meutter","Ad","Syrphidae","Diptera","syrphids"
"523","Czechia","Sa1","Tree",2024-09-19,"Syrphidae",1,2,"syrphids_FVDM_38","Eristalis arbustorum","F","","Pan trap","Frank Van De Meutter","Ad","Syrphidae","Diptera","syrphids"
"524","Czechia","Sa2","Tree",2024-09-19,"Syrphidae",1,2,"syrphids_FVDM_39","Eristalis arbustorum","M","","Pan trap","Frank Van De Meutter","Ad","Syrphidae","Diptera","syrphids"
"525","Czechia","Ve1","Crtl2",2024-09-27,"Syrphidae",1,2,"syrphids_FVDM_40","Eristalis arbustorum","M","","Pan trap","Frank Van De Meutter","Ad","Syrphidae","Diptera","syrphids"
"526","Czechia","Za1","Field",2024-09-23,"Syrphidae",1,2,"syrphids_FVDM_41","Eristalis arbustorum","M","","Pan trap","Frank Van De Meutter","Ad","Syrphidae","Diptera","syrphids"
"527","Portugal","MV1","Tree",2024-12-08,"Syrphidae",1,2,"syrphids_FVDM_43","Eristalis similis","F","","Pan trap","Frank Van De Meutter","Ad","Syrphidae","Diptera","syrphids"
"528","Portugal","MV1","Tree",2024-12-08,"Syrphidae",1,2,"syrphids_FVDM_44","Eristalis similis","M","","Pan trap","Frank Van De Meutter","Ad","Syrphidae","Diptera","syrphids"
"529","Portugal","MV2","Crtl1",2024-12-08,"Syrphidae",1,2,"syrphids_FVDM_45","Eristalis similis","F","","Pan trap","Frank Van De Meutter","Ad","Syrphidae","Diptera","syrphids"
"530","Portugal","MV2","Field",2024-12-08,"Syrphidae",1,2,"syrphids_FVDM_46","Eristalis similis","F","","Pan trap","Frank Van De Meutter","Ad","Syrphidae","Diptera","syrphids"
"531","Portugal","Mo1","Crtl2",2024-12-06,"Syrphidae",1,2,"syrphids_FVDM_47","Eristalis similis","F","","Pan trap","Frank Van De Meutter","Ad","Syrphidae","Diptera","syrphids"
"532","Czechia","Hu1","Crtl1",2024-06-06,"Syrphidae",1,1,"syrphids_FVDM_48","Eristalis tenax","F","","Pan trap","Frank Van De Meutter","Ad","Syrphidae","Diptera","syrphids"
"533","Czechia","Hu1","Crtl1",2024-06-06,"Syrphidae",2,1,"syrphids_FVDM_49","Eristalis tenax","M","","Pan trap","Frank Van De Meutter","Ad","Syrphidae","Diptera","syrphids"
"534","Portugal","JS1","Crtl2",2024-12-02,"Syrphidae",1,2,"syrphids_FVDM_53","Eristalis tenax","F","","Pan trap","Frank Van De Meutter","Ad","Syrphidae","Diptera","syrphids"
"535","Portugal","MV2","Crtl1",2024-12-08,"Syrphidae",1,2,"syrphids_FVDM_54","Eristalis tenax","F","","Pan trap","Frank Van De Meutter","Ad","Syrphidae","Diptera","syrphids"
"536","Czechia","Hu1","Crtl1",2024-06-06,"Syrphidae",3,1,"syrphids_FVDM_55","Eupeodes corollae","M","","Pan trap","Frank Van De Meutter","Ad","Syrphidae","Diptera","syrphids"
"537","Czechia","Hu1","Crtl1",2024-09-27,"Syrphidae",2,2,"syrphids_FVDM_56","Eupeodes corollae","M","","Pan trap","Frank Van De Meutter","Ad","Syrphidae","Diptera","syrphids"
"538","Czechia","Sa1","Crtl1",2024-05-31,"Syrphidae",1,1,"syrphids_FVDM_58","Eupeodes corollae","F","","Pan trap","Frank Van De Meutter","Ad","Syrphidae","Diptera","syrphids"
"539","Czechia","Sa1","Crtl1",2024-05-31,"Syrphidae",1,1,"syrphids_FVDM_59","Eupeodes corollae","M","","Pan trap","Frank Van De Meutter","Ad","Syrphidae","Diptera","syrphids"
"540","Czechia","Sa1","Crtl2",2024-09-19,"Syrphidae",2,2,"syrphids_FVDM_61","Eupeodes corollae","M","","Pan trap","Frank Van De Meutter","Ad","Syrphidae","Diptera","syrphids"
"541","Czechia","Sa1","Field",2024-09-19,"Syrphidae",1,2,"syrphids_FVDM_62","Eupeodes corollae","F","","Pan trap","Frank Van De Meutter","Ad","Syrphidae","Diptera","syrphids"
"542","Czechia","Sa1","Tree",2024-09-19,"Syrphidae",1,2,"syrphids_FVDM_64","Eupeodes corollae","F","","Pan trap","Frank Van De Meutter","Ad","Syrphidae","Diptera","syrphids"
"543","Czechia","Sa1","Tree",2024-09-19,"Syrphidae",4,2,"syrphids_FVDM_65","Eupeodes corollae","M","","Pan trap","Frank Van De Meutter","Ad","Syrphidae","Diptera","syrphids"
"544","Czechia","Sa2","Crtl1",2024-09-19,"Syrphidae",3,2,"syrphids_FVDM_66","Eupeodes corollae","F","","Pan trap","Frank Van De Meutter","Ad","Syrphidae","Diptera","syrphids"
"545","Czechia","Sa2","Crtl1",2024-09-19,"Syrphidae",1,2,"syrphids_FVDM_67","Eupeodes corollae","M","","Pan trap","Frank Van De Meutter","Ad","Syrphidae","Diptera","syrphids"
"546","Czechia","Sa2","Crtl2",2024-09-19,"Syrphidae",1,2,"syrphids_FVDM_68","Eupeodes corollae","F","","Pan trap","Frank Van De Meutter","Ad","Syrphidae","Diptera","syrphids"
"547","Czechia","Sa2","Crtl2",2024-09-19,"Syrphidae",2,2,"syrphids_FVDM_69","Eupeodes corollae","M","","Pan trap","Frank Van De Meutter","Ad","Syrphidae","Diptera","syrphids"
"548","Czechia","Sa2","Tree",2024-09-19,"Syrphidae",3,2,"syrphids_FVDM_70","Eupeodes corollae","F","","Pan trap","Frank Van De Meutter","Ad","Syrphidae","Diptera","syrphids"
"549","Czechia","Za1","Crtl1",2024-09-23,"Syrphidae",1,2,"syrphids_FVDM_73","Eupeodes corollae","F","","Pan trap","Frank Van De Meutter","Ad","Syrphidae","Diptera","syrphids"
"550","Czechia","Za1","Crtl1",2024-09-23,"Syrphidae",2,2,"syrphids_FVDM_74","Eupeodes corollae","M","","Pan trap","Frank Van De Meutter","Ad","Syrphidae","Diptera","syrphids"
"551","Czechia","Za1","Crtl2",2024-09-23,"Syrphidae",3,2,"syrphids_FVDM_75","Eupeodes corollae","M","","Pan trap","Frank Van De Meutter","Ad","Syrphidae","Diptera","syrphids"
"552","Czechia","Za1","Tree",2024-09-23,"Syrphidae",1,2,"syrphids_FVDM_76","Eupeodes corollae","M","","Pan trap","Frank Van De Meutter","Ad","Syrphidae","Diptera","syrphids"
"553","France","ND1","Crtl1",2024-04-04,"Syrphidae",1,1,"syrphids_FVDM_77","Eupeodes corollae","F","","Pan trap","Frank Van De Meutter","Ad","Syrphidae","Diptera","syrphids"
"554","France","ND1","Field",2024-04-04,"Syrphidae",1,1,"syrphids_FVDM_78","Eupeodes corollae","F","","Pan trap","Frank Van De Meutter","Ad","Syrphidae","Diptera","syrphids"
"555","France","Pe1","Crtl2",2024-03-30,"Syrphidae",1,1,"syrphids_FVDM_81","Eupeodes corollae","M","","Pan trap","Frank Van De Meutter","Ad","Syrphidae","Diptera","syrphids"
"556","France","Pe1","Field",2024-03-30,"Syrphidae",1,1,"syrphids_FVDM_83","Eupeodes corollae","M","","Pan trap","Frank Van De Meutter","Ad","Syrphidae","Diptera","syrphids"
"557","France","Pe1","Tree",2024-03-30,"Syrphidae",1,1,"syrphids_FVDM_84","Eupeodes corollae","F","","Pan trap","Frank Van De Meutter","Ad","Syrphidae","Diptera","syrphids"
"558","Portugal","MV3","Field",2024-12-10,"Syrphidae",1,2,"syrphids_FVDM_88","Eupeodes corollae","M","","Pan trap","Frank Van De Meutter","Ad","Syrphidae","Diptera","syrphids"
"559","Portugal","Mo1","Tree",2024-03-25,"Syrphidae",1,1,"syrphids_FVDM_90","Eupeodes corollae","F","","Pan trap","Frank Van De Meutter","Ad","Syrphidae","Diptera","syrphids"
"560","Portugal","Mo1","Tree",2024-03-25,"Syrphidae",1,1,"syrphids_FVDM_91","Eupeodes corollae","M","","Pan trap","Frank Van De Meutter","Ad","Syrphidae","Diptera","syrphids"
"561","Czechia","Sa1","Tree",2024-05-31,"Syrphidae",1,1,"syrphids_FVDM_94","Eupeodes luniger","F","","Pan trap","Frank Van De Meutter","Ad","Syrphidae","Diptera","syrphids"
"562","Czechia","Ve1","Crtl1",2024-06-06,"Syrphidae",1,1,"syrphids_FVDM_95","Eupeodes luniger","M","","Pan trap","Frank Van De Meutter","Ad","Syrphidae","Diptera","syrphids"
"563","Czechia","Sa2","Crtl1",2024-09-19,"Syrphidae",1,2,"syrphids_FVDM_98","Helophilus pendulus","F","","Pan trap","Frank Van De Meutter","Ad","Syrphidae","Diptera","syrphids"
"564","Czechia","Ve1","Field",2024-09-27,"Syrphidae",1,2,"syrphids_FVDM_99","Helophilus pendulus","F","","Pan trap","Frank Van De Meutter","Ad","Syrphidae","Diptera","syrphids"
"565","Czechia","Sa2","Tree",2024-09-19,"Syrphidae",1,2,"syrphids_FVDM_101","Helophilus trivittatus","F","","Pan trap","Frank Van De Meutter","Ad","Syrphidae","Diptera","syrphids"
"566","Czechia","Za1","Field",2024-09-23,"Syrphidae",1,2,"syrphids_FVDM_102","Helophilus trivittatus","M","","Pan trap","Frank Van De Meutter","Ad","Syrphidae","Diptera","syrphids"
"567","Czechia","Za1","Tree",2024-09-23,"Syrphidae",1,2,"syrphids_FVDM_103","Helophilus trivittatus","F","","Pan trap","Frank Van De Meutter","Ad","Syrphidae","Diptera","syrphids"
"568","Czechia","Sa2","Crtl2",2024-09-19,"Syrphidae",1,2,"syrphids_FVDM_104","Melanostoma mellinum","M","","Pan trap","Frank Van De Meutter","Ad","Syrphidae","Diptera","syrphids"
"569","France","ND1","Field",2024-04-04,"Syrphidae",1,1,"syrphids_FVDM_108","Melanostoma mellinum","F","","Pan trap","Frank Van De Meutter","Ad","Syrphidae","Diptera","syrphids"
"570","Portugal","MV1","Crtl2",2024-03-19,"Syrphidae",1,1,"syrphids_FVDM_120","Melanostoma mellinum","M","","Pan trap","Frank Van De Meutter","Ad","Syrphidae","Diptera","syrphids"
"571","Portugal","Mo1","Field",2024-12-06,"Syrphidae",1,2,"syrphids_FVDM_124","Melanostoma mellinum","F","","Pan trap","Frank Van De Meutter","Ad","Syrphidae","Diptera","syrphids"
"572","Portugal","Mo1","Tree",2024-12-06,"Syrphidae",1,2,"syrphids_FVDM_129","Melanostoma scalare","F","","Pan trap","Frank Van De Meutter","Ad","Syrphidae","Diptera","syrphids"
"573","Portugal","MV2","Crtl1",2024-12-08,"Syrphidae",1,2,"syrphids_FVDM_139","Meliscaeva auricollis","M","","Pan trap","Frank Van De Meutter","Ad","Syrphidae","Diptera","syrphids"
"574","Portugal","Mo1","Crtl1",2024-12-06,"Syrphidae",1,2,"syrphids_FVDM_140","Meliscaeva auricollis","M","","Pan trap","Frank Van De Meutter","Ad","Syrphidae","Diptera","syrphids"
"575","Czechia","Hu1","Field",2024-09-27,"Syrphidae",1,2,"syrphids_FVDM_141","Neoascia podagrica","F","","Pan trap","Frank Van De Meutter","Ad","Syrphidae","Diptera","syrphids"
"576","Czechia","Sa1","Crtl2",2024-05-31,"Syrphidae",1,1,"syrphids_FVDM_144","Pipizella spec.","F","","Pan trap","Frank Van De Meutter","Ad","Syrphidae","Diptera","syrphids"
"577","Czechia","Pr1","Field",2024-09-25,"Syrphidae",1,2,"syrphids_FVDM_145","Sargus bipunctatus","F","","Pan trap","Frank Van De Meutter","Ad","Stratiomyidae","Diptera","flies"
"578","Czechia","Hu1","Crtl1",2024-06-06,"Syrphidae",1,1,"syrphids_FVDM_149","Sphaerophoria scripta","F","","Pan trap","Frank Van De Meutter","Ad","Syrphidae","Diptera","syrphids"
"579","Czechia","Sa1","Field",2024-05-31,"Syrphidae",1,1,"syrphids_FVDM_154","Sphaerophoria scripta","F","","Pan trap","Frank Van De Meutter","Ad","Syrphidae","Diptera","syrphids"
"580","Czechia","Sa2","Crtl1",2024-05-31,"Syrphidae",1,1,"syrphids_FVDM_155","Sphaerophoria scripta","F","","Pan trap","Frank Van De Meutter","Ad","Syrphidae","Diptera","syrphids"
"581","Czechia","Za1","Crtl1",2024-09-23,"Syrphidae",2,2,"syrphids_FVDM_157","Sphaerophoria scripta","F","","Pan trap","Frank Van De Meutter","Ad","Syrphidae","Diptera","syrphids"
"582","Czechia","Za1","Field",2024-06-02,"Syrphidae",1,1,"syrphids_FVDM_158","Sphaerophoria scripta","F","","Pan trap","Frank Van De Meutter","Ad","Syrphidae","Diptera","syrphids"
"583","Portugal","MV1","Crtl2",2024-03-19,"Syrphidae",1,1,"syrphids_FVDM_173","Sphaerophoria scripta","F","","Pan trap","Frank Van De Meutter","Ad","Syrphidae","Diptera","syrphids"
"584","Portugal","MV1","Crtl2",2024-03-19,"Syrphidae",1,1,"syrphids_FVDM_174","Sphaerophoria scripta","M","","Pan trap","Frank Van De Meutter","Ad","Syrphidae","Diptera","syrphids"
"585","Czechia","Sa2","Crtl2",2024-09-19,"Syrphidae",1,2,"syrphids_FVDM_193","Stomorhina lunata","","","Pan trap","Frank Van De Meutter","Ad","Calliphoridae","Diptera","flies"
"586","Portugal","MV1","Tree",2024-12-08,"Syrphidae",1,2,"syrphids_FVDM_194","Stomorhina lunata","F","","Pan trap","Frank Van De Meutter","Ad","Calliphoridae","Diptera","flies"
"587","Portugal","MV2","Crtl1",2024-12-08,"Syrphidae",1,2,"syrphids_FVDM_195","Stomorhina lunata","M","","Pan trap","Frank Van De Meutter","Ad","Calliphoridae","Diptera","flies"
"588","Portugal","Mo1","Field",2024-12-06,"Syrphidae",1,2,"syrphids_FVDM_196","Stomorhina lunata","M","","Pan trap","Frank Van De Meutter","Ad","Calliphoridae","Diptera","flies"
"589","Belgium","It2","Tree",2024-05-20,"Orthoptera",1,1,"orthoptera_JV_1","Pholidoptera griseoaptera","","","Pan trap","Jari Vandendriessche","","Tettigoniidae","Orthoptera","grasshoppers"
"590","Belgium","Ur1","Crtl1",2024-05-17,"Orthoptera",1,1,"orthoptera_JV_5","Tetrix subulata","","","Pan trap","Jari Vandendriessche","","Tetrigidae","Orthoptera","grasshoppers"
"591","Belgium","Ur1","Crtl2",2024-05-17,"Orthoptera",1,1,"orthoptera_JV_6","Tetrix undullata","","","Pan trap","Jari Vandendriessche","","Tetrigidae","Orthoptera","grasshoppers"
"592","Czechia","Hu1","Tree",2024-06-06,"Orthoptera",1,1,"orthoptera_JV_8","Tetrix undulata","","","Pan trap","Jari Vandendriessche","","Tetrigidae","Orthoptera","grasshoppers"
"593","Czechia","Ve1","Crtl1",2024-06-06,"Orthoptera",2,1,"orthoptera_JV_13","Acrididae spec.","","","Pan trap","Jari Vandendriessche","","Acrididae","Orthoptera","grasshoppers"
"594","Czechia","Ve1","Crtl1",2024-06-06,"Orthoptera",1,1,"orthoptera_JV_14","Acrididae spec.","","","Pan trap","Jari Vandendriessche","","Acrididae","Orthoptera","grasshoppers"
"595","Czechia","Ve1","Field",2024-06-06,"Orthoptera",1,1,"orthoptera_JV_17","Acrididae spec.","","","Pan trap","Jari Vandendriessche","","Acrididae","Orthoptera","grasshoppers"
"596","Czechia","Ve2","Tree",2024-06-06,"Orthoptera",1,1,"orthoptera_JV_18","Acrididae spec.","","","Pan trap","Jari Vandendriessche","","Acrididae","Orthoptera","grasshoppers"
"597","France","ND1","Crtl2",2024-04-04,"Orthoptera",1,1,"orthoptera_JV_22","Pezotettix giornae","","","Pan trap","Jari Vandendriessche","","Acrididae","Orthoptera","grasshoppers"
"598","France","PL3","Crtl2",2024-04-02,"Orthoptera",1,1,"orthoptera_JV_24","Tettigonidae spec.","","","Pan trap","Jari Vandendriessche","","Tettigonidae","Orthoptera","grasshoppers"
"599","Portugal","Mo1","Crtl1",2024-03-25,"Orthoptera",1,1,"orthoptera_JV_25","Chorthippus spec.","","","Pan trap","Jari Vandendriessche","","Acrididae","Orthoptera","grasshoppers"
"600","Portugal","MV3","Crtl1",2024-03-21,"Orthoptera",1,1,"orthoptera_JV_28","Acrididae spec.","","","Pan trap","Jari Vandendriessche","","Acrididae","Orthoptera","grasshoppers"
"601","Portugal","MV3","Crtl2",2024-03-21,"Orthoptera",3,1,"orthoptera_JV_29","Acrididae spec.","","","Pan trap","Jari Vandendriessche","","Acrididae","Orthoptera","grasshoppers"
"602","UK","Be1","Field",2024-06-18,"Orthoptera",1,1,"orthoptera_JV_31","Acrididae spec.","","","Pan trap","Jari Vandendriessche","","Acrididae","Orthoptera","grasshoppers"
"603","UK","St1","Crtl1",2024-06-16,"Orthoptera",2,1,"orthoptera_JV_33","Acrididae spec.","","","Pan trap","Jari Vandendriessche","","Acrididae","Orthoptera","grasshoppers"
"604","Czechia","Pr1","Tree",2024-09-25,"Orthoptera",1,2,"orthoptera_JV_35","Tetrix undulata","","","Pan trap","Jari Vandendriessche","","Tetrigidae","Orthoptera","grasshoppers"
"605","Czechia","Pr1","Tree",2024-09-25,"Orthoptera",1,2,"orthoptera_JV_36","Chorthippus spec.","","","Pan trap","Jari Vandendriessche","","Acrididae","Orthoptera","grasshoppers"
"606","Czechia","Sa1","Crtl1",2024-09-19,"Orthoptera",1,2,"orthoptera_JV_37","Tettigonia viridissima","","","Pan trap","Jari Vandendriessche","","Tettigoniidae","Orthoptera","grasshoppers"
"607","Czechia","Sa2","Tree",2024-09-19,"Orthoptera",1,2,"orthoptera_JV_40","Chorthippus brunneus","","","Pan trap","Jari Vandendriessche","","Acrididae","Orthoptera","grasshoppers"
"608","Czechia","Ve1","Crtl2",2024-09-27,"Orthoptera",1,2,"orthoptera_JV_43","Pseudochortippus parallelus","","","Pan trap","Jari Vandendriessche","","Acrididae","Orthoptera","grasshoppers"
"609","Czechia","Ve1","Crtl2",2024-09-27,"Orthoptera",1,2,"orthoptera_JV_44","Chorthippus biguttulus","","","Pan trap","Jari Vandendriessche","","Acrididae","Orthoptera","grasshoppers"
"610","Portugal","JS2","Crtl1",2024-12-02,"Orthoptera",1,2,"orthoptera_JV_45","Pamphagidae spec.","","","Pan trap","Jari Vandendriessche","","Pamphagidae","Orthoptera","grasshoppers"
"611","Portugal","Mo1","Crtl2",2024-12-06,"Orthoptera",1,2,"orthoptera_JV_46","Pezotettix giornae","","","Pan trap","Jari Vandendriessche","","Acrididae","Orthoptera","grasshoppers"
"612","Portugal","MV3","Crtl2",2024-12-10,"Orthoptera",1,2,"orthoptera_JV_47","Acrididae spec.","","","Pan trap","Jari Vandendriessche","","Acrididae","Orthoptera","grasshoppers"
"613","Portugal","MV3","Tree",2024-12-10,"Orthoptera",1,2,"orthoptera_JV_48","Acrididae spec.","","","Pan trap","Jari Vandendriessche","","Acrididae","Orthoptera","grasshoppers"
"614","Belgium","It1","Crtl1",2024-05-20,"Hymenoptera",1,1,"wasps_JV_ADK_1","Aclastus spec.","M","or Polyaulon","Pan trap","Augustijn De Ketelaere","Ad","Ichneumonidae","Hymenoptera","wasps"
"615","Belgium","It1","Crtl1",2024-05-20,"Hymenoptera",1,1,"wasps_JV_ADK_2","Phygadeuontinae indet.","F","","Pan trap","Augustijn De Ketelaere","Ad","Ichneumonidae","Hymenoptera","wasps"
"616","Belgium","It1","Crtl1",2024-05-20,"Hymenoptera",4,1,"wasps_JV_ADK_3","Figitidae indet.","","","Pan trap","Augustijn De Ketelaere","Ad","Figitidae","Hymenoptera","wasps"
"617","Belgium","It1","Crtl1",2024-05-20,"Hymenoptera",1,1,"wasps_JV_ADK_4","Chorebus spec.","F","","Pan trap","Augustijn De Ketelaere","Ad","Braconidae","Hymenoptera","wasps"
"618","Belgium","It1","Crtl1",2024-05-20,"Hymenoptera",1,1,"wasps_JV_ADK_5","Cephus pygmaeus","F","","Pan trap","Augustijn De Ketelaere","Ad","Cephidae","Hymenoptera","wasps"
"619","Belgium","It1","Crtl1",2024-05-20,"Hymenoptera",1,1,"wasps_JV_ADK_6","Aphidiinae indet.","","","Pan trap","Augustijn De Ketelaere","Ad","Braconidae","Hymenoptera","wasps"
"620","Belgium","It1","Crtl2",2024-05-20,"Hymenoptera",2,1,"wasps_JV_ADK_7","Phygadeuontinae indet.","M","","Pan trap","Augustijn De Ketelaere","Ad","Ichneumonidae","Hymenoptera","wasps"
"621","Belgium","It1","Field",2024-05-20,"Hymenoptera",1,1,"wasps_JV_ADK_8","Figitidae indet.","","","Pan trap","Augustijn De Ketelaere","Ad","Figitidae","Hymenoptera","wasps"
"622","Belgium","It1","Tree",2024-05-20,"Hymenoptera",1,1,"wasps_JV_ADK_9","Trypoxylon spec.","M","","Pan trap","Augustijn De Ketelaere","Ad","Crabronidae","Hymenoptera","wasps"
"623","Belgium","It1","Tree",2024-05-20,"Hymenoptera",1,1,"wasps_JV_ADK_12","Probles spec.","M","","Pan trap","Augustijn De Ketelaere","Ad","Ichneumonidae","Hymenoptera","wasps"
"624","Belgium","It1","Tree",2024-05-20,"Hymenoptera",1,1,"wasps_JV_ADK_13","Phygadeuontinae indet.","F","","Pan trap","Augustijn De Ketelaere","Ad","Ichneumonidae","Hymenoptera","wasps"
"625","Belgium","It1","Tree",2024-05-20,"Hymenoptera",1,1,"wasps_JV_ADK_14","Polyaulon spec.","M","","Pan trap","Augustijn De Ketelaere","Ad","Ichneumonidae","Hymenoptera","wasps"
"626","Belgium","It1","Tree",2024-05-20,"Hymenoptera",2,1,"wasps_JV_ADK_15","Chalcidoidea indet.","","","Pan trap","Augustijn De Ketelaere","Ad",NA,"Hymenoptera","wasps"
"627","Belgium","It2","Crtl1",2024-05-20,"Hymenoptera",1,1,"wasps_JV_ADK_17","Meloboris spec.","F","","Pan trap","Augustijn De Ketelaere","Ad","Ichneumonidae","Hymenoptera","wasps"
"628","Belgium","It2","Crtl2",2024-05-20,"Hymenoptera",1,1,"wasps_JV_ADK_19","Aphidiinae indet.","","","Pan trap","Augustijn De Ketelaere","Ad","Braconidae","Hymenoptera","wasps"
"629","Belgium","It2","Field",2024-05-20,"Hymenoptera",1,1,"wasps_JV_ADK_21","Megaspilidae indet.","","","Pan trap","Augustijn De Ketelaere","Ad","Megaspilidae","Hymenoptera","wasps"
"630","Belgium","It2","Tree",2024-05-20,"Hymenoptera",3,1,"wasps_JV_ADK_22","Diapriidae indet.","","","Pan trap","Augustijn De Ketelaere","Ad","Diapriidae","Hymenoptera","wasps"
"631","Belgium","It2","Tree",2024-05-20,"Hymenoptera",1,1,"wasps_JV_ADK_23","Probles spec.","M","","Pan trap","Augustijn De Ketelaere","Ad","Ichneumonidae","Hymenoptera","wasps"
"632","Belgium","It2","Tree",2024-05-20,"Hymenoptera",1,1,"wasps_JV_ADK_24","Grammospila spec.","F","","Pan trap","Augustijn De Ketelaere","Ad","Braconidae","Hymenoptera","wasps"
"633","Belgium","Lo1","Crtl1",2024-05-14,"Hymenoptera",1,1,"wasps_JV_ADK_25","Stenomacrus spec.","F","","Pan trap","Augustijn De Ketelaere","Ad","Ichneumonidae","Hymenoptera","wasps"
"634","Belgium","Lo1","Crtl2",2024-05-14,"Hymenoptera",6,1,"wasps_JV_ADK_27","Figitidae indet.","","","Pan trap","Augustijn De Ketelaere","Ad","Figitidae","Hymenoptera","wasps"
"635","Belgium","Lo1","Field",2024-05-14,"Hymenoptera",1,1,"wasps_JV_ADK_29","Rhogogaster spec.","F","unsure","Pan trap","Augustijn De Ketelaere","Ad","Tenthredinidae","Hymenoptera","wasps"
"636","Belgium","Lo1","Field",2024-05-14,"Hymenoptera",7,1,"wasps_JV_ADK_32","Figitidae indet.","","","Pan trap","Augustijn De Ketelaere","Ad","Figitidae","Hymenoptera","wasps"
"637","Belgium","Lo1","Field",2024-05-14,"Hymenoptera",1,1,"wasps_JV_ADK_33","Aphidiinae indet.","","","Pan trap","Augustijn De Ketelaere","Ad","Braconidae","Hymenoptera","wasps"
"638","Belgium","Lo1","Tree",2024-05-14,"Hymenoptera",1,1,"wasps_JV_ADK_34","Phygadeuontinae indet.","M","","Pan trap","Augustijn De Ketelaere","Ad","Ichneumonidae","Hymenoptera","wasps"
"639","Belgium","Lo1","Tree",2024-05-14,"Hymenoptera",1,1,"wasps_JV_ADK_35","Stenomacrus spec.","F","","Pan trap","Augustijn De Ketelaere","Ad","Ichneumonidae","Hymenoptera","wasps"
"640","Belgium","Lo1","Tree",2024-05-14,"Hymenoptera",1,1,"wasps_JV_ADK_36","Picrostigeus debilis","F","","Pan trap","Augustijn De Ketelaere","Ad","Ichneumonidae","Hymenoptera","wasps"
"641","Belgium","Lo1","Tree",2024-05-14,"Hymenoptera",1,1,"wasps_JV_ADK_37","Phaenocarpa spec.","F","","Pan trap","Augustijn De Ketelaere","Ad","Braconidae","Hymenoptera","wasps"
"642","Belgium","Lo1","Tree",2024-05-14,"Hymenoptera",1,1,"wasps_JV_ADK_38","Aphaereta spec.","F","","Pan trap","Augustijn De Ketelaere","Ad","Braconidae","Hymenoptera","wasps"
"643","Belgium","Lo1","Tree",2024-05-14,"Hymenoptera",1,1,"wasps_JV_ADK_39","Chorebus spec.","F","","Pan trap","Augustijn De Ketelaere","Ad","Braconidae","Hymenoptera","wasps"
"644","Belgium","Lo1","Tree",2024-05-14,"Hymenoptera",1,1,"wasps_JV_ADK_40","Leiophron spec.","F","","Pan trap","Augustijn De Ketelaere","Ad","Braconidae","Hymenoptera","wasps"
"645","Belgium","Lo1","Tree",2024-05-14,"Hymenoptera",2,1,"wasps_JV_ADK_41","Aphidiinae indet.","","","Pan trap","Augustijn De Ketelaere","Ad","Braconidae","Hymenoptera","wasps"
"646","Belgium","Lo1","Tree",2024-05-14,"Hymenoptera",1,1,"wasps_JV_ADK_42","Scelionidae indet.","","","Pan trap","Augustijn De Ketelaere","Ad","Scelionidae","Hymenoptera","wasps"
"647","Belgium","Lo1","Tree",2024-05-14,"Hymenoptera",5,1,"wasps_JV_ADK_43","Figitidae indet.","","","Pan trap","Augustijn De Ketelaere","Ad","Figitidae","Hymenoptera","wasps"
"648","Belgium","Lo2","Crtl1",2024-05-14,"Hymenoptera",1,1,"wasps_JV_ADK_52","Aphidiinae indet.","","","Pan trap","Augustijn De Ketelaere","Ad","Braconidae","Hymenoptera","wasps"
"649","Belgium","Lo2","Crtl1",2024-05-14,"Hymenoptera",1,1,"wasps_JV_ADK_53","Megaspilidae indet.","","","Pan trap","Augustijn De Ketelaere","Ad","Megaspilidae","Hymenoptera","wasps"
"650","Belgium","Lo2","Crtl2",2024-05-14,"Hymenoptera",1,1,"wasps_JV_ADK_54","Athalia bicolor","F","","Pan trap","Augustijn De Ketelaere","Ad","Tenthredinidae","Hymenoptera","wasps"
"651","Belgium","Lo2","Crtl2",2024-05-14,"Hymenoptera",1,1,"wasps_JV_ADK_55","Hedychrum niemelai","M","","Pan trap","Augustijn De Ketelaere","Ad","Chrysididae","Hymenoptera","wasps"
"652","Belgium","Lo2","Crtl2",2024-05-14,"Hymenoptera",1,1,"wasps_JV_ADK_56","Figitidae indet.","","","Pan trap","Augustijn De Ketelaere","Ad","Figitidae","Hymenoptera","wasps"
"653","Belgium","Lo2","Field",2024-05-14,"Hymenoptera",1,1,"wasps_JV_ADK_59","Megaspilidae indet.","","","Pan trap","Augustijn De Ketelaere","Ad","Megaspilidae","Hymenoptera","wasps"
"654","Belgium","Lo2","Field",2024-05-14,"Hymenoptera",1,1,"wasps_JV_ADK_60","Asobara spec.","F","","Pan trap","Augustijn De Ketelaere","Ad","Braconidae","Hymenoptera","wasps"
"655","Belgium","Lo2","Field",2024-05-14,"Hymenoptera",1,1,"wasps_JV_ADK_61","Dacnusini indet.","","","Pan trap","Augustijn De Ketelaere","Ad","Braconidae","Hymenoptera","wasps"
"656","Belgium","Lo2","Tree",2024-05-14,"Hymenoptera",1,1,"wasps_JV_ADK_62","Arachnospila anceps","M","","Pan trap","H. Nieuwenhuijsen","Ad","Pompilidae","Hymenoptera","wasps"
"657","Belgium","Lo2","Tree",2024-05-14,"Hymenoptera",2,1,"wasps_JV_ADK_63","Scelionidae indet.","","","Pan trap","Augustijn De Ketelaere","Ad","Scelionidae","Hymenoptera","wasps"
"658","Belgium","Lo2","Tree",2024-05-14,"Hymenoptera",1,1,"wasps_JV_ADK_64","Hedychrum niemelai","M","","Pan trap","Augustijn De Ketelaere","Ad","Chrysididae","Hymenoptera","wasps"
"659","Belgium","Lo2","Tree",2024-05-14,"Hymenoptera",1,1,"wasps_JV_ADK_65","Chalcidoidea indet.","","","Pan trap","Augustijn De Ketelaere","Ad",NA,"Hymenoptera","wasps"
"660","Belgium","Ur1","Crtl1",2024-05-17,"Hymenoptera",1,1,"wasps_JV_ADK_67","Trychosis spec.","F","","Pan trap","Augustijn De Ketelaere","Ad","Ichneumonidae","Hymenoptera","wasps"
"661","Belgium","Ur1","Crtl1",2024-05-17,"Hymenoptera",1,1,"wasps_JV_ADK_68","Dacnusini indet.","F","","Pan trap","Augustijn De Ketelaere","Ad","Braconidae","Hymenoptera","wasps"
"662","Belgium","Ur1","Crtl2",2024-05-17,"Hymenoptera",1,1,"wasps_JV_ADK_70","Platygastridae indet.","","","Pan trap","Augustijn De Ketelaere","Ad","Platygastridae","Hymenoptera","wasps"
"663","Belgium","Ur1","Field",2024-05-17,"Hymenoptera",1,1,"wasps_JV_ADK_71","Diapriidae indet.","","","Pan trap","Augustijn De Ketelaere","Ad","Diapriidae","Hymenoptera","wasps"
"664","Belgium","Ur1","Field",2024-05-17,"Hymenoptera",1,1,"wasps_JV_ADK_72","Blacus spec.","M","","Pan trap","Augustijn De Ketelaere","Ad","Braconidae","Hymenoptera","wasps"
"665","Belgium","Ur1","Tree",2024-05-17,"Hymenoptera",2,1,"wasps_JV_ADK_73","Opiinae indet.","F","","Pan trap","Augustijn De Ketelaere","Ad","Braconidae","Hymenoptera","wasps"
"666","Belgium","Ur1","Tree",2024-05-17,"Hymenoptera",1,1,"wasps_JV_ADK_74","Dacnusini indet.","M","","Pan trap","Augustijn De Ketelaere","Ad","Braconidae","Hymenoptera","wasps"
"667","Belgium","Ur1","Tree",2024-05-17,"Hymenoptera",1,1,"wasps_JV_ADK_75","Dacnusini indet.","F","","Pan trap","Augustijn De Ketelaere","Ad","Braconidae","Hymenoptera","wasps"
"668","Belgium","Ur1","Tree",2024-05-17,"Hymenoptera",1,1,"wasps_JV_ADK_76","Dinotrema spec.","M","","Pan trap","Augustijn De Ketelaere","Ad","Braconidae","Hymenoptera","wasps"
"669","Belgium","Ur1","Tree",2024-05-17,"Hymenoptera",5,1,"wasps_JV_ADK_77","Chorebus spec.","M","","Pan trap","Augustijn De Ketelaere","Ad","Braconidae","Hymenoptera","wasps"
"670","Belgium","Ur1","Tree",2024-05-17,"Hymenoptera",1,1,"wasps_JV_ADK_78","Chorebus spec.","F","","Pan trap","Augustijn De Ketelaere","Ad","Braconidae","Hymenoptera","wasps"
"671","Belgium","Ur1","Tree",2024-05-17,"Hymenoptera",1,1,"wasps_JV_ADK_79","Aphidiinae indet.","","","Pan trap","Augustijn De Ketelaere","Ad","Braconidae","Hymenoptera","wasps"
"672","Belgium","Zo1","Field",2024-05-17,"Hymenoptera",1,1,"wasps_JV_ADK_82","Opiinae indet.","F","","Pan trap","Augustijn De Ketelaere","Ad","Braconidae","Hymenoptera","wasps"
"673","Belgium","Zo1","Tree",2024-05-17,"Hymenoptera",1,1,"wasps_JV_ADK_83","Aphidiinae indet.","","","Pan trap","Augustijn De Ketelaere","Ad","Braconidae","Hymenoptera","wasps"
"674","Belgium","Zo1","Tree",2024-05-17,"Hymenoptera",2,1,"wasps_JV_ADK_84","Ametastegia glabrata","M","","Pan trap","Augustijn De Ketelaere","Ad","Tenthredinidae","Hymenoptera","wasps"
"675","Belgium","Zo1","Tree",2024-05-17,"Hymenoptera",1,1,"wasps_JV_ADK_88","Aphidiinae indet.","","","Pan trap","Augustijn De Ketelaere","Ad","Braconidae","Hymenoptera","wasps"
"676","Belgium","Zo2","Crtl2",2024-05-17,"Hymenoptera",1,1,"wasps_JV_ADK_89","Scelionidae indet.","","","Pan trap","Augustijn De Ketelaere","Ad","Scelionidae","Hymenoptera","wasps"
"677","Belgium","Zo2","Crtl2",2024-05-17,"Hymenoptera",1,1,"wasps_JV_ADK_90","Chorebus spec.","M","","Pan trap","Augustijn De Ketelaere","Ad","Braconidae","Hymenoptera","wasps"
"678","Belgium","Zo2","Field",2024-05-17,"Hymenoptera",1,1,"wasps_JV_ADK_92","Mymaridae indet.","","","Pan trap","Augustijn De Ketelaere","Ad","Mymaridae","Hymenoptera","wasps"
"679","Belgium","Zo2","Field",2024-05-17,"Hymenoptera",1,1,"wasps_JV_ADK_93","Scelionidae indet.","","","Pan trap","Augustijn De Ketelaere","Ad","Scelionidae","Hymenoptera","wasps"
"680","Belgium","Zo2","Tree",2024-05-17,"Hymenoptera",1,1,"wasps_JV_ADK_95","Diapriidae indet.","","","Pan trap","Augustijn De Ketelaere","Ad","Diapriidae","Hymenoptera","wasps"
"681","Belgium","Zo2","Tree",2024-05-17,"Hymenoptera",1,1,"wasps_JV_ADK_96","Pentapleura spec.","F","","Pan trap","Augustijn De Ketelaere","Ad","Braconidae","Hymenoptera","wasps"
"682","Belgium","Zo2","Tree",2024-05-17,"Hymenoptera",1,1,"wasps_JV_ADK_97","Blacus spec.","M","","Pan trap","Augustijn De Ketelaere","Ad","Braconidae","Hymenoptera","wasps"
"683","Belgium","Zo2","Tree",2024-05-17,"Hymenoptera",1,1,"wasps_JV_ADK_98","Dacnusini indet.","M","","Pan trap","Augustijn De Ketelaere","Ad","Braconidae","Hymenoptera","wasps"
"684","Belgium","Zo2","Tree",2024-05-17,"Hymenoptera",1,1,"wasps_JV_ADK_99","Scelionidae indet.","","","Pan trap","Augustijn De Ketelaere","Ad","Scelionidae","Hymenoptera","wasps"
"685","Czechia","Hu1","Crtl1",2024-06-06,"Hymenoptera",1,1,"wasps_JV_ADK_100","Odynerus reniformis","F","","Pan trap","Augustijn De Ketelaere","Ad","Vespidae","Hymenoptera","wasps"
"686","Czechia","Hu1","Crtl1",2024-06-06,"Hymenoptera",1,1,"wasps_JV_ADK_103","Diadegma spec.","F","","Pan trap","Augustijn De Ketelaere","Ad","Ichneumonidae","Hymenoptera","wasps"
"687","Czechia","Hu1","Crtl1",2024-06-06,"Hymenoptera",1,1,"wasps_JV_ADK_104","Dacnusini indet.","F","","Pan trap","Augustijn De Ketelaere","Ad","Braconidae","Hymenoptera","wasps"
"688","Czechia","Hu1","Crtl1",2024-06-06,"Hymenoptera",1,1,"wasps_JV_ADK_105","Eulophidae indet.","","","Pan trap","Augustijn De Ketelaere","Ad","Eulophidae","Hymenoptera","wasps"
"689","Czechia","Hu1","Crtl1",2024-06-06,"Hymenoptera",1,1,"wasps_JV_ADK_106","Scelionidae indet.","","","Pan trap","Augustijn De Ketelaere","Ad","Scelionidae","Hymenoptera","wasps"
"690","Czechia","Hu1","Crtl2",2024-06-06,"Hymenoptera",1,1,"wasps_JV_ADK_108","Gelis spec.","M","","Pan trap","Augustijn De Ketelaere","Ad","Ichneumonidae","Hymenoptera","wasps"
"691","Czechia","Hu1","Crtl2",2024-06-06,"Hymenoptera",2,1,"wasps_JV_ADK_109","Dinotrema spec.","M","","Pan trap","Augustijn De Ketelaere","Ad","Braconidae","Hymenoptera","wasps"
"692","Czechia","Hu1","Crtl2",2024-06-06,"Hymenoptera",1,1,"wasps_JV_ADK_110","Aphidiinae indet.","","","Pan trap","Augustijn De Ketelaere","Ad","Braconidae","Hymenoptera","wasps"
"693","Czechia","Hu1","Crtl2",2024-06-06,"Hymenoptera",1,1,"wasps_JV_ADK_111","Platygastridae indet.","","","Pan trap","Augustijn De Ketelaere","Ad","Platygastridae","Hymenoptera","wasps"
"694","Czechia","Hu1","Crtl2",2024-06-06,"Hymenoptera",1,1,"wasps_JV_ADK_112","Figitidae indet.","","","Pan trap","Augustijn De Ketelaere","Ad","Figitidae","Hymenoptera","wasps"
"695","Czechia","Hu1","Field",2024-06-06,"Hymenoptera",1,1,"wasps_JV_ADK_119","Arachnospila spissa","F","","Pan trap","H. Nieuwenhuijsen","Ad","Pompilidae","Hymenoptera","wasps"
"696","Czechia","Hu1","Field",2024-06-06,"Hymenoptera",1,1,"wasps_JV_ADK_120","Macrocentrus spec.","F","","Pan trap","Augustijn De Ketelaere","Ad","Braconidae","Hymenoptera","wasps"
"697","Czechia","Hu1","Field",2024-06-06,"Hymenoptera",4,1,"wasps_JV_ADK_121","Dacnusini indet.","F","","Pan trap","Augustijn De Ketelaere","Ad","Braconidae","Hymenoptera","wasps"
"698","Czechia","Hu1","Field",2024-06-06,"Hymenoptera",1,1,"wasps_JV_ADK_122","Pteromalidae indet.","","","Pan trap","Augustijn De Ketelaere","Ad","Pteromalidae","Hymenoptera","wasps"
"699","Czechia","Hu1","Field",2024-06-06,"Hymenoptera",1,1,"wasps_JV_ADK_123","Figitidae indet.","","","Pan trap","Augustijn De Ketelaere","Ad","Figitidae","Hymenoptera","wasps"
"700","Czechia","Hu1","Tree",2024-06-06,"Hymenoptera",1,1,"wasps_JV_ADK_127","Anoplius nigerrimus","F","","Pan trap","H. Nieuwenhuijsen","Ad","Pompilidae","Hymenoptera","wasps"
"701","Czechia","Hu1","Tree",2024-06-06,"Hymenoptera",1,1,"wasps_JV_ADK_129","Exetastes spec.","M","","Pan trap","Augustijn De Ketelaere","Ad","Ichneumonidae","Hymenoptera","wasps"
"702","Czechia","Hu1","Tree",2024-06-06,"Hymenoptera",1,1,"wasps_JV_ADK_130","Diapriidae indet.","","","Pan trap","Augustijn De Ketelaere","Ad","Diapriidae","Hymenoptera","wasps"
"703","Czechia","Pr1","Crtl1",2024-06-04,"Hymenoptera",2,1,"wasps_JV_ADK_138","Stenomacrus spec.","M","","Pan trap","Augustijn De Ketelaere","Ad","Ichneumonidae","Hymenoptera","wasps"
"704","Czechia","Pr1","Crtl1",2024-06-04,"Hymenoptera",1,1,"wasps_JV_ADK_139","Chalcidoidea indet.","","","Pan trap","Augustijn De Ketelaere","Ad",NA,"Hymenoptera","wasps"
"705","Czechia","Pr1","Crtl2",2024-06-04,"Hymenoptera",1,1,"wasps_JV_ADK_140","Stenomacrus spec.","M","","Pan trap","Augustijn De Ketelaere","Ad","Ichneumonidae","Hymenoptera","wasps"
"706","Czechia","Pr1","Crtl2",2024-06-04,"Hymenoptera",1,1,"wasps_JV_ADK_141","Stenomacrus spec.","M","","Pan trap","Augustijn De Ketelaere","Ad","Ichneumonidae","Hymenoptera","wasps"
"707","Czechia","Pr1","Crtl2",2024-06-04,"Hymenoptera",1,1,"wasps_JV_ADK_142","Pentapleura spec.","M","","Pan trap","Augustijn De Ketelaere","Ad","Braconidae","Hymenoptera","wasps"
"708","Czechia","Pr1","Field",2024-06-04,"Hymenoptera",1,1,"wasps_JV_ADK_145","Scelionidae indet.","","","Pan trap","Augustijn De Ketelaere","Ad","Scelionidae","Hymenoptera","wasps"
"709","Czechia","Pr1","Field",2024-06-04,"Hymenoptera",1,1,"wasps_JV_ADK_146","Diapriidae indet.","","","Pan trap","Augustijn De Ketelaere","Ad","Diapriidae","Hymenoptera","wasps"
"710","Czechia","Pr1","Field",2024-06-04,"Hymenoptera",1,1,"wasps_JV_ADK_147","Figitidae indet.","","","Pan trap","Augustijn De Ketelaere","Ad","Figitidae","Hymenoptera","wasps"
"711","Czechia","Pr1","Field",2024-06-04,"Hymenoptera",1,1,"wasps_JV_ADK_148","Aphaereta spec.","F","","Pan trap","Augustijn De Ketelaere","Ad","Braconidae","Hymenoptera","wasps"
"712","Czechia","Pr1","Tree",2024-06-04,"Hymenoptera",1,1,"wasps_JV_ADK_151","Proctotrupidae indet.","","","Pan trap","Augustijn De Ketelaere","Ad","Proctotrupidae","Hymenoptera","wasps"
"713","Czechia","Pr1","Tree",2024-06-04,"Hymenoptera",1,1,"wasps_JV_ADK_152","Trychosis spec.","M","","Pan trap","Augustijn De Ketelaere","Ad","Ichneumonidae","Hymenoptera","wasps"
"714","Czechia","Pr1","Tree",2024-06-04,"Hymenoptera",1,1,"wasps_JV_ADK_153","Aphaereta spec.","F","","Pan trap","Augustijn De Ketelaere","Ad","Braconidae","Hymenoptera","wasps"
"715","Czechia","Pr1","Tree",2024-06-04,"Hymenoptera",1,1,"wasps_JV_ADK_154","Diapriidae indet.","","","Pan trap","Augustijn De Ketelaere","Ad","Diapriidae","Hymenoptera","wasps"
"716","Czechia","Sa1","Crtl1",2024-05-31,"Hymenoptera",1,1,"wasps_JV_ADK_158","Barichneumon spec.","F","new to science?","Pan trap","Augustijn De Ketelaere","Ad","Ichneumonidae","Hymenoptera","wasps"
"717","Czechia","Sa1","Crtl2",2024-05-31,"Hymenoptera",1,1,"wasps_JV_ADK_161","Eumenes coarctatus","F","","Pan trap","Augustijn De Ketelaere","Ad","Vespidae","Hymenoptera","wasps"
"718","Czechia","Sa1","Crtl2",2024-05-31,"Hymenoptera",1,1,"wasps_JV_ADK_162","Dinotrema spec.","F","","Pan trap","Augustijn De Ketelaere","Ad","Braconidae","Hymenoptera","wasps"
"719","Czechia","Sa1","Crtl2",2024-05-31,"Hymenoptera",1,1,"wasps_JV_ADK_163","Megaspilidae indet.","","","Pan trap","Augustijn De Ketelaere","Ad","Megaspilidae","Hymenoptera","wasps"
"720","Czechia","Sa1","Field",2024-05-31,"Hymenoptera",1,1,"wasps_JV_ADK_166","Scelionidae indet.","","","Pan trap","Augustijn De Ketelaere","Ad","Scelionidae","Hymenoptera","wasps"
"721","Czechia","Sa1","Tree",2024-05-31,"Hymenoptera",1,1,"wasps_JV_ADK_169","Campoplex spec.","F","","Pan trap","Augustijn De Ketelaere","Ad","Ichneumonidae","Hymenoptera","wasps"
"722","Czechia","Sa1","Tree",2024-05-31,"Hymenoptera",1,1,"wasps_JV_ADK_170","Chorebus spec.","F","","Pan trap","Augustijn De Ketelaere","Ad","Braconidae","Hymenoptera","wasps"
"723","Czechia","Sa1","Tree",2024-05-31,"Hymenoptera",4,1,"wasps_JV_ADK_171","Ascogaster spec.","M","","Pan trap","Augustijn De Ketelaere","Ad","Braconidae","Hymenoptera","wasps"
"724","Czechia","Sa1","Tree",2024-05-31,"Hymenoptera",1,1,"wasps_JV_ADK_172","Aphidiinae indet.","","","Pan trap","Augustijn De Ketelaere","Ad","Braconidae","Hymenoptera","wasps"
"725","Czechia","Sa1","Tree",2024-05-31,"Hymenoptera",1,1,"wasps_JV_ADK_173","Scelionidae indet.","","","Pan trap","Augustijn De Ketelaere","Ad","Scelionidae","Hymenoptera","wasps"
"726","Czechia","Sa1","Tree",2024-05-31,"Hymenoptera",1,1,"wasps_JV_ADK_174","Cephus pygmaeus","M","","Pan trap","Augustijn De Ketelaere","Ad","Cephidae","Hymenoptera","wasps"
"727","Czechia","Sa1","Tree",2024-05-31,"Hymenoptera",1,1,"wasps_JV_ADK_175","Hedychridium spec.","M","","Pan trap","Augustijn De Ketelaere","Ad","Chrysididae","Hymenoptera","wasps"
"728","Czechia","Sa1","Tree",2024-05-31,"Hymenoptera",1,1,"wasps_JV_ADK_176","Eulophidae indet.","","","Pan trap","Augustijn De Ketelaere","Ad","Eulophidae","Hymenoptera","wasps"
"729","Czechia","Sa2","Crtl1",2024-05-31,"Hymenoptera",3,1,"wasps_JV_ADK_177","Scelionidae indet.","","","Pan trap","Augustijn De Ketelaere","Ad","Scelionidae","Hymenoptera","wasps"
"730","Czechia","Sa2","Crtl2",2024-05-31,"Hymenoptera",1,1,"wasps_JV_ADK_181","Odynerus melanocephalus","M","","Pan trap","Augustijn De Ketelaere","Ad","Vespidae","Hymenoptera","wasps"
"731","Czechia","Sa2","Crtl2",2024-05-31,"Hymenoptera",2,1,"wasps_JV_ADK_182","Scelionidae indet.","","","Pan trap","Augustijn De Ketelaere","Ad","Scelionidae","Hymenoptera","wasps"
"732","Czechia","Sa2","Crtl2",2024-05-31,"Hymenoptera",1,1,"wasps_JV_ADK_183","Promethes sulcator","F","","Pan trap","Augustijn De Ketelaere","Ad","Ichneumonidae","Hymenoptera","wasps"
"733","Czechia","Sa2","Crtl2",2024-05-31,"Hymenoptera",1,1,"wasps_JV_ADK_184","Microgastrinae indet.","M","","Pan trap","Augustijn De Ketelaere","Ad","Braconidae","Hymenoptera","wasps"
"734","Czechia","Sa2","Crtl2",2024-05-31,"Hymenoptera",1,1,"wasps_JV_ADK_185","Figitidae indet.","","","Pan trap","Augustijn De Ketelaere","Ad","Figitidae","Hymenoptera","wasps"
"735","Czechia","Sa2","Crtl2",2024-05-31,"Hymenoptera",1,1,"wasps_JV_ADK_186","Ceraphronidae indet.","","","Pan trap","Augustijn De Ketelaere","Ad","Ceraphronidae","Hymenoptera","wasps"
"736","Czechia","Sa2","Crtl2",2024-05-31,"Hymenoptera",1,1,"wasps_JV_ADK_187","Eulophidae indet.","","","Pan trap","Augustijn De Ketelaere","Ad","Eulophidae","Hymenoptera","wasps"
"737","Czechia","Sa2","Field",2024-05-31,"Hymenoptera",1,1,"wasps_JV_ADK_199","Scelionidae indet.","","","Pan trap","Augustijn De Ketelaere","Ad","Scelionidae","Hymenoptera","wasps"
"738","Czechia","Sa2","Field",2024-05-31,"Hymenoptera",1,1,"wasps_JV_ADK_200","Figitidae indet.","","","Pan trap","Augustijn De Ketelaere","Ad","Figitidae","Hymenoptera","wasps"
"739","Czechia","Sa2","Field",2024-05-31,"Hymenoptera",1,1,"wasps_JV_ADK_201","Dinotrema spec.","F","","Pan trap","Augustijn De Ketelaere","Ad","Braconidae","Hymenoptera","wasps"
"740","Czechia","Sa2","Field",2024-05-31,"Hymenoptera",1,1,"wasps_JV_ADK_202","Chalcidoidea indet.","","","Pan trap","Augustijn De Ketelaere","Ad",NA,"Hymenoptera","wasps"
"741","Czechia","Sa2","Field",2024-05-31,"Hymenoptera",2,1,"wasps_JV_ADK_203","Platygastridae indet.","","","Pan trap","Augustijn De Ketelaere","Ad","Platygastridae","Hymenoptera","wasps"
"742","Czechia","Sa2","Tree",2024-05-31,"Hymenoptera",4,1,"wasps_JV_ADK_210","Trypoxylon spec.","M","","Pan trap","Augustijn De Ketelaere","Ad","Crabronidae","Hymenoptera","wasps"
"743","Czechia","Sa2","Tree",2024-05-31,"Hymenoptera",1,1,"wasps_JV_ADK_211","Trypoxylon spec.","F","","Pan trap","Augustijn De Ketelaere","Ad","Crabronidae","Hymenoptera","wasps"
"744","Czechia","Sa2","Tree",2024-05-31,"Hymenoptera",1,1,"wasps_JV_ADK_212","Heterischnus truncator","F","","Pan trap","Augustijn De Ketelaere","Ad","Ichneumonidae","Hymenoptera","wasps"
"745","Czechia","Sa2","Tree",2024-05-31,"Hymenoptera",1,1,"wasps_JV_ADK_213","Mymaridae indet.","","","Pan trap","Augustijn De Ketelaere","Ad","Mymaridae","Hymenoptera","wasps"
"746","Czechia","Sa2","Tree",2024-05-31,"Hymenoptera",2,1,"wasps_JV_ADK_214","Scelionidae indet.","","","Pan trap","Augustijn De Ketelaere","Ad","Scelionidae","Hymenoptera","wasps"
"747","Czechia","Sa2","Tree",2024-05-31,"Hymenoptera",1,1,"wasps_JV_ADK_215","Proctotrupes gravidator","M","","Pan trap","Augustijn De Ketelaere","Ad","Proctotrupidae","Hymenoptera","wasps"
"748","Czechia","Sa2","Tree",2024-05-31,"Hymenoptera",1,1,"wasps_JV_ADK_216","Eubazus spec.","F","","Pan trap","Augustijn De Ketelaere","Ad","Braconidae","Hymenoptera","wasps"
"749","Czechia","Ve1","Crtl1",2024-06-06,"Hymenoptera",1,1,"wasps_JV_ADK_222","Ascogaster spec.","F","","Pan trap","Augustijn De Ketelaere","Ad","Braconidae","Hymenoptera","wasps"
"750","Czechia","Ve1","Crtl1",2024-06-06,"Hymenoptera",1,1,"wasps_JV_ADK_223","Chorebus spec.","M","","Pan trap","Augustijn De Ketelaere","Ad","Braconidae","Hymenoptera","wasps"
"751","Czechia","Ve1","Crtl1",2024-06-06,"Hymenoptera",1,1,"wasps_JV_ADK_224","Ceraphronidae indet.","","","Pan trap","Augustijn De Ketelaere","Ad","Ceraphronidae","Hymenoptera","wasps"
"752","Czechia","Ve1","Crtl1",2024-06-06,"Hymenoptera",3,1,"wasps_JV_ADK_225","Scelionidae indet.","","","Pan trap","Augustijn De Ketelaere","Ad","Scelionidae","Hymenoptera","wasps"
"753","Czechia","Ve1","Crtl2",2024-06-06,"Hymenoptera",1,1,"wasps_JV_ADK_226","Chorebus spec.","F","","Pan trap","Augustijn De Ketelaere","Ad","Braconidae","Hymenoptera","wasps"
"754","Czechia","Ve1","Crtl2",2024-06-06,"Hymenoptera",1,1,"wasps_JV_ADK_227","Dinotrema spec.","F","","Pan trap","Augustijn De Ketelaere","Ad","Braconidae","Hymenoptera","wasps"
"755","Czechia","Ve1","Crtl2",2024-06-06,"Hymenoptera",1,1,"wasps_JV_ADK_228","Aspilota spec.","F","","Pan trap","Augustijn De Ketelaere","Ad","Braconidae","Hymenoptera","wasps"
"756","Czechia","Ve1","Crtl2",2024-06-06,"Hymenoptera",2,1,"wasps_JV_ADK_229","Phygadeuontinae indet.","M","","Pan trap","Augustijn De Ketelaere","Ad","Ichneumonidae","Hymenoptera","wasps"
"757","Czechia","Ve1","Crtl2",2024-06-06,"Hymenoptera",1,1,"wasps_JV_ADK_230","Chalcidoidea indet.","","","Pan trap","Augustijn De Ketelaere","Ad",NA,"Hymenoptera","wasps"
"758","Czechia","Ve1","Crtl2",2024-06-06,"Hymenoptera",3,1,"wasps_JV_ADK_231","Scelionidae indet.","","","Pan trap","Augustijn De Ketelaere","Ad","Scelionidae","Hymenoptera","wasps"
"759","Czechia","Ve1","Field",2024-06-06,"Hymenoptera",3,1,"wasps_JV_ADK_237","Trypoxylon spec.","F","","Pan trap","Augustijn De Ketelaere","Ad","Crabronidae","Hymenoptera","wasps"
"760","Czechia","Ve1","Field",2024-06-06,"Hymenoptera",1,1,"wasps_JV_ADK_238","Passaloecus spec.","F","","Pan trap","Augustijn De Ketelaere","Ad","Crabronidae","Hymenoptera","wasps"
"761","Czechia","Ve1","Field",2024-06-06,"Hymenoptera",2,1,"wasps_JV_ADK_239","Aphidiinae indet.","","","Pan trap","Augustijn De Ketelaere","Ad","Braconidae","Hymenoptera","wasps"
"762","Czechia","Ve1","Field",2024-06-06,"Hymenoptera",1,1,"wasps_JV_ADK_240","Platygastridae indet.","","","Pan trap","Augustijn De Ketelaere","Ad","Platygastridae","Hymenoptera","wasps"
"763","Czechia","Ve2","Field",2024-06-06,"Hymenoptera",1,1,"wasps_JV_ADK_242","Priocnemis hyalinata","M","","Pan trap","H. Nieuwenhuijsen","Ad","Pompilidae","Hymenoptera","wasps"
"764","Czechia","Ve2","Field",2024-06-06,"Hymenoptera",1,1,"wasps_JV_ADK_243","Trypoxylon spec.","F","","Pan trap","Augustijn De Ketelaere","Ad","Crabronidae","Hymenoptera","wasps"
"765","Czechia","Ve2","Field",2024-06-06,"Hymenoptera",1,1,"wasps_JV_ADK_244","Platygastridae indet.","","","Pan trap","Augustijn De Ketelaere","Ad","Platygastridae","Hymenoptera","wasps"
"766","Czechia","Ve1","Tree",2024-06-06,"Hymenoptera",1,1,"wasps_JV_ADK_245","Diapriidae indet.","","","Pan trap","Augustijn De Ketelaere","Ad","Diapriidae","Hymenoptera","wasps"
"767","Czechia","Ve1","Tree",2024-06-06,"Hymenoptera",2,1,"wasps_JV_ADK_246","Trypoxylon spec.","M","","Pan trap","Augustijn De Ketelaere","Ad","Crabronidae","Hymenoptera","wasps"
"768","Czechia","Ve1","Tree",2024-06-06,"Hymenoptera",1,1,"wasps_JV_ADK_247","Bracon spec.","F","","Pan trap","Augustijn De Ketelaere","Ad","Braconidae","Hymenoptera","wasps"
"769","Czechia","Ve1","Tree",2024-06-06,"Hymenoptera",1,1,"wasps_JV_ADK_248","Chorebus spec.","M","","Pan trap","Augustijn De Ketelaere","Ad","Braconidae","Hymenoptera","wasps"
"770","Czechia","Ve1","Tree",2024-06-06,"Hymenoptera",1,1,"wasps_JV_ADK_249","Chorebus spec.","F","","Pan trap","Augustijn De Ketelaere","Ad","Braconidae","Hymenoptera","wasps"
"771","Czechia","Ve1","Tree",2024-06-06,"Hymenoptera",1,1,"wasps_JV_ADK_250","Blacus spec.","F","","Pan trap","Augustijn De Ketelaere","Ad","Braconidae","Hymenoptera","wasps"
"772","Czechia","Ve1","Tree",2024-06-06,"Hymenoptera",2,1,"wasps_JV_ADK_251","Aphidiinae indet.","","","Pan trap","Augustijn De Ketelaere","Ad","Braconidae","Hymenoptera","wasps"
"773","Czechia","Ve1","Tree",2024-06-06,"Hymenoptera",1,1,"wasps_JV_ADK_252","Helictes spec.","M","","Pan trap","Augustijn De Ketelaere","Ad","Ichneumonidae","Hymenoptera","wasps"
"774","Czechia","Ve1","Tree",2024-06-06,"Hymenoptera",1,1,"wasps_JV_ADK_253","Scelionidae indet.","","","Pan trap","Augustijn De Ketelaere","Ad","Scelionidae","Hymenoptera","wasps"
"775","Czechia","Ve2","Tree",2024-06-06,"Hymenoptera",1,1,"wasps_JV_ADK_256","Trypoxylon spec.","F","","Pan trap","Augustijn De Ketelaere","Ad","Crabronidae","Hymenoptera","wasps"
"776","Czechia","Ve2","Tree",2024-06-06,"Hymenoptera",1,1,"wasps_JV_ADK_257","Trypoxylon spec.","M","","Pan trap","Augustijn De Ketelaere","Ad","Crabronidae","Hymenoptera","wasps"
"777","Czechia","Ve2","Tree",2024-06-06,"Hymenoptera",1,1,"wasps_JV_ADK_258","Hedychrum spec.","M","","Pan trap","Augustijn De Ketelaere","Ad","Chrysididae","Hymenoptera","wasps"
"778","Czechia","Ve2","Tree",2024-06-06,"Hymenoptera",1,1,"wasps_JV_ADK_259","Pompilidae indet.","","","Pan trap","Augustijn De Ketelaere","Ad","Pompilidae","Hymenoptera","wasps"
"779","Czechia","Za1","Crtl1",2024-06-02,"Hymenoptera",1,1,"wasps_JV_ADK_260","Trypoxylon spec.","F","","Pan trap","Augustijn De Ketelaere","Ad","Crabronidae","Hymenoptera","wasps"
"780","Czechia","Za1","Crtl1",2024-06-02,"Hymenoptera",2,1,"wasps_JV_ADK_261","Aphidiinae indet.","","","Pan trap","Augustijn De Ketelaere","Ad","Braconidae","Hymenoptera","wasps"
"781","Czechia","Za1","Crtl2",2024-06-02,"Hymenoptera",1,1,"wasps_JV_ADK_262","Aphidiinae indet.","","","Pan trap","Augustijn De Ketelaere","Ad","Braconidae","Hymenoptera","wasps"
"782","Czechia","Za1","Field",2024-06-02,"Hymenoptera",1,1,"wasps_JV_ADK_265","Trypoxylon spec.","F","","Pan trap","Augustijn De Ketelaere","Ad","Crabronidae","Hymenoptera","wasps"
"783","Czechia","Za1","Field",2024-06-02,"Hymenoptera",1,1,"wasps_JV_ADK_266","Chorebus spec.","M","","Pan trap","Augustijn De Ketelaere","Ad","Braconidae","Hymenoptera","wasps"
"784","Czechia","Za1","Tree",2024-06-02,"Hymenoptera",1,1,"wasps_JV_ADK_268","Aphidiinae indet.","","","Pan trap","Augustijn De Ketelaere","Ad","Braconidae","Hymenoptera","wasps"
"785","Czechia","Za1","Tree",2024-06-02,"Hymenoptera",1,1,"wasps_JV_ADK_269","Megaspilidae indet.","","","Pan trap","Augustijn De Ketelaere","Ad","Megaspilidae","Hymenoptera","wasps"
"786","France","Ca1","Crtl1",2024-04-04,"Hymenoptera",2,1,"wasps_JV_ADK_276","Mesoleptus spec.","M","","Pan trap","Augustijn De Ketelaere","Ad","Ichneumonidae","Hymenoptera","wasps"
"787","France","Ca1","Crtl1",2024-04-04,"Hymenoptera",1,1,"wasps_JV_ADK_277","Polistes nimpha","F","","Pan trap","Augustijn De Ketelaere","Ad","Eumenidae","Hymenoptera","wasps"
"788","France","Ca1","Crtl1",2024-04-04,"Hymenoptera",1,1,"wasps_JV_ADK_278","Polistes dominula","F","","Pan trap","Augustijn De Ketelaere","Ad","Eumenidae","Hymenoptera","wasps"
"789","France","Ca1","Crtl1",2024-04-04,"Hymenoptera",1,1,"wasps_JV_ADK_279","Athalia bicolor","F","","Pan trap","Augustijn De Ketelaere","Ad","Tenthredinidae","Hymenoptera","wasps"
"790","France","Ca1","Crtl1",2024-04-04,"Hymenoptera",1,1,"wasps_JV_ADK_280","Tenthredo baetica","F","","Pan trap","Augustijn De Ketelaere","Ad","Tenthredinidae","Hymenoptera","wasps"
"791","France","Ca1","Crtl2",2024-04-04,"Hymenoptera",1,1,"wasps_JV_ADK_287","Polistes dominula","F","","Pan trap","Augustijn De Ketelaere","Ad","Eumenidae","Hymenoptera","wasps"
"792","France","Ca1","Crtl2",2024-04-04,"Hymenoptera",1,1,"wasps_JV_ADK_288","Arge cyanocrocea","F","to be checked","Pan trap","Augustijn De Ketelaere","Ad","Argidae","Hymenoptera","wasps"
"793","France","Ca1","Crtl2",2024-04-04,"Hymenoptera",1,1,"wasps_JV_ADK_289","Athalia bicolor","F","","Pan trap","Augustijn De Ketelaere","Ad","Tenthredinidae","Hymenoptera","wasps"
"794","France","Ca1","Crtl2",2024-04-04,"Hymenoptera",1,1,"wasps_JV_ADK_290","Cycasis rubiginosa","F","","Pan trap","Augustijn De Ketelaere","Ad","Ichneumonidae","Hymenoptera","wasps"
"795","France","Ca1","Crtl2",2024-04-04,"Hymenoptera",1,1,"wasps_JV_ADK_291","Aptesini indet.","M","","Pan trap","Augustijn De Ketelaere","Ad","Ichneumonidae","Hymenoptera","wasps"
"796","France","Ca1","Crtl2",2024-04-04,"Hymenoptera",1,1,"wasps_JV_ADK_292","Scelionidae indet.","","","Pan trap","Augustijn De Ketelaere","Ad","Scelionidae","Hymenoptera","wasps"
"797","France","Ca1","Field",2024-04-04,"Hymenoptera",1,1,"wasps_JV_ADK_293","Priocnemis fallax","F","","Pan trap","H. Nieuwenhuijsen","Ad","Pompilidae","Hymenoptera","wasps"
"798","France","Ca1","Field",2024-04-04,"Hymenoptera",1,1,"wasps_JV_ADK_294","Athalia bicolor","M","","Pan trap","Augustijn De Ketelaere","Ad","Tenthredinidae","Hymenoptera","wasps"
"799","France","Ca1","Field",2024-04-04,"Hymenoptera",1,1,"wasps_JV_ADK_295","Mesostenus spec.","F","","Pan trap","Augustijn De Ketelaere","Ad","Ichneumonidae","Hymenoptera","wasps"
"800","France","Ca1","Field",2024-04-04,"Hymenoptera",2,1,"wasps_JV_ADK_296","Mesostenus spec.","M","","Pan trap","Augustijn De Ketelaere","Ad","Ichneumonidae","Hymenoptera","wasps"
"801","France","Ca1","Field",2024-04-04,"Hymenoptera",1,1,"wasps_JV_ADK_297","Dinotrema spec.","M","","Pan trap","Augustijn De Ketelaere","Ad","Braconidae","Hymenoptera","wasps"
"802","France","Ca1","Field",2024-04-04,"Hymenoptera",1,1,"wasps_JV_ADK_298","Chalcidoidea indet.","","","Pan trap","Augustijn De Ketelaere","Ad",NA,"Hymenoptera","wasps"
"803","France","Ca1","Tree",2024-04-04,"Hymenoptera",1,1,"wasps_JV_ADK_302","Athalia bicolor","M","","Pan trap","Augustijn De Ketelaere","Ad","Tenthredinidae","Hymenoptera","wasps"
"804","France","Ca1","Tree",2024-04-04,"Hymenoptera",1,1,"wasps_JV_ADK_303","Trypoxylon spec.","M","","Pan trap","Augustijn De Ketelaere","Ad","Crabronidae","Hymenoptera","wasps"
"805","France","ND1","Crtl1",2024-04-04,"Hymenoptera",1,1,"wasps_JV_ADK_306","Symphyta indet.","","","Pan trap","Augustijn De Ketelaere","Ad","Lasiocampidae","Lepidoptera","lepidoptera"
"806","France","ND1","Crtl2",2024-04-04,"Hymenoptera",1,1,"wasps_JV_ADK_308","Phygadeuontinae indet.","M","","Pan trap","Augustijn De Ketelaere","Ad","Ichneumonidae","Hymenoptera","wasps"
"807","France","ND1","Crtl2",2024-04-04,"Hymenoptera",1,1,"wasps_JV_ADK_309","Dinotrema spec.","F","","Pan trap","Augustijn De Ketelaere","Ad","Braconidae","Hymenoptera","wasps"
"808","France","ND1","Crtl2",2024-04-04,"Hymenoptera",1,1,"wasps_JV_ADK_310","Alloxysta spec.","","","Pan trap","Augustijn De Ketelaere","Ad","Figitidae","Hymenoptera","wasps"
"809","France","ND1","Field",2024-04-04,"Hymenoptera",1,1,"wasps_JV_ADK_311","Aspilota spec.","M","","Pan trap","Augustijn De Ketelaere","Ad","Braconidae","Hymenoptera","wasps"
"810","France","Pe1","Crtl1",2024-03-30,"Hymenoptera",1,1,"wasps_JV_ADK_313","Dacnusini indet.","M","","Pan trap","Augustijn De Ketelaere","Ad","Braconidae","Hymenoptera","wasps"
"811","France","Pe1","Crtl2",2024-03-30,"Hymenoptera",1,1,"wasps_JV_ADK_314","Aphidiinae indet.","","","Pan trap","Augustijn De Ketelaere","Ad","Braconidae","Hymenoptera","wasps"
"812","France","Pe1","Field",2024-03-30,"Hymenoptera",2,1,"wasps_JV_ADK_316","Aphidiinae indet.","","","Pan trap","Augustijn De Ketelaere","Ad","Braconidae","Hymenoptera","wasps"
"813","France","Pe1","Tree",2024-03-30,"Hymenoptera",1,1,"wasps_JV_ADK_317","Athalia bicolor","F","","Pan trap","Augustijn De Ketelaere","Ad","Tenthredinidae","Hymenoptera","wasps"
"814","France","PL1","Crtl1",2024-03-30,"Hymenoptera",2,1,"wasps_JV_ADK_321","Diapriidae indet.","","","Pan trap","Augustijn De Ketelaere","Ad","Diapriidae","Hymenoptera","wasps"
"815","France","PL1","Field",2024-03-30,"Hymenoptera",1,1,"wasps_JV_ADK_323","Athalia bicolor","F","","Pan trap","Augustijn De Ketelaere","Ad","Tenthredinidae","Hymenoptera","wasps"
"816","France","PL1","Field",2024-03-30,"Hymenoptera",1,1,"wasps_JV_ADK_324","Diapriidae indet.","","","Pan trap","Augustijn De Ketelaere","Ad","Diapriidae","Hymenoptera","wasps"
"817","France","PL2","Field",2024-04-02,"Hymenoptera",1,1,"wasps_JV_ADK_329","Mymaridae indet.","","","Pan trap","Augustijn De Ketelaere","Ad","Mymaridae","Hymenoptera","wasps"
"818","France","PL3","Crtl1",2024-04-02,"Hymenoptera",1,1,"wasps_JV_ADK_333","Diapriidae indet.","","","Pan trap","Augustijn De Ketelaere","Ad","Diapriidae","Hymenoptera","wasps"
"819","France","PL3","Crtl2",2024-04-02,"Hymenoptera",1,1,"wasps_JV_ADK_334","Tenthredinidae indet.","","","Pan trap","Augustijn De Ketelaere","Ad","Tenthredinidae","Hymenoptera","wasps"
"820","France","PL3","Crtl2",2024-04-02,"Hymenoptera",1,1,"wasps_JV_ADK_335","Phygadeuontinae indet.","","","Pan trap","Augustijn De Ketelaere","Ad","Ichneumonidae","Hymenoptera","wasps"
"821","France","PL3","Crtl2",2024-04-02,"Hymenoptera",1,1,"wasps_JV_ADK_336","Trychosis spec.","F","","Pan trap","Augustijn De Ketelaere","Ad","Ichneumonidae","Hymenoptera","wasps"
"822","France","PL3","Crtl2",2024-04-02,"Hymenoptera",1,1,"wasps_JV_ADK_337","Mymaridae indet.","","","Pan trap","Augustijn De Ketelaere","Ad","Mymaridae","Hymenoptera","wasps"
"823","France","PL3","Crtl2",2024-04-02,"Hymenoptera",1,1,"wasps_JV_ADK_338","Diapriidae indet.","","","Pan trap","Augustijn De Ketelaere","Ad","Diapriidae","Hymenoptera","wasps"
"824","France","PL3","Field",2024-04-02,"Hymenoptera",1,1,"wasps_JV_ADK_339","Chrysura spec.","M","","Pan trap","Augustijn De Ketelaere","Ad","Chrysididae","Hymenoptera","wasps"
"825","France","PL3","Field",2024-04-02,"Hymenoptera",1,1,"wasps_JV_ADK_340","Athalia bicolor","M","","Pan trap","Augustijn De Ketelaere","Ad","Tenthredinidae","Hymenoptera","wasps"
"826","Portugal","JS1","Crtl1",2024-03-23,"Hymenoptera",1,1,"wasps_JV_ADK_341","Stenomacrus spec.","F","","Pan trap","Augustijn De Ketelaere","Ad","Ichneumonidae","Hymenoptera","wasps"
"827","Portugal","JS1","Crtl2",2024-03-23,"Hymenoptera",1,1,"wasps_JV_ADK_342","Diapriidae indet.","","","Pan trap","Augustijn De Ketelaere","Ad","Diapriidae","Hymenoptera","wasps"
"828","Portugal","JS2","Crtl1",2024-03-23,"Hymenoptera",1,1,"wasps_JV_ADK_345","Leptoperilissus baeticus","F","","Pan trap","Augustijn De Ketelaere","Ad","Ichneumonidae","Hymenoptera","wasps"
"829","Portugal","JS2","Crtl2",2024-03-23,"Hymenoptera",1,1,"wasps_JV_ADK_346","Leptoperilissus baeticus","M","","Pan trap","Augustijn De Ketelaere","Ad","Ichneumonidae","Hymenoptera","wasps"
"830","Portugal","JS2","Field",2024-03-23,"Hymenoptera",1,1,"wasps_JV_ADK_347","Trypoxylon spec.","M","","Pan trap","Augustijn De Ketelaere","Ad","Crabronidae","Hymenoptera","wasps"
"831","Portugal","Mo1","Crtl1",2024-03-25,"Hymenoptera",1,1,"wasps_JV_ADK_348","Hyposoter didymator","F","","Pan trap","Augustijn De Ketelaere","Ad","Ichneumonidae","Hymenoptera","wasps"
"832","Portugal","Mo1","Crtl1",2024-03-25,"Hymenoptera",1,1,"wasps_JV_ADK_349","Braconidae indet.","","","Pan trap","Augustijn De Ketelaere","Ad","Braconidae","Hymenoptera","wasps"
"833","Portugal","Mo1","Crtl1",2024-03-25,"Hymenoptera",1,1,"wasps_JV_ADK_350","Braconidae indet.","","","Pan trap","Augustijn De Ketelaere","Ad","Braconidae","Hymenoptera","wasps"
"834","Portugal","Mo1","Crtl2",2024-03-25,"Hymenoptera",4,1,"wasps_JV_ADK_355","Aphidiinae indet.","","","Pan trap","Augustijn De Ketelaere","Ad","Braconidae","Hymenoptera","wasps"
"835","Portugal","Mo1","Crtl2",2024-03-25,"Hymenoptera",1,1,"wasps_JV_ADK_356","Chalcidoidea indet.","","","Pan trap","Augustijn De Ketelaere","Ad",NA,"Hymenoptera","wasps"
"836","Portugal","MV1","Crtl1",2024-03-19,"Hymenoptera",1,1,"wasps_JV_ADK_357","Chorebus spec.","F","","Pan trap","Augustijn De Ketelaere","Ad","Braconidae","Hymenoptera","wasps"
"837","Portugal","MV1","Crtl1",2024-03-19,"Hymenoptera",1,1,"wasps_JV_ADK_358","Leptoperilissus baeticus","F","","Pan trap","Augustijn De Ketelaere","Ad","Ichneumonidae","Hymenoptera","wasps"
"838","Portugal","MV1","Crtl2",2024-03-19,"Hymenoptera",3,1,"wasps_JV_ADK_360","Aphidiinae indet.","","","Pan trap","Augustijn De Ketelaere","Ad","Braconidae","Hymenoptera","wasps"
"839","Portugal","MV1","Crtl2",2024-03-19,"Hymenoptera",1,1,"wasps_JV_ADK_361","Aphaereta spec.","F","","Pan trap","Augustijn De Ketelaere","Ad","Braconidae","Hymenoptera","wasps"
"840","Portugal","MV2","Crtl1",2024-03-19,"Hymenoptera",2,1,"wasps_JV_ADK_362","Eulophidae indet.","","","Pan trap","Augustijn De Ketelaere","Ad","Eulophidae","Hymenoptera","wasps"
"841","Portugal","MV2","Crtl2",2024-03-19,"Hymenoptera",1,1,"wasps_JV_ADK_365","Aphidiinae indet.","","","Pan trap","Augustijn De Ketelaere","Ad","Braconidae","Hymenoptera","wasps"
"842","Portugal","MV2","Field",2024-03-19,"Hymenoptera",1,1,"wasps_JV_ADK_366","Mymaridae indet.","","","Pan trap","Augustijn De Ketelaere","Ad","Mymaridae","Hymenoptera","wasps"
"843","Portugal","MV3","Crtl1",2024-03-21,"Hymenoptera",2,1,"wasps_JV_ADK_369","Chrysura spec.","M","","Pan trap","Augustijn De Ketelaere","Ad","Chrysididae","Hymenoptera","wasps"
"844","Portugal","MV3","Crtl1",2024-03-21,"Hymenoptera",1,1,"wasps_JV_ADK_370","Phaenocarpa spec.","F","","Pan trap","Augustijn De Ketelaere","Ad","Braconidae","Hymenoptera","wasps"
"845","Portugal","MV3","Crtl2",2024-03-21,"Hymenoptera",1,1,"wasps_JV_ADK_371","Diapriidae indet.","","","Pan trap","Augustijn De Ketelaere","Ad","Diapriidae","Hymenoptera","wasps"
"846","Portugal","MV3","Crtl2",2024-03-21,"Hymenoptera",1,1,"wasps_JV_ADK_372","Microtonus spec.","F","","Pan trap","Augustijn De Ketelaere","Ad","Melandryidae","Coleoptera","other beetles"
"847","Portugal","MV3","Crtl2",2024-03-21,"Hymenoptera",1,1,"wasps_JV_ADK_373","Platygastridae indet.","","","Pan trap","Augustijn De Ketelaere","Ad","Platygastridae","Hymenoptera","wasps"
"848","Portugal","MV3","Field",2024-03-21,"Hymenoptera",2,1,"wasps_JV_ADK_375","Chalcidoidea indet.","","","Pan trap","Augustijn De Ketelaere","Ad",NA,"Hymenoptera","wasps"
"849","Portugal","MV3","Tree",2024-03-21,"Hymenoptera",1,1,"wasps_JV_ADK_376","Microgastrinae indet.","M","","Pan trap","Augustijn De Ketelaere","Ad","Braconidae","Hymenoptera","wasps"
"850","UK","Ar1","Crtl1",2024-06-16,"Hymenoptera",1,1,"wasps_JV_ADK_378","Centistes spec.","F","","Pan trap","Augustijn De Ketelaere","Ad","Braconidae","Hymenoptera","wasps"
"851","UK","Ar1","Crtl1",2024-06-16,"Hymenoptera",2,1,"wasps_JV_ADK_379","Chorebus spec.","F","","Pan trap","Augustijn De Ketelaere","Ad","Braconidae","Hymenoptera","wasps"
"852","UK","Ar1","Crtl1",2024-06-16,"Hymenoptera",1,1,"wasps_JV_ADK_380","Dinotrema spec.","M","","Pan trap","Augustijn De Ketelaere","Ad","Braconidae","Hymenoptera","wasps"
"853","UK","Ar1","Crtl1",2024-06-16,"Hymenoptera",1,1,"wasps_JV_ADK_381","Chorebus spec.","M","","Pan trap","Augustijn De Ketelaere","Ad","Braconidae","Hymenoptera","wasps"
"854","UK","Ar1","Crtl1",2024-06-16,"Hymenoptera",1,1,"wasps_JV_ADK_382","Diapriidae indet.","","","Pan trap","Augustijn De Ketelaere","Ad","Diapriidae","Hymenoptera","wasps"
"855","UK","Ar1","Crtl2",2024-06-16,"Hymenoptera",1,1,"wasps_JV_ADK_383","Chorebus spec.","F","","Pan trap","Augustijn De Ketelaere","Ad","Braconidae","Hymenoptera","wasps"
"856","UK","Ar1","Field",2024-06-16,"Hymenoptera",1,1,"wasps_JV_ADK_385","Cynipidae indet.","","","Pan trap","Augustijn De Ketelaere","Ad","Cynipidae","Hymenoptera","wasps"
"857","UK","Ar1","Tree",2024-06-16,"Hymenoptera",1,1,"wasps_JV_ADK_389","Ismarus flavicornis","M","","Pan trap","Augustijn De Ketelaere","Ad","Diapriidae","Hymenoptera","wasps"
"858","UK","Ar1","Tree",2024-06-16,"Hymenoptera",2,1,"wasps_JV_ADK_390","Phygadeuontinae indet.","","","Pan trap","Augustijn De Ketelaere","Ad","Ichneumonidae","Hymenoptera","wasps"
"859","UK","Ar1","Tree",2024-06-16,"Hymenoptera",1,1,"wasps_JV_ADK_391","Aptesini indet.","M","","Pan trap","Augustijn De Ketelaere","Ad","Ichneumonidae","Hymenoptera","wasps"
"860","UK","Ar1","Tree",2024-06-16,"Hymenoptera",1,1,"wasps_JV_ADK_392","Phygadeuontinae indet.","F","","Pan trap","Augustijn De Ketelaere","Ad","Ichneumonidae","Hymenoptera","wasps"
"861","UK","Ar1","Tree",2024-06-16,"Hymenoptera",1,1,"wasps_JV_ADK_393","Aspilota spec.","F","","Pan trap","Augustijn De Ketelaere","Ad","Braconidae","Hymenoptera","wasps"
"862","UK","Ar1","Tree",2024-06-16,"Hymenoptera",1,1,"wasps_JV_ADK_394","Aclastus spec.","M","","Pan trap","Augustijn De Ketelaere","Ad","Ichneumonidae","Hymenoptera","wasps"
"863","UK","Ar1","Tree",2024-06-16,"Hymenoptera",1,1,"wasps_JV_ADK_395","Dinotrema spec.","F","","Pan trap","Augustijn De Ketelaere","Ad","Braconidae","Hymenoptera","wasps"
"864","UK","Ar1","Tree",2024-06-16,"Hymenoptera",1,1,"wasps_JV_ADK_396","Aclastus spec.","M","","Pan trap","Augustijn De Ketelaere","Ad","Ichneumonidae","Hymenoptera","wasps"
"865","UK","Ar1","Tree",2024-06-16,"Hymenoptera",1,1,"wasps_JV_ADK_397","Stenomacrus spec.","M","","Pan trap","Augustijn De Ketelaere","Ad","Ichneumonidae","Hymenoptera","wasps"
"866","UK","Ar1","Tree",2024-06-16,"Hymenoptera",1,1,"wasps_JV_ADK_398","Aphidiinae indet.","","","Pan trap","Augustijn De Ketelaere","Ad","Braconidae","Hymenoptera","wasps"
"867","UK","Ar1","Tree",2024-06-16,"Hymenoptera",1,1,"wasps_JV_ADK_399","Proctotrupidae indet.","","","Pan trap","Augustijn De Ketelaere","Ad","Proctotrupidae","Hymenoptera","wasps"
"868","UK","Ar1","Tree",2024-06-16,"Hymenoptera",1,1,"wasps_JV_ADK_400","Cynipidae indet.","","","Pan trap","Augustijn De Ketelaere","Ad","Cynipidae","Hymenoptera","wasps"
"869","UK","Be1","Crtl1",2024-06-18,"Hymenoptera",1,1,"wasps_JV_ADK_403","Diapriidae indet.","","","Pan trap","Augustijn De Ketelaere","Ad","Diapriidae","Hymenoptera","wasps"
"870","UK","Be1","Crtl2",2024-06-18,"Hymenoptera",2,1,"wasps_JV_ADK_404","Diapriidae indet.","","","Pan trap","Augustijn De Ketelaere","Ad","Diapriidae","Hymenoptera","wasps"
"871","UK","Be1","Crtl2",2024-06-18,"Hymenoptera",1,1,"wasps_JV_ADK_405","Opiinae indet.","M","","Pan trap","Augustijn De Ketelaere","Ad","Braconidae","Hymenoptera","wasps"
"872","UK","Be1","Field",2024-06-18,"Hymenoptera",1,1,"wasps_JV_ADK_409","Braconinae indet.","M","","Pan trap","Augustijn De Ketelaere","Ad","Braconidae","Hymenoptera","wasps"
"873","UK","Be1","Field",2024-06-18,"Hymenoptera",2,1,"wasps_JV_ADK_410","Diapriidae indet.","","","Pan trap","Augustijn De Ketelaere","Ad","Diapriidae","Hymenoptera","wasps"
"874","UK","Be1","Tree",2024-06-18,"Hymenoptera",1,1,"wasps_JV_ADK_411","Trypoxylon spec.","F","","Pan trap","Augustijn De Ketelaere","Ad","Crabronidae","Hymenoptera","wasps"
"875","UK","Be2","Crtl1",2024-06-18,"Hymenoptera",1,1,"wasps_JV_ADK_415","Tersilochinae indet.","F","","Pan trap","Augustijn De Ketelaere","Ad","Ichneumonidae","Hymenoptera","wasps"
"876","UK","Be2","Crtl1",2024-06-18,"Hymenoptera",1,1,"wasps_JV_ADK_416","Orthostigma spec.","F","","Pan trap","Augustijn De Ketelaere","Ad","Braconidae","Hymenoptera","wasps"
"877","UK","Be2","Crtl1",2024-06-18,"Hymenoptera",1,1,"wasps_JV_ADK_417","Dinotrema spec.","F","","Pan trap","Augustijn De Ketelaere","Ad","Braconidae","Hymenoptera","wasps"
"878","UK","Be2","Crtl1",2024-06-18,"Hymenoptera",1,1,"wasps_JV_ADK_418","Ceraphronidae indet.","","","Pan trap","Augustijn De Ketelaere","Ad","Ceraphronidae","Hymenoptera","wasps"
"879","UK","Be2","Crtl1",2024-06-18,"Hymenoptera",1,1,"wasps_JV_ADK_419","Chalcidoidea indet.","","","Pan trap","Augustijn De Ketelaere","Ad",NA,"Hymenoptera","wasps"
"880","UK","Be2","Crtl2",2024-06-18,"Hymenoptera",1,1,"wasps_JV_ADK_424","Mymaridae indet.","","","Pan trap","Augustijn De Ketelaere","Ad","Mymaridae","Hymenoptera","wasps"
"881","UK","Be2","Field",2024-06-18,"Hymenoptera",1,1,"wasps_JV_ADK_429","Picrostigeus spec.","F","","Pan trap","Augustijn De Ketelaere","Ad","Ichneumonidae","Hymenoptera","wasps"
"882","UK","Be2","Field",2024-06-18,"Hymenoptera",1,1,"wasps_JV_ADK_430","Scelionidae indet.","","","Pan trap","Augustijn De Ketelaere","Ad","Scelionidae","Hymenoptera","wasps"
"883","UK","Be2","Tree",2024-06-18,"Hymenoptera",1,1,"wasps_JV_ADK_433","Phygadeuontinae indet.","F","","Pan trap","Augustijn De Ketelaere","Ad","Ichneumonidae","Hymenoptera","wasps"
"884","UK","Be2","Tree",2024-06-18,"Hymenoptera",1,1,"wasps_JV_ADK_434","Phygadeuontinae indet.","M","","Pan trap","Augustijn De Ketelaere","Ad","Ichneumonidae","Hymenoptera","wasps"
"885","UK","Be2","Tree",2024-06-18,"Hymenoptera",1,1,"wasps_JV_ADK_435","Centistes spec.","F","","Pan trap","Augustijn De Ketelaere","Ad","Braconidae","Hymenoptera","wasps"
"886","UK","Pe1","Crtl1",2024-06-23,"Hymenoptera",2,1,"wasps_JV_ADK_438","Dacnusini indet.","F","","Pan trap","Augustijn De Ketelaere","Ad","Braconidae","Hymenoptera","wasps"
"887","UK","Pe1","Crtl1",2024-06-23,"Hymenoptera",1,1,"wasps_JV_ADK_439","Opiinae indet.","M","","Pan trap","Augustijn De Ketelaere","Ad","Braconidae","Hymenoptera","wasps"
"888","UK","Pe1","Crtl2",2024-06-23,"Hymenoptera",1,1,"wasps_JV_ADK_441","Aphidiinae indet.","","","Pan trap","Augustijn De Ketelaere","Ad","Braconidae","Hymenoptera","wasps"
"889","UK","Pe1","Crtl2",2024-06-23,"Hymenoptera",1,1,"wasps_JV_ADK_442","Alloxysta spec.","","","Pan trap","Augustijn De Ketelaere","Ad","Figitidae","Hymenoptera","wasps"
"890","UK","Pe1","Crtl2",2024-06-23,"Hymenoptera",1,1,"wasps_JV_ADK_443","Megaspilidae indet.","","","Pan trap","Augustijn De Ketelaere","Ad","Megaspilidae","Hymenoptera","wasps"
"891","UK","Pe1","Field",2024-06-23,"Hymenoptera",1,1,"wasps_JV_ADK_444","Dacnusini indet.","F","","Pan trap","Augustijn De Ketelaere","Ad","Braconidae","Hymenoptera","wasps"
"892","UK","Pe1","Tree",2024-06-23,"Hymenoptera",1,1,"wasps_JV_ADK_451","Athalia bicolor","M","","Pan trap","Augustijn De Ketelaere","Ad","Tenthredinidae","Hymenoptera","wasps"
"893","UK","Pe1","Tree",2024-06-23,"Hymenoptera",1,1,"wasps_JV_ADK_452","Passaloecus spec.","F","","Pan trap","Augustijn De Ketelaere","Ad","Crabronidae","Hymenoptera","wasps"
"894","UK","Pe1","Tree",2024-06-23,"Hymenoptera",2,1,"wasps_JV_ADK_453","Pimpla spec.","M","","Pan trap","Augustijn De Ketelaere","Ad","Ichneumonidae","Hymenoptera","wasps"
"895","UK","Pe1","Tree",2024-06-23,"Hymenoptera",2,1,"wasps_JV_ADK_454","Phygadeuontinae indet.","M","","Pan trap","Augustijn De Ketelaere","Ad","Ichneumonidae","Hymenoptera","wasps"
"896","UK","Pe1","Tree",2024-06-23,"Hymenoptera",3,1,"wasps_JV_ADK_455","Opiinae indet.","M","","Pan trap","Augustijn De Ketelaere","Ad","Braconidae","Hymenoptera","wasps"
"897","UK","Pe1","Tree",2024-06-23,"Hymenoptera",1,1,"wasps_JV_ADK_456","Dryinidae indet.","","","Pan trap","Augustijn De Ketelaere","Ad","Dryinidae","Hymenoptera","wasps"
"898","UK","Pe1","Tree",2024-06-23,"Hymenoptera",2,1,"wasps_JV_ADK_457","Scelionidae indet.","","","Pan trap","Augustijn De Ketelaere","Ad","Scelionidae","Hymenoptera","wasps"
"899","UK","Pe1","Tree",2024-06-23,"Hymenoptera",2,1,"wasps_JV_ADK_458","Figitidae indet.","","","Pan trap","Augustijn De Ketelaere","Ad","Figitidae","Hymenoptera","wasps"
"900","UK","Pe1","Tree",2024-06-23,"Hymenoptera",1,1,"wasps_JV_ADK_459","Mymaridae indet.","","","Pan trap","Augustijn De Ketelaere","Ad","Mymaridae","Hymenoptera","wasps"
"901","UK","Pe1","Tree",2024-06-23,"Hymenoptera",1,1,"wasps_JV_ADK_460","Pteromalidae indet.","","","Pan trap","Augustijn De Ketelaere","Ad","Pteromalidae","Hymenoptera","wasps"
"902","UK","St1","Crtl1",2024-06-16,"Hymenoptera",1,1,"wasps_JV_ADK_462","Anoplius nigerrimus","M","","Pan trap","H. Nieuwenhuijsen","Ad","Pompilidae","Hymenoptera","wasps"
"903","UK","St1","Crtl1",2024-06-16,"Hymenoptera",1,1,"wasps_JV_ADK_463","Encyrtidae indet.","","","Pan trap","Augustijn De Ketelaere","Ad","Encyrtidae","Hymenoptera","wasps"
"904","UK","St1","Crtl2",2024-06-16,"Hymenoptera",1,1,"wasps_JV_ADK_464","Braconinae indet.","M","","Pan trap","Augustijn De Ketelaere","Ad","Braconidae","Hymenoptera","wasps"
"905","UK","St1","Crtl2",2024-06-16,"Hymenoptera",1,1,"wasps_JV_ADK_465","Encyrtidae indet.","","","Pan trap","Augustijn De Ketelaere","Ad","Encyrtidae","Hymenoptera","wasps"
"906","UK","St1","Field",2024-06-16,"Hymenoptera",1,1,"wasps_JV_ADK_467","Pteromalidae indet.","","","Pan trap","Augustijn De Ketelaere","Ad","Pteromalidae","Hymenoptera","wasps"
"907","UK","St1","Tree",2024-06-16,"Hymenoptera",1,1,"wasps_JV_ADK_468","Encyrtidae indet.","","","Pan trap","Augustijn De Ketelaere","Ad","Encyrtidae","Hymenoptera","wasps"
"908","UK","Wo1","Crtl1",2024-06-23,"Hymenoptera",1,1,"wasps_JV_ADK_470","Charipinae indet.","","","Pan trap","Augustijn De Ketelaere","Ad","Figitidae","Hymenoptera","wasps"
"909","UK","Wo1","Crtl1",2024-06-23,"Hymenoptera",1,1,"wasps_JV_ADK_471","Nemeritis spec.","F","","Pan trap","Augustijn De Ketelaere","Ad","Ichneumonidae","Hymenoptera","wasps"
"910","UK","Wo1","Crtl1",2024-06-23,"Hymenoptera",2,1,"wasps_JV_ADK_472","Phradis spec.","F","","Pan trap","Augustijn De Ketelaere","Ad","Ichneumonidae","Hymenoptera","wasps"
"911","UK","Wo1","Crtl1",2024-06-23,"Hymenoptera",1,1,"wasps_JV_ADK_473","Aphidiinae indet.","","","Pan trap","Augustijn De Ketelaere","Ad","Braconidae","Hymenoptera","wasps"
"912","UK","Wo1","Crtl1",2024-06-23,"Hymenoptera",1,1,"wasps_JV_ADK_474","Eulophidae indet.","","","Pan trap","Augustijn De Ketelaere","Ad","Eulophidae","Hymenoptera","wasps"
"913","UK","Wo1","Crtl2",2024-06-23,"Hymenoptera",1,1,"wasps_JV_ADK_475","Dinotrema spec.","F","","Pan trap","Augustijn De Ketelaere","Ad","Braconidae","Hymenoptera","wasps"
"914","UK","Wo1","Crtl2",2024-06-23,"Hymenoptera",1,1,"wasps_JV_ADK_478","Aphidiinae indet.","","","Pan trap","Augustijn De Ketelaere","Ad","Braconidae","Hymenoptera","wasps"
"915","UK","Wo1","Field",2024-06-23,"Hymenoptera",1,1,"wasps_JV_ADK_479","Trypoxylon spec.","F","","Pan trap","Augustijn De Ketelaere","Ad","Crabronidae","Hymenoptera","wasps"
"916","UK","Wo1","Tree",2024-06-23,"Hymenoptera",1,1,"wasps_JV_ADK_484","Caliadurgus faciatellus","F","","Pan trap","H. Nieuwenhuijsen","Ad","Pompilidae","Hymenoptera","wasps"
"917","UK","Wo1","Tree",2024-06-23,"Hymenoptera",1,1,"wasps_JV_ADK_485","Trypoxylon spec.","F","","Pan trap","Augustijn De Ketelaere","Ad","Crabronidae","Hymenoptera","wasps"
"918","UK","Wo1","Tree",2024-06-23,"Hymenoptera",1,1,"wasps_JV_ADK_486","Athalia bicolor","M","","Pan trap","Augustijn De Ketelaere","Ad","Tenthredinidae","Hymenoptera","wasps"
"919","UK","Wo1","Tree",2024-06-23,"Hymenoptera",1,1,"wasps_JV_ADK_487","Ichneumon spec.","M","","Pan trap","Augustijn De Ketelaere","Ad","Ichneumonidae","Hymenoptera","wasps"
"920","UK","Wo1","Tree",2024-06-23,"Hymenoptera",1,1,"wasps_JV_ADK_488","Aphidiinae indet.","","","Pan trap","Augustijn De Ketelaere","Ad","Braconidae","Hymenoptera","wasps"
"921","UK","Wo1","Tree",2024-06-23,"Hymenoptera",1,1,"wasps_JV_ADK_489","Pteromalidae indet.","","","Pan trap","Augustijn De Ketelaere","Ad","Pteromalidae","Hymenoptera","wasps"
"922","Belgium","It1","Crtl2",2024-09-08,"Hymenoptera",1,2,"wasps_JV_ADK_497","Proctotrupidae indet.","","","Pan trap","Augustijn De Ketelaere","Ad","Proctotrupidae","Hymenoptera","wasps"
"923","Belgium","It1","Crtl2",2024-09-08,"Hymenoptera",1,2,"wasps_JV_ADK_498","Dinotrema spec.","F","","Pan trap","Augustijn De Ketelaere","Ad","Braconidae","Hymenoptera","wasps"
"924","Belgium","It1","Crtl2",2024-09-08,"Hymenoptera",1,2,"wasps_JV_ADK_499","Dacnusini indet.","M","","Pan trap","Augustijn De Ketelaere","Ad","Braconidae","Hymenoptera","wasps"
"925","Belgium","It1","Crtl2",2024-09-08,"Hymenoptera",1,2,"wasps_JV_ADK_500","Phygadeuontinae indet.","M","","Pan trap","Augustijn De Ketelaere","Ad","Ichneumonidae","Hymenoptera","wasps"
"926","Belgium","It1","Crtl2",2024-09-08,"Hymenoptera",1,2,"wasps_JV_ADK_501","Figitidae indet.","","","Pan trap","Augustijn De Ketelaere","Ad","Figitidae","Hymenoptera","wasps"
"927","Belgium","It1","Field",2024-09-08,"Hymenoptera",1,2,"wasps_JV_ADK_510","Athalia rosae","F","","Pan trap","Augustijn De Ketelaere","Ad","Tenthredinidae","Hymenoptera","wasps"
"928","Belgium","It1","Field",2024-09-08,"Hymenoptera",1,2,"wasps_JV_ADK_517","Campoletis spec.","F","","Pan trap","Augustijn De Ketelaere","Ad","Ichneumonidae","Hymenoptera","wasps"
"929","Belgium","It1","Field",2024-09-08,"Hymenoptera",1,2,"wasps_JV_ADK_518","Aphaereta spec.","F","","Pan trap","Augustijn De Ketelaere","Ad","Braconidae","Hymenoptera","wasps"
"930","Belgium","It1","Field",2024-09-08,"Hymenoptera",2,2,"wasps_JV_ADK_519","Dinotrema spec.","M","","Pan trap","Augustijn De Ketelaere","Ad","Braconidae","Hymenoptera","wasps"
"931","Belgium","It1","Field",2024-09-08,"Hymenoptera",1,2,"wasps_JV_ADK_520","Diapriidae indet.","","","Pan trap","Augustijn De Ketelaere","Ad","Diapriidae","Hymenoptera","wasps"
"932","Belgium","It1","Field",2024-09-08,"Hymenoptera",2,2,"wasps_JV_ADK_521","Encyrtidae indet.","","","Pan trap","Augustijn De Ketelaere","Ad","Encyrtidae","Hymenoptera","wasps"
"933","Belgium","It2","Crtl1",2024-09-08,"Hymenoptera",5,2,"wasps_JV_ADK_526","Athalia rosae","F","","Pan trap","Augustijn De Ketelaere","Ad","Tenthredinidae","Hymenoptera","wasps"
"934","Belgium","It2","Crtl1",2024-09-08,"Hymenoptera",1,2,"wasps_JV_ADK_527","Athalia rosae","M","","Pan trap","Augustijn De Ketelaere","Ad","Tenthredinidae","Hymenoptera","wasps"
"935","Belgium","It2","Crtl1",2024-09-08,"Hymenoptera",1,2,"wasps_JV_ADK_535","Bracon spec.","F","","Pan trap","Augustijn De Ketelaere","Ad","Braconidae","Hymenoptera","wasps"
"936","Belgium","It2","Crtl1",2024-09-08,"Hymenoptera",2,2,"wasps_JV_ADK_536","Dinotrema spec.","M","","Pan trap","Augustijn De Ketelaere","Ad","Braconidae","Hymenoptera","wasps"
"937","Belgium","It2","Crtl1",2024-09-08,"Hymenoptera",3,2,"wasps_JV_ADK_537","Scelionidae indet.","","","Pan trap","Augustijn De Ketelaere","Ad","Scelionidae","Hymenoptera","wasps"
"938","Belgium","It2","Crtl1",2024-09-08,"Hymenoptera",1,2,"wasps_JV_ADK_538","Megaspilidae indet.","","","Pan trap","Augustijn De Ketelaere","Ad","Megaspilidae","Hymenoptera","wasps"
"939","Belgium","It2","Crtl1",2024-09-08,"Hymenoptera",1,2,"wasps_JV_ADK_539","Platygastridae indet.","","","Pan trap","Augustijn De Ketelaere","Ad","Platygastridae","Hymenoptera","wasps"
"940","Belgium","It2","Crtl1",2024-09-08,"Hymenoptera",3,2,"wasps_JV_ADK_540","Chalcidoidea indet.","","","Pan trap","Augustijn De Ketelaere","Ad",NA,"Hymenoptera","wasps"
"941","Belgium","It2","Crtl2",2024-09-08,"Hymenoptera",3,2,"wasps_JV_ADK_542","Athalia rosae","F","","Pan trap","Augustijn De Ketelaere","Ad","Tenthredinidae","Hymenoptera","wasps"
"942","Belgium","It2","Crtl2",2024-09-08,"Hymenoptera",1,2,"wasps_JV_ADK_543","Diapriidae indet.","","","Pan trap","Augustijn De Ketelaere","Ad","Diapriidae","Hymenoptera","wasps"
"943","Belgium","It2","Crtl2",2024-09-08,"Hymenoptera",1,2,"wasps_JV_ADK_544","Scelionidae indet.","","","Pan trap","Augustijn De Ketelaere","Ad","Scelionidae","Hymenoptera","wasps"
"944","Belgium","It2","Crtl2",2024-09-08,"Hymenoptera",1,2,"wasps_JV_ADK_545","Aphidiinae indet.","","","Pan trap","Augustijn De Ketelaere","Ad","Braconidae","Hymenoptera","wasps"
"945","Belgium","It2","Crtl2",2024-09-08,"Hymenoptera",1,2,"wasps_JV_ADK_546","Chalcidoidea indet.","","","Pan trap","Augustijn De Ketelaere","Ad",NA,"Hymenoptera","wasps"
"946","Belgium","It2","Crtl2",2024-09-08,"Hymenoptera",3,2,"wasps_JV_ADK_547","Figitidae indet.","","","Pan trap","Augustijn De Ketelaere","Ad","Figitidae","Hymenoptera","wasps"
"947","Belgium","It2","Crtl2",2024-09-08,"Hymenoptera",1,2,"wasps_JV_ADK_548","Platygastridae indet.","","","Pan trap","Augustijn De Ketelaere","Ad","Platygastridae","Hymenoptera","wasps"
"948","Belgium","It2","Field",2024-09-08,"Hymenoptera",1,2,"wasps_JV_ADK_556","Figitidae indet.","","","Pan trap","Augustijn De Ketelaere","Ad","Figitidae","Hymenoptera","wasps"
"949","Belgium","It2","Field",2024-09-08,"Hymenoptera",1,2,"wasps_JV_ADK_557","Dinotrema spec.","F","","Pan trap","Augustijn De Ketelaere","Ad","Braconidae","Hymenoptera","wasps"
"950","Belgium","It2","Field",2024-09-08,"Hymenoptera",1,2,"wasps_JV_ADK_558","Dinotrema spec.","M","","Pan trap","Augustijn De Ketelaere","Ad","Braconidae","Hymenoptera","wasps"
"951","Belgium","It2","Field",2024-09-08,"Hymenoptera",1,2,"wasps_JV_ADK_559","Diapriidae indet.","","","Pan trap","Augustijn De Ketelaere","Ad","Diapriidae","Hymenoptera","wasps"
"952","Belgium","It2","Field",2024-09-08,"Hymenoptera",3,2,"wasps_JV_ADK_560","Chalcidoidea indet.","","","Pan trap","Augustijn De Ketelaere","Ad",NA,"Hymenoptera","wasps"
"953","Belgium","It2","Tree",2024-09-08,"Hymenoptera",1,2,"wasps_JV_ADK_580","Sparasionidae indet.","","","Pan trap","Augustijn De Ketelaere","Ad","Sparasionidae","Hymenoptera","wasps"
"954","Belgium","It2","Tree",2024-09-08,"Hymenoptera",1,2,"wasps_JV_ADK_581","Aphaereta spec.","M","","Pan trap","Augustijn De Ketelaere","Ad","Braconidae","Hymenoptera","wasps"
"955","Belgium","It2","Tree",2024-09-08,"Hymenoptera",4,2,"wasps_JV_ADK_582","Aphaereta spec.","F","","Pan trap","Augustijn De Ketelaere","Ad","Braconidae","Hymenoptera","wasps"
"956","Belgium","It2","Tree",2024-09-08,"Hymenoptera",2,2,"wasps_JV_ADK_583","Dinotrema spec.","M","","Pan trap","Augustijn De Ketelaere","Ad","Braconidae","Hymenoptera","wasps"
"957","Belgium","It2","Tree",2024-09-08,"Hymenoptera",1,2,"wasps_JV_ADK_584","Dinotrema spec.","F","","Pan trap","Augustijn De Ketelaere","Ad","Braconidae","Hymenoptera","wasps"
"958","Belgium","It2","Tree",2024-09-08,"Hymenoptera",1,2,"wasps_JV_ADK_585","Phygadeuontinae indet.","M","","Pan trap","Augustijn De Ketelaere","Ad","Ichneumonidae","Hymenoptera","wasps"
"959","Belgium","It2","Tree",2024-09-08,"Hymenoptera",1,2,"wasps_JV_ADK_586","Sparasionidae indet.","M","","Pan trap","Augustijn De Ketelaere","Ad","Sparasionidae","Hymenoptera","wasps"
"960","Belgium","It2","Tree",2024-09-08,"Hymenoptera",1,2,"wasps_JV_ADK_587","Proctotrupidae indet.","M","","Pan trap","Augustijn De Ketelaere","Ad","Proctotrupidae","Hymenoptera","wasps"
"961","Belgium","It2","Tree",2024-09-08,"Hymenoptera",2,2,"wasps_JV_ADK_588","Diapriidae indet.","","","Pan trap","Augustijn De Ketelaere","Ad","Diapriidae","Hymenoptera","wasps"
"962","Belgium","It2","Tree",2024-09-08,"Hymenoptera",4,2,"wasps_JV_ADK_589","Figitidae indet.","","","Pan trap","Augustijn De Ketelaere","Ad","Figitidae","Hymenoptera","wasps"
"963","Belgium","It2","Tree",2024-09-08,"Hymenoptera",2,2,"wasps_JV_ADK_590","Scelionidae indet.","","","Pan trap","Augustijn De Ketelaere","Ad","Scelionidae","Hymenoptera","wasps"
"964","Belgium","It2","Tree",2024-09-08,"Hymenoptera",2,2,"wasps_JV_ADK_591","Chalcidoidea indet.","","","Pan trap","Augustijn De Ketelaere","Ad",NA,"Hymenoptera","wasps"
"965","Belgium","It2","Tree",2024-09-08,"Hymenoptera",1,2,"wasps_JV_ADK_592","Ceraphronidae indet.","","","Pan trap","Augustijn De Ketelaere","Ad","Ceraphronidae","Hymenoptera","wasps"
"966","Belgium","Lo1","Crtl1",2024-09-06,"Hymenoptera",1,2,"wasps_JV_ADK_595","Platygastridae indet.","","","Pan trap","Augustijn De Ketelaere","Ad","Platygastridae","Hymenoptera","wasps"
"967","Belgium","Lo1","Crtl1",2024-09-06,"Hymenoptera",1,2,"wasps_JV_ADK_596","Ceraphronidae indet.","","","Pan trap","Augustijn De Ketelaere","Ad","Ceraphronidae","Hymenoptera","wasps"
"968","Belgium","Lo1","Crtl2",2024-09-06,"Hymenoptera",1,2,"wasps_JV_ADK_597","Diapriidae indet.","","","Pan trap","Augustijn De Ketelaere","Ad","Diapriidae","Hymenoptera","wasps"
"969","Belgium","Lo1","Crtl2",2024-09-06,"Hymenoptera",3,2,"wasps_JV_ADK_598","Scelionidae indet.","","","Pan trap","Augustijn De Ketelaere","Ad","Scelionidae","Hymenoptera","wasps"
"970","Belgium","Lo1","Field",2024-09-06,"Hymenoptera",1,2,"wasps_JV_ADK_606","Megaspilidae indet.","","","Pan trap","Augustijn De Ketelaere","Ad","Megaspilidae","Hymenoptera","wasps"
"971","Belgium","Lo1","Field",2024-09-06,"Hymenoptera",1,2,"wasps_JV_ADK_607","Diapriidae indet.","","","Pan trap","Augustijn De Ketelaere","Ad","Diapriidae","Hymenoptera","wasps"
"972","Belgium","Lo1","Field",2024-09-06,"Hymenoptera",1,2,"wasps_JV_ADK_608","Chalcidoidea indet.","","","Pan trap","Augustijn De Ketelaere","Ad",NA,"Hymenoptera","wasps"
"973","Belgium","Lo1","Tree",2024-09-06,"Hymenoptera",1,2,"wasps_JV_ADK_611","Diapriidae indet.","","","Pan trap","Augustijn De Ketelaere","Ad","Diapriidae","Hymenoptera","wasps"
"974","Belgium","Lo1","Tree",2024-09-06,"Hymenoptera",1,2,"wasps_JV_ADK_612","Figitidae indet.","","","Pan trap","Augustijn De Ketelaere","Ad","Figitidae","Hymenoptera","wasps"
"975","Belgium","Lo1","Tree",2024-09-06,"Hymenoptera",5,2,"wasps_JV_ADK_613","Diapriidae indet.","","","Pan trap","Augustijn De Ketelaere","Ad","Diapriidae","Hymenoptera","wasps"
"976","Belgium","Lo1","Tree",2024-09-06,"Hymenoptera",2,2,"wasps_JV_ADK_614","Bethylidae indet.","","","Pan trap","Augustijn De Ketelaere","Ad","Bethylidae","Hymenoptera","wasps"
"977","Belgium","Lo1","Tree",2024-09-06,"Hymenoptera",1,2,"wasps_JV_ADK_615","Ceraphronidae indet.","","","Pan trap","Augustijn De Ketelaere","Ad","Ceraphronidae","Hymenoptera","wasps"
"978","Belgium","Lo1","Tree",2024-09-06,"Hymenoptera",3,2,"wasps_JV_ADK_616","Campopleginae indet.","M","","Pan trap","Augustijn De Ketelaere","Ad","Ichneumonidae","Hymenoptera","wasps"
"979","Belgium","Lo1","Tree",2024-09-06,"Hymenoptera",1,2,"wasps_JV_ADK_617","Scambus spec.","F","","Pan trap","Augustijn De Ketelaere","Ad","Ichneumonidae","Hymenoptera","wasps"
"980","Belgium","Lo1","Tree",2024-09-06,"Hymenoptera",2,2,"wasps_JV_ADK_618","Bracon spec.","F","","Pan trap","Augustijn De Ketelaere","Ad","Braconidae","Hymenoptera","wasps"
"981","Belgium","Lo2","Crtl1",2024-09-06,"Hymenoptera",2,2,"wasps_JV_ADK_619","Proctotrupidae indet.","","","Pan trap","Augustijn De Ketelaere","Ad","Proctotrupidae","Hymenoptera","wasps"
"982","Belgium","Lo2","Crtl1",2024-09-06,"Hymenoptera",1,2,"wasps_JV_ADK_623","Platygastridae indet.","","","Pan trap","Augustijn De Ketelaere","Ad","Platygastridae","Hymenoptera","wasps"
"983","Belgium","Lo2","Crtl2",2024-09-06,"Hymenoptera",2,2,"wasps_JV_ADK_627","Diapriidae indet.","","","Pan trap","Augustijn De Ketelaere","Ad","Diapriidae","Hymenoptera","wasps"
"984","Belgium","Lo2","Crtl2",2024-09-06,"Hymenoptera",1,2,"wasps_JV_ADK_628","Aphaereta spec.","F","","Pan trap","Augustijn De Ketelaere","Ad","Braconidae","Hymenoptera","wasps"
"985","Belgium","Lo2","Crtl2",2024-09-06,"Hymenoptera",3,2,"wasps_JV_ADK_629","Proctotrupidae indet.","","","Pan trap","Augustijn De Ketelaere","Ad","Proctotrupidae","Hymenoptera","wasps"
"986","Belgium","Lo2","Field",2024-09-06,"Hymenoptera",4,2,"wasps_JV_ADK_633","Proctotrupidae indet.","","","Pan trap","Augustijn De Ketelaere","Ad","Proctotrupidae","Hymenoptera","wasps"
"987","Belgium","Lo2","Field",2024-09-06,"Hymenoptera",2,2,"wasps_JV_ADK_634","Polyaulon spec.","M","","Pan trap","Augustijn De Ketelaere","Ad","Ichneumonidae","Hymenoptera","wasps"
"988","Belgium","Lo2","Field",2024-09-06,"Hymenoptera",1,2,"wasps_JV_ADK_635","Figitidae indet.","","","Pan trap","Augustijn De Ketelaere","Ad","Figitidae","Hymenoptera","wasps"
"989","Belgium","Lo2","Field",2024-09-06,"Hymenoptera",1,2,"wasps_JV_ADK_636","Diapriidae indet.","","","Pan trap","Augustijn De Ketelaere","Ad","Diapriidae","Hymenoptera","wasps"
"990","Belgium","Lo2","Field",2024-09-06,"Hymenoptera",1,2,"wasps_JV_ADK_637","Chalcidoidea indet.","","","Pan trap","Augustijn De Ketelaere","Ad",NA,"Hymenoptera","wasps"
"991","Belgium","Lo2","Field",2024-09-06,"Hymenoptera",1,2,"wasps_JV_ADK_638","Scelionidae indet.","","","Pan trap","Augustijn De Ketelaere","Ad","Scelionidae","Hymenoptera","wasps"
"992","Belgium","Lo2","Tree",2024-09-06,"Hymenoptera",6,2,"wasps_JV_ADK_639","Priocnemis fennica","F","","Pan trap","H. Nieuwenhuijsen","Ad","Pompilidae","Hymenoptera","wasps"
"993","Belgium","Lo2","Tree",2024-09-06,"Hymenoptera",1,2,"wasps_JV_ADK_640","Priocnemis fennica","M","","Pan trap","H. Nieuwenhuijsen","Ad","Pompilidae","Hymenoptera","wasps"
"994","Belgium","Lo2","Tree",2024-09-06,"Hymenoptera",1,2,"wasps_JV_ADK_642","Bethylidae indet.","","","Pan trap","Augustijn De Ketelaere","Ad","Bethylidae","Hymenoptera","wasps"
"995","Belgium","Lo2","Tree",2024-09-06,"Hymenoptera",1,2,"wasps_JV_ADK_643","Dinotrema spec.","F","","Pan trap","Augustijn De Ketelaere","Ad","Braconidae","Hymenoptera","wasps"
"996","Belgium","Lo2","Tree",2024-09-06,"Hymenoptera",1,2,"wasps_JV_ADK_644","Phygadeuontinae indet.","M","","Pan trap","Augustijn De Ketelaere","Ad","Ichneumonidae","Hymenoptera","wasps"
"997","Belgium","Ur1","Crtl1",2024-09-11,"Hymenoptera",1,2,"wasps_JV_ADK_652","Dinotrema spec.","F","","Pan trap","Augustijn De Ketelaere","Ad","Braconidae","Hymenoptera","wasps"
"998","Belgium","Ur1","Crtl1",2024-09-11,"Hymenoptera",1,2,"wasps_JV_ADK_653","Orthostigma spec.","F","","Pan trap","Augustijn De Ketelaere","Ad","Braconidae","Hymenoptera","wasps"
"999","Belgium","Ur1","Crtl1",2024-09-11,"Hymenoptera",1,2,"wasps_JV_ADK_654","Aphidiinae indet.","","","Pan trap","Augustijn De Ketelaere","Ad","Braconidae","Hymenoptera","wasps"
"1000","Belgium","Ur1","Crtl1",2024-09-11,"Hymenoptera",1,2,"wasps_JV_ADK_655","Figitidae indet.","","","Pan trap","Augustijn De Ketelaere","Ad","Figitidae","Hymenoptera","wasps"
"1001","Belgium","Ur1","Crtl1",2024-09-11,"Hymenoptera",1,2,"wasps_JV_ADK_656","Ceraphronidae indet.","","","Pan trap","Augustijn De Ketelaere","Ad","Ceraphronidae","Hymenoptera","wasps"
"1002","Belgium","Ur1","Crtl2",2024-09-11,"Hymenoptera",2,2,"wasps_JV_ADK_664","Ceraphronidae indet.","","","Pan trap","Augustijn De Ketelaere","Ad","Ceraphronidae","Hymenoptera","wasps"
"1003","Belgium","Ur1","Crtl2",2024-09-11,"Hymenoptera",2,2,"wasps_JV_ADK_665","Eulophidae indet.","","","Pan trap","Augustijn De Ketelaere","Ad","Eulophidae","Hymenoptera","wasps"
"1004","Belgium","Ur1","Crtl2",2024-09-11,"Hymenoptera",2,2,"wasps_JV_ADK_666","Mymaridae indet.","","","Pan trap","Augustijn De Ketelaere","Ad","Mymaridae","Hymenoptera","wasps"
"1005","Belgium","Ur1","Field",2024-09-11,"Hymenoptera",1,2,"wasps_JV_ADK_667","Alysiini indet.","M","","Pan trap","Augustijn De Ketelaere","Ad","Braconidae","Hymenoptera","wasps"
"1006","Belgium","Ur1","Field",2024-09-11,"Hymenoptera",2,2,"wasps_JV_ADK_668","Aphidiinae indet.","","","Pan trap","Augustijn De Ketelaere","Ad","Braconidae","Hymenoptera","wasps"
"1007","Belgium","Ur1","Field",2024-09-11,"Hymenoptera",1,2,"wasps_JV_ADK_669","Scelionidae indet.","","","Pan trap","Augustijn De Ketelaere","Ad","Scelionidae","Hymenoptera","wasps"
"1008","Belgium","Ur1","Field",2024-09-11,"Hymenoptera",1,2,"wasps_JV_ADK_670","Chalcidoidea indet.","","","Pan trap","Augustijn De Ketelaere","Ad",NA,"Hymenoptera","wasps"
"1009","Belgium","Ur1","Tree",2024-09-11,"Hymenoptera",1,2,"wasps_JV_ADK_677","Aphaereta spec.","F","","Pan trap","Augustijn De Ketelaere","Ad","Braconidae","Hymenoptera","wasps"
"1010","Belgium","Ur1","Tree",2024-09-11,"Hymenoptera",3,2,"wasps_JV_ADK_678","Opiinae indet.","F","","Pan trap","Augustijn De Ketelaere","Ad","Braconidae","Hymenoptera","wasps"
"1011","Belgium","Ur1","Tree",2024-09-11,"Hymenoptera",1,2,"wasps_JV_ADK_679","Dinotrema spec.","M","","Pan trap","Augustijn De Ketelaere","Ad","Braconidae","Hymenoptera","wasps"
"1012","Belgium","Ur1","Tree",2024-09-11,"Hymenoptera",1,2,"wasps_JV_ADK_680","Dacnusini indet.","M","","Pan trap","Augustijn De Ketelaere","Ad","Braconidae","Hymenoptera","wasps"
"1013","Belgium","Ur1","Tree",2024-09-11,"Hymenoptera",1,2,"wasps_JV_ADK_681","Opiinae indet.","M","","Pan trap","Augustijn De Ketelaere","Ad","Braconidae","Hymenoptera","wasps"
"1014","Belgium","Ur1","Tree",2024-09-11,"Hymenoptera",3,2,"wasps_JV_ADK_682","Proctotrupidae indet.","","","Pan trap","Augustijn De Ketelaere","Ad","Proctotrupidae","Hymenoptera","wasps"
"1015","Belgium","Ur1","Tree",2024-09-11,"Hymenoptera",4,2,"wasps_JV_ADK_683","Aphidiinae indet.","","","Pan trap","Augustijn De Ketelaere","Ad","Braconidae","Hymenoptera","wasps"
"1016","Belgium","Ur1","Tree",2024-09-11,"Hymenoptera",1,2,"wasps_JV_ADK_684","Megaspilidae indet.","","","Pan trap","Augustijn De Ketelaere","Ad","Megaspilidae","Hymenoptera","wasps"
"1017","Belgium","Ur1","Tree",2024-09-11,"Hymenoptera",1,2,"wasps_JV_ADK_685","Charipinae indet.","","","Pan trap","Augustijn De Ketelaere","Ad","Figitidae","Hymenoptera","wasps"
"1018","Belgium","Ur1","Tree",2024-09-11,"Hymenoptera",1,2,"wasps_JV_ADK_686","Platygastridae indet.","","","Pan trap","Augustijn De Ketelaere","Ad","Platygastridae","Hymenoptera","wasps"
"1019","Belgium","Zo1","Crtl1",2024-09-11,"Hymenoptera",1,2,"wasps_JV_ADK_687","Ametastegia glabrata","M","","Pan trap","Augustijn De Ketelaere","Ad","Tenthredinidae","Hymenoptera","wasps"
"1020","Belgium","Zo1","Crtl1",2024-09-11,"Hymenoptera",1,2,"wasps_JV_ADK_688","Sathropterus pumilus","F","","Pan trap","Augustijn De Ketelaere","Ad","Ichneumonidae","Hymenoptera","wasps"
"1021","Belgium","Zo1","Crtl1",2024-09-11,"Hymenoptera",1,2,"wasps_JV_ADK_689","Polyaulon spec.","","","Pan trap","Augustijn De Ketelaere","Ad","Ichneumonidae","Hymenoptera","wasps"
"1022","Belgium","Zo1","Crtl1",2024-09-11,"Hymenoptera",4,2,"wasps_JV_ADK_690","Endasys spec.","M","","Pan trap","Augustijn De Ketelaere","Ad","Ichneumonidae","Hymenoptera","wasps"
"1023","Belgium","Zo1","Crtl1",2024-09-11,"Hymenoptera",2,2,"wasps_JV_ADK_691","Theroscopus spec.","M","","Pan trap","Augustijn De Ketelaere","Ad","Ichneumonidae","Hymenoptera","wasps"
"1024","Belgium","Zo1","Crtl1",2024-09-11,"Hymenoptera",2,2,"wasps_JV_ADK_692","Eridolius spec.","M","","Pan trap","Augustijn De Ketelaere","Ad","Ichneumonidae","Hymenoptera","wasps"
"1025","Belgium","Zo1","Crtl1",2024-09-11,"Hymenoptera",2,2,"wasps_JV_ADK_693","Dinotrema spec.","M","","Pan trap","Augustijn De Ketelaere","Ad","Braconidae","Hymenoptera","wasps"
"1026","Belgium","Zo1","Crtl1",2024-09-11,"Hymenoptera",1,2,"wasps_JV_ADK_694","Chorebus spec.","F","","Pan trap","Augustijn De Ketelaere","Ad","Braconidae","Hymenoptera","wasps"
"1027","Belgium","Zo1","Crtl1",2024-09-11,"Hymenoptera",2,2,"wasps_JV_ADK_695","Figitidae indet.","","","Pan trap","Augustijn De Ketelaere","Ad","Figitidae","Hymenoptera","wasps"
"1028","Belgium","Zo1","Crtl1",2024-09-11,"Hymenoptera",3,2,"wasps_JV_ADK_696","Ceraphronidae indet.","","","Pan trap","Augustijn De Ketelaere","Ad","Ceraphronidae","Hymenoptera","wasps"
"1029","Belgium","Zo1","Crtl1",2024-09-11,"Hymenoptera",1,2,"wasps_JV_ADK_697","Mymaridae indet.","","","Pan trap","Augustijn De Ketelaere","Ad","Mymaridae","Hymenoptera","wasps"
"1030","Belgium","Zo1","Crtl1",2024-09-11,"Hymenoptera",2,2,"wasps_JV_ADK_698","Pteromalidae indet.","","","Pan trap","Augustijn De Ketelaere","Ad","Pteromalidae","Hymenoptera","wasps"
"1031","Belgium","Zo1","Crtl1",2024-09-11,"Hymenoptera",1,2,"wasps_JV_ADK_699","Megaspilidae indet.","","","Pan trap","Augustijn De Ketelaere","Ad","Megaspilidae","Hymenoptera","wasps"
"1032","Belgium","Zo1","Crtl1",2024-09-11,"Hymenoptera",2,2,"wasps_JV_ADK_700","Platygastridae indet.","","","Pan trap","Augustijn De Ketelaere","Ad","Platygastridae","Hymenoptera","wasps"
"1033","Belgium","Zo1","Crtl1",2024-09-11,"Hymenoptera",1,2,"wasps_JV_ADK_703","Diapriidae indet.","","","Pan trap","Augustijn De Ketelaere","Ad","Diapriidae","Hymenoptera","wasps"
"1034","Belgium","Zo1","Crtl1",2024-09-11,"Hymenoptera",1,2,"wasps_JV_ADK_704","Proctotrupidae indet.","","","Pan trap","Augustijn De Ketelaere","Ad","Proctotrupidae","Hymenoptera","wasps"
"1035","Belgium","Zo1","Crtl1",2024-09-11,"Hymenoptera",1,2,"wasps_JV_ADK_705","Aphidiinae indet.","","","Pan trap","Augustijn De Ketelaere","Ad","Braconidae","Hymenoptera","wasps"
"1036","Belgium","Zo1","Crtl1",2024-09-11,"Hymenoptera",1,2,"wasps_JV_ADK_706","Encyrtidae indet.","","","Pan trap","Augustijn De Ketelaere","Ad","Encyrtidae","Hymenoptera","wasps"
"1037","Belgium","Zo1","Crtl2",2024-09-11,"Hymenoptera",1,2,"wasps_JV_ADK_708","Alysia spec.","F","","Pan trap","Augustijn De Ketelaere","Ad","Braconidae","Hymenoptera","wasps"
"1038","Belgium","Zo1","Crtl2",2024-09-11,"Hymenoptera",1,2,"wasps_JV_ADK_717","Aphidiinae indet.","","","Pan trap","Augustijn De Ketelaere","Ad","Braconidae","Hymenoptera","wasps"
"1039","Belgium","Zo1","Field",2024-09-11,"Hymenoptera",1,2,"wasps_JV_ADK_718","Platygastridae indet.","","","Pan trap","Augustijn De Ketelaere","Ad","Platygastridae","Hymenoptera","wasps"
"1040","Belgium","Zo1","Tree",2024-09-11,"Hymenoptera",1,2,"wasps_JV_ADK_725","Dinotrema spec.","M","","Pan trap","Augustijn De Ketelaere","Ad","Braconidae","Hymenoptera","wasps"
"1041","Belgium","Zo1","Tree",2024-09-11,"Hymenoptera",1,2,"wasps_JV_ADK_726","Microgastrinae indet.","F","","Pan trap","Augustijn De Ketelaere","Ad","Braconidae","Hymenoptera","wasps"
"1042","Belgium","Zo1","Tree",2024-09-11,"Hymenoptera",1,2,"wasps_JV_ADK_727","Proctotrupidae indet.","","","Pan trap","Augustijn De Ketelaere","Ad","Proctotrupidae","Hymenoptera","wasps"
"1043","Belgium","Zo1","Tree",2024-09-11,"Hymenoptera",2,2,"wasps_JV_ADK_728","Aphidiinae indet.","","","Pan trap","Augustijn De Ketelaere","Ad","Braconidae","Hymenoptera","wasps"
"1044","Belgium","Zo1","Tree",2024-09-11,"Hymenoptera",2,2,"wasps_JV_ADK_729","Mymaridae indet.","","","Pan trap","Augustijn De Ketelaere","Ad","Mymaridae","Hymenoptera","wasps"
"1045","Belgium","Zo2","Crtl2",2024-09-11,"Hymenoptera",1,2,"wasps_JV_ADK_751","Aptesini indet.","M","","Pan trap","Augustijn De Ketelaere","Ad","Ichneumonidae","Hymenoptera","wasps"
"1046","Belgium","Zo2","Crtl2",2024-09-11,"Hymenoptera",1,2,"wasps_JV_ADK_752","Mesoleptus spec.","F","","Pan trap","Augustijn De Ketelaere","Ad","Ichneumonidae","Hymenoptera","wasps"
"1047","Belgium","Zo2","Crtl2",2024-09-11,"Hymenoptera",1,2,"wasps_JV_ADK_753","Eridolius spec.","F","","Pan trap","Augustijn De Ketelaere","Ad","Ichneumonidae","Hymenoptera","wasps"
"1048","Belgium","Zo2","Crtl2",2024-09-11,"Hymenoptera",1,2,"wasps_JV_ADK_754","Endasys spec.","M","","Pan trap","Augustijn De Ketelaere","Ad","Ichneumonidae","Hymenoptera","wasps"
"1049","Belgium","Zo2","Crtl2",2024-09-11,"Hymenoptera",1,2,"wasps_JV_ADK_755","Polyaulon spec.","M","","Pan trap","Augustijn De Ketelaere","Ad","Ichneumonidae","Hymenoptera","wasps"
"1050","Belgium","Zo2","Crtl2",2024-09-11,"Hymenoptera",1,2,"wasps_JV_ADK_756","Dinotrema spec.","F","","Pan trap","Augustijn De Ketelaere","Ad","Braconidae","Hymenoptera","wasps"
"1051","Belgium","Zo2","Crtl2",2024-09-11,"Hymenoptera",2,2,"wasps_JV_ADK_757","Megaspilidae indet.","","","Pan trap","Augustijn De Ketelaere","Ad","Megaspilidae","Hymenoptera","wasps"
"1052","Belgium","Zo2","Crtl2",2024-09-11,"Hymenoptera",1,2,"wasps_JV_ADK_758","Ceraphronidae indet.","","","Pan trap","Augustijn De Ketelaere","Ad","Ceraphronidae","Hymenoptera","wasps"
"1053","Belgium","Zo2","Crtl2",2024-09-11,"Hymenoptera",1,2,"wasps_JV_ADK_759","Proctotrupidae indet.","","","Pan trap","Augustijn De Ketelaere","Ad","Proctotrupidae","Hymenoptera","wasps"
"1054","Belgium","Zo2","Crtl2",2024-09-11,"Hymenoptera",1,2,"wasps_JV_ADK_760","Platygastridae indet.","","","Pan trap","Augustijn De Ketelaere","Ad","Platygastridae","Hymenoptera","wasps"
"1055","Belgium","Zo2","Crtl2",2024-09-11,"Hymenoptera",1,2,"wasps_JV_ADK_761","Scelionidae indet.","","","Pan trap","Augustijn De Ketelaere","Ad","Scelionidae","Hymenoptera","wasps"
"1056","Belgium","Zo2","Crtl2",2024-09-11,"Hymenoptera",2,2,"wasps_JV_ADK_762","Encyrtidae indet.","","","Pan trap","Augustijn De Ketelaere","Ad","Encyrtidae","Hymenoptera","wasps"
"1057","Belgium","Zo2","Crtl2",2024-09-11,"Hymenoptera",1,2,"wasps_JV_ADK_763","Mymaridae indet.","","","Pan trap","Augustijn De Ketelaere","Ad","Mymaridae","Hymenoptera","wasps"
"1058","Belgium","Zo2","Crtl2",2024-09-11,"Hymenoptera",1,2,"wasps_JV_ADK_764","Eurytomidae indet.","","","Pan trap","Augustijn De Ketelaere","Ad","Eurytomidae","Hymenoptera","wasps"
"1059","Belgium","Zo2","Crtl2",2024-09-11,"Hymenoptera",2,2,"wasps_JV_ADK_765","Eulophidae indet.","","","Pan trap","Augustijn De Ketelaere","Ad","Eulophidae","Hymenoptera","wasps"
"1060","Belgium","Zo2","Crtl2",2024-09-11,"Hymenoptera",1,2,"wasps_JV_ADK_766","Diapriidae indet.","","","Pan trap","Augustijn De Ketelaere","Ad","Diapriidae","Hymenoptera","wasps"
"1061","Belgium","Zo2","Field",2024-09-11,"Hymenoptera",1,2,"wasps_JV_ADK_767","Proctotrupidae indet.","","","Pan trap","Augustijn De Ketelaere","Ad","Proctotrupidae","Hymenoptera","wasps"
"1062","Belgium","Zo2","Field",2024-09-11,"Hymenoptera",2,2,"wasps_JV_ADK_768","Chasmodon apterus","F","","Pan trap","Augustijn De Ketelaere","Ad","Braconidae","Hymenoptera","wasps"
"1063","Belgium","Zo2","Field",2024-09-11,"Hymenoptera",2,2,"wasps_JV_ADK_769","Chorebus spec.","F","","Pan trap","Augustijn De Ketelaere","Ad","Braconidae","Hymenoptera","wasps"
"1064","Belgium","Zo2","Field",2024-09-11,"Hymenoptera",1,2,"wasps_JV_ADK_770","Sathroperus pumilus","F","","Pan trap","Augustijn De Ketelaere","Ad","Ichneumonidae","Hymenoptera","wasps"
"1065","Belgium","Zo2","Tree",2024-09-11,"Hymenoptera",1,2,"wasps_JV_ADK_799","Nematinae indet.","","","Pan trap","Augustijn De Ketelaere","Ad","Tenthredinidae","Hymenoptera","wasps"
"1066","Belgium","Zo2","Tree",2024-09-11,"Hymenoptera",1,2,"wasps_JV_ADK_806","Chorebus spec.","F","","Pan trap","Augustijn De Ketelaere","Ad","Braconidae","Hymenoptera","wasps"
"1067","Belgium","Zo2","Tree",2024-09-11,"Hymenoptera",1,2,"wasps_JV_ADK_807","Pentapleura spec.","F","","Pan trap","Augustijn De Ketelaere","Ad","Braconidae","Hymenoptera","wasps"
"1068","Belgium","Zo2","Tree",2024-09-11,"Hymenoptera",1,2,"wasps_JV_ADK_808","Proctotrupidae indet.","","","Pan trap","Augustijn De Ketelaere","Ad","Proctotrupidae","Hymenoptera","wasps"
"1069","Belgium","Zo2","Tree",2024-09-11,"Hymenoptera",1,2,"wasps_JV_ADK_809","Scelionidae indet.","","","Pan trap","Augustijn De Ketelaere","Ad","Scelionidae","Hymenoptera","wasps"
"1070","Czechia","Hu1","Crtl1",2024-09-27,"Hymenoptera",1,2,"wasps_JV_ADK_810","Proctotrupes gravidator","M","","Pan trap","Augustijn De Ketelaere","Ad","Proctotrupidae","Hymenoptera","wasps"
"1071","Czechia","Hu1","Crtl2",2024-09-27,"Hymenoptera",1,2,"wasps_JV_ADK_815","Polistes dominula","F","","Pan trap","Augustijn De Ketelaere","Ad","Eumenidae","Hymenoptera","wasps"
"1072","Czechia","Hu1","Crtl2",2024-09-27,"Hymenoptera",2,2,"wasps_JV_ADK_816","Platygastridae indet.","","","Pan trap","Augustijn De Ketelaere","Ad","Platygastridae","Hymenoptera","wasps"
"1073","Czechia","Hu1","Crtl2",2024-09-27,"Hymenoptera",1,2,"wasps_JV_ADK_817","Scelionidae indet.","","","Pan trap","Augustijn De Ketelaere","Ad","Scelionidae","Hymenoptera","wasps"
"1074","Czechia","Hu1","Field",2024-09-27,"Hymenoptera",1,2,"wasps_JV_ADK_830","Scelionidae indet.","","","Pan trap","Augustijn De Ketelaere","Ad","Scelionidae","Hymenoptera","wasps"
"1075","Czechia","Hu1","Tree",2024-09-27,"Hymenoptera",1,2,"wasps_JV_ADK_835","Diapriidae indet.","","","Pan trap","Augustijn De Ketelaere","Ad","Diapriidae","Hymenoptera","wasps"
"1076","Czechia","Pr1","Crtl1",2024-09-25,"Hymenoptera",2,2,"wasps_JV_ADK_840","Figitidae indet.","","","Pan trap","Augustijn De Ketelaere","Ad","Figitidae","Hymenoptera","wasps"
"1077","Czechia","Pr1","Crtl1",2024-09-25,"Hymenoptera",1,2,"wasps_JV_ADK_841","Dinotrema spec.","F","","Pan trap","Augustijn De Ketelaere","Ad","Braconidae","Hymenoptera","wasps"
"1078","Czechia","Pr1","Crtl1",2024-09-25,"Hymenoptera",1,2,"wasps_JV_ADK_842","Megaspilidae indet.","","","Pan trap","Augustijn De Ketelaere","Ad","Megaspilidae","Hymenoptera","wasps"
"1079","Czechia","Pr1","Crtl2",2024-09-25,"Hymenoptera",1,2,"wasps_JV_ADK_843","Athalia rosae","F","","Pan trap","Augustijn De Ketelaere","Ad","Tenthredinidae","Hymenoptera","wasps"
"1080","Czechia","Pr1","Crtl2",2024-09-25,"Hymenoptera",1,2,"wasps_JV_ADK_844","Athalia cordata","F","","Pan trap","Augustijn De Ketelaere","Ad","Tenthredinidae","Hymenoptera","wasps"
"1081","Czechia","Pr1","Crtl2",2024-09-25,"Hymenoptera",1,2,"wasps_JV_ADK_845","Ceraphronidae indet.","","","Pan trap","Augustijn De Ketelaere","Ad","Ceraphronidae","Hymenoptera","wasps"
"1082","Czechia","Pr1","Crtl2",2024-09-25,"Hymenoptera",1,2,"wasps_JV_ADK_846","Scelionidae indet.","","","Pan trap","Augustijn De Ketelaere","Ad","Scelionidae","Hymenoptera","wasps"
"1083","Czechia","Pr1","Crtl2",2024-09-25,"Hymenoptera",3,2,"wasps_JV_ADK_847","Figitidae indet.","","","Pan trap","Augustijn De Ketelaere","Ad","Figitidae","Hymenoptera","wasps"
"1084","Czechia","Pr1","Field",2024-09-25,"Hymenoptera",2,2,"wasps_JV_ADK_849","Figitidae indet.","","","Pan trap","Augustijn De Ketelaere","Ad","Figitidae","Hymenoptera","wasps"
"1085","Czechia","Pr1","Field",2024-09-25,"Hymenoptera",1,2,"wasps_JV_ADK_850","Megaspilidae indet.","","","Pan trap","Augustijn De Ketelaere","Ad","Megaspilidae","Hymenoptera","wasps"
"1086","Czechia","Pr1","Tree",2024-09-25,"Hymenoptera",1,2,"wasps_JV_ADK_851","Megaspilidae indet.","","","Pan trap","Augustijn De Ketelaere","Ad","Megaspilidae","Hymenoptera","wasps"
"1087","Czechia","Pr1","Tree",2024-09-25,"Hymenoptera",1,2,"wasps_JV_ADK_852","Diapriidae indet.","","","Pan trap","Augustijn De Ketelaere","Ad","Diapriidae","Hymenoptera","wasps"
"1088","Czechia","Sa1","Crtl1",2024-09-19,"Hymenoptera",3,2,"wasps_JV_ADK_857","Scelionidae indet.","","","Pan trap","Augustijn De Ketelaere","Ad","Scelionidae","Hymenoptera","wasps"
"1089","Czechia","Sa1","Crtl1",2024-09-19,"Hymenoptera",1,2,"wasps_JV_ADK_858","Megaspilidae indet.","","","Pan trap","Augustijn De Ketelaere","Ad","Megaspilidae","Hymenoptera","wasps"
"1090","Czechia","Sa1","Crtl1",2024-09-19,"Hymenoptera",1,2,"wasps_JV_ADK_859","Ceraphronidae indet.","","","Pan trap","Augustijn De Ketelaere","Ad","Ceraphronidae","Hymenoptera","wasps"
"1091","Czechia","Sa1","Crtl1",2024-09-19,"Hymenoptera",1,2,"wasps_JV_ADK_860","Figitidae indet.","","","Pan trap","Augustijn De Ketelaere","Ad","Figitidae","Hymenoptera","wasps"
"1092","Czechia","Sa1","Crtl2",2024-09-19,"Hymenoptera",2,2,"wasps_JV_ADK_861","Scelionidae indet.","","","Pan trap","Augustijn De Ketelaere","Ad","Scelionidae","Hymenoptera","wasps"
"1093","Czechia","Sa1","Field",2024-09-19,"Hymenoptera",1,2,"wasps_JV_ADK_867","Cryptini indet.","M","","Pan trap","Augustijn De Ketelaere","Ad","Ichneumonidae","Hymenoptera","wasps"
"1094","Czechia","Sa1","Field",2024-09-19,"Hymenoptera",1,2,"wasps_JV_ADK_868","Theroscopus spec.","M","","Pan trap","Augustijn De Ketelaere","Ad","Ichneumonidae","Hymenoptera","wasps"
"1095","Czechia","Sa1","Field",2024-09-19,"Hymenoptera",2,2,"wasps_JV_ADK_869","Scelionidae indet.","","","Pan trap","Augustijn De Ketelaere","Ad","Scelionidae","Hymenoptera","wasps"
"1096","Czechia","Sa1","Tree",2024-09-19,"Hymenoptera",1,2,"wasps_JV_ADK_872","Polistes dominula","M","","Pan trap","Augustijn De Ketelaere","Ad","Eumenidae","Hymenoptera","wasps"
"1097","Czechia","Sa1","Tree",2024-09-19,"Hymenoptera",6,2,"wasps_JV_ADK_873","Vespula germanica","F","","Pan trap","Augustijn De Ketelaere","Ad","Vespidae","Hymenoptera","wasps"
"1098","Czechia","Sa1","Tree",2024-09-19,"Hymenoptera",8,2,"wasps_JV_ADK_874","Lissonota spec.","M","","Pan trap","Augustijn De Ketelaere","Ad","Ichneumonidae","Hymenoptera","wasps"
"1099","Czechia","Sa1","Tree",2024-09-19,"Hymenoptera",3,2,"wasps_JV_ADK_875","Phygadeuontinae indet.","M","","Pan trap","Augustijn De Ketelaere","Ad","Ichneumonidae","Hymenoptera","wasps"
"1100","Czechia","Sa1","Tree",2024-09-19,"Hymenoptera",1,2,"wasps_JV_ADK_876","Campoplex spec.","F","","Pan trap","Augustijn De Ketelaere","Ad","Ichneumonidae","Hymenoptera","wasps"
"1101","Czechia","Sa1","Tree",2024-09-19,"Hymenoptera",1,2,"wasps_JV_ADK_877","Diapriidae indet.","","","Pan trap","Augustijn De Ketelaere","Ad","Diapriidae","Hymenoptera","wasps"
"1102","Czechia","Sa1","Tree",2024-09-19,"Hymenoptera",2,2,"wasps_JV_ADK_878","Ceraphronidae indet.","","","Pan trap","Augustijn De Ketelaere","Ad","Ceraphronidae","Hymenoptera","wasps"
"1103","Czechia","Sa1","Tree",2024-09-19,"Hymenoptera",1,2,"wasps_JV_ADK_879","Chalcidoidea indet.","","","Pan trap","Augustijn De Ketelaere","Ad",NA,"Hymenoptera","wasps"
"1104","Czechia","Sa2","Crtl1",2024-09-19,"Hymenoptera",1,2,"wasps_JV_ADK_884","Encyrtidae indet.","","","Pan trap","Augustijn De Ketelaere","Ad","Encyrtidae","Hymenoptera","wasps"
"1105","Czechia","Sa2","Crtl1",2024-09-19,"Hymenoptera",1,2,"wasps_JV_ADK_885","Figitidae indet.","","","Pan trap","Augustijn De Ketelaere","Ad","Figitidae","Hymenoptera","wasps"
"1106","Czechia","Sa2","Crtl1",2024-09-19,"Hymenoptera",1,2,"wasps_JV_ADK_886","Theroscopus spec.","M","","Pan trap","Augustijn De Ketelaere","Ad","Ichneumonidae","Hymenoptera","wasps"
"1107","Czechia","Sa2","Crtl1",2024-09-19,"Hymenoptera",1,2,"wasps_JV_ADK_887","Mesoleptus spec.","F","","Pan trap","Augustijn De Ketelaere","Ad","Ichneumonidae","Hymenoptera","wasps"
"1108","Czechia","Sa2","Crtl1",2024-09-19,"Hymenoptera",1,2,"wasps_JV_ADK_888","Proctotrupes spec.","","","Pan trap","Augustijn De Ketelaere","Ad","Proctotrupidae","Hymenoptera","wasps"
"1109","Czechia","Sa2","Crtl1",2024-09-19,"Hymenoptera",3,2,"wasps_JV_ADK_889","Scelionidae indet.","","","Pan trap","Augustijn De Ketelaere","Ad","Scelionidae","Hymenoptera","wasps"
"1110","Czechia","Sa2","Crtl2",2024-09-19,"Hymenoptera",5,2,"wasps_JV_ADK_891","Scelionidae indet.","","","Pan trap","Augustijn De Ketelaere","Ad","Scelionidae","Hymenoptera","wasps"
"1111","Czechia","Sa2","Crtl2",2024-09-19,"Hymenoptera",1,2,"wasps_JV_ADK_892","Cotesia spec.","F","","Pan trap","Augustijn De Ketelaere","Ad","Braconidae","Hymenoptera","wasps"
"1112","Czechia","Sa2","Crtl2",2024-09-19,"Hymenoptera",1,2,"wasps_JV_ADK_893","Dinotrema spec.","F","","Pan trap","Augustijn De Ketelaere","Ad","Braconidae","Hymenoptera","wasps"
"1113","Czechia","Sa2","Crtl2",2024-09-19,"Hymenoptera",1,2,"wasps_JV_ADK_894","Proctotrupidae indet.","","","Pan trap","Augustijn De Ketelaere","Ad","Proctotrupidae","Hymenoptera","wasps"
"1114","Czechia","Sa2","Crtl2",2024-09-19,"Hymenoptera",1,2,"wasps_JV_ADK_895","Figitidae indet.","","","Pan trap","Augustijn De Ketelaere","Ad","Figitidae","Hymenoptera","wasps"
"1115","Czechia","Sa2","Crtl2",2024-09-19,"Hymenoptera",1,2,"wasps_JV_ADK_896","Ceraphronidae indet.","","","Pan trap","Augustijn De Ketelaere","Ad","Ceraphronidae","Hymenoptera","wasps"
"1116","Czechia","Sa2","Crtl2",2024-09-19,"Hymenoptera",1,2,"wasps_JV_ADK_897","Aphidiinae indet.","","","Pan trap","Augustijn De Ketelaere","Ad","Braconidae","Hymenoptera","wasps"
"1117","Czechia","Sa2","Field",2024-09-19,"Hymenoptera",1,2,"wasps_JV_ADK_901","Athalia rosae","F","","Pan trap","Augustijn De Ketelaere","Ad","Tenthredinidae","Hymenoptera","wasps"
"1118","Czechia","Sa2","Field",2024-09-19,"Hymenoptera",1,2,"wasps_JV_ADK_902","Macrocentrus spec.","M","","Pan trap","Augustijn De Ketelaere","Ad","Braconidae","Hymenoptera","wasps"
"1119","Czechia","Sa2","Field",2024-09-19,"Hymenoptera",1,2,"wasps_JV_ADK_903","Scelionidae indet.","","","Pan trap","Augustijn De Ketelaere","Ad","Scelionidae","Hymenoptera","wasps"
"1120","Czechia","Sa2","Field",2024-09-19,"Hymenoptera",1,2,"wasps_JV_ADK_904","Ceraphronidae indet.","","","Pan trap","Augustijn De Ketelaere","Ad","Ceraphronidae","Hymenoptera","wasps"
"1121","Czechia","Sa2","Field",2024-09-19,"Hymenoptera",1,2,"wasps_JV_ADK_905","Bethylidae indet.","","","Pan trap","Augustijn De Ketelaere","Ad","Bethylidae","Hymenoptera","wasps"
"1122","Czechia","Sa2","Tree",2024-09-19,"Hymenoptera",7,2,"wasps_JV_ADK_908","Lissonota spec.","M","","Pan trap","Augustijn De Ketelaere","Ad","Ichneumonidae","Hymenoptera","wasps"
"1123","Czechia","Sa2","Tree",2024-09-19,"Hymenoptera",1,2,"wasps_JV_ADK_909","Phygadeuon spec.","F","","Pan trap","Augustijn De Ketelaere","Ad","Ichneumonidae","Hymenoptera","wasps"
"1124","Czechia","Sa2","Tree",2024-09-19,"Hymenoptera",1,2,"wasps_JV_ADK_910","Megaspilidae indet.","","","Pan trap","Augustijn De Ketelaere","Ad","Megaspilidae","Hymenoptera","wasps"
"1125","Czechia","Sa2","Tree",2024-09-19,"Hymenoptera",2,2,"wasps_JV_ADK_911","Scelionidae indet.","","","Pan trap","Augustijn De Ketelaere","Ad","Scelionidae","Hymenoptera","wasps"
"1126","Czechia","Sa2","Tree",2024-09-19,"Hymenoptera",1,2,"wasps_JV_ADK_912","Diapriidae indet.","","","Pan trap","Augustijn De Ketelaere","Ad","Diapriidae","Hymenoptera","wasps"
"1127","Czechia","Ve1","Crtl2",2024-09-27,"Hymenoptera",2,2,"wasps_JV_ADK_925","Diapriidae indet.","","","Pan trap","Augustijn De Ketelaere","Ad","Diapriidae","Hymenoptera","wasps"
"1128","Czechia","Ve1","Crtl2",2024-09-27,"Hymenoptera",1,2,"wasps_JV_ADK_926","Platygastridae indet.","","","Pan trap","Augustijn De Ketelaere","Ad","Platygastridae","Hymenoptera","wasps"
"1129","Czechia","Ve1","Crtl2",2024-09-27,"Hymenoptera",1,2,"wasps_JV_ADK_927","Mesoleptus spec.","M","","Pan trap","Augustijn De Ketelaere","Ad","Ichneumonidae","Hymenoptera","wasps"
"1130","Czechia","Ve1","Crtl2",2024-09-27,"Hymenoptera",1,2,"wasps_JV_ADK_928","Figitidae indet.","","","Pan trap","Augustijn De Ketelaere","Ad","Figitidae","Hymenoptera","wasps"
"1131","Czechia","Ve1","Field",2024-09-27,"Hymenoptera",1,2,"wasps_JV_ADK_937","Aptesini indet.","M","","Pan trap","Augustijn De Ketelaere","Ad","Ichneumonidae","Hymenoptera","wasps"
"1132","Czechia","Ve1","Field",2024-09-27,"Hymenoptera",1,2,"wasps_JV_ADK_938","Diapriidae indet.","","","Pan trap","Augustijn De Ketelaere","Ad","Diapriidae","Hymenoptera","wasps"
"1133","Czechia","Ve1","Field",2024-09-27,"Hymenoptera",1,2,"wasps_JV_ADK_939","Scelionidae indet.","","","Pan trap","Augustijn De Ketelaere","Ad","Scelionidae","Hymenoptera","wasps"
"1134","Czechia","Ve1","Tree",2024-09-27,"Hymenoptera",1,2,"wasps_JV_ADK_940","Diapriidae indet.","","","Pan trap","Augustijn De Ketelaere","Ad","Diapriidae","Hymenoptera","wasps"
"1135","Czechia","Za1","Crtl1",2024-09-23,"Hymenoptera",4,2,"wasps_JV_ADK_945","Athalia rosae","F","","Pan trap","Augustijn De Ketelaere","Ad","Tenthredinidae","Hymenoptera","wasps"
"1136","Czechia","Za1","Crtl1",2024-09-23,"Hymenoptera",1,2,"wasps_JV_ADK_946","Athalia rosae","M","","Pan trap","Augustijn De Ketelaere","Ad","Tenthredinidae","Hymenoptera","wasps"
"1137","Czechia","Za1","Crtl1",2024-09-23,"Hymenoptera",1,2,"wasps_JV_ADK_949","Scelionidae indet.","","","Pan trap","Augustijn De Ketelaere","Ad","Scelionidae","Hymenoptera","wasps"
"1138","Czechia","Za1","Crtl2",2024-09-23,"Hymenoptera",3,2,"wasps_JV_ADK_950","Athalia rosae","F","","Pan trap","Augustijn De Ketelaere","Ad","Tenthredinidae","Hymenoptera","wasps"
"1139","Czechia","Za1","Crtl2",2024-09-23,"Hymenoptera",1,2,"wasps_JV_ADK_951","Athalia rosae","M","","Pan trap","Augustijn De Ketelaere","Ad","Tenthredinidae","Hymenoptera","wasps"
"1140","Czechia","Za1","Crtl2",2024-09-23,"Hymenoptera",4,2,"wasps_JV_ADK_952","Diapriidae indet.","","","Pan trap","Augustijn De Ketelaere","Ad","Diapriidae","Hymenoptera","wasps"
"1141","Czechia","Za1","Crtl2",2024-09-23,"Hymenoptera",2,2,"wasps_JV_ADK_953","Scelionidae indet.","","","Pan trap","Augustijn De Ketelaere","Ad","Scelionidae","Hymenoptera","wasps"
"1142","Czechia","Za1","Crtl2",2024-09-23,"Hymenoptera",2,2,"wasps_JV_ADK_954","Proctotrupidae indet.","","","Pan trap","Augustijn De Ketelaere","Ad","Proctotrupidae","Hymenoptera","wasps"
"1143","Czechia","Za1","Field",2024-09-23,"Hymenoptera",1,2,"wasps_JV_ADK_958","Eumenes coarctatus","F","","Pan trap","Augustijn De Ketelaere","Ad","Vespidae","Hymenoptera","wasps"
"1144","Czechia","Za1","Field",2024-09-23,"Hymenoptera",1,2,"wasps_JV_ADK_959","Bethylidae indet.","","","Pan trap","Augustijn De Ketelaere","Ad","Bethylidae","Hymenoptera","wasps"
"1145","Czechia","Za1","Field",2024-09-23,"Hymenoptera",1,2,"wasps_JV_ADK_960","Diapriidae indet.","","","Pan trap","Augustijn De Ketelaere","Ad","Diapriidae","Hymenoptera","wasps"
"1146","Czechia","Za1","Tree",2024-09-23,"Hymenoptera",1,2,"wasps_JV_ADK_965","Lissonota impressor","F","","Pan trap","Augustijn De Ketelaere","Ad","Ichneumonidae","Hymenoptera","wasps"
"1147","Czechia","Za1","Tree",2024-09-23,"Hymenoptera",1,2,"wasps_JV_ADK_966","Eutanyacra picta","M","","Pan trap","Augustijn De Ketelaere","Ad","Ichneumonidae","Hymenoptera","wasps"
"1148","Czechia","Za1","Tree",2024-09-23,"Hymenoptera",2,2,"wasps_JV_ADK_967","Pseudoplatylabus violentus","M","","Pan trap","Augustijn De Ketelaere","Ad","Ichneumonidae","Hymenoptera","wasps"
"1149","Czechia","Za1","Tree",2024-09-23,"Hymenoptera",1,2,"wasps_JV_ADK_968","Lissonota impressor","M","","Pan trap","Augustijn De Ketelaere","Ad","Ichneumonidae","Hymenoptera","wasps"
"1150","Czechia","Za1","Tree",2024-09-23,"Hymenoptera",2,2,"wasps_JV_ADK_969","priocnemis agilis","F","","Pan trap","H. Nieuwenhuijsen","Ad","Pompilidae","Hymenoptera","wasps"
"1151","Czechia","Za1","Tree",2024-09-23,"Hymenoptera",1,2,"wasps_JV_ADK_970","Arachnospila anceps","F","","Pan trap","H. Nieuwenhuijsen","Ad","Pompilidae","Hymenoptera","wasps"
"1152","Czechia","Za1","Tree",2024-09-23,"Hymenoptera",1,2,"wasps_JV_ADK_971","Polistes dominula","M","","Pan trap","Augustijn De Ketelaere","Ad","Eumenidae","Hymenoptera","wasps"
"1153","Czechia","Za1","Tree",2024-09-23,"Hymenoptera",2,2,"wasps_JV_ADK_972","Athalia rosae","F","","Pan trap","Augustijn De Ketelaere","Ad","Tenthredinidae","Hymenoptera","wasps"
"1154","Czechia","Za1","Tree",2024-09-23,"Hymenoptera",2,2,"wasps_JV_ADK_973","Athalia rosae","M","","Pan trap","Augustijn De Ketelaere","Ad","Tenthredinidae","Hymenoptera","wasps"
"1155","Czechia","Za1","Tree",2024-09-23,"Hymenoptera",1,2,"wasps_JV_ADK_974","Phygadeuon spec.","M","","Pan trap","Augustijn De Ketelaere","Ad","Ichneumonidae","Hymenoptera","wasps"
"1156","Czechia","Za1","Tree",2024-09-23,"Hymenoptera",1,2,"wasps_JV_ADK_975","Bethylidae indet.","","","Pan trap","Augustijn De Ketelaere","Ad","Bethylidae","Hymenoptera","wasps"
"1157","Czechia","Za1","Tree",2024-09-23,"Hymenoptera",1,2,"wasps_JV_ADK_976","Megaspilidae indet.","","","Pan trap","Augustijn De Ketelaere","Ad","Megaspilidae","Hymenoptera","wasps"
"1158","Portugal","Mo1","Crtl1",2024-12-06,"Hymenoptera",1,2,"wasps_JV_ADK_987","Stibeutes spec.","M","","Pan trap","Augustijn De Ketelaere","Ad","Ichneumonidae","Hymenoptera","wasps"
"1159","Portugal","Mo1","Crtl1",2024-12-06,"Hymenoptera",1,2,"wasps_JV_ADK_988","Phaenocarpa spec.","F","","Pan trap","Augustijn De Ketelaere","Ad","Braconidae","Hymenoptera","wasps"
"1160","Portugal","Mo1","Crtl1",2024-12-06,"Hymenoptera",1,2,"wasps_JV_ADK_989","Opiinae indet.","M","","Pan trap","Augustijn De Ketelaere","Ad","Braconidae","Hymenoptera","wasps"
"1161","Portugal","Mo1","Crtl1",2024-12-06,"Hymenoptera",1,2,"wasps_JV_ADK_990","Ceraphronidae indet.","","","Pan trap","Augustijn De Ketelaere","Ad","Ceraphronidae","Hymenoptera","wasps"
"1162","Portugal","MV1","Crtl1",2024-12-08,"Hymenoptera",1,2,"wasps_JV_ADK_995","Ichneumonidae indet.","","","Pan trap","Augustijn De Ketelaere","Ad","Ichneumonidae","Hymenoptera","wasps"
"1163","Portugal","MV1","Tree",2024-12-08,"Hymenoptera",1,2,"wasps_JV_ADK_998","Eulophidae indet.","","","Pan trap","Augustijn De Ketelaere","Ad","Eulophidae","Hymenoptera","wasps"
"1164","Portugal","MV2","Crtl1",2024-12-08,"Hymenoptera",1,2,"wasps_JV_ADK_999","Stibeutes spec.","","","Pan trap","Augustijn De Ketelaere","Ad","Ichneumonidae","Hymenoptera","wasps"
"1165","Portugal","MV2","Crtl1",2024-12-08,"Hymenoptera",1,2,"wasps_JV_ADK_1000","Campopleginae indet.","","","Pan trap","Augustijn De Ketelaere","Ad","Ichneumonidae","Hymenoptera","wasps"
"1166","Portugal","MV2","Crtl2",2024-12-08,"Hymenoptera",2,2,"wasps_JV_ADK_1002","Stibeutes spec.","M","","Pan trap","Augustijn De Ketelaere","Ad","Ichneumonidae","Hymenoptera","wasps"
"1167","Portugal","MV2","Field",2024-12-08,"Hymenoptera",1,2,"wasps_JV_ADK_1003","Pteromalidae indet.","","","Pan trap","Augustijn De Ketelaere","Ad","Pteromalidae","Hymenoptera","wasps"
"1168","Portugal","MV3","Tree",2024-12-10,"Hymenoptera",1,2,"wasps_JV_ADK_1005","Gelis spec.","M","","Pan trap","Augustijn De Ketelaere","Ad","Ichneumonidae","Hymenoptera","wasps"
"1169","Portugal","MV3","Tree",2024-12-10,"Hymenoptera",1,2,"wasps_JV_ADK_1006","Arotrephes spec.","M","","Pan trap","Augustijn De Ketelaere","Ad","Ichneumonidae","Hymenoptera","wasps"
"1170","Portugal","MV3","Tree",2024-12-10,"Hymenoptera",1,2,"wasps_JV_ADK_1007","Chorebus spec.","F","","Pan trap","Augustijn De Ketelaere","Ad","Braconidae","Hymenoptera","wasps"
"1171","Belgium","It1","Crtl1",2024-05-20,"Coleoptera",1,1,"coleoptera_Jari_1","Oedemera lurida","","","Pan trap","Guido Bonamie","Ad","Oedemeridae","Coleoptera","other beetles"
"1172","Belgium","Lo2","Field",2024-05-14,"Coleoptera",1,1,"coleoptera_Jari_100","Oedemera nobilis","","","Pan trap","Jari Vandendriessche","Ad","Oedemeridae","Coleoptera","other beetles"
"1173","Belgium","Lo2","Tree",2024-05-14,"Coleoptera",7,1,"coleoptera_Jari_102","Oedemera nobilis","","","Pan trap","Jari Vandendriessche","Ad","Oedemeridae","Coleoptera","other beetles"
"1174","Belgium","Ur1","Crtl1",2024-05-17,"Coleoptera",2,1,"coleoptera_Jari_103","Tytthaspis sedecimpunctata","","","Pan trap","Jari Vandendriessche","Ad","Coccinellidae","Coleoptera","ladybugs"
"1175","Czechia","Hu1","Field",2024-06-06,"Coleoptera",2,1,"coleoptera_Jari_11","Mordella pumila","","","Pan trap","Guido Bonamie","Ad","Mordellidae","Coleoptera","other beetles"
"1176","Czechia","Hu1","Crtl1",2024-06-06,"Coleoptera",2,1,"coleoptera_Jari_112","Cassida flaveola","","","Pan trap","Jari Vandendriessche","Ad","Chrysomelidae","Coleoptera","other beetles"
"1177","Czechia","Hu1","Crtl1",2024-06-06,"Coleoptera",1,1,"coleoptera_Jari_114","Chrysolina fastuosa","","","Pan trap","Jari Vandendriessche","Ad","Chrysomelidae","Coleoptera","other beetles"
"1178","Czechia","Hu1","Crtl1",2024-06-06,"Coleoptera",3,1,"coleoptera_Jari_117","Oxythyrea funesta","","","Pan trap","Jari Vandendriessche","Ad","Scarabaeidae","Coleoptera","other beetles"
"1179","Czechia","Hu1","Crtl2",2024-06-06,"Coleoptera",7,1,"coleoptera_Jari_122","Cassida flaveola","","","Pan trap","Jari Vandendriessche","Ad","Chrysomelidae","Coleoptera","other beetles"
"1180","Czechia","Hu1","Crtl2",2024-06-06,"Coleoptera",3,1,"coleoptera_Jari_123","Cassida nebulosa","","","Pan trap","Jari Vandendriessche","Ad","Chrysomelidae","Coleoptera","other beetles"
"1181","Czechia","Hu1","Crtl2",2024-06-06,"Coleoptera",2,1,"coleoptera_Jari_128","Oxythyrea funesta","","","Pan trap","Jari Vandendriessche","Ad","Scarabaeidae","Coleoptera","other beetles"
"1182","Czechia","Hu1","Tree",2024-06-06,"Coleoptera",3,1,"coleoptera_Jari_13","Mordella pumila","","","Pan trap","Guido Bonamie","Ad","Mordellidae","Coleoptera","other beetles"
"1183","Czechia","Hu1","Field",2024-06-06,"Coleoptera",2,1,"coleoptera_Jari_131","Cassida nebulosa","","","Pan trap","Jari Vandendriessche","Ad","Chrysomelidae","Coleoptera","other beetles"
"1184","Czechia","Hu1","Tree",2024-06-06,"Coleoptera",1,1,"coleoptera_Jari_136","Oedemera lurida","","","Pan trap","Jari Vandendriessche","Ad","Oedemeridae","Coleoptera","other beetles"
"1185","Czechia","Sa1","Crtl1",2024-05-31,"Coleoptera",2,1,"coleoptera_Jari_144","Nephus quadrimaculatus","","","Pan trap","Jari Vandendriessche","Ad","Coccinellidae","Coleoptera","ladybugs"
"1186","Czechia","Sa1","Crtl1",2024-05-31,"Coleoptera",1,1,"coleoptera_Jari_145","Oxythyrea funesta","","","Pan trap","Jari Vandendriessche","Ad","Scarabaeidae","Coleoptera","other beetles"
"1187","Czechia","Sa1","Crtl1",2024-05-31,"Coleoptera",1,1,"coleoptera_Jari_146","Plagionotus floralis","","","Pan trap","Jari Vandendriessche","Ad","Cerambycidae","Coleoptera","other beetles"
"1188","Czechia","Sa1","Crtl1",2024-05-31,"Coleoptera",1,1,"coleoptera_Jari_147","Pseudovadonia livida","","","Pan trap","Jari Vandendriessche","Ad","Cerambycidae","Coleoptera","other beetles"
"1189","Czechia","Sa1","Crtl2",2024-05-31,"Coleoptera",1,1,"coleoptera_Jari_148","Nephus quadrimaculatus","","","Pan trap","Jari Vandendriessche","Ad","Coccinellidae","Coleoptera","ladybugs"
"1190","Czechia","Sa1","Crtl2",2024-05-31,"Coleoptera",1,1,"coleoptera_Jari_149","Pseudovadonia livida","","","Pan trap","Jari Vandendriessche","Ad","Cerambycidae","Coleoptera","other beetles"
"1191","Czechia","Sa1","Field",2024-05-31,"Coleoptera",1,1,"coleoptera_Jari_150","Aphodius scrofa","","","Pan trap","Jari Vandendriessche","Ad","Scarabaeidae","Coleoptera","other beetles"
"1192","Czechia","Sa1","Field",2024-05-31,"Coleoptera",1,1,"coleoptera_Jari_152","Oxythyrea funesta","","","Pan trap","Jari Vandendriessche","Ad","Scarabaeidae","Coleoptera","other beetles"
"1193","Czechia","Sa1","Tree",2024-05-31,"Coleoptera",1,1,"coleoptera_Jari_155","Oxythyrea funesta","","","Pan trap","Jari Vandendriessche","Ad","Scarabaeidae","Coleoptera","other beetles"
"1194","Czechia","Sa1","Tree",2024-05-31,"Coleoptera",1,1,"coleoptera_Jari_156","Pseudovadonia livida","","","Pan trap","Jari Vandendriessche","Ad","Cerambycidae","Coleoptera","other beetles"
"1195","Czechia","Sa2","Crtl1",2024-09-19,"Coleoptera",1,2,"coleoptera_Jari_161","Oxythyrea funesta","","","Pan trap","Jari Vandendriessche","Ad","Scarabaeidae","Coleoptera","other beetles"
"1196","Czechia","Sa2","Tree",2024-05-31,"Coleoptera",1,1,"coleoptera_Jari_167","Anthicus bimaculatus","","","Pan trap","Jari Vandendriessche","Ad","Anthicidae","Coleoptera","other beetles"
"1197","Czechia","Ve1","Crtl1",2024-06-06,"Coleoptera",1,1,"coleoptera_Jari_171","Cordylepherus viridis","","","Pan trap","Jari Vandendriessche","Ad","Malachiidae","Coleoptera","other beetles"
"1198","Czechia","Ve1","Crtl1",2024-06-06,"Coleoptera",1,1,"coleoptera_Jari_172","Oedemera femorata","","","Pan trap","Jari Vandendriessche","Ad","Oedemeridae","Coleoptera","other beetles"
"1199","Czechia","Ve1","Crtl1",2024-06-06,"Coleoptera",1,1,"coleoptera_Jari_173","Oxythyrea funesta","","","Pan trap","Jari Vandendriessche","Ad","Scarabaeidae","Coleoptera","other beetles"
"1200","Czechia","Ve1","Crtl1",2024-06-06,"Coleoptera",1,1,"coleoptera_Jari_174","Pseudovadonia livida","","","Pan trap","Jari Vandendriessche","Ad","Cerambycidae","Coleoptera","other beetles"
"1201","Czechia","Ve1","Field",2024-06-06,"Coleoptera",1,1,"coleoptera_Jari_177","Anthaxia nitidula","","","Pan trap","Jari Vandendriessche","Ad","Buprestidae","Coleoptera","other beetles"
"1202","Czechia","Ve1","Field",2024-06-06,"Coleoptera",1,1,"coleoptera_Jari_178","Cordylepherus viridis","","","Pan trap","Jari Vandendriessche","Ad","Malachiidae","Coleoptera","other beetles"
"1203","Czechia","Ve1","Field",2024-06-06,"Coleoptera",2,1,"coleoptera_Jari_179","Oedemera femorata","","","Pan trap","Jari Vandendriessche","Ad","Oedemeridae","Coleoptera","other beetles"
"1204","Czechia","Ve1","Field",2024-09-27,"Coleoptera",1,2,"coleoptera_Jari_180","Gyrinus spec.","","","Pan trap","Jari Vandendriessche","Ad","Gyrinidae","Coleoptera","other beetles"
"1205","Czechia","Ve1","Tree",2024-06-06,"Coleoptera",1,1,"coleoptera_Jari_181","Oedemera femorata","","","Pan trap","Jari Vandendriessche","Ad","Oedemeridae","Coleoptera","other beetles"
"1206","Czechia","Ve1","Tree",2024-06-06,"Coleoptera",1,1,"coleoptera_Jari_182","Oxythyrea funesta","","","Pan trap","Jari Vandendriessche","Ad","Scarabaeidae","Coleoptera","other beetles"
"1207","Czechia","Ve1","Tree",2024-06-06,"Coleoptera",1,1,"coleoptera_Jari_184","Trichodes apiarius","","","Pan trap","Jari Vandendriessche","Ad","Cleridae","Coleoptera","other beetles"
"1208","Czechia","Ve2","Tree",2024-06-06,"Coleoptera",1,1,"coleoptera_Jari_185","Oedemera femorata","","","Pan trap","Jari Vandendriessche","Ad","Oedemeridae","Coleoptera","other beetles"
"1209","Czechia","Za1","Field",2024-09-23,"Coleoptera",1,2,"coleoptera_Jari_193","Psyllobora vigintiduopunctata","","","Pan trap","Jari Vandendriessche","Ad","Coccinellidae","Coleoptera","ladybugs"
"1210","Czechia","Za1","Tree",2024-06-02,"Coleoptera",1,1,"coleoptera_Jari_194","Hippodamia variegata","","","Pan trap","Jari Vandendriessche","Ad","Coccinellidae","Coleoptera","ladybugs"
"1211","Czechia","Za1","Tree",2024-06-02,"Coleoptera",2,1,"coleoptera_Jari_195","Pseudovadonia livida","","","Pan trap","Jari Vandendriessche","Ad","Cerambycidae","Coleoptera","other beetles"
"1212","Czechia","Za1","Tree",2024-09-23,"Coleoptera",1,2,"coleoptera_Jari_196","Nephus quadrimaculatus","","","Pan trap","Jari Vandendriessche","Ad","Coccinellidae","Coleoptera","ladybugs"
"1213","Czechia","Za1","Tree",2024-09-23,"Coleoptera",1,2,"coleoptera_Jari_197","Propylea quatuordecimpunctata","","","Pan trap","Jari Vandendriessche","Ad","Coccinellidae","Coleoptera","ladybugs"
"1214","Belgium","It1","Field",2024-05-20,"Coleoptera",1,1,"coleoptera_Jari_2","Oedemera virescens","","","Pan trap","Guido Bonamie","Ad","Oedemeridae","Coleoptera","other beetles"
"1215","France","Ca1","Crtl1",2024-04-04,"Coleoptera",3,1,"coleoptera_Jari_200","Oxythyrea funesta","","","Pan trap","Jari Vandendriessche","Ad","Scarabaeidae","Coleoptera","other beetles"
"1216","France","Ca1","Crtl1",2024-04-04,"Coleoptera",6,1,"coleoptera_Jari_201","Tropinota hirta","","","Pan trap","Jari Vandendriessche","Ad","Scarabaeidae","Coleoptera","other beetles"
"1217","France","Ca1","Crtl1",2024-04-04,"Coleoptera",2,1,"coleoptera_Jari_202","Tropinota squalida","","","Pan trap","Jari Vandendriessche","Ad","Scarabaeidae","Coleoptera","other beetles"
"1218","France","Ca1","Crtl2",2024-04-04,"Coleoptera",2,1,"coleoptera_Jari_203","Oxythyrea funesta","","","Pan trap","Jari Vandendriessche","Ad","Scarabaeidae","Coleoptera","other beetles"
"1219","France","Ca1","Crtl2",2024-04-04,"Coleoptera",1,1,"coleoptera_Jari_204","Tropinota hirta","","","Pan trap","Jari Vandendriessche","Ad","Scarabaeidae","Coleoptera","other beetles"
"1220","France","Ca1","Crtl2",2024-04-04,"Coleoptera",1,1,"coleoptera_Jari_205","Tropinota hirta","","","Pan trap","Jari Vandendriessche","Ad","Scarabaeidae","Coleoptera","other beetles"
"1221","France","PL1","Field",2024-03-30,"Coleoptera",1,1,"coleoptera_Jari_206","Cantharis pulicaria","","","Pan trap","Jari Vandendriessche","Ad","Cantharidae","Coleoptera","other beetles"
"1222","France","PL1","Field",2024-03-30,"Coleoptera",1,1,"coleoptera_Jari_207","Psilothrix viridicoerulea","","","Pan trap","Jari Vandendriessche","Ad","Dasytidae","Coleoptera","other beetles"
"1223","France","PL2","Tree",2024-04-02,"Coleoptera",1,1,"coleoptera_Jari_209","Cantharis pulicaria","","","Pan trap","Jari Vandendriessche","Ad","Cantharidae","Coleoptera","other beetles"
"1224","France","PL3","Crtl1",2024-04-02,"Coleoptera",12,1,"coleoptera_Jari_210","Tropinota hirta","","","Pan trap","Jari Vandendriessche","Ad","Scarabaeidae","Coleoptera","other beetles"
"1225","France","PL3","Crtl2",2024-04-02,"Coleoptera",1,1,"coleoptera_Jari_211","Oxythyrea funesta","","","Pan trap","Jari Vandendriessche","Ad","Scarabaeidae","Coleoptera","other beetles"
"1226","France","PL3","Crtl2",2024-04-02,"Coleoptera",56,1,"coleoptera_Jari_212","Tropinota hirta","","","Pan trap","Jari Vandendriessche","Ad","Scarabaeidae","Coleoptera","other beetles"
"1227","France","PL3","Crtl2",2024-04-02,"Coleoptera",14,1,"coleoptera_Jari_213","Tropinota hirta","","","Pan trap","Jari Vandendriessche","Ad","Scarabaeidae","Coleoptera","other beetles"
"1228","France","PL3","Field",2024-04-02,"Coleoptera",4,1,"coleoptera_Jari_214","Tropinota hirta","","","Pan trap","Jari Vandendriessche","Ad","Scarabaeidae","Coleoptera","other beetles"
"1229","France","PL3","Tree",2024-04-02,"Coleoptera",3,1,"coleoptera_Jari_215","Tropinota hirta","","","Pan trap","Jari Vandendriessche","Ad","Scarabaeidae","Coleoptera","other beetles"
"1230","Portugal","JS1","Tree",2024-12-02,"Coleoptera",1,2,"coleoptera_Jari_216","Alticinae indet.","","","Pan trap","Jari Vandendriessche","Ad",NA,NA,"other"
"1231","Portugal","JS1","Field",2024-12-02,"Coleoptera",1,2,"coleoptera_Jari_217","Alticinae indet.","","","Pan trap","Jari Vandendriessche","Ad",NA,NA,"other"
"1232","Portugal","JS1","Crtl2",2024-12-02,"Coleoptera",1,2,"coleoptera_Jari_218","Alticinae indet.","","","Pan trap","Jari Vandendriessche","Ad",NA,NA,"other"
"1233","Portugal","JS1","Crtl2",2024-12-02,"Coleoptera",3,2,"coleoptera_Jari_219","Thysanoptera indet.","","","Pan trap","Jari Vandendriessche","Ad",NA,"Thysanoptera","other"
"1234","Portugal","JS2","Tree",2024-03-23,"Coleoptera",1,1,"coleoptera_Jari_220","Thysanoptera indet.","","","Pan trap","Jari Vandendriessche","Ad",NA,"Thysanoptera","other"
"1235","Portugal","JS2","Tree",2024-03-23,"Coleoptera",1,1,"coleoptera_Jari_221","Alticinae indet.","","","Pan trap","Jari Vandendriessche","Ad",NA,NA,"other"
"1236","Portugal","JS2","Crtl1",2024-03-23,"Coleoptera",1,1,"coleoptera_Jari_225","Alticinae indet.","","","Pan trap","Jari Vandendriessche","Ad",NA,NA,"other"
"1237","Portugal","JS2","Crtl2",2024-12-02,"Coleoptera",1,2,"coleoptera_Jari_227","Alticinae indet.","","","Pan trap","Jari Vandendriessche","Ad",NA,NA,"other"
"1238","Portugal","Mo1","Crtl1",2024-12-06,"Coleoptera",4,2,"coleoptera_Jari_228","Alticinae indet.","","","Pan trap","Jari Vandendriessche","Ad",NA,NA,"other"
"1239","Portugal","Mo1","Crtl1",2024-03-25,"Coleoptera",1,1,"coleoptera_Jari_229","Alticinae indet.","","","Pan trap","Jari Vandendriessche","Ad",NA,NA,"other"
"1240","Czechia","Sa1","Tree",2024-05-31,"Coleoptera",1,1,"coleoptera_Jari_23","Cassida nobilis","","","Pan trap","Guido Bonamie","Ad","Chrysomelidae","Coleoptera","other beetles"
"1241","Portugal","Mo1","Crtl1",2024-03-25,"Coleoptera",1,1,"coleoptera_Jari_230","Psilothrix viridicoerulea","","","Pan trap","Jari Vandendriessche","Ad","Dasytidae","Coleoptera","other beetles"
"1242","Portugal","Mo1","Crtl2",2024-03-25,"Coleoptera",1,1,"coleoptera_Jari_231","Psilothrix viridicoerulea","","","Pan trap","Jari Vandendriessche","Ad","Dasytidae","Coleoptera","other beetles"
"1243","Portugal","Mo1","Crtl2",2024-03-25,"Coleoptera",1,1,"coleoptera_Jari_232","Alticinae indet.","","","Pan trap","Jari Vandendriessche","Ad",NA,NA,"other"
"1244","Portugal","Mo1","Crtl2",2024-12-06,"Coleoptera",4,2,"coleoptera_Jari_235","Alticinae indet.","","","Pan trap","Jari Vandendriessche","Ad",NA,NA,"other"
"1245","Portugal","Mo1","Crtl2",2024-12-06,"Coleoptera",2,2,"coleoptera_Jari_236","Thysanoptera indet.","","","Pan trap","Jari Vandendriessche","Ad",NA,"Thysanoptera","other"
"1246","Portugal","Mo1","Field",2024-03-25,"Coleoptera",17,1,"coleoptera_Jari_237","Anthaxia spec.","","","Pan trap","Jari Vandendriessche","Ad","Buprestidae","Coleoptera","other beetles"
"1247","Portugal","Mo1","Field",2024-03-25,"Coleoptera",1,1,"coleoptera_Jari_238","Anthaxia spec. 2","","","Pan trap","Jari Vandendriessche","Ad","Buprestidae","Coleoptera","other beetles"
"1248","Portugal","Mo1","Field",2024-03-25,"Coleoptera",1,1,"coleoptera_Jari_239","Alticinae indet.","","","Pan trap","Jari Vandendriessche","Ad",NA,NA,"other"
"1249","Portugal","Mo1","Field",2024-03-25,"Coleoptera",1,1,"coleoptera_Jari_240","Chasmatopterus spec.","","","Pan trap","Jari Vandendriessche","Ad","Scarabaeidae","Coleoptera","other beetles"
"1250","Portugal","Mo1","Field",2024-03-25,"Coleoptera",1,1,"coleoptera_Jari_241","Dasytes terminalis","","","Pan trap","Jari Vandendriessche","Ad","Melyridae","Coleoptera","other beetles"
"1251","Portugal","Mo1","Field",2024-03-25,"Coleoptera",2,1,"coleoptera_Jari_242","Psilothrix viridicoerulea","","","Pan trap","Jari Vandendriessche","Ad","Dasytidae","Coleoptera","other beetles"
"1252","Portugal","Mo1","Field",2024-03-25,"Coleoptera",5,1,"coleoptera_Jari_244","Silphidae indet.","","","Pan trap","Jari Vandendriessche","Ad","Silphidae","Coleoptera","other beetles"
"1253","Portugal","Mo1","Tree",2024-03-25,"Coleoptera",2,1,"coleoptera_Jari_247","Anthaxia spec.","","","Pan trap","Jari Vandendriessche","Ad","Buprestidae","Coleoptera","other beetles"
"1254","Portugal","Mo1","Tree",2024-03-25,"Coleoptera",3,1,"coleoptera_Jari_248","Aplocnemus spec.","","","Pan trap","Jari Vandendriessche","Ad","Dasytidae","Coleoptera","other beetles"
"1255","Portugal","Mo1","Tree",2024-03-25,"Coleoptera",1,1,"coleoptera_Jari_249","Chasmatopterus spec.","","","Pan trap","Jari Vandendriessche","Ad","Scarabaeidae","Coleoptera","other beetles"
"1256","Portugal","Mo1","Tree",2024-03-25,"Coleoptera",2,1,"coleoptera_Jari_250","Psilothrix viridicoerulea","","","Pan trap","Jari Vandendriessche","Ad","Dasytidae","Coleoptera","other beetles"
"1257","Portugal","Mo1","Tree",2024-12-06,"Coleoptera",1,2,"coleoptera_Jari_251","Alticinae indet.","","","Pan trap","Jari Vandendriessche","Ad",NA,NA,"other"
"1258","Portugal","MV1","Crtl1",2024-03-19,"Coleoptera",2,1,"coleoptera_Jari_252","Anthaxia spec.","","","Pan trap","Jari Vandendriessche","Ad","Buprestidae","Coleoptera","other beetles"
"1259","Portugal","MV1","Crtl1",2024-03-19,"Coleoptera",1,1,"coleoptera_Jari_253","Chasmatopterus spec.","","","Pan trap","Jari Vandendriessche","Ad","Scarabaeidae","Coleoptera","other beetles"
"1260","Portugal","MV1","Crtl1",2024-03-19,"Coleoptera",2,1,"coleoptera_Jari_255","Psilothrix viridicoerulea","","","Pan trap","Jari Vandendriessche","Ad","Dasytidae","Coleoptera","other beetles"
"1261","Portugal","MV1","Crtl2",2024-03-19,"Coleoptera",3,1,"coleoptera_Jari_256","Psilothrix viridicoerulea","","","Pan trap","Jari Vandendriessche","Ad","Dasytidae","Coleoptera","other beetles"
"1262","Portugal","MV1","Crtl2",2024-12-08,"Coleoptera",1,2,"coleoptera_Jari_257","Alticinae indet.","","","Pan trap","Jari Vandendriessche","Ad",NA,NA,"other"
"1263","Portugal","MV1","Field",2024-03-19,"Coleoptera",3,1,"coleoptera_Jari_259","Anthaxia spec.","","","Pan trap","Jari Vandendriessche","Ad","Buprestidae","Coleoptera","other beetles"
"1264","Portugal","MV1","Field",2024-03-19,"Coleoptera",1,1,"coleoptera_Jari_260","Aplocnemus spec.","","","Pan trap","Jari Vandendriessche","Ad","Dasytidae","Coleoptera","other beetles"
"1265","Portugal","MV1","Tree",2024-03-19,"Coleoptera",32,1,"coleoptera_Jari_264","Anthaxia spec.","","","Pan trap","Jari Vandendriessche","Ad","Buprestidae","Coleoptera","other beetles"
"1266","Portugal","MV1","Tree",2024-03-19,"Coleoptera",1,1,"coleoptera_Jari_266","Chasmatopterus spec.","","","Pan trap","Jari Vandendriessche","Ad","Scarabaeidae","Coleoptera","other beetles"
"1267","Portugal","MV1","Tree",2024-12-08,"Coleoptera",1,2,"coleoptera_Jari_270","Alticinae indet.","","","Pan trap","Jari Vandendriessche","Ad",NA,NA,"other"
"1268","Portugal","MV1","Tree",2024-12-08,"Coleoptera",1,2,"coleoptera_Jari_271","Thysanoptera indet.","","","Pan trap","Jari Vandendriessche","Ad",NA,"Thysanoptera","other"
"1269","Portugal","MV2","Crtl1",2024-03-19,"Coleoptera",3,1,"coleoptera_Jari_272","Aplocnemus spec.","","","Pan trap","Jari Vandendriessche","Ad","Dasytidae","Coleoptera","other beetles"
"1270","Portugal","MV2","Crtl1",2024-03-19,"Coleoptera",1,1,"coleoptera_Jari_274","Lixus anguinus","","","Pan trap","Jari Vandendriessche","Ad","Curculionidae","Coleoptera","weevils"
"1271","Portugal","MV2","Crtl1",2024-03-19,"Coleoptera",1,1,"coleoptera_Jari_275","Microlestes spec.","","","Pan trap","Jari Vandendriessche","Ad","Carabidae","Coleoptera","carabid beetles"
"1272","Portugal","MV2","Crtl2",2024-03-19,"Coleoptera",1,1,"coleoptera_Jari_276","Actenodia billbergi","","","Pan trap","Jari Vandendriessche","Ad","Meloidae","Coleoptera","other beetles"
"1273","Portugal","MV2","Crtl2",2024-03-19,"Coleoptera",1,1,"coleoptera_Jari_277","Aplocnemus spec.","","","Pan trap","Jari Vandendriessche","Ad","Dasytidae","Coleoptera","other beetles"
"1274","Portugal","MV2","Crtl2",2024-12-08,"Coleoptera",1,2,"coleoptera_Jari_278","Alticinae indet.","","","Pan trap","Jari Vandendriessche","Ad",NA,NA,"other"
"1275","Portugal","MV2","Field",2024-03-19,"Coleoptera",1,1,"coleoptera_Jari_279","Anthaxia spec.","","","Pan trap","Jari Vandendriessche","Ad","Buprestidae","Coleoptera","other beetles"
"1276","Portugal","MV2","Field",2024-03-19,"Coleoptera",6,1,"coleoptera_Jari_280","Aplocnemus spec.","","","Pan trap","Jari Vandendriessche","Ad","Dasytidae","Coleoptera","other beetles"
"1277","Portugal","MV2","Field",2024-03-19,"Coleoptera",1,1,"coleoptera_Jari_281","Psilothrix viridicoerulea","","","Pan trap","Jari Vandendriessche","Ad","Dasytidae","Coleoptera","other beetles"
"1278","Portugal","MV2","Field",2024-12-08,"Coleoptera",3,2,"coleoptera_Jari_282","Alticinae indet.","","","Pan trap","Jari Vandendriessche","Ad",NA,NA,"other"
"1279","Portugal","MV2","Tree",2024-03-19,"Coleoptera",1,1,"coleoptera_Jari_284","Anthaxia spec.","","","Pan trap","Jari Vandendriessche","Ad","Buprestidae","Coleoptera","other beetles"
"1280","Portugal","MV2","Tree",2024-03-19,"Coleoptera",4,1,"coleoptera_Jari_285","Aplocnemus spec.","","","Pan trap","Jari Vandendriessche","Ad","Dasytidae","Coleoptera","other beetles"
"1281","Portugal","MV3","Crtl1",2024-03-21,"Coleoptera",1,1,"coleoptera_Jari_287","Alticinae indet.","","","Pan trap","Jari Vandendriessche","Ad",NA,NA,"other"
"1282","Portugal","MV3","Crtl1",2024-03-21,"Coleoptera",9,1,"coleoptera_Jari_288","Chasmatopterus spec.","","","Pan trap","Jari Vandendriessche","Ad","Scarabaeidae","Coleoptera","other beetles"
"1283","Portugal","MV3","Crtl2",2024-03-21,"Coleoptera",7,1,"coleoptera_Jari_290","Chasmatopterus spec.","","","Pan trap","Jari Vandendriessche","Ad","Scarabaeidae","Coleoptera","other beetles"
"1284","Portugal","MV3","Crtl2",2024-03-21,"Coleoptera",2,1,"coleoptera_Jari_291","Longitarsus jacobaeae","","","Pan trap","Jari Vandendriessche","Ad","Chrysomelidae","Coleoptera","other beetles"
"1285","Portugal","MV3","Field",2024-03-21,"Coleoptera",1,1,"coleoptera_Jari_292","Aplocnemus spec.","","","Pan trap","Jari Vandendriessche","Ad","Dasytidae","Coleoptera","other beetles"
"1286","Portugal","MV3","Tree",2024-03-21,"Coleoptera",1,1,"coleoptera_Jari_294","Aplocnemus spec.","","","Pan trap","Jari Vandendriessche","Ad","Dasytidae","Coleoptera","other beetles"
"1287","Portugal","MV3","Tree",2024-03-21,"Coleoptera",1,1,"coleoptera_Jari_296","Longitarsus jacobaeae","","","Pan trap","Jari Vandendriessche","Ad","Chrysomelidae","Coleoptera","other beetles"
"1288","UK","Ar1","Field",2024-06-16,"Coleoptera",2,1,"coleoptera_Jari_297","Oedemera nobilis","","","Pan trap","Jari Vandendriessche","Ad","Oedemeridae","Coleoptera","other beetles"
"1289","UK","Ar1","Tree",2024-06-16,"Coleoptera",1,1,"coleoptera_Jari_298","Oedemera nobilis","","","Pan trap","Jari Vandendriessche","Ad","Oedemeridae","Coleoptera","other beetles"
"1290","UK","Be1","Crtl1",2024-06-18,"Coleoptera",8,1,"coleoptera_Jari_299","Pseudovadonia livida","","","Pan trap","Jari Vandendriessche","Ad","Cerambycidae","Coleoptera","other beetles"
"1291","Belgium","It1","Tree",2024-05-20,"Coleoptera",1,1,"coleoptera_Jari_3","Lema cyanella","","","Pan trap","Guido Bonamie","Ad","Chrysomelidae","Coleoptera","other beetles"
"1292","UK","Be1","Crtl2",2024-06-18,"Coleoptera",1,1,"coleoptera_Jari_300","Malachius bipustulatus","","","Pan trap","Jari Vandendriessche","Ad","Melyridae","Coleoptera","other beetles"
"1293","UK","Be1","Crtl2",2024-06-18,"Coleoptera",1,1,"coleoptera_Jari_301","Oedemera nobilis","","","Pan trap","Jari Vandendriessche","Ad","Oedemeridae","Coleoptera","other beetles"
"1294","UK","Be1","Crtl2",2024-06-18,"Coleoptera",23,1,"coleoptera_Jari_302","Pseudovadonia livida","","","Pan trap","Jari Vandendriessche","Ad","Cerambycidae","Coleoptera","other beetles"
"1295","UK","Be1","Field",2024-06-18,"Coleoptera",6,1,"coleoptera_Jari_303","Pseudovadonia livida","","","Pan trap","Jari Vandendriessche","Ad","Cerambycidae","Coleoptera","other beetles"
"1296","UK","Be1","Tree",2024-06-18,"Coleoptera",4,1,"coleoptera_Jari_304","Pseudovadonia livida","","","Pan trap","Jari Vandendriessche","Ad","Cerambycidae","Coleoptera","other beetles"
"1297","UK","Be2","Crtl1",2024-06-18,"Coleoptera",2,1,"coleoptera_Jari_305","Oedemera nobilis","","","Pan trap","Jari Vandendriessche","Ad","Oedemeridae","Coleoptera","other beetles"
"1298","UK","Be2","Tree",2024-06-18,"Coleoptera",1,1,"coleoptera_Jari_306","Coccinella septempunctata","","","Pan trap","Jari Vandendriessche","Ad","Coccinellidae","Coleoptera","ladybugs"
"1299","UK","Be2","Tree",2024-06-18,"Coleoptera",1,1,"coleoptera_Jari_307","Pseudovadonia livida","","","Pan trap","Jari Vandendriessche","Ad","Cerambycidae","Coleoptera","other beetles"
"1300","UK","Pe1","Tree",2024-06-23,"Coleoptera",1,1,"coleoptera_Jari_308","Oedemera nobilis","","","Pan trap","Jari Vandendriessche","Ad","Oedemeridae","Coleoptera","other beetles"
"1301","UK","St1","Crtl1",2024-06-16,"Coleoptera",3,1,"coleoptera_Jari_309","Oedemera nobilis","","","Pan trap","Jari Vandendriessche","Ad","Oedemeridae","Coleoptera","other beetles"
"1302","UK","St1","Crtl2",2024-06-16,"Coleoptera",3,1,"coleoptera_Jari_310","Oedemera nobilis","","","Pan trap","Jari Vandendriessche","Ad","Oedemeridae","Coleoptera","other beetles"
"1303","UK","Wo1","Crtl1",2024-06-23,"Coleoptera",1,1,"coleoptera_Jari_311","Malachius bipustulatus","","","Pan trap","Jari Vandendriessche","Ad","Melyridae","Coleoptera","other beetles"
"1304","UK","Wo1","Crtl2",2024-06-23,"Coleoptera",1,1,"coleoptera_Jari_312","Malachius bipustulatus","","","Pan trap","Jari Vandendriessche","Ad","Melyridae","Coleoptera","other beetles"
"1305","UK","Wo1","Field",2024-06-23,"Coleoptera",4,1,"coleoptera_Jari_313","Malachius bipustulatus","","","Pan trap","Jari Vandendriessche","Ad","Melyridae","Coleoptera","other beetles"
"1306","UK","Wo1","Field",2024-06-23,"Coleoptera",2,1,"coleoptera_Jari_314","Oedemera nobilis","","","Pan trap","Jari Vandendriessche","Ad","Oedemeridae","Coleoptera","other beetles"
"1307","UK","Wo1","Tree",2024-06-23,"Coleoptera",3,1,"coleoptera_Jari_315","Malachius bipustulatus","","","Pan trap","Jari Vandendriessche","Ad","Melyridae","Coleoptera","other beetles"
"1308","UK","Wo1","Tree",2024-06-23,"Coleoptera",2,1,"coleoptera_Jari_316","Oedemera nobilis","","","Pan trap","Jari Vandendriessche","Ad","Oedemeridae","Coleoptera","other beetles"
"1309","Czechia","Sa1","Crtl2",2024-05-31,"Coleoptera",1,1,"coleoptera_Jari_319","Margarinotus carbonarius","","","Pan trap","Marc Van Kerckvoorde","Ad","Histeridae","Coleoptera","other beetles"
"1310","Portugal","MV2","Crtl2",2024-03-19,"Coleoptera",1,1,"coleoptera_Jari_322","Scydmaenidae indet.","","","Pan trap","Marc Van Kerckvoorde","Ad","Scydmaenidae","Coleoptera","other beetles"
"1311","Belgium","It2","Tree",2024-05-20,"Coleoptera",1,1,"coleoptera_Jari_4","Athous haemorrhoidalis","","","Pan trap","Guido Bonamie","Ad","Elateridae","Coleoptera","other beetles"
"1312","Czechia","Ve1","Crtl1",2024-06-06,"Coleoptera",1,1,"coleoptera_Jari_41","Mordella brachyura","","","Pan trap","Guido Bonamie","Ad","Mordellidae","Coleoptera","other beetles"
"1313","Czechia","Ve1","Crtl1",2024-06-06,"Coleoptera",2,1,"coleoptera_Jari_42","Oedemera lurida","","","Pan trap","Guido Bonamie","Ad","Oedemeridae","Coleoptera","other beetles"
"1314","Czechia","Ve1","Crtl2",2024-06-06,"Coleoptera",1,1,"coleoptera_Jari_44","Cassida nobilis","","","Pan trap","Guido Bonamie","Ad","Chrysomelidae","Coleoptera","other beetles"
"1315","Czechia","Ve1","Crtl2",2024-06-06,"Coleoptera",1,1,"coleoptera_Jari_45","Onthophagus ovatus","","","Pan trap","Guido Bonamie","Ad","Scarabaeidae","Coleoptera","other beetles"
"1316","Czechia","Ve1","Field",2024-06-06,"Coleoptera",6,1,"coleoptera_Jari_49","Mordellistena michalki","","","Pan trap","Guido Bonamie","Ad","Mordellidae","Coleoptera","other beetles"
"1317","Belgium","Lo1","Crtl1",2024-05-14,"Coleoptera",1,1,"coleoptera_Jari_5","Oulema melanopus","","","Pan trap","Guido Bonamie","Ad","Chrysomelidae","Coleoptera","other beetles"
"1318","Czechia","Ve1","Field",2024-06-06,"Coleoptera",3,1,"coleoptera_Jari_50","Oedemera lurida","","","Pan trap","Guido Bonamie","Ad","Oedemeridae","Coleoptera","other beetles"
"1319","Czechia","Ve1","Field",2024-06-06,"Coleoptera",2,1,"coleoptera_Jari_51","Oedemera lurida","","","Pan trap","Guido Bonamie","Ad","Oedemeridae","Coleoptera","other beetles"
"1320","Czechia","Ve1","Tree",2024-06-06,"Coleoptera",2,1,"coleoptera_Jari_52","Mordella brachyura","","","Pan trap","Guido Bonamie","Ad","Mordellidae","Coleoptera","other beetles"
"1321","Czechia","Ve1","Tree",2024-06-06,"Coleoptera",4,1,"coleoptera_Jari_53","Oedemera lurida","","","Pan trap","Guido Bonamie","Ad","Oedemeridae","Coleoptera","other beetles"
"1322","Czechia","Ve1","Tree",2024-06-06,"Coleoptera",1,1,"coleoptera_Jari_54","Oedemera lurida","","","Pan trap","Guido Bonamie","Ad","Oedemeridae","Coleoptera","other beetles"
"1323","Czechia","Ve2","Tree",2024-06-06,"Coleoptera",1,1,"coleoptera_Jari_56","Mordellistena pentas","","","Pan trap","Guido Bonamie","Ad","Mordellidae","Coleoptera","other beetles"
"1324","Czechia","Ve2","Tree",2024-06-06,"Coleoptera",1,1,"coleoptera_Jari_57","Oedemera lurida","","","Pan trap","Guido Bonamie","Ad","Oedemeridae","Coleoptera","other beetles"
"1325","Czechia","Ve2","Tree",2024-06-06,"Coleoptera",1,1,"coleoptera_Jari_58","Oedemera virescens","","","Pan trap","Guido Bonamie","Ad","Oedemeridae","Coleoptera","other beetles"
"1326","Belgium","Lo1","Field",2024-05-14,"Coleoptera",1,1,"coleoptera_Jari_6","Oedemera lurida","","","Pan trap","Guido Bonamie","Ad","Oedemeridae","Coleoptera","other beetles"
"1327","France","Ca1","Tree",2024-04-04,"Coleoptera",1,1,"coleoptera_Jari_62","Trachys troglodytiformis","","","Pan trap","Guido Bonamie","Ad","Buprestidae","Coleoptera","other beetles"
"1328","France","PL3","Crtl2",2024-04-02,"Coleoptera",1,1,"coleoptera_Jari_64","Dasytes plumbeus","","","Pan trap","Guido Bonamie","Ad","Melyridae","Coleoptera","other beetles"
"1329","UK","Ar1","Field",2024-06-16,"Coleoptera",1,1,"coleoptera_Jari_65","Oedemera lurida","","","Pan trap","Guido Bonamie","Ad","Oedemeridae","Coleoptera","other beetles"
"1330","UK","Be2","Tree",2024-06-18,"Coleoptera",1,1,"coleoptera_Jari_66","Sphaeridium scarabaeoides","","","Pan trap","Guido Bonamie","Ad","Hydrophilidae","Coleoptera","other beetles"
"1331","UK","St1","Crtl1",2024-06-16,"Coleoptera",14,1,"coleoptera_Jari_67","Oedemera lurida","","","Pan trap","Guido Bonamie","Ad","Oedemeridae","Coleoptera","other beetles"
"1332","UK","St1","Crtl2",2024-06-16,"Coleoptera",3,1,"coleoptera_Jari_68","Oedemera flavipes","","","Pan trap","Guido Bonamie","Ad","Oedemeridae","Coleoptera","other beetles"
"1333","UK","St1","Crtl2",2024-06-16,"Coleoptera",18,1,"coleoptera_Jari_69","Oedemera lurida","","","Pan trap","Guido Bonamie","Ad","Oedemeridae","Coleoptera","other beetles"
"1334","Belgium","Lo1","Tree",2024-05-14,"Coleoptera",1,1,"coleoptera_Jari_7","Oedemera lurida","","","Pan trap","Guido Bonamie","Ad","Oedemeridae","Coleoptera","other beetles"
"1335","UK","St1","Crtl2",2024-06-16,"Coleoptera",1,1,"coleoptera_Jari_70","Rhyzobius litura","","","Pan trap","Guido Bonamie","Ad","Coccinellidae","Coleoptera","ladybugs"
"1336","UK","St1","Field",2024-06-16,"Coleoptera",2,1,"coleoptera_Jari_71","Byturus tomentosus","","","Pan trap","Guido Bonamie","Ad","Byturidae","Coleoptera","other beetles"
"1337","UK","St1","Field",2024-06-16,"Coleoptera",4,1,"coleoptera_Jari_72","Oedemera lurida","","","Pan trap","Guido Bonamie","Ad","Oedemeridae","Coleoptera","other beetles"
"1338","UK","Wo1","Crtl2",2024-06-23,"Coleoptera",1,1,"coleoptera_Jari_73","Oedemera lurida","","","Pan trap","Guido Bonamie","Ad","Oedemeridae","Coleoptera","other beetles"
"1339","UK","Wo1","Field",2024-06-23,"Coleoptera",1,1,"coleoptera_Jari_74","Oedemera flavipes","","","Pan trap","Guido Bonamie","Ad","Oedemeridae","Coleoptera","other beetles"
"1340","UK","Wo1","Field",2024-06-23,"Coleoptera",3,1,"coleoptera_Jari_75","Oedemera lurida","","","Pan trap","Guido Bonamie","Ad","Oedemeridae","Coleoptera","other beetles"
"1341","UK","Wo1","Tree",2024-06-23,"Coleoptera",1,1,"coleoptera_Jari_76","Oedemera flavipes","","","Pan trap","Guido Bonamie","Ad","Oedemeridae","Coleoptera","other beetles"
"1342","UK","Wo1","Tree",2024-06-23,"Coleoptera",7,1,"coleoptera_Jari_77","Oedemera lurida","","","Pan trap","Guido Bonamie","Ad","Oedemeridae","Coleoptera","other beetles"
"1343","Belgium","It1","Crtl1",2024-05-20,"Coleoptera",3,1,"coleoptera_Jari_78","Oedemera nobilis","","","Pan trap","Jari Vandendriessche","Ad","Oedemeridae","Coleoptera","other beetles"
"1344","Belgium","It1","Crtl2",2024-05-20,"Coleoptera",1,1,"coleoptera_Jari_79","Oulema obscura","","","Pan trap","Jari Vandendriessche","Ad","Chrysomelidae","Coleoptera","other beetles"
"1345","Belgium","Lo1","Tree",2024-09-06,"Coleoptera",1,2,"coleoptera_Jari_8","Sphaeroderma testaceum","","","Pan trap","Guido Bonamie","Ad","Chrysomelidae","Coleoptera","other beetles"
"1346","Belgium","It1","Tree",2024-05-20,"Coleoptera",1,1,"coleoptera_Jari_80","Oedemera nobilis","","","Pan trap","Jari Vandendriessche","Ad","Oedemeridae","Coleoptera","other beetles"
"1347","Belgium","It1","Tree",2024-09-08,"Coleoptera",1,2,"coleoptera_Jari_81","Psyllobora vigintiduopunctata","","","Pan trap","Jari Vandendriessche","Ad","Coccinellidae","Coleoptera","ladybugs"
"1348","Belgium","It2","Crtl1",2024-05-20,"Coleoptera",4,1,"coleoptera_Jari_82","Oedemera nobilis","","","Pan trap","Jari Vandendriessche","Ad","Oedemeridae","Coleoptera","other beetles"
"1349","Belgium","It2","Crtl2",2024-05-20,"Coleoptera",6,1,"coleoptera_Jari_83","Oedemera nobilis","","","Pan trap","Jari Vandendriessche","Ad","Oedemeridae","Coleoptera","other beetles"
"1350","Belgium","It2","Field",2024-05-20,"Coleoptera",5,1,"coleoptera_Jari_84","Oedemera nobilis","","","Pan trap","Jari Vandendriessche","Ad","Oedemeridae","Coleoptera","other beetles"
"1351","Belgium","It2","Tree",2024-05-20,"Coleoptera",1,1,"coleoptera_Jari_85","Oedemera nobilis","","","Pan trap","Jari Vandendriessche","Ad","Oedemeridae","Coleoptera","other beetles"
"1352","Belgium","Lo1","Crtl1",2024-05-14,"Coleoptera",1,1,"coleoptera_Jari_87","Oedemera nobilis","","","Pan trap","Jari Vandendriessche","Ad","Oedemeridae","Coleoptera","other beetles"
"1353","Belgium","Lo1","Crtl1",2024-05-14,"Coleoptera",1,1,"coleoptera_Jari_88","Oulema duftschmidi/melanopus","","","Pan trap","Jari Vandendriessche","Ad","Chrysomelidae","Coleoptera","other beetles"
"1354","Belgium","Lo1","Crtl2",2024-05-14,"Coleoptera",1,1,"coleoptera_Jari_89","Leptinotarsa decemlineata","","","Pan trap","Jari Vandendriessche","Ad","Chrysomelidae","Coleoptera","other beetles"
"1355","Belgium","Lo1","Crtl2",2024-05-14,"Coleoptera",2,1,"coleoptera_Jari_90","Notoxus monoceros","","","Pan trap","Jari Vandendriessche","Ad","Anthicidae","Coleoptera","other beetles"
"1356","Belgium","Lo1","Crtl2",2024-05-14,"Coleoptera",1,1,"coleoptera_Jari_91","Oedemera nobilis","","","Pan trap","Jari Vandendriessche","Ad","Oedemeridae","Coleoptera","other beetles"
"1357","Belgium","Lo1","Field",2024-05-14,"Coleoptera",1,1,"coleoptera_Jari_93","Aphodius prodromus","","","Pan trap","Jari Vandendriessche","Ad","Scarabaeidae","Coleoptera","other beetles"
"1358","Belgium","Lo1","Field",2024-05-14,"Coleoptera",3,1,"coleoptera_Jari_94","Oedemera nobilis","","","Pan trap","Jari Vandendriessche","Ad","Oedemeridae","Coleoptera","other beetles"
"1359","Belgium","Lo1","Tree",2024-05-14,"Coleoptera",2,1,"coleoptera_Jari_95","Notoxus monoceros","","","Pan trap","Jari Vandendriessche","Ad","Anthicidae","Coleoptera","other beetles"
"1360","Belgium","Lo1","Tree",2024-05-14,"Coleoptera",3,1,"coleoptera_Jari_96","Oedemera nobilis","","","Pan trap","Jari Vandendriessche","Ad","Oedemeridae","Coleoptera","other beetles"
"1361","Belgium","Lo2","Crtl1",2024-05-14,"Coleoptera",1,1,"coleoptera_Jari_97","Notoxus monoceros","","","Pan trap","Jari Vandendriessche","Ad","Anthicidae","Coleoptera","other beetles"
"1362","Belgium","Lo2","Crtl2",2024-05-14,"Coleoptera",1,1,"coleoptera_Jari_98","Coccinella septempunctata","","","Pan trap","Jari Vandendriessche","Ad","Coccinellidae","Coleoptera","ladybugs"
"1363","Belgium","Lo2","Field",2024-05-14,"Coleoptera",1,1,"coleoptera_Jari_99","Coccinella quinquepunctata","","","Pan trap","Jari Vandendriessche","Ad","Coccinellidae","Coleoptera","ladybugs"
"1364","France","ND1","Tree",2024-04-04,"Coleoptera",1,1,"coleoptera_Jari_323","Anthicidae indet.","","","Pan trap","Jari Vandendriessche","Ad","Anthicidae","Coleoptera","other beetles"
"1365","France","Pe1","Field",2024-03-30,"Coleoptera",1,1,"coleoptera_Jari_324","Alticinae indet.","","","Pan trap","Jari Vandendriessche","Ad",NA,NA,"other"
"1366","France","PL3","Crtl1",2024-04-02,"Coleoptera",1,1,"coleoptera_Jari_325","Alticinae indet.","","","Pan trap","Jari Vandendriessche","Ad",NA,NA,"other"
"1367","France","ND1","Crtl1",2024-04-04,"Coleoptera",1,1,"coleoptera_Jari_326","Alticinae indet.","","","Pan trap","Jari Vandendriessche","Ad",NA,NA,"other"
"1368","France","Ca1","Tree",2024-04-04,"Coleoptera",1,1,"coleoptera_Jari_327","Alticinae indet.","","","Pan trap","Jari Vandendriessche","Ad",NA,NA,"other"
"1369","France","ND1","Field",2024-04-04,"Coleoptera",1,1,"coleoptera_Jari_328","Alticinae indet.","","","Pan trap","Jari Vandendriessche","Ad",NA,NA,"other"
"1370","UK","St1","Crtl2",2024-06-16,"Coleoptera",1,1,"coleoptera_Jari_331","Alticinae indet.","","","Pan trap","Jari Vandendriessche","Ad",NA,NA,"other"
"1371","UK","St1","Crtl1",2024-06-16,"Coleoptera",1,1,"coleoptera_Jari_332","Alticinae indet.","","","Pan trap","Jari Vandendriessche","Ad",NA,NA,"other"
"1372","UK","St1","Tree",2024-06-16,"Coleoptera",1,1,"coleoptera_Jari_333","Chrysomelidae indet.","","","Pan trap","Jari Vandendriessche","Ad","Chrysomelidae","Coleoptera","other beetles"
"1373","UK","Ar1","Crtl2",2024-06-16,"Coleoptera",1,1,"coleoptera_Jari_334","Alticinae indet.","","","Pan trap","Jari Vandendriessche","Ad",NA,NA,"other"
"1374","UK","Ar1","Crtl1",2024-06-16,"Coleoptera",4,1,"coleoptera_Jari_335","Alticinae indet.","","","Pan trap","Jari Vandendriessche","Ad",NA,NA,"other"
"1375","UK","Be1","Crtl2",2024-06-18,"Coleoptera",10,1,"coleoptera_Jari_336","Alticinae indet.","","","Pan trap","Jari Vandendriessche","Ad",NA,NA,"other"
"1376","UK","Be1","Crtl1",2024-06-18,"Coleoptera",6,1,"coleoptera_Jari_337","Alticinae indet.","","","Pan trap","Jari Vandendriessche","Ad",NA,NA,"other"
"1377","Belgium","Ur1","Crtl2",2024-05-17,"Coleoptera",3,1,"coleoptera_Jari_338","Alticinae indet.","","","Pan trap","Jari Vandendriessche","Ad",NA,NA,"other"
"1378","Belgium","Ur1","Crtl1",2024-05-17,"Coleoptera",1,1,"coleoptera_Jari_339","Alticinae indet.","","","Pan trap","Jari Vandendriessche","Ad",NA,NA,"other"
"1379","Belgium","It1","Crtl2",2024-09-08,"Coleoptera",1,2,"coleoptera_Jari_340","Alticinae indet.","","","Pan trap","Jari Vandendriessche","Ad",NA,NA,"other"
"1380","Belgium","Lo1","Tree",2024-09-06,"Coleoptera",4,2,"coleoptera_Jari_341","Chrysomelidae indet.","","","Pan trap","Jari Vandendriessche","Ad","Chrysomelidae","Coleoptera","other beetles"
"1381","Czechia","Sa2","Crtl1",2024-09-19,"Coleoptera",1,2,"coleoptera_Jari_342","Alticinae indet.","","","Pan trap","Jari Vandendriessche","Ad",NA,NA,"other"
"1382","Czechia","Sa1","Field",2024-09-19,"Coleoptera",1,2,"coleoptera_Jari_343","Alticinae indet.","","","Pan trap","Jari Vandendriessche","Ad",NA,NA,"other"
"1383","Czechia","Za1","Crtl2",2024-09-23,"Coleoptera",1,2,"coleoptera_Jari_344","Alticinae indet.","","","Pan trap","Jari Vandendriessche","Ad",NA,NA,"other"
"1384","Czechia","Za1","Crtl2",2024-09-23,"Coleoptera",1,2,"coleoptera_Jari_345","Chrysomelidae indet.","","","Pan trap","Jari Vandendriessche","Ad","Chrysomelidae","Coleoptera","other beetles"
"1385","Czechia","Za1","Crtl1",2024-09-23,"Coleoptera",1,2,"coleoptera_Jari_346","Alticinae indet.","","","Pan trap","Jari Vandendriessche","Ad",NA,NA,"other"
"1386","Czechia","Pr1","Field",2024-09-25,"Coleoptera",1,2,"coleoptera_Jari_347","Alticinae indet.","","","Pan trap","Jari Vandendriessche","Ad",NA,NA,"other"
"1387","Czechia","Pr1","Crtl2",2024-09-25,"Coleoptera",2,2,"coleoptera_Jari_348","Alticinae indet.","","","Pan trap","Jari Vandendriessche","Ad",NA,NA,"other"
"1388","Czechia","Pr1","Crtl2",2024-09-25,"Coleoptera",5,2,"coleoptera_Jari_349","Chrysomelidae indet.","","","Pan trap","Jari Vandendriessche","Ad","Chrysomelidae","Coleoptera","other beetles"
"1389","Czechia","Za1","Field",2024-09-23,"Coleoptera",1,2,"coleoptera_Jari_350","Alticinae indet.","","","Pan trap","Jari Vandendriessche","Ad",NA,NA,"other"
"1390","Czechia","Za1","Field",2024-09-23,"Coleoptera",2,2,"coleoptera_Jari_351","Chrysomelidae indet.","","","Pan trap","Jari Vandendriessche","Ad","Chrysomelidae","Coleoptera","other beetles"
"1391","Czechia","Za1","Tree",2024-09-23,"Coleoptera",4,2,"coleoptera_Jari_352","Chrysomelidae indet.","","","Pan trap","Jari Vandendriessche","Ad","Chrysomelidae","Coleoptera","other beetles"
"1392","Czechia","Pr1","Tree",2024-09-25,"Coleoptera",1,2,"coleoptera_Jari_353","Alticinae indet.","","","Pan trap","Jari Vandendriessche","Ad",NA,NA,"other"
"1393","Czechia","Ve1","Field",2024-09-27,"Coleoptera",1,2,"coleoptera_Jari_354","Chrysomelidae indet.","","","Pan trap","Jari Vandendriessche","Ad","Chrysomelidae","Coleoptera","other beetles"
"1394","Czechia","Ve1","Tree",2024-09-27,"Coleoptera",1,2,"coleoptera_Jari_355","Alticinae indet.","","","Pan trap","Jari Vandendriessche","Ad",NA,NA,"other"
"1395","Czechia","Ve1","Tree",2024-09-27,"Coleoptera",1,2,"coleoptera_Jari_356","Alticinae indet.","","","Pan trap","Jari Vandendriessche","Ad",NA,NA,"other"
"1396","Czechia","Hu1","Crtl2",2024-09-27,"Coleoptera",1,2,"coleoptera_Jari_357","Alticinae indet.","","","Pan trap","Jari Vandendriessche","Ad",NA,NA,"other"
"1397","Czechia","Hu1","Field",2024-09-27,"Coleoptera",1,2,"coleoptera_Jari_358","Alticinae indet.","","","Pan trap","Jari Vandendriessche","Ad",NA,NA,"other"
"1398","Czechia","Hu1","Crtl2",2024-06-06,"Coleoptera",2,1,"coleoptera_Jari_359","Alticinae indet.","","","Pan trap","Jari Vandendriessche","Ad",NA,NA,"other"
"1399","Czechia","Hu1","Crtl1",2024-06-06,"Coleoptera",1,1,"coleoptera_Jari_360","Alticinae indet.","","","Pan trap","Jari Vandendriessche","Ad",NA,NA,"other"
"1400","Czechia","Hu1","Field",2024-06-06,"Coleoptera",2,1,"coleoptera_Jari_361","Alticinae indet.","","","Pan trap","Jari Vandendriessche","Ad",NA,NA,"other"
"1401","Czechia","Hu1","Tree",2024-06-06,"Coleoptera",2,1,"coleoptera_Jari_362","Alticinae indet.","","","Pan trap","Jari Vandendriessche","Ad",NA,NA,"other"
"1402","Czechia","Pr1","Tree",2024-06-04,"Coleoptera",2,1,"coleoptera_Jari_363","Alticinae indet.","","","Pan trap","Jari Vandendriessche","Ad",NA,NA,"other"
"1403","Czechia","Pr1","Field",2024-06-04,"Coleoptera",2,1,"coleoptera_Jari_364","Chrysomelidae indet.","","","Pan trap","Jari Vandendriessche","Ad","Chrysomelidae","Coleoptera","other beetles"
"1404","Czechia","Pr1","Crtl2",2024-06-04,"Coleoptera",3,1,"coleoptera_Jari_365","Alticinae indet.","","","Pan trap","Jari Vandendriessche","Ad",NA,NA,"other"
"1405","Czechia","Pr1","Crtl2",2024-06-04,"Coleoptera",7,1,"coleoptera_Jari_366","Chrysomelidae indet.","","","Pan trap","Jari Vandendriessche","Ad","Chrysomelidae","Coleoptera","other beetles"
"1406","Czechia","Za1","Tree",2024-06-02,"Coleoptera",2,1,"coleoptera_Jari_367","Alticinae indet.","","","Pan trap","Jari Vandendriessche","Ad",NA,NA,"other"
"1407","Czechia","Za1","Field",2024-06-02,"Coleoptera",1,1,"coleoptera_Jari_368","Alticinae indet.","","","Pan trap","Jari Vandendriessche","Ad",NA,NA,"other"
"1408","Czechia","Sa1","Field",2024-05-31,"Coleoptera",5,1,"coleoptera_Jari_369","Alticinae indet.","","","Pan trap","Jari Vandendriessche","Ad",NA,NA,"other"
"1409","Czechia","Sa1","Crtl1",2024-05-31,"Coleoptera",4,1,"coleoptera_Jari_370","Alticinae indet.","","","Pan trap","Jari Vandendriessche","Ad",NA,NA,"other"
"1410","Czechia","Sa1","Crtl2",2024-05-31,"Coleoptera",5,1,"coleoptera_Jari_371","Alticinae indet.","","","Pan trap","Jari Vandendriessche","Ad",NA,NA,"other"
"1411","Czechia","Sa1","Field",2024-05-31,"Coleoptera",1,1,"coleoptera_Jari_372","Alticinae indet.","","","Pan trap","Jari Vandendriessche","Ad",NA,NA,"other"
"1412","Czechia","Sa2","Crtl2",2024-05-31,"Coleoptera",1,1,"coleoptera_Jari_373","Alticinae indet.","","","Pan trap","Jari Vandendriessche","Ad",NA,NA,"other"
"1413","Belgium","It1","Tree",2024-05-20,"Coleoptera",1,1,"coleoptera_Jari_374","Alticinae indet.","","","Pan trap","Jari Vandendriessche","Ad",NA,NA,"other"
"1414","Belgium","It1","Crtl1",2024-05-20,"Coleoptera",3,1,"coleoptera_Jari_375","Alticinae indet.","","","Pan trap","Jari Vandendriessche","Ad",NA,NA,"other"
"1415","Belgium","Lo1","Crtl2",2024-05-14,"Coleoptera",1,1,"coleoptera_Jari_376","Chrysomelidae indet.","","","Pan trap","Jari Vandendriessche","Ad","Chrysomelidae","Coleoptera","other beetles"
"1416","Belgium","Lo1","Crtl2",2024-05-14,"Coleoptera",1,1,"coleoptera_Jari_377","Alticinae indet.","","","Pan trap","Jari Vandendriessche","Ad",NA,NA,"other"
"1417","Belgium","Zo1","Crtl1",2024-05-17,"Coleoptera",1,1,"coleoptera_Jari_378","Alticinae indet.","","","Pan trap","Jari Vandendriessche","Ad",NA,NA,"other"
"1418","Belgium","Zo2","Tree",2024-05-17,"Coleoptera",1,1,"coleoptera_Jari_379","Chrysomelidae indet.","","","Pan trap","Jari Vandendriessche","Ad","Chrysomelidae","Coleoptera","other beetles"
"1419","Belgium","Lo2","Crtl1",2024-05-14,"Coleoptera",1,1,"coleoptera_Jari_380","Alticinae indet.","","","Pan trap","Jari Vandendriessche","Ad",NA,NA,"other"
"1420","Belgium","It2","Crtl1",2024-05-20,"Coleoptera",4,1,"coleoptera_Jari_381","Alticinae indet.","","","Pan trap","Jari Vandendriessche","Ad",NA,NA,"other"
"1421","Belgium","Zo2","Crtl2",2024-05-17,"Coleoptera",1,1,"coleoptera_Jari_382","Alticinae indet.","","","Pan trap","Jari Vandendriessche","Ad",NA,NA,"other"
"1422","Belgium","Lo2","Crtl2",2024-05-14,"Coleoptera",1,1,"coleoptera_Jari_383","Alticinae indet.","","","Pan trap","Jari Vandendriessche","Ad",NA,NA,"other"
"1423","Belgium","It2","Crtl2",2024-05-20,"Coleoptera",4,1,"coleoptera_Jari_384","Alticinae indet.","","","Pan trap","Jari Vandendriessche","Ad",NA,NA,"other"
"1424","Belgium","Ur1","Tree",2024-05-17,"Coleoptera",1,1,"coleoptera_Jari_385","Alticinae indet.","","","Pan trap","Jari Vandendriessche","Ad",NA,NA,"other"
"1425","Czechia","Hu1","Tree",2024-09-27,"Coleoptera",1,2,"coleoptera_Jari_386","Coleoptera indet.","","","Pan trap","Jari Vandendriessche","Ad",NA,"Coleoptera","other beetles"
"1426","Belgium","Zo1","Tree",2024-05-17,"Coleoptera",1,1,"coleoptera_Jari_387","Coleoptera indet.","","","Pan trap","Jari Vandendriessche","Ad",NA,"Coleoptera","other beetles"
"1427","Belgium","Zo1","Tree",2024-05-17,"Coleoptera",1,1,"coleoptera_Jari_388","Alticinae indet.","","","Pan trap","Jari Vandendriessche","Ad",NA,NA,"other"
"1428","Belgium","Lo1","Field",2024-05-14,"Coleoptera",1,1,"coleoptera_Jari_389","Alticinae indet.","","","Pan trap","Jari Vandendriessche","Ad",NA,NA,"other"
"1429","Czechia","Sa1","Field",2024-05-31,"Coleoptera",1,1,"coleoptera_outsourced_1","Acrotona exigua","","","Pan trap","Raimundo Outerelo","Ad","Staphylinidae","Coleoptera","staphylinid beetles"
"1430","Portugal","MV1","Crtl1",2024-03-19,"Coleoptera",1,1,"coleoptera_outsourced_3","Acrotona exigua","","","Pan trap","Raimundo Outerelo","Ad","Staphylinidae","Coleoptera","staphylinid beetles"
"1431","Portugal","MV1","Crtl2",2024-03-19,"Coleoptera",1,1,"coleoptera_outsourced_4","Acrotona exigua","","","Pan trap","Raimundo Outerelo","Ad","Staphylinidae","Coleoptera","staphylinid beetles"
"1432","Portugal","MV3","Tree",2024-03-21,"Coleoptera",1,1,"coleoptera_outsourced_7","Acrotona exigua","","","Pan trap","Raimundo Outerelo","Ad","Staphylinidae","Coleoptera","staphylinid beetles"
"1433","Belgium","Lo1","Crtl1",2024-05-14,"Coleoptera",1,1,"coleoptera_outsourced_13","Aleochara bipustulata","","","Pan trap","Marc Van Kerckvoorde","Ad","Staphylinidae","Coleoptera","staphylinid beetles"
"1434","Belgium","Lo1","Tree",2024-05-14,"Coleoptera",1,1,"coleoptera_outsourced_14","Aleochara bipustulata","","","Pan trap","Marc Van Kerckvoorde","Ad","Staphylinidae","Coleoptera","staphylinid beetles"
"1435","Czechia","Hu1","Crtl1",2024-06-06,"Coleoptera",2,1,"coleoptera_outsourced_20","Aleochara bipustulata","","","Pan trap","Raimundo Outerelo","Ad","Staphylinidae","Coleoptera","staphylinid beetles"
"1436","Czechia","Hu1","Crtl2",2024-06-06,"Coleoptera",1,1,"coleoptera_outsourced_22","Aleochara bipustulata","","","Pan trap","Raimundo Outerelo","Ad","Staphylinidae","Coleoptera","staphylinid beetles"
"1437","Czechia","Sa1","Tree",2024-05-31,"Coleoptera",1,1,"coleoptera_outsourced_34","Aleochara bipustulata","","","Pan trap","Raimundo Outerelo","Ad","Staphylinidae","Coleoptera","staphylinid beetles"
"1438","Czechia","Pr1","Crtl1",2024-09-25,"Coleoptera",2,2,"coleoptera_outsourced_39","Aleochara bipustulata","","","Pan trap","Raimundo Outerelo","Ad","Staphylinidae","Coleoptera","staphylinid beetles"
"1439","Czechia","Sa1","Field",2024-09-19,"Coleoptera",1,2,"coleoptera_outsourced_41","Aleochara bipustulata","","","Pan trap","Raimundo Outerelo","Ad","Staphylinidae","Coleoptera","staphylinid beetles"
"1440","Belgium","Zo1","Crtl1",2024-09-11,"Coleoptera",1,2,"coleoptera_outsourced_48","Aleochara spec.","","","Pan trap","Marc Van Kerckvoorde","Ad","Staphylinidae","Coleoptera","staphylinid beetles"
"1441","Belgium","It2","Tree",2024-05-20,"Coleoptera",7,1,"coleoptera_outsourced_50","Aleocharinae indet.","","","Pan trap","Marc Van Kerckvoorde","Ad","Staphylinidae","Coleoptera","staphylinid beetles"
"1442","Belgium","Lo1","Crtl1",2024-05-14,"Coleoptera",2,1,"coleoptera_outsourced_51","Aleocharinae indet.","","","Pan trap","Marc Van Kerckvoorde","Ad","Staphylinidae","Coleoptera","staphylinid beetles"
"1443","Belgium","Lo1","Tree",2024-05-14,"Coleoptera",2,1,"coleoptera_outsourced_52","Aleocharinae indet.","","","Pan trap","Marc Van Kerckvoorde","Ad","Staphylinidae","Coleoptera","staphylinid beetles"
"1444","UK","Pe1","Tree",2024-06-23,"Coleoptera",1,1,"coleoptera_outsourced_53","Aleocharinae indet.","","","Pan trap","Marc Van Kerckvoorde","Ad","Staphylinidae","Coleoptera","staphylinid beetles"
"1445","Belgium","Lo2","Field",2024-09-06,"Coleoptera",1,2,"coleoptera_outsourced_62","Aleocharinae indet.","","","Pan trap","Marc Van Kerckvoorde","Ad","Staphylinidae","Coleoptera","staphylinid beetles"
"1446","Belgium","Zo1","Crtl1",2024-09-11,"Coleoptera",1,2,"coleoptera_outsourced_66","Aleocharinae indet.","","","Pan trap","Marc Van Kerckvoorde","Ad","Staphylinidae","Coleoptera","staphylinid beetles"
"1447","Belgium","Zo1","Tree",2024-09-11,"Coleoptera",1,2,"coleoptera_outsourced_70","Aleocharinae indet.","","","Pan trap","Marc Van Kerckvoorde","Ad","Staphylinidae","Coleoptera","staphylinid beetles"
"1448","Belgium","Lo2","Field",2024-05-14,"Coleoptera",1,1,"coleoptera_outsourced_85","Amara aenea","","","Pan trap","Marc Van Kerckvoorde","Ad","Carabidae","Coleoptera","carabid beetles"
"1449","UK","Pe1","Crtl1",2024-06-23,"Coleoptera",1,1,"coleoptera_outsourced_95","Amara aulica","","","Pan trap","Marc Van Kerckvoorde","Ad","Carabidae","Coleoptera","carabid beetles"
"1450","Belgium","Lo1","Tree",2024-05-14,"Coleoptera",1,1,"coleoptera_outsourced_104","Amara lucida","","","Pan trap","Marc Van Kerckvoorde","Ad","Carabidae","Coleoptera","carabid beetles"
"1451","Belgium","Lo1","Crtl1",2024-05-14,"Coleoptera",1,1,"coleoptera_outsourced_153","Anotylus nitidulus","M","","Pan trap","Marc Van Kerckvoorde","Ad","Staphylinidae","Coleoptera","staphylinid beetles"
"1452","Czechia","Za1","Crtl2",2024-09-23,"Coleoptera",1,2,"coleoptera_outsourced_156","Anotylus nitidulus","","","Pan trap","Raimundo Outerelo","Ad","Staphylinidae","Coleoptera","staphylinid beetles"
"1453","UK","Be1","Tree",2024-06-18,"Coleoptera",1,1,"coleoptera_outsourced_170","Anotylus sculpturatus","M","","Pan trap","Marc Van Kerckvoorde","Ad","Staphylinidae","Coleoptera","staphylinid beetles"
"1454","Belgium","Lo1","Crtl1",2024-05-14,"Coleoptera",1,1,"coleoptera_outsourced_171","Anotylus tetracarinatus","","","Pan trap","Marc Van Kerckvoorde","Ad","Staphylinidae","Coleoptera","staphylinid beetles"
"1455","UK","Be2","Tree",2024-06-18,"Coleoptera",1,1,"coleoptera_outsourced_172","Anotylus tetracarinatus","","","Pan trap","Marc Van Kerckvoorde","Ad","Staphylinidae","Coleoptera","staphylinid beetles"
"1456","France","PL3","Field",2024-04-02,"Coleoptera",1,1,"coleoptera_outsourced_173","Astenus immaculatus","","","Pan trap","Raimundo Outerelo","Ad","Staphylinidae","Coleoptera","staphylinid beetles"
"1457","Portugal","JS1","Tree",2024-03-23,"Coleoptera",2,1,"coleoptera_outsourced_189","Atheta fungi","","","Pan trap","Raimundo Outerelo","Ad","Staphylinidae","Coleoptera","staphylinid beetles"
"1458","Portugal","Mo1","Crtl1",2024-03-25,"Coleoptera",1,1,"coleoptera_outsourced_192","Atheta fungi","","","Pan trap","Raimundo Outerelo","Ad","Staphylinidae","Coleoptera","staphylinid beetles"
"1459","Portugal","MV1","Crtl2",2024-03-19,"Coleoptera",1,1,"coleoptera_outsourced_194","Atheta fungi","","","Pan trap","Raimundo Outerelo","Ad","Staphylinidae","Coleoptera","staphylinid beetles"
"1460","Portugal","MV3","Tree",2024-03-21,"Coleoptera",1,1,"coleoptera_outsourced_197","Atheta fungi","","","Pan trap","Raimundo Outerelo","Ad","Staphylinidae","Coleoptera","staphylinid beetles"
"1461","Czechia","Sa1","Crtl2",2024-09-19,"Coleoptera",1,2,"coleoptera_outsourced_272","Calathus ambiguus","","","Pan trap","Jan Sipos","Ad","Carabidae","Coleoptera","carabid beetles"
"1462","UK","Be1","Field",2024-06-18,"Coleoptera",1,1,"coleoptera_outsourced_361","Dromius quadrimaculatus","","","Pan trap","Marc Van Kerckvoorde","Ad","Carabidae","Coleoptera","carabid beetles"
"1463","Portugal","JS2","Crtl1",2024-03-23,"Coleoptera",1,1,"coleoptera_outsourced_547","Myrmecopora sulcata","","","Pan trap","Raimundo Outerelo","Ad","Staphylinidae","Coleoptera","staphylinid beetles"
"1464","Czechia","Sa1","Tree",2024-05-31,"Coleoptera",2,1,"coleoptera_outsourced_550","Myrmecopora sulcata","","","Pan trap","Raimundo Outerelo","Ad","Staphylinidae","Coleoptera","staphylinid beetles"
"1465","Czechia","Hu1","Crtl1",2024-06-06,"Coleoptera",1,1,"coleoptera_outsourced_558","Nehemitropia lividipennis","","","Pan trap","Raimundo Outerelo","Ad","Staphylinidae","Coleoptera","staphylinid beetles"
"1466","Belgium","Lo1","Crtl2",2024-05-14,"Coleoptera",1,1,"coleoptera_outsourced_564","Notiophilus substriatus","","","Pan trap","Marc Van Kerckvoorde","Ad","Carabidae","Coleoptera","carabid beetles"
"1467","Portugal","JS1","Tree",2024-03-23,"Coleoptera",1,1,"coleoptera_outsourced_581","Othius laeviusculus","","","Pan trap","Raimundo Outerelo","Ad","Staphylinidae","Coleoptera","staphylinid beetles"
"1468","France","PL1","Crtl1",2024-03-30,"Coleoptera",2,1,"coleoptera_outsourced_599","Oxytelus laqueatus","","","Pan trap","Raimundo Outerelo","Ad","Staphylinidae","Coleoptera","staphylinid beetles"
"1469","France","PL1","Crtl2",2024-03-30,"Coleoptera",10,1,"coleoptera_outsourced_600","Oxytelus laqueatus","","","Pan trap","Raimundo Outerelo","Ad","Staphylinidae","Coleoptera","staphylinid beetles"
"1470","France","PL1","Field",2024-03-30,"Coleoptera",6,1,"coleoptera_outsourced_601","Oxytelus laqueatus","","","Pan trap","Raimundo Outerelo","Ad","Staphylinidae","Coleoptera","staphylinid beetles"
"1471","France","PL1","Tree",2024-03-30,"Coleoptera",12,1,"coleoptera_outsourced_602","Oxytelus laqueatus","","","Pan trap","Raimundo Outerelo","Ad","Staphylinidae","Coleoptera","staphylinid beetles"
"1472","France","PL3","Crtl1",2024-04-02,"Coleoptera",6,1,"coleoptera_outsourced_603","Oxytelus laqueatus","","","Pan trap","Raimundo Outerelo","Ad","Staphylinidae","Coleoptera","staphylinid beetles"
"1473","France","PL3","Crtl2",2024-04-02,"Coleoptera",15,1,"coleoptera_outsourced_604","Oxytelus laqueatus","","","Pan trap","Raimundo Outerelo","Ad","Staphylinidae","Coleoptera","staphylinid beetles"
"1474","France","PL3","Field",2024-04-02,"Coleoptera",5,1,"coleoptera_outsourced_605","Oxytelus laqueatus","","","Pan trap","Raimundo Outerelo","Ad","Staphylinidae","Coleoptera","staphylinid beetles"
"1475","France","PL3","Tree",2024-04-02,"Coleoptera",1,1,"coleoptera_outsourced_606","Oxytelus laqueatus","","","Pan trap","Raimundo Outerelo","Ad","Staphylinidae","Coleoptera","staphylinid beetles"
"1476","Portugal","JS1","Tree",2024-03-23,"Coleoptera",3,1,"coleoptera_outsourced_607","Oxytelus laqueatus","","","Pan trap","Raimundo Outerelo","Ad","Staphylinidae","Coleoptera","staphylinid beetles"
"1477","Portugal","MV1","Crtl2",2024-03-19,"Coleoptera",2,1,"coleoptera_outsourced_608","Oxytelus laqueatus","","","Pan trap","Raimundo Outerelo","Ad","Staphylinidae","Coleoptera","staphylinid beetles"
"1478","Belgium","Lo1","Tree",2024-05-14,"Coleoptera",1,1,"coleoptera_outsourced_638","Philonthus cognatus","","","Pan trap","Marc Van Kerckvoorde","Ad","Staphylinidae","Coleoptera","staphylinid beetles"
"1479","Belgium","Lo1","Tree",2024-05-14,"Coleoptera",1,1,"coleoptera_outsourced_652","Philonthus cruentatus","M","","Pan trap","Marc Van Kerckvoorde","Ad","Staphylinidae","Coleoptera","staphylinid beetles"
"1480","Belgium","Lo2","Field",2024-05-14,"Coleoptera",1,1,"coleoptera_outsourced_653","Philonthus debilis","M","","Pan trap","Marc Van Kerckvoorde","Ad","Staphylinidae","Coleoptera","staphylinid beetles"
"1481","Belgium","Zo1","Crtl2",2024-09-11,"Coleoptera",1,2,"coleoptera_outsourced_658","Philonthus marginatus","","","Pan trap","Marc Van Kerckvoorde","Ad","Staphylinidae","Coleoptera","staphylinid beetles"
"1482","Portugal","JS1","Tree",2024-03-23,"Coleoptera",1,1,"coleoptera_outsourced_811","Sepedophilus marshami","","","Pan trap","Raimundo Outerelo","Ad","Staphylinidae","Coleoptera","staphylinid beetles"
"1483","Belgium","It2","Field",2024-09-08,"Coleoptera",1,2,"coleoptera_outsourced_821","Stenus ossium","","","Pan trap","Marc Van Kerckvoorde","Ad","Staphylinidae","Coleoptera","staphylinid beetles"
"1484","Portugal","MV1","Crtl2",2024-03-19,"Coleoptera",1,1,"coleoptera_outsourced_837","Sunius propinquus","","","Pan trap","Raimundo Outerelo","Ad","Staphylinidae","Coleoptera","staphylinid beetles"
"1485","Portugal","MV1","Crtl2",2024-12-08,"Coleoptera",1,2,"coleoptera_outsourced_840","Sunius propinquus","","","Pan trap","Raimundo Outerelo","Ad","Staphylinidae","Coleoptera","staphylinid beetles"
"1486","Belgium","Lo1","Crtl1",2024-05-14,"Coleoptera",1,1,"coleoptera_outsourced_846","Tachyporus hypnorum","","","Pan trap","Marc Van Kerckvoorde","Ad","Staphylinidae","Coleoptera","staphylinid beetles"
"1487","Portugal","JS1","Tree",2024-03-23,"Coleoptera",2,1,"coleoptera_outsourced_864","Tachyporus hypnorum","","","Pan trap","Raimundo Outerelo","Ad","Staphylinidae","Coleoptera","staphylinid beetles"
"1488","Portugal","JS2","Field",2024-12-02,"Coleoptera",1,2,"coleoptera_outsourced_866","Tachyporus hypnorum","","","Pan trap","Raimundo Outerelo","Ad","Staphylinidae","Coleoptera","staphylinid beetles"
"1489","Czechia","Sa1","Crtl2",2024-05-31,"Coleoptera",1,1,"coleoptera_outsourced_869","Tachyporus nitidulus","","","Pan trap","Raimundo Outerelo","Ad","Staphylinidae","Coleoptera","staphylinid beetles"
"1490","France","Pe1","Crtl1",2024-03-30,"Coleoptera",1,1,"coleoptera_outsourced_875","Tachyporus nitidulus","","","Pan trap","Raimundo Outerelo","Ad","Staphylinidae","Coleoptera","staphylinid beetles"
"1491","France","Pe1","Tree",2024-03-30,"Coleoptera",1,1,"coleoptera_outsourced_876","Tachyporus nitidulus","","","Pan trap","Raimundo Outerelo","Ad","Staphylinidae","Coleoptera","staphylinid beetles"
"1492","Czechia","Sa1","Crtl1",2024-09-19,"Coleoptera",1,2,"coleoptera_outsourced_885","Trechus quadristriatus","","","Pan trap","Jan Sipos","Ad","Carabidae","Coleoptera","carabid beetles"
"1493","Czechia","Sa2","Field",2024-09-19,"Coleoptera",1,2,"coleoptera_outsourced_892","Trechus quadristriatus","","","Pan trap","Jan Sipos","Ad","Carabidae","Coleoptera","carabid beetles"
"1494","France","ND1","Field",2024-04-04,"Coleoptera",1,1,"coleoptera_outsourced_930","Anthicidae indet.","F","","Pan trap","Artur Serrano","Ad","Anthicidae","Coleoptera","other beetles"
"1495","Portugal","JS1","Crtl1",2024-03-23,"Coleoptera",1,1,"coleoptera_outsourced_931","Microlestes luctuosus","F","","Pan trap","Artur Serrano","Ad","Carabidae","Coleoptera","carabid beetles"
"1496","Portugal","JS2","Crtl2",2024-03-23,"Coleoptera",1,1,"coleoptera_outsourced_932","Microhoria lindbergi","M","","Pan trap","Artur Serrano","Ad","Anthicidae","Coleoptera","other beetles"
"1497","Portugal","Mo1","Crtl1",2024-03-25,"Coleoptera",1,1,"coleoptera_outsourced_933","Cordicomus instabilis","M","","Pan trap","Artur Serrano","Ad","Anthicidae","Coleoptera","other beetles"
"1498","Portugal","Mo1","Field",2024-03-25,"Coleoptera",1,1,"coleoptera_outsourced_937","Microlestes spec.","F","","Pan trap","Artur Serrano","Ad","Carabidae","Coleoptera","carabid beetles"
"1499","Portugal","MV2","Field",2024-03-19,"Coleoptera",1,1,"coleoptera_outsourced_949","Microlestes luctuosus","M","","Pan trap","Artur Serrano","Ad","Carabidae","Coleoptera","carabid beetles"
"1500","UK","Be2","Tree",2024-06-18,"Coleoptera",1,1,"coleoptera_outsourced_960","Protapion trifolii","","","Pan trap","Marc Delbol","Ad","Apionidae","Coleoptera","other beetles"
"1501","Czechia","Hu1","Crtl1",2024-06-06,"Coleoptera",2,1,"coleoptera_outsourced_961","Ceutorhynchus typhae","","","Pan trap","Marc Delbol","Ad","Curculionidae","Coleoptera","weevils"
"1502","Czechia","Hu1","Crtl2",2024-06-06,"Coleoptera",1,1,"coleoptera_outsourced_974","Miarus campanulae","","","Pan trap","Marc Delbol","Ad","Curculionidae","Coleoptera","weevils"
"1503","Czechia","Hu1","Field",2024-06-06,"Coleoptera",1,1,"coleoptera_outsourced_980","Ceutorhynchus obstrictus","","","Pan trap","Marc Delbol","Ad","Curculionidae","Coleoptera","weevils"
"1504","Czechia","Hu1","Field",2024-06-06,"Coleoptera",1,1,"coleoptera_outsourced_981","Ceutorhynchus typhae","","","Pan trap","Marc Delbol","Ad","Curculionidae","Coleoptera","weevils"
"1505","Portugal","JS1","Tree",2024-03-23,"Coleoptera",1,1,"coleoptera_outsourced_995","Hylastes attenuatus","","","Pan trap","Marc Delbol","Ad","Curculionidae","Coleoptera","weevils"
"1506","Belgium","Lo2","Crtl1",2024-05-14,"Coleoptera",1,1,"coleoptera_outsourced_996","Sitona puncticollis","","","Pan trap","Marc Delbol","Ad","Curculionidae","Coleoptera","weevils"
"1507","Belgium","Lo2","Tree",2024-09-06,"Coleoptera",1,2,"coleoptera_outsourced_998","Otiorhynchus rugosostriatus","","","Pan trap","Marc Delbol","Ad","Curculionidae","Coleoptera","weevils"
"1508","France","PL2","Tree",2024-04-02,"Coleoptera",1,1,"coleoptera_outsourced_1005","Melanobaris erysimi","","","Pan trap","Marc Delbol","Ad","Curculionidae","Coleoptera","weevils"
"1509","Czechia","Pr1","Crtl2",2024-09-25,"Coleoptera",1,2,"coleoptera_outsourced_1011","Sitona hispidulus","","","Pan trap","Marc Delbol","Ad","Curculionidae","Coleoptera","weevils"
"1510","Czechia","Sa1","Crtl1",2024-05-31,"Coleoptera",1,1,"coleoptera_outsourced_1017","Hypera miles","","","Pan trap","Marc Delbol","Ad","Curculionidae","Coleoptera","weevils"
"1511","Czechia","Sa1","Crtl2",2024-05-31,"Coleoptera",1,1,"coleoptera_outsourced_1025","Ceutorhynchus obstrictus","","","Pan trap","Marc Delbol","Ad","Curculionidae","Coleoptera","weevils"
"1512","Belgium","Ur1","Field",2024-09-11,"Coleoptera",1,2,"coleoptera_outsourced_1042","Sitona obsoletus","","","Pan trap","Marc Delbol","Ad","Curculionidae","Coleoptera","weevils"
"1513","Czechia","Ve1","Tree",2024-09-27,"Coleoptera",1,2,"coleoptera_outsourced_1050","Ischnopterapion loti","","","Pan trap","Marc Delbol","Ad","Apionidae","Coleoptera","other beetles"
"1514","Belgium","Zo1","Crtl1",2024-09-11,"Coleoptera",1,2,"coleoptera_outsourced_1054","Sitona hispidulus","","","Pan trap","Marc Delbol","Ad","Curculionidae","Coleoptera","weevils"
"1515","Czechia","Sa1","Tree",2024-05-31,"Apidae",1,1,"TDB240001","Lasioglossum nigripes","F","","Pan trap","Tim De Blanck","Ad","Halictidae","Hymenoptera","bees"
"1516","Czechia","Sa1","Tree",2024-05-31,"Apidae",1,1,"TDB240002","Lasioglossum malachurum","F","","Pan trap","Tim De Blanck","Ad","Halictidae","Hymenoptera","bees"
"1517","Czechia","Sa1","Tree",2024-05-31,"Apidae",1,1,"TDB240003","Lasioglossum malachurum","F","","Pan trap","Tim De Blanck","Ad","Halictidae","Hymenoptera","bees"
"1518","Czechia","Sa1","Tree",2024-05-31,"Apidae",1,1,"TDB240004","Lasioglossum malachurum","F","","Pan trap","Tim De Blanck","Ad","Halictidae","Hymenoptera","bees"
"1519","Czechia","Sa1","Tree",2024-05-31,"Apidae",1,1,"TDB240005","Lasioglossum malachurum","F","","Pan trap","Tim De Blanck","Ad","Halictidae","Hymenoptera","bees"
"1520","Czechia","Sa1","Tree",2024-05-31,"Apidae",1,1,"TDB240006","Lasioglossum glabriusculum","F","","Pan trap","Tim De Blanck","Ad","Halictidae","Hymenoptera","bees"
"1521","Czechia","Sa1","Tree",2024-05-31,"Apidae",1,1,"TDB240007","Lasioglossum villosulum","F","","Pan trap","Tim De Blanck","Ad","Halictidae","Hymenoptera","bees"
"1522","Czechia","Sa1","Tree",2024-05-31,"Apidae",1,1,"TDB240008","Lasioglossum politum","F","","Pan trap","Tim De Blanck","Ad","Halictidae","Hymenoptera","bees"
"1523","Czechia","Sa1","Tree",2024-05-31,"Apidae",1,1,"TDB240009","Lasioglossum villosulum","F","","Pan trap","Tim De Blanck","Ad","Halictidae","Hymenoptera","bees"
"1524","Czechia","Sa1","Tree",2024-05-31,"Apidae",1,1,"TDB240010","Lasioglossum leucozonium","F","","Pan trap","Tim De Blanck","Ad","Halictidae","Hymenoptera","bees"
"1525","Czechia","Sa1","Tree",2024-05-31,"Apidae",1,1,"TDB240011","Lasioglossum malachurum","F","","Pan trap","Tim De Blanck","Ad","Halictidae","Hymenoptera","bees"
"1526","Czechia","Sa1","Tree",2024-05-31,"Apidae",1,1,"TDB240012","Lasioglossum malachurum","F","","Pan trap","Tim De Blanck","Ad","Halictidae","Hymenoptera","bees"
"1527","Czechia","Sa1","Tree",2024-05-31,"Apidae",1,1,"TDB240013","Lasioglossum malachurum","F","","Pan trap","Tim De Blanck","Ad","Halictidae","Hymenoptera","bees"
"1528","Czechia","Sa1","Tree",2024-05-31,"Apidae",1,1,"TDB240014","Lasioglossum malachurum","F","","Pan trap","Tim De Blanck","Ad","Halictidae","Hymenoptera","bees"
"1529","Czechia","Sa1","Tree",2024-05-31,"Apidae",1,1,"TDB240015","Lasioglossum malachurum","F","","Pan trap","Tim De Blanck","Ad","Halictidae","Hymenoptera","bees"
"1530","Czechia","Sa1","Tree",2024-05-31,"Apidae",1,1,"TDB240016","Lasioglossum malachurum","F","","Pan trap","Tim De Blanck","Ad","Halictidae","Hymenoptera","bees"
"1531","Czechia","Sa1","Tree",2024-05-31,"Apidae",1,1,"TDB240017","Lasioglossum lineare","F","","Pan trap","Tim De Blanck","Ad","Halictidae","Hymenoptera","bees"
"1532","Czechia","Sa1","Tree",2024-05-31,"Apidae",1,1,"TDB240018","Lasioglossum pauxillum","F","","Pan trap","Tim De Blanck","Ad","Halictidae","Hymenoptera","bees"
"1533","Czechia","Sa1","Tree",2024-05-31,"Apidae",1,1,"TDB240019","Lasioglossum glabriusculum","F","","Pan trap","Tim De Blanck","Ad","Halictidae","Hymenoptera","bees"
"1534","Czechia","Sa1","Tree",2024-05-31,"Apidae",1,1,"TDB240020","Andrena flavipes","F","","Pan trap","Tim De Blanck","Ad","Andrenidae","Hymenoptera","bees"
"1535","Czechia","Sa1","Tree",2024-05-31,"Apidae",1,1,"TDB240021","Seladonia tumulorum","F","","Pan trap","Tim De Blanck","Ad","Halictidae","Hymenoptera","bees"
"1536","Czechia","Sa1","Tree",2024-05-31,"Apidae",1,1,"TDB240022","Lasioglossum leucozonium","F","","Pan trap","Tim De Blanck","Ad","Halictidae","Hymenoptera","bees"
"1537","Czechia","Sa1","Tree",2024-05-31,"Apidae",1,1,"TDB240023","Lasioglossum lineare","F","","Pan trap","Tim De Blanck","Ad","Halictidae","Hymenoptera","bees"
"1538","Czechia","Sa1","Tree",2024-05-31,"Apidae",1,1,"TDB240024","Lasioglossum discus","F","","Pan trap","Tim De Blanck","Ad","Halictidae","Hymenoptera","bees"
"1539","Czechia","Sa1","Tree",2024-05-31,"Apidae",1,1,"TDB240025","Lasioglossum malachurum","F","","Pan trap","Tim De Blanck","Ad","Halictidae","Hymenoptera","bees"
"1540","Czechia","Sa1","Tree",2024-05-31,"Apidae",1,1,"TDB240026","Lasioglossum nigripes","F","","Pan trap","Tim De Blanck","Ad","Halictidae","Hymenoptera","bees"
"1541","Czechia","Sa1","Tree",2024-05-31,"Apidae",1,1,"TDB240027","Lasioglossum calceatum","F","","Pan trap","Tim De Blanck","Ad","Halictidae","Hymenoptera","bees"
"1542","Czechia","Sa1","Tree",2024-05-31,"Apidae",1,1,"TDB240028","Lasioglossum malachurum","F","","Pan trap","Tim De Blanck","Ad","Halictidae","Hymenoptera","bees"
"1543","Czechia","Sa1","Tree",2024-05-31,"Apidae",1,1,"TDB240029","Lasioglossum malachurum","F","","Pan trap","Tim De Blanck","Ad","Halictidae","Hymenoptera","bees"
"1544","Czechia","Sa1","Tree",2024-05-31,"Apidae",1,1,"TDB240030","Lasioglossum malachurum","F","","Pan trap","Tim De Blanck","Ad","Halictidae","Hymenoptera","bees"
"1545","Czechia","Sa2","Field",2024-05-31,"Apidae",1,1,"TDB240031","Lasioglossum malachurum","F","","Pan trap","Tim De Blanck","Ad","Halictidae","Hymenoptera","bees"
"1546","Czechia","Sa2","Field",2024-05-31,"Apidae",1,1,"TDB240033","Lasioglossum malachurum","F","","Pan trap","Tim De Blanck","Ad","Halictidae","Hymenoptera","bees"
"1547","Czechia","Sa2","Field",2024-05-31,"Apidae",1,1,"TDB240034","Lasioglossum malachurum","F","","Pan trap","Tim De Blanck","Ad","Halictidae","Hymenoptera","bees"
"1548","Czechia","Sa2","Field",2024-05-31,"Apidae",1,1,"TDB240035","Lasioglossum malachurum","F","","Pan trap","Tim De Blanck","Ad","Halictidae","Hymenoptera","bees"
"1549","Czechia","Sa2","Field",2024-05-31,"Apidae",1,1,"TDB240036","Lasioglossum malachurum","F","","Pan trap","Tim De Blanck","Ad","Halictidae","Hymenoptera","bees"
"1550","Czechia","Sa2","Field",2024-05-31,"Apidae",1,1,"TDB240037","Lasioglossum glabriusculum","F","","Pan trap","Tim De Blanck","Ad","Halictidae","Hymenoptera","bees"
"1551","Czechia","Sa2","Field",2024-05-31,"Apidae",1,1,"TDB240038","Lasioglossum malachurum","F","","Pan trap","Tim De Blanck","Ad","Halictidae","Hymenoptera","bees"
"1552","Czechia","Sa2","Field",2024-05-31,"Apidae",1,1,"TDB240039","Lasioglossum malachurum","F","","Pan trap","Tim De Blanck","Ad","Halictidae","Hymenoptera","bees"
"1553","Czechia","Sa2","Field",2024-05-31,"Apidae",1,1,"TDB240040","Lasioglossum malachurum","F","","Pan trap","Tim De Blanck","Ad","Halictidae","Hymenoptera","bees"
"1554","Czechia","Sa2","Field",2024-05-31,"Apidae",1,1,"TDB240041","Lasioglossum malachurum","F","","Pan trap","Tim De Blanck","Ad","Halictidae","Hymenoptera","bees"
"1555","Czechia","Sa2","Field",2024-05-31,"Apidae",1,1,"TDB240042","Lasioglossum malachurum","F","","Pan trap","Tim De Blanck","Ad","Halictidae","Hymenoptera","bees"
"1556","Czechia","Sa2","Field",2024-05-31,"Apidae",1,1,"TDB240043","Lasioglossum malachurum","F","","Pan trap","Tim De Blanck","Ad","Halictidae","Hymenoptera","bees"
"1557","Czechia","Sa2","Field",2024-05-31,"Apidae",1,1,"TDB240044","Lasioglossum malachurum","F","","Pan trap","Tim De Blanck","Ad","Halictidae","Hymenoptera","bees"
"1558","Czechia","Sa2","Field",2024-05-31,"Apidae",1,1,"TDB240045","Lasioglossum malachurum","F","","Pan trap","Tim De Blanck","Ad","Halictidae","Hymenoptera","bees"
"1559","Czechia","Sa2","Field",2024-05-31,"Apidae",1,1,"TDB240046","Lasioglossum nigripes","F","","Pan trap","Tim De Blanck","Ad","Halictidae","Hymenoptera","bees"
"1560","Czechia","Sa2","Field",2024-05-31,"Apidae",1,1,"TDB240047","Lasioglossum malachurum","F","","Pan trap","Tim De Blanck","Ad","Halictidae","Hymenoptera","bees"
"1561","Czechia","Sa2","Field",2024-05-31,"Apidae",1,1,"TDB240048","Lasioglossum malachurum","F","","Pan trap","Tim De Blanck","Ad","Halictidae","Hymenoptera","bees"
"1562","Czechia","Sa2","Field",2024-05-31,"Apidae",1,1,"TDB240049","Lasioglossum malachurum","F","","Pan trap","Tim De Blanck","Ad","Halictidae","Hymenoptera","bees"
"1563","Czechia","Sa2","Field",2024-05-31,"Apidae",1,1,"TDB240050","Lasioglossum glabriusculum","F","","Pan trap","Tim De Blanck","Ad","Halictidae","Hymenoptera","bees"
"1564","Czechia","Sa2","Field",2024-05-31,"Apidae",1,1,"TDB240051","Lasioglossum malachurum","F","","Pan trap","Tim De Blanck","Ad","Halictidae","Hymenoptera","bees"
"1565","Czechia","Sa2","Field",2024-05-31,"Apidae",1,1,"TDB240052","Lasioglossum malachurum","F","","Pan trap","Tim De Blanck","Ad","Halictidae","Hymenoptera","bees"
"1566","Czechia","Sa2","Field",2024-05-31,"Apidae",1,1,"TDB240053","Lasioglossum malachurum","F","","Pan trap","Tim De Blanck","Ad","Halictidae","Hymenoptera","bees"
"1567","Czechia","Sa2","Field",2024-05-31,"Apidae",1,1,"TDB240054","Lasioglossum malachurum","F","","Pan trap","Tim De Blanck","Ad","Halictidae","Hymenoptera","bees"
"1568","Czechia","Sa2","Field",2024-05-31,"Apidae",1,1,"TDB240055","Lasioglossum malachurum","F","","Pan trap","Tim De Blanck","Ad","Halictidae","Hymenoptera","bees"
"1569","Czechia","Sa2","Field",2024-05-31,"Apidae",1,1,"TDB240056","Lasioglossum malachurum","F","","Pan trap","Tim De Blanck","Ad","Halictidae","Hymenoptera","bees"
"1570","Czechia","Sa2","Field",2024-05-31,"Apidae",1,1,"TDB240057","Lasioglossum glabriusculum","F","","Pan trap","Tim De Blanck","Ad","Halictidae","Hymenoptera","bees"
"1571","Czechia","Sa2","Field",2024-05-31,"Apidae",1,1,"TDB240058","Lasioglossum pauxillum","F","","Pan trap","Tim De Blanck","Ad","Halictidae","Hymenoptera","bees"
"1572","Czechia","Sa2","Field",2024-05-31,"Apidae",1,1,"TDB240059","Lasioglossum malachurum","F","","Pan trap","Tim De Blanck","Ad","Halictidae","Hymenoptera","bees"
"1573","Czechia","Sa2","Field",2024-05-31,"Apidae",1,1,"TDB240060","Lasioglossum malachurum","F","","Pan trap","Tim De Blanck","Ad","Halictidae","Hymenoptera","bees"
"1574","Czechia","Sa2","Field",2024-05-31,"Apidae",1,1,"TDB240061","Lasioglossum malachurum","F","","Pan trap","Tim De Blanck","Ad","Halictidae","Hymenoptera","bees"
"1575","Czechia","Sa2","Field",2024-05-31,"Apidae",1,1,"TDB240062","Lasioglossum malachurum","F","","Pan trap","Tim De Blanck","Ad","Halictidae","Hymenoptera","bees"
"1576","Czechia","Sa2","Field",2024-05-31,"Apidae",1,1,"TDB240063","Lasioglossum malachurum","F","","Pan trap","Tim De Blanck","Ad","Halictidae","Hymenoptera","bees"
"1577","Czechia","Sa2","Field",2024-05-31,"Apidae",1,1,"TDB240064","Lasioglossum malachurum","F","","Pan trap","Tim De Blanck","Ad","Halictidae","Hymenoptera","bees"
"1578","Czechia","Sa2","Field",2024-05-31,"Apidae",1,1,"TDB240065","Lasioglossum malachurum","F","","Pan trap","Tim De Blanck","Ad","Halictidae","Hymenoptera","bees"
"1579","UK","St1","Tree",2024-06-16,"Apidae",1,1,"TDB240066","Andrena minutula","F","","Pan trap","Tim De Blanck","Ad","Andrenidae","Hymenoptera","bees"
"1580","Czechia","Sa1","Crtl2",2024-05-31,"Apidae",1,1,"TDB240067","Andrena flavipes","F","","Pan trap","Tim De Blanck","Ad","Andrenidae","Hymenoptera","bees"
"1581","Czechia","Sa1","Crtl2",2024-05-31,"Apidae",1,1,"TDB240068","Andrena flavipes","F","","Pan trap","Tim De Blanck","Ad","Andrenidae","Hymenoptera","bees"
"1582","Czechia","Sa1","Crtl2",2024-05-31,"Apidae",1,1,"TDB240069","Lasioglossum malachurum","F","","Pan trap","Tim De Blanck","Ad","Halictidae","Hymenoptera","bees"
"1583","Czechia","Sa1","Crtl2",2024-05-31,"Apidae",1,1,"TDB240070","Lasioglossum zonulum","F","","Pan trap","Tim De Blanck","Ad","Halictidae","Hymenoptera","bees"
"1584","Czechia","Sa1","Crtl2",2024-05-31,"Apidae",1,1,"TDB240071","Lasioglossum malachurum","F","","Pan trap","Tim De Blanck","Ad","Halictidae","Hymenoptera","bees"
"1585","Czechia","Sa1","Crtl2",2024-05-31,"Apidae",1,1,"TDB240072","Lasioglossum malachurum","F","","Pan trap","Tim De Blanck","Ad","Halictidae","Hymenoptera","bees"
"1586","Czechia","Sa1","Crtl2",2024-05-31,"Apidae",1,1,"TDB240073","Lasioglossum malachurum","F","","Pan trap","Tim De Blanck","Ad","Halictidae","Hymenoptera","bees"
"1587","Czechia","Sa1","Crtl2",2024-05-31,"Apidae",1,1,"TDB240074","Lasioglossum malachurum","F","","Pan trap","Tim De Blanck","Ad","Halictidae","Hymenoptera","bees"
"1588","Czechia","Sa1","Crtl2",2024-05-31,"Apidae",1,1,"TDB240075","Lasioglossum malachurum","F","","Pan trap","Tim De Blanck","Ad","Halictidae","Hymenoptera","bees"
"1589","Czechia","Sa1","Crtl2",2024-05-31,"Apidae",1,1,"TDB240076","Lasioglossum malachurum","F","","Pan trap","Tim De Blanck","Ad","Halictidae","Hymenoptera","bees"
"1590","Czechia","Sa1","Crtl2",2024-05-31,"Apidae",1,1,"TDB240077","Lasioglossum malachurum","F","","Pan trap","Tim De Blanck","Ad","Halictidae","Hymenoptera","bees"
"1591","Czechia","Sa1","Crtl2",2024-05-31,"Apidae",1,1,"TDB240078","Lasioglossum lineare","F","","Pan trap","Tim De Blanck","Ad","Halictidae","Hymenoptera","bees"
"1592","Czechia","Sa1","Crtl2",2024-05-31,"Apidae",1,1,"TDB240079","Halictus (Monilapis) spec.","F","","Pan trap","Tim De Blanck","Ad","Halictidae","Hymenoptera","bees"
"1593","Czechia","Sa1","Crtl2",2024-05-31,"Apidae",1,1,"TDB240080","Lasioglossum malachurum","F","","Pan trap","Tim De Blanck","Ad","Halictidae","Hymenoptera","bees"
"1594","Czechia","Sa1","Crtl2",2024-05-31,"Apidae",1,1,"TDB240081","Lasioglossum malachurum","F","","Pan trap","Tim De Blanck","Ad","Halictidae","Hymenoptera","bees"
"1595","Czechia","Sa1","Crtl2",2024-05-31,"Apidae",1,1,"TDB240082","Lasioglossum malachurum","F","","Pan trap","Tim De Blanck","Ad","Halictidae","Hymenoptera","bees"
"1596","Czechia","Sa1","Crtl2",2024-05-31,"Apidae",1,1,"TDB240083","Lasioglossum lineare","F","","Pan trap","Tim De Blanck","Ad","Halictidae","Hymenoptera","bees"
"1597","Czechia","Sa1","Crtl2",2024-05-31,"Apidae",1,1,"TDB240084","Lasioglossum malachurum","F","","Pan trap","Tim De Blanck","Ad","Halictidae","Hymenoptera","bees"
"1598","Czechia","Sa1","Crtl2",2024-05-31,"Apidae",1,1,"TDB240085","Lasioglossum malachurum","F","","Pan trap","Tim De Blanck","Ad","Halictidae","Hymenoptera","bees"
"1599","Czechia","Sa1","Crtl2",2024-05-31,"Apidae",1,1,"TDB240086","Lasioglossum malachurum","F","","Pan trap","Tim De Blanck","Ad","Halictidae","Hymenoptera","bees"
"1600","Czechia","Sa1","Crtl2",2024-05-31,"Apidae",1,1,"TDB240087","Lasioglossum malachurum","F","","Pan trap","Tim De Blanck","Ad","Halictidae","Hymenoptera","bees"
"1601","Czechia","Sa1","Crtl2",2024-05-31,"Apidae",1,1,"TDB240088","Lasioglossum malachurum","F","","Pan trap","Tim De Blanck","Ad","Halictidae","Hymenoptera","bees"
"1602","Czechia","Sa1","Crtl2",2024-05-31,"Apidae",1,1,"TDB240089","Lasioglossum malachurum","F","","Pan trap","Tim De Blanck","Ad","Halictidae","Hymenoptera","bees"
"1603","Czechia","Sa1","Crtl2",2024-05-31,"Apidae",1,1,"TDB240090","Lasioglossum malachurum","F","","Pan trap","Tim De Blanck","Ad","Halictidae","Hymenoptera","bees"
"1604","Czechia","Sa1","Crtl2",2024-05-31,"Apidae",1,1,"TDB240091","Lasioglossum malachurum","F","","Pan trap","Tim De Blanck","Ad","Halictidae","Hymenoptera","bees"
"1605","Czechia","Sa1","Crtl2",2024-05-31,"Apidae",1,1,"TDB240092","Lasioglossum nigripes","F","","Pan trap","Tim De Blanck","Ad","Halictidae","Hymenoptera","bees"
"1606","Czechia","Sa1","Crtl2",2024-05-31,"Apidae",1,1,"TDB240093","Lasioglossum malachurum","F","","Pan trap","Tim De Blanck","Ad","Halictidae","Hymenoptera","bees"
"1607","Czechia","Sa2","Crtl2",2024-05-31,"Apidae",1,1,"TDB240094","Andrena flavipes","F","","Pan trap","Tim De Blanck","Ad","Andrenidae","Hymenoptera","bees"
"1608","Czechia","Sa2","Crtl2",2024-05-31,"Apidae",1,1,"TDB240095","Lasioglossum discus","F","","Pan trap","Tim De Blanck","Ad","Halictidae","Hymenoptera","bees"
"1609","Czechia","Sa2","Crtl2",2024-05-31,"Apidae",1,1,"TDB240096","Lasioglossum malachurum","F","","Pan trap","Tim De Blanck","Ad","Halictidae","Hymenoptera","bees"
"1610","Czechia","Sa2","Crtl2",2024-05-31,"Apidae",1,1,"TDB240097","Hylaeus hyalinatus","M","","Pan trap","Tim De Blanck","Ad","Colletidae","Hymenoptera","bees"
"1611","Czechia","Sa2","Crtl2",2024-05-31,"Apidae",1,1,"TDB240098","Halictus (Monilapis) spec.","F","","Pan trap","Tim De Blanck","Ad","Halictidae","Hymenoptera","bees"
"1612","Czechia","Sa2","Crtl2",2024-05-31,"Apidae",1,1,"TDB240099","Lasioglossum malachurum","F","","Pan trap","Tim De Blanck","Ad","Halictidae","Hymenoptera","bees"
"1613","Czechia","Sa2","Crtl2",2024-05-31,"Apidae",1,1,"TDB240100","Lasioglossum lineare","F","","Pan trap","Tim De Blanck","Ad","Halictidae","Hymenoptera","bees"
"1614","Czechia","Sa2","Crtl2",2024-05-31,"Apidae",1,1,"TDB240101","Lasioglossum malachurum","F","","Pan trap","Tim De Blanck","Ad","Halictidae","Hymenoptera","bees"
"1615","Czechia","Sa2","Crtl2",2024-05-31,"Apidae",1,1,"TDB240102","Lasioglossum malachurum","F","","Pan trap","Tim De Blanck","Ad","Halictidae","Hymenoptera","bees"
"1616","Czechia","Sa2","Crtl2",2024-05-31,"Apidae",1,1,"TDB240103","Lasioglossum malachurum","F","","Pan trap","Tim De Blanck","Ad","Halictidae","Hymenoptera","bees"
"1617","Czechia","Sa2","Crtl2",2024-05-31,"Apidae",1,1,"TDB240104","Lasioglossum malachurum","F","","Pan trap","Tim De Blanck","Ad","Halictidae","Hymenoptera","bees"
"1618","Czechia","Sa2","Crtl2",2024-05-31,"Apidae",1,1,"TDB240105","Lasioglossum malachurum","F","","Pan trap","Tim De Blanck","Ad","Halictidae","Hymenoptera","bees"
"1619","Czechia","Sa2","Crtl2",2024-05-31,"Apidae",1,1,"TDB240106","Lasioglossum malachurum","F","","Pan trap","Tim De Blanck","Ad","Halictidae","Hymenoptera","bees"
"1620","Czechia","Sa2","Crtl2",2024-05-31,"Apidae",1,1,"TDB240107","Lasioglossum malachurum","F","","Pan trap","Tim De Blanck","Ad","Halictidae","Hymenoptera","bees"
"1621","Czechia","Sa2","Crtl2",2024-05-31,"Apidae",1,1,"TDB240108","Lasioglossum lineare","F","","Pan trap","Tim De Blanck","Ad","Halictidae","Hymenoptera","bees"
"1622","Czechia","Sa2","Crtl2",2024-05-31,"Apidae",1,1,"TDB240109","Lasioglossum lineare","F","","Pan trap","Tim De Blanck","Ad","Halictidae","Hymenoptera","bees"
"1623","Czechia","Sa2","Crtl2",2024-05-31,"Apidae",1,1,"TDB240110","Lasioglossum malachurum","F","","Pan trap","Tim De Blanck","Ad","Halictidae","Hymenoptera","bees"
"1624","Czechia","Sa2","Crtl2",2024-05-31,"Apidae",1,1,"TDB240111","Lasioglossum malachurum","F","","Pan trap","Tim De Blanck","Ad","Halictidae","Hymenoptera","bees"
"1625","Czechia","Sa2","Crtl2",2024-05-31,"Apidae",1,1,"TDB240112","Lasioglossum malachurum","F","","Pan trap","Tim De Blanck","Ad","Halictidae","Hymenoptera","bees"
"1626","Czechia","Sa2","Crtl2",2024-05-31,"Apidae",1,1,"TDB240113","Lasioglossum malachurum","F","","Pan trap","Tim De Blanck","Ad","Halictidae","Hymenoptera","bees"
"1627","Czechia","Sa2","Crtl2",2024-05-31,"Apidae",1,1,"TDB240114","Hylaeus spec.","","","Pan trap","Tim De Blanck","Ad","Colletidae","Hymenoptera","bees"
"1628","UK","Ar1","Field",2024-06-16,"Apidae",1,1,"TDB240115","Lasioglossum puncticolle","F","","Pan trap","Tim De Blanck","Ad","Halictidae","Hymenoptera","bees"
"1629","UK","Ar1","Field",2024-06-16,"Apidae",1,1,"TDB240116","Andrena minutula","F","","Pan trap","Tim De Blanck","Ad","Andrenidae","Hymenoptera","bees"
"1630","UK","Wo1","Crtl1",2024-06-23,"Apidae",1,1,"TDB240117","Lasioglossum calceatum","F","","Pan trap","Tim De Blanck","Ad","Halictidae","Hymenoptera","bees"
"1631","UK","Be1","Field",2024-06-18,"Apidae",1,1,"TDB240118","Lasioglossum smeathmanellum","F","","Pan trap","Tim De Blanck","Ad","Halictidae","Hymenoptera","bees"
"1632","UK","Be1","Field",2024-06-18,"Apidae",1,1,"TDB240119","Apis mellifera","F","","Pan trap","Tim De Blanck","Ad","Apidae","Hymenoptera","bees"
"1633","UK","Be1","Field",2024-06-18,"Apidae",1,1,"TDB240120","Lasioglossum villosulum","F","","Pan trap","Tim De Blanck","Ad","Halictidae","Hymenoptera","bees"
"1634","Czechia","Ve1","Field",2024-06-06,"Apidae",1,1,"TDB240121","Apis mellifera","F","","Pan trap","Tim De Blanck","Ad","Apidae","Hymenoptera","bees"
"1635","Czechia","Ve1","Field",2024-06-06,"Apidae",1,1,"TDB240122","Hylaeus spec.","","","Pan trap","Tim De Blanck","Ad","Colletidae","Hymenoptera","bees"
"1636","Czechia","Ve1","Field",2024-06-06,"Apidae",1,1,"TDB240123","Lasioglossum laticeps","F","","Pan trap","Tim De Blanck","Ad","Halictidae","Hymenoptera","bees"
"1637","Czechia","Ve1","Field",2024-06-06,"Apidae",1,1,"TDB240124","Lasioglossum villosulum","F","","Pan trap","Tim De Blanck","Ad","Halictidae","Hymenoptera","bees"
"1638","Czechia","Ve1","Field",2024-06-06,"Apidae",1,1,"TDB240125","Lasioglossum villosulum","F","","Pan trap","Tim De Blanck","Ad","Halictidae","Hymenoptera","bees"
"1639","Czechia","Ve1","Field",2024-06-06,"Apidae",1,1,"TDB240126","Lasioglossum villosulum","F","","Pan trap","Tim De Blanck","Ad","Halictidae","Hymenoptera","bees"
"1640","Czechia","Ve1","Field",2024-06-06,"Apidae",1,1,"TDB240127","Seladonia tumulorum","F","","Pan trap","Tim De Blanck","Ad","Halictidae","Hymenoptera","bees"
"1641","Czechia","Ve1","Field",2024-06-06,"Apidae",1,1,"TDB240128","Lasioglossum malachurum","F","","Pan trap","Tim De Blanck","Ad","Halictidae","Hymenoptera","bees"
"1642","Czechia","Ve1","Field",2024-06-06,"Apidae",1,1,"TDB240129","Lasioglossum lativentre","F","","Pan trap","Tim De Blanck","Ad","Halictidae","Hymenoptera","bees"
"1643","Czechia","Ve1","Field",2024-06-06,"Apidae",1,1,"TDB240130","Hylaeus nigritus","M","","Pan trap","Tim De Blanck","Ad","Colletidae","Hymenoptera","bees"
"1644","Czechia","Ve1","Field",2024-06-06,"Apidae",1,1,"TDB240131","Hylaeus nigritus","M","","Pan trap","Tim De Blanck","Ad","Colletidae","Hymenoptera","bees"
"1645","Czechia","Ve1","Field",2024-06-06,"Apidae",1,1,"TDB240132","Hylaeus brevicornis","M","","Pan trap","Tim De Blanck","Ad","Colletidae","Hymenoptera","bees"
"1646","Czechia","Ve1","Field",2024-06-06,"Apidae",1,1,"TDB240133","Hylaeus brevicornis","M","","Pan trap","Tim De Blanck","Ad","Colletidae","Hymenoptera","bees"
"1647","UK","Wo1","Crtl2",2024-06-23,"Apidae",1,1,"TDB240134","Lasioglossum puncticolle","F","","Pan trap","Tim De Blanck","Ad","Halictidae","Hymenoptera","bees"
"1648","UK","Wo1","Crtl2",2024-06-23,"Apidae",1,1,"TDB240135","Lasioglossum pauxillum","F","","Pan trap","Tim De Blanck","Ad","Halictidae","Hymenoptera","bees"
"1649","UK","Wo1","Crtl2",2024-06-23,"Apidae",1,1,"TDB240136","Lasioglossum villosulum","F","","Pan trap","Tim De Blanck","Ad","Halictidae","Hymenoptera","bees"
"1650","UK","Be1","Crtl1",2024-06-18,"Apidae",1,1,"TDB240137","Lasioglossum pauperatum","F","","Pan trap","Tim De Blanck","Ad","Halictidae","Hymenoptera","bees"
"1651","UK","Be1","Crtl1",2024-06-18,"Apidae",1,1,"TDB240138","Lasioglossum villosulum","F","","Pan trap","Tim De Blanck","Ad","Halictidae","Hymenoptera","bees"
"1652","UK","Be2","Crtl2",2024-06-18,"Apidae",1,1,"TDB240139","Lasioglossum malachurum","F","","Pan trap","Tim De Blanck","Ad","Halictidae","Hymenoptera","bees"
"1653","UK","Be1","Tree",2024-06-18,"Apidae",1,1,"TDB240140","Lasioglossum smeathmanellum","F","","Pan trap","Tim De Blanck","Ad","Halictidae","Hymenoptera","bees"
"1654","Czechia","Hu1","Field",2024-06-06,"Apidae",1,1,"TDB240141","Lasioglossum laevigatum","F","","Pan trap","Tim De Blanck","Ad","Halictidae","Hymenoptera","bees"
"1655","Czechia","Hu1","Field",2024-06-06,"Apidae",1,1,"TDB240142","Andrena alfkenella","F","","Pan trap","Tim De Blanck","Ad","Andrenidae","Hymenoptera","bees"
"1656","Czechia","Hu1","Field",2024-06-06,"Apidae",1,1,"TDB240143","Lasioglossum pauxillum","F","","Pan trap","Tim De Blanck","Ad","Halictidae","Hymenoptera","bees"
"1657","Czechia","Hu1","Field",2024-06-06,"Apidae",1,1,"TDB240144","Andrena spec.","","","Pan trap","Tim De Blanck","Ad","Andrenidae","Hymenoptera","bees"
"1658","Czechia","Hu1","Crtl2",2024-06-06,"Apidae",1,1,"TDB240145","Apis mellifera","F","","Pan trap","Tim De Blanck","Ad","Apidae","Hymenoptera","bees"
"1659","Czechia","Hu1","Crtl1",2024-06-06,"Apidae",1,1,"TDB240146","Lasioglossum pauxillum","F","","Pan trap","Tim De Blanck","Ad","Halictidae","Hymenoptera","bees"
"1660","Czechia","Hu1","Crtl1",2024-06-06,"Apidae",1,1,"TDB240147","Halictus maculatus","F","","Pan trap","Tim De Blanck","Ad","Halictidae","Hymenoptera","bees"
"1661","Czechia","Pr1","Tree",2024-06-04,"Apidae",1,1,"TDB240148","Lasioglossum villosulum","F","","Pan trap","Tim De Blanck","Ad","Halictidae","Hymenoptera","bees"
"1662","Czechia","Za1","Crtl2",2024-06-02,"Apidae",1,1,"TDB240149","Lasioglossum malachurum","F","","Pan trap","Tim De Blanck","Ad","Halictidae","Hymenoptera","bees"
"1663","Czechia","Za1","Crtl2",2024-06-02,"Apidae",1,1,"TDB240150","Lasioglossum malachurum","F","","Pan trap","Tim De Blanck","Ad","Halictidae","Hymenoptera","bees"
"1664","Czechia","Za1","Crtl2",2024-06-02,"Apidae",1,1,"TDB240151","Lasioglossum malachurum","F","","Pan trap","Tim De Blanck","Ad","Halictidae","Hymenoptera","bees"
"1665","Czechia","Za1","Crtl2",2024-06-02,"Apidae",1,1,"TDB240152","Lasioglossum malachurum","F","","Pan trap","Tim De Blanck","Ad","Halictidae","Hymenoptera","bees"
"1666","Czechia","Za1","Crtl2",2024-06-02,"Apidae",1,1,"TDB240153","Lasioglossum malachurum","F","","Pan trap","Tim De Blanck","Ad","Halictidae","Hymenoptera","bees"
"1667","Czechia","Za1","Crtl2",2024-06-02,"Apidae",1,1,"TDB240154","Lasioglossum malachurum","F","","Pan trap","Tim De Blanck","Ad","Halictidae","Hymenoptera","bees"
"1668","UK","Wo1","Tree",2024-06-23,"Apidae",1,1,"TDB240155","Lasioglossum villosulum","F","","Pan trap","Tim De Blanck","Ad","Halictidae","Hymenoptera","bees"
"1669","Czechia","Ve2","Field",2024-06-06,"Apidae",1,1,"TDB240156","Lasioglossum glabriusculum","F","","Pan trap","Tim De Blanck","Ad","Halictidae","Hymenoptera","bees"
"1670","Czechia","Ve2","Field",2024-06-06,"Apidae",1,1,"TDB240157","Lasioglossum politum","F","","Pan trap","Tim De Blanck","Ad","Halictidae","Hymenoptera","bees"
"1671","Czechia","Ve2","Field",2024-06-06,"Apidae",1,1,"TDB240158","Lasioglossum politum","F","","Pan trap","Tim De Blanck","Ad","Halictidae","Hymenoptera","bees"
"1672","UK","Wo1","Field",2024-06-23,"Apidae",1,1,"TDB240159","Lasioglossum puncticolle","F","","Pan trap","Tim De Blanck","Ad","Halictidae","Hymenoptera","bees"
"1673","UK","Wo1","Field",2024-06-23,"Apidae",1,1,"TDB240160","Lasioglossum villosulum","F","","Pan trap","Tim De Blanck","Ad","Halictidae","Hymenoptera","bees"
"1674","UK","Be2","Crtl1",2024-06-18,"Apidae",1,1,"TDB240161","Lasioglossum pauxillum","F","","Pan trap","Tim De Blanck","Ad","Halictidae","Hymenoptera","bees"
"1675","France","Pe1","Crtl1",2024-03-30,"Apidae",1,1,"TDB240231","Andrena florentina","F","","Pan trap","Tim De Blanck","Ad","Andrenidae","Hymenoptera","bees"
"1676","Czechia","Sa2","Tree",2024-05-31,"Apidae",1,1,"TDB240233","Lasioglossum pygmaeum","F","","Pan trap","Tim De Blanck","Ad","Halictidae","Hymenoptera","bees"
"1677","Czechia","Sa2","Tree",2024-05-31,"Apidae",1,1,"TDB240234","Lasioglossum malachurum","F","","Pan trap","Tim De Blanck","Ad","Halictidae","Hymenoptera","bees"
"1678","Czechia","Sa2","Tree",2024-05-31,"Apidae",1,1,"TDB240235","Lasioglossum malachurum","F","","Pan trap","Tim De Blanck","Ad","Halictidae","Hymenoptera","bees"
"1679","Czechia","Sa2","Tree",2024-05-31,"Apidae",1,1,"TDB240236","Lasioglossum morio","F","","Pan trap","Tim De Blanck","Ad","Halictidae","Hymenoptera","bees"
"1680","Czechia","Sa2","Tree",2024-05-31,"Apidae",1,1,"TDB240237","Lasioglossum malachurum","F","","Pan trap","Tim De Blanck","Ad","Halictidae","Hymenoptera","bees"
"1681","Czechia","Sa2","Tree",2024-05-31,"Apidae",1,1,"TDB240238","Lasioglossum spec.","","","Pan trap","Tim De Blanck","Ad","Halictidae","Hymenoptera","bees"
"1682","Czechia","Sa2","Tree",2024-05-31,"Apidae",1,1,"TDB240239","Lasioglossum politum","F","","Pan trap","Tim De Blanck","Ad","Halictidae","Hymenoptera","bees"
"1683","Czechia","Sa2","Tree",2024-05-31,"Apidae",1,1,"TDB240240","Lasioglossum glabriusculum","F","","Pan trap","Tim De Blanck","Ad","Halictidae","Hymenoptera","bees"
"1684","Czechia","Sa2","Tree",2024-05-31,"Apidae",1,1,"TDB240241","Ceratina chalybea","M","","Pan trap","Tim De Blanck","Ad","Apidae","Hymenoptera","bees"
"1685","Czechia","Sa2","Tree",2024-05-31,"Apidae",1,1,"TDB240242","Crabronidae indet.","","","Pan trap","Tim De Blanck","Ad","Crabronidae","Hymenoptera","wasps"
"1686","Czechia","Sa2","Tree",2024-05-31,"Apidae",1,1,"TDB240243","Crabronidae indet.","","","Pan trap","Tim De Blanck","Ad","Crabronidae","Hymenoptera","wasps"
"1687","Czechia","Sa2","Tree",2024-05-31,"Apidae",1,1,"TDB240244","Crabronidae indet.","","","Pan trap","Tim De Blanck","Ad","Crabronidae","Hymenoptera","wasps"
"1688","Czechia","Sa2","Tree",2024-05-31,"Apidae",1,1,"TDB240245","Lasioglossum lineare","F","","Pan trap","Tim De Blanck","Ad","Halictidae","Hymenoptera","bees"
"1689","Czechia","Sa2","Tree",2024-05-31,"Apidae",1,1,"TDB240246","Lasioglossum malachurum","F","","Pan trap","Tim De Blanck","Ad","Halictidae","Hymenoptera","bees"
"1690","Czechia","Sa2","Tree",2024-05-31,"Apidae",1,1,"TDB240247","Hylaeus dilatatus","F","","Pan trap","Tim De Blanck","Ad","Colletidae","Hymenoptera","bees"
"1691","Czechia","Sa1","Crtl1",2024-05-31,"Apidae",1,1,"TDB240248","Halictus quadricinctus","F","","Pan trap","Tim De Blanck","Ad","Halictidae","Hymenoptera","bees"
"1692","Czechia","Sa1","Crtl1",2024-05-31,"Apidae",1,1,"TDB240249","Lasioglossum lineare","F","","Pan trap","Tim De Blanck","Ad","Halictidae","Hymenoptera","bees"
"1693","Czechia","Sa1","Crtl1",2024-05-31,"Apidae",1,1,"TDB240250","Lasioglossum malachurum","F","","Pan trap","Tim De Blanck","Ad","Halictidae","Hymenoptera","bees"
"1694","Czechia","Sa1","Crtl1",2024-05-31,"Apidae",1,1,"TDB240251","Lasioglossum malachurum","F","","Pan trap","Tim De Blanck","Ad","Halictidae","Hymenoptera","bees"
"1695","Czechia","Sa1","Crtl1",2024-05-31,"Apidae",1,1,"TDB240252","Lasioglossum glabriusculum","F","","Pan trap","Tim De Blanck","Ad","Halictidae","Hymenoptera","bees"
"1696","Czechia","Sa1","Crtl1",2024-05-31,"Apidae",1,1,"TDB240253","Lasioglossum malachurum","F","","Pan trap","Tim De Blanck","Ad","Halictidae","Hymenoptera","bees"
"1697","Czechia","Sa1","Crtl1",2024-05-31,"Apidae",1,1,"TDB240254","Lasioglossum malachurum","F","","Pan trap","Tim De Blanck","Ad","Halictidae","Hymenoptera","bees"
"1698","Czechia","Sa1","Crtl1",2024-05-31,"Apidae",1,1,"TDB240255","Lasioglossum malachurum","F","","Pan trap","Tim De Blanck","Ad","Halictidae","Hymenoptera","bees"
"1699","Czechia","Sa1","Crtl1",2024-05-31,"Apidae",1,1,"TDB240256","Lasioglossum glabriusculum","F","","Pan trap","Tim De Blanck","Ad","Halictidae","Hymenoptera","bees"
"1700","Czechia","Sa1","Crtl1",2024-05-31,"Apidae",1,1,"TDB240257","Lasioglossum malachurum","F","","Pan trap","Tim De Blanck","Ad","Halictidae","Hymenoptera","bees"
"1701","Czechia","Sa1","Crtl1",2024-05-31,"Apidae",1,1,"TDB240258","Lasioglossum glabriusculum","F","","Pan trap","Tim De Blanck","Ad","Halictidae","Hymenoptera","bees"
"1702","Czechia","Sa1","Crtl1",2024-05-31,"Apidae",1,1,"TDB240259","Lasioglossum malachurum","F","","Pan trap","Tim De Blanck","Ad","Halictidae","Hymenoptera","bees"
"1703","Czechia","Sa1","Crtl1",2024-05-31,"Apidae",1,1,"TDB240260","Lasioglossum malachurum","F","","Pan trap","Tim De Blanck","Ad","Halictidae","Hymenoptera","bees"
"1704","Czechia","Sa1","Crtl1",2024-05-31,"Apidae",1,1,"TDB240261","Lasioglossum malachurum","F","","Pan trap","Tim De Blanck","Ad","Halictidae","Hymenoptera","bees"
"1705","Czechia","Sa1","Crtl1",2024-05-31,"Apidae",1,1,"TDB240262","Lasioglossum malachurum","F","","Pan trap","Tim De Blanck","Ad","Halictidae","Hymenoptera","bees"
"1706","Czechia","Sa1","Crtl1",2024-05-31,"Apidae",1,1,"TDB240263","Lasioglossum malachurum","F","","Pan trap","Tim De Blanck","Ad","Halictidae","Hymenoptera","bees"
"1707","Czechia","Sa1","Crtl1",2024-05-31,"Apidae",1,1,"TDB240264","Andrena nigroaenea","F","","Pan trap","Tim De Blanck","Ad","Andrenidae","Hymenoptera","bees"
"1708","Czechia","Sa1","Crtl1",2024-05-31,"Apidae",1,1,"TDB240265","Andrena nigroaenea","F","","Pan trap","Tim De Blanck","Ad","Andrenidae","Hymenoptera","bees"
"1709","Czechia","Sa1","Crtl1",2024-05-31,"Apidae",1,1,"TDB240266","Andrena flavipes","F","","Pan trap","Tim De Blanck","Ad","Andrenidae","Hymenoptera","bees"
"1710","Czechia","Sa1","Crtl1",2024-05-31,"Apidae",1,1,"TDB240267","Andrena flavipes","F","","Pan trap","Tim De Blanck","Ad","Andrenidae","Hymenoptera","bees"
"1711","Czechia","Sa1","Crtl1",2024-05-31,"Apidae",1,1,"TDB240268","Andrena flavipes","F","","Pan trap","Tim De Blanck","Ad","Andrenidae","Hymenoptera","bees"
"1712","Czechia","Sa1","Crtl1",2024-05-31,"Apidae",1,1,"TDB240269","Halictus scabiosae","F","","Pan trap","Tim De Blanck","Ad","Halictidae","Hymenoptera","bees"
"1713","Czechia","Sa1","Crtl1",2024-05-31,"Apidae",1,1,"TDB240270","Lasioglossum lineare","F","","Pan trap","Tim De Blanck","Ad","Halictidae","Hymenoptera","bees"
"1714","Czechia","Sa1","Crtl1",2024-05-31,"Apidae",1,1,"TDB240271","Lasioglossum malachurum","F","","Pan trap","Tim De Blanck","Ad","Halictidae","Hymenoptera","bees"
"1715","Czechia","Sa1","Crtl1",2024-05-31,"Apidae",1,1,"TDB240272","Lasioglossum malachurum","F","","Pan trap","Tim De Blanck","Ad","Halictidae","Hymenoptera","bees"
"1716","Czechia","Sa1","Crtl1",2024-05-31,"Apidae",1,1,"TDB240273","Lasioglossum malachurum","F","","Pan trap","Tim De Blanck","Ad","Halictidae","Hymenoptera","bees"
"1717","Czechia","Sa1","Crtl1",2024-05-31,"Apidae",1,1,"TDB240274","Lasioglossum malachurum","F","","Pan trap","Tim De Blanck","Ad","Halictidae","Hymenoptera","bees"
"1718","Czechia","Sa1","Crtl1",2024-05-31,"Apidae",1,1,"TDB240275","Lasioglossum malachurum","F","","Pan trap","Tim De Blanck","Ad","Halictidae","Hymenoptera","bees"
"1719","Czechia","Sa1","Crtl1",2024-05-31,"Apidae",1,1,"TDB240276","Lasioglossum malachurum","F","","Pan trap","Tim De Blanck","Ad","Halictidae","Hymenoptera","bees"
"1720","Czechia","Sa1","Crtl1",2024-05-31,"Apidae",1,1,"TDB240277","Lasioglossum malachurum","F","","Pan trap","Tim De Blanck","Ad","Halictidae","Hymenoptera","bees"
"1721","Czechia","Sa1","Crtl1",2024-05-31,"Apidae",1,1,"TDB240278","Lasioglossum malachurum","F","","Pan trap","Tim De Blanck","Ad","Halictidae","Hymenoptera","bees"
"1722","Czechia","Sa1","Crtl1",2024-05-31,"Apidae",1,1,"TDB240279","Lasioglossum malachurum","F","","Pan trap","Tim De Blanck","Ad","Halictidae","Hymenoptera","bees"
"1723","Czechia","Sa1","Crtl1",2024-05-31,"Apidae",1,1,"TDB240280","Lasioglossum malachurum","F","","Pan trap","Tim De Blanck","Ad","Halictidae","Hymenoptera","bees"
"1724","Czechia","Sa1","Crtl1",2024-05-31,"Apidae",1,1,"TDB240281","Lasioglossum malachurum","F","","Pan trap","Tim De Blanck","Ad","Halictidae","Hymenoptera","bees"
"1725","Czechia","Sa1","Crtl1",2024-05-31,"Apidae",1,1,"TDB240282","Lasioglossum malachurum","F","","Pan trap","Tim De Blanck","Ad","Halictidae","Hymenoptera","bees"
"1726","Czechia","Sa1","Crtl1",2024-05-31,"Apidae",1,1,"TDB240283","Halictus scabiosae","F","","Pan trap","Tim De Blanck","Ad","Halictidae","Hymenoptera","bees"
"1727","Czechia","Sa1","Crtl1",2024-05-31,"Apidae",1,1,"TDB240284","Lasioglossum lineare","F","","Pan trap","Tim De Blanck","Ad","Halictidae","Hymenoptera","bees"
"1728","Czechia","Sa1","Crtl1",2024-05-31,"Apidae",1,1,"TDB240285","Lasioglossum malachurum","F","","Pan trap","Tim De Blanck","Ad","Halictidae","Hymenoptera","bees"
"1729","Czechia","Sa1","Crtl1",2024-05-31,"Apidae",1,1,"TDB240286","Lasioglossum malachurum","F","","Pan trap","Tim De Blanck","Ad","Halictidae","Hymenoptera","bees"
"1730","Czechia","Sa1","Crtl1",2024-05-31,"Apidae",1,1,"TDB240287","Lasioglossum malachurum","F","","Pan trap","Tim De Blanck","Ad","Halictidae","Hymenoptera","bees"
"1731","Czechia","Sa1","Crtl1",2024-05-31,"Apidae",1,1,"TDB240288","Lasioglossum quadrinotatum","F","","Pan trap","Tim De Blanck","Ad","Halictidae","Hymenoptera","bees"
"1732","Czechia","Sa1","Crtl1",2024-05-31,"Apidae",1,1,"TDB240289","Lasioglossum malachurum","F","","Pan trap","Tim De Blanck","Ad","Halictidae","Hymenoptera","bees"
"1733","Czechia","Sa1","Crtl1",2024-05-31,"Apidae",1,1,"TDB240290","Lasioglossum malachurum","F","","Pan trap","Tim De Blanck","Ad","Halictidae","Hymenoptera","bees"
"1734","Czechia","Sa1","Crtl1",2024-05-31,"Apidae",1,1,"TDB240291","Lasioglossum malachurum","F","","Pan trap","Tim De Blanck","Ad","Halictidae","Hymenoptera","bees"
"1735","Czechia","Sa1","Crtl1",2024-05-31,"Apidae",1,1,"TDB240292","Lasioglossum morio","F","","Pan trap","Tim De Blanck","Ad","Halictidae","Hymenoptera","bees"
"1736","Czechia","Sa1","Crtl1",2024-05-31,"Apidae",1,1,"TDB240293","Lasioglossum glabriusculum","F","","Pan trap","Tim De Blanck","Ad","Halictidae","Hymenoptera","bees"
"1737","Czechia","Sa1","Crtl1",2024-05-31,"Apidae",1,1,"TDB240294","Lasioglossum glabriusculum","F","","Pan trap","Tim De Blanck","Ad","Halictidae","Hymenoptera","bees"
"1738","Czechia","Sa1","Crtl1",2024-05-31,"Apidae",1,1,"TDB240295","Lasioglossum malachurum","F","","Pan trap","Tim De Blanck","Ad","Halictidae","Hymenoptera","bees"
"1739","Czechia","Sa1","Crtl1",2024-05-31,"Apidae",1,1,"TDB240296","Lasioglossum lineare","F","","Pan trap","Tim De Blanck","Ad","Halictidae","Hymenoptera","bees"
"1740","Czechia","Sa1","Crtl1",2024-05-31,"Apidae",1,1,"TDB240297","Lasioglossum glabriusculum","F","","Pan trap","Tim De Blanck","Ad","Halictidae","Hymenoptera","bees"
"1741","Czechia","Sa1","Crtl1",2024-05-31,"Apidae",1,1,"TDB240298","Lasioglossum lineare","F","","Pan trap","Tim De Blanck","Ad","Halictidae","Hymenoptera","bees"
"1742","Czechia","Sa1","Crtl1",2024-05-31,"Apidae",1,1,"TDB240299","Lasioglossum malachurum","F","","Pan trap","Tim De Blanck","Ad","Halictidae","Hymenoptera","bees"
"1743","Czechia","Sa1","Crtl1",2024-05-31,"Apidae",1,1,"TDB240300","Lasioglossum glabriusculum","F","","Pan trap","Tim De Blanck","Ad","Halictidae","Hymenoptera","bees"
"1744","Czechia","Sa1","Crtl1",2024-05-31,"Apidae",1,1,"TDB240301","Lasioglossum malachurum","F","","Pan trap","Tim De Blanck","Ad","Halictidae","Hymenoptera","bees"
"1745","Czechia","Sa1","Crtl1",2024-05-31,"Apidae",1,1,"TDB240302","Lasioglossum malachurum","F","","Pan trap","Tim De Blanck","Ad","Halictidae","Hymenoptera","bees"
"1746","Czechia","Sa1","Crtl1",2024-05-31,"Apidae",1,1,"TDB240303","Lasioglossum malachurum","F","","Pan trap","Tim De Blanck","Ad","Halictidae","Hymenoptera","bees"
"1747","Czechia","Sa1","Crtl1",2024-05-31,"Apidae",1,1,"TDB240304","Lasioglossum malachurum","F","","Pan trap","Tim De Blanck","Ad","Halictidae","Hymenoptera","bees"
"1748","Czechia","Sa2","Crtl1",2024-05-31,"Apidae",1,1,"TDB240305","Bombus terrestris/lucorum/magnus/cryptarum","F","","Pan trap","Tim De Blanck","Ad","Apidae","Hymenoptera","bees"
"1749","Czechia","Sa2","Crtl1",2024-05-31,"Apidae",1,1,"TDB240306","Apis mellifera","F","","Pan trap","Tim De Blanck","Ad","Apidae","Hymenoptera","bees"
"1750","Czechia","Sa2","Crtl1",2024-05-31,"Apidae",1,1,"TDB240307","Halictus (Monilapis) spec.","F","","Pan trap","Tim De Blanck","Ad","Halictidae","Hymenoptera","bees"
"1751","Czechia","Sa2","Crtl1",2024-05-31,"Apidae",1,1,"TDB240308","Lasioglossum malachurum","F","","Pan trap","Tim De Blanck","Ad","Halictidae","Hymenoptera","bees"
"1752","Czechia","Sa2","Crtl1",2024-05-31,"Apidae",1,1,"TDB240309","Lasioglossum lativentre","F","","Pan trap","Tim De Blanck","Ad","Halictidae","Hymenoptera","bees"
"1753","Czechia","Sa2","Crtl1",2024-05-31,"Apidae",1,1,"TDB240310","Lasioglossum malachurum","F","","Pan trap","Tim De Blanck","Ad","Halictidae","Hymenoptera","bees"
"1754","Czechia","Sa2","Crtl1",2024-05-31,"Apidae",1,1,"TDB240311","Lasioglossum malachurum","F","","Pan trap","Tim De Blanck","Ad","Halictidae","Hymenoptera","bees"
"1755","Czechia","Sa2","Crtl1",2024-05-31,"Apidae",1,1,"TDB240312","Lasioglossum lativentre","F","","Pan trap","Tim De Blanck","Ad","Halictidae","Hymenoptera","bees"
"1756","Czechia","Sa2","Crtl1",2024-05-31,"Apidae",1,1,"TDB240313","Lasioglossum lucidulum","F","","Pan trap","Tim De Blanck","Ad","Halictidae","Hymenoptera","bees"
"1757","Czechia","Sa2","Crtl1",2024-05-31,"Apidae",1,1,"TDB240314","Lasioglossum malachurum","F","","Pan trap","Tim De Blanck","Ad","Halictidae","Hymenoptera","bees"
"1758","Czechia","Sa2","Crtl1",2024-05-31,"Apidae",1,1,"TDB240315","Lasioglossum malachurum","F","","Pan trap","Tim De Blanck","Ad","Halictidae","Hymenoptera","bees"
"1759","Czechia","Sa2","Crtl1",2024-05-31,"Apidae",1,1,"TDB240316","Lasioglossum malachurum","F","","Pan trap","Tim De Blanck","Ad","Halictidae","Hymenoptera","bees"
"1760","Czechia","Sa2","Crtl1",2024-05-31,"Apidae",1,1,"TDB240317","Lasioglossum malachurum","F","","Pan trap","Tim De Blanck","Ad","Halictidae","Hymenoptera","bees"
"1761","Czechia","Sa2","Crtl1",2024-05-31,"Apidae",1,1,"TDB240318","Lasioglossum malachurum","F","","Pan trap","Tim De Blanck","Ad","Halictidae","Hymenoptera","bees"
"1762","Czechia","Sa2","Crtl1",2024-05-31,"Apidae",1,1,"TDB240319","Lasioglossum malachurum","F","","Pan trap","Tim De Blanck","Ad","Halictidae","Hymenoptera","bees"
"1763","Czechia","Sa2","Crtl1",2024-05-31,"Apidae",1,1,"TDB240320","Lasioglossum malachurum","F","","Pan trap","Tim De Blanck","Ad","Halictidae","Hymenoptera","bees"
"1764","Czechia","Sa2","Crtl1",2024-05-31,"Apidae",1,1,"TDB240321","Lasioglossum malachurum","F","","Pan trap","Tim De Blanck","Ad","Halictidae","Hymenoptera","bees"
"1765","Czechia","Sa2","Crtl1",2024-05-31,"Apidae",1,1,"TDB240322","Lasioglossum malachurum","F","","Pan trap","Tim De Blanck","Ad","Halictidae","Hymenoptera","bees"
"1766","Czechia","Sa1","Field",2024-05-31,"Apidae",1,1,"TDB240323","Andrena flavipes","F","","Pan trap","Tim De Blanck","Ad","Andrenidae","Hymenoptera","bees"
"1767","Czechia","Sa1","Field",2024-05-31,"Apidae",1,1,"TDB240324","Andrena flavipes","F","","Pan trap","Tim De Blanck","Ad","Andrenidae","Hymenoptera","bees"
"1768","Czechia","Sa1","Field",2024-05-31,"Apidae",1,1,"TDB240325","Andrena flavipes","F","","Pan trap","Tim De Blanck","Ad","Andrenidae","Hymenoptera","bees"
"1769","Czechia","Sa1","Field",2024-05-31,"Apidae",1,1,"TDB240326","Andrena nigroaenea","F","","Pan trap","Tim De Blanck","Ad","Andrenidae","Hymenoptera","bees"
"1770","Czechia","Sa1","Field",2024-05-31,"Apidae",1,1,"TDB240327","Andrena flavipes","F","","Pan trap","Tim De Blanck","Ad","Andrenidae","Hymenoptera","bees"
"1771","Czechia","Sa1","Field",2024-05-31,"Apidae",1,1,"TDB240328","Andrena flavipes","F","","Pan trap","Tim De Blanck","Ad","Andrenidae","Hymenoptera","bees"
"1772","Czechia","Sa1","Field",2024-05-31,"Apidae",1,1,"TDB240329","Hylaeus dilatatus","F","","Pan trap","Tim De Blanck","Ad","Colletidae","Hymenoptera","bees"
"1773","Czechia","Sa1","Field",2024-05-31,"Apidae",1,1,"TDB240330","Halictus (Monilapis) spec.","F","","Pan trap","Tim De Blanck","Ad","Halictidae","Hymenoptera","bees"
"1774","Czechia","Sa1","Field",2024-05-31,"Apidae",1,1,"TDB240331","Halictus maculatus","F","","Pan trap","Tim De Blanck","Ad","Halictidae","Hymenoptera","bees"
"1775","Czechia","Sa1","Field",2024-05-31,"Apidae",1,1,"TDB240332","Lasioglossum malachurum","F","","Pan trap","Tim De Blanck","Ad","Halictidae","Hymenoptera","bees"
"1776","Czechia","Sa1","Field",2024-05-31,"Apidae",1,1,"TDB240333","Lasioglossum malachurum","F","","Pan trap","Tim De Blanck","Ad","Halictidae","Hymenoptera","bees"
"1777","Czechia","Sa1","Field",2024-05-31,"Apidae",1,1,"TDB240334","Lasioglossum malachurum","F","","Pan trap","Tim De Blanck","Ad","Halictidae","Hymenoptera","bees"
"1778","Czechia","Sa1","Field",2024-05-31,"Apidae",1,1,"TDB240335","Lasioglossum malachurum","F","","Pan trap","Tim De Blanck","Ad","Halictidae","Hymenoptera","bees"
"1779","Czechia","Sa1","Field",2024-05-31,"Apidae",1,1,"TDB240336","Lasioglossum malachurum","F","","Pan trap","Tim De Blanck","Ad","Halictidae","Hymenoptera","bees"
"1780","Czechia","Sa1","Field",2024-05-31,"Apidae",1,1,"TDB240337","Lasioglossum malachurum","F","","Pan trap","Tim De Blanck","Ad","Halictidae","Hymenoptera","bees"
"1781","Czechia","Sa1","Field",2024-05-31,"Apidae",1,1,"TDB240338","Lasioglossum malachurum","F","","Pan trap","Tim De Blanck","Ad","Halictidae","Hymenoptera","bees"
"1782","Czechia","Sa1","Field",2024-05-31,"Apidae",1,1,"TDB240339","Lasioglossum politum","F","","Pan trap","Tim De Blanck","Ad","Halictidae","Hymenoptera","bees"
"1783","Czechia","Sa1","Field",2024-05-31,"Apidae",1,1,"TDB240340","Lasioglossum lineare","F","","Pan trap","Tim De Blanck","Ad","Halictidae","Hymenoptera","bees"
"1784","Czechia","Sa1","Field",2024-05-31,"Apidae",1,1,"TDB240341","Lasioglossum politum","F","","Pan trap","Tim De Blanck","Ad","Halictidae","Hymenoptera","bees"
"1785","Czechia","Sa1","Field",2024-05-31,"Apidae",1,1,"TDB240342","Lasioglossum malachurum","F","","Pan trap","Tim De Blanck","Ad","Halictidae","Hymenoptera","bees"
"1786","Czechia","Sa1","Field",2024-05-31,"Apidae",1,1,"TDB240343","Lasioglossum glabriusculum","F","","Pan trap","Tim De Blanck","Ad","Halictidae","Hymenoptera","bees"
"1787","Czechia","Sa1","Field",2024-05-31,"Apidae",1,1,"TDB240344","Lasioglossum malachurum","F","","Pan trap","Tim De Blanck","Ad","Halictidae","Hymenoptera","bees"
"1788","Czechia","Sa1","Field",2024-05-31,"Apidae",1,1,"TDB240345","Lasioglossum malachurum","F","","Pan trap","Tim De Blanck","Ad","Halictidae","Hymenoptera","bees"
"1789","Czechia","Sa1","Field",2024-05-31,"Apidae",1,1,"TDB240346","Lasioglossum malachurum","F","","Pan trap","Tim De Blanck","Ad","Halictidae","Hymenoptera","bees"
"1790","Czechia","Sa1","Field",2024-05-31,"Apidae",1,1,"TDB240347","Lasioglossum malachurum","F","","Pan trap","Tim De Blanck","Ad","Halictidae","Hymenoptera","bees"
"1791","Czechia","Sa1","Field",2024-05-31,"Apidae",1,1,"TDB240348","Lasioglossum malachurum","F","","Pan trap","Tim De Blanck","Ad","Halictidae","Hymenoptera","bees"
"1792","Czechia","Sa1","Field",2024-05-31,"Apidae",1,1,"TDB240349","Lasioglossum malachurum","F","","Pan trap","Tim De Blanck","Ad","Halictidae","Hymenoptera","bees"
"1793","Czechia","Sa1","Field",2024-05-31,"Apidae",1,1,"TDB240350","Lasioglossum glabriusculum","F","","Pan trap","Tim De Blanck","Ad","Halictidae","Hymenoptera","bees"
"1794","Czechia","Sa1","Field",2024-05-31,"Apidae",1,1,"TDB240351","Lasioglossum glabriusculum","F","","Pan trap","Tim De Blanck","Ad","Halictidae","Hymenoptera","bees"
"1795","Czechia","Sa1","Field",2024-05-31,"Apidae",1,1,"TDB240352","Lasioglossum glabriusculum","F","","Pan trap","Tim De Blanck","Ad","Halictidae","Hymenoptera","bees"
"1796","Czechia","Sa1","Field",2024-05-31,"Apidae",1,1,"TDB240353","Lasioglossum malachurum","F","","Pan trap","Tim De Blanck","Ad","Halictidae","Hymenoptera","bees"
"1797","Czechia","Sa1","Field",2024-05-31,"Apidae",1,1,"TDB240354","Lasioglossum glabriusculum","F","","Pan trap","Tim De Blanck","Ad","Halictidae","Hymenoptera","bees"
"1798","Czechia","Sa1","Field",2024-05-31,"Apidae",1,1,"TDB240355","Lasioglossum glabriusculum","F","","Pan trap","Tim De Blanck","Ad","Halictidae","Hymenoptera","bees"
"1799","Czechia","Sa1","Field",2024-05-31,"Apidae",1,1,"TDB240356","Lasioglossum lineare","F","","Pan trap","Tim De Blanck","Ad","Halictidae","Hymenoptera","bees"
"1800","Czechia","Sa1","Field",2024-05-31,"Apidae",1,1,"TDB240357","Lasioglossum malachurum","F","","Pan trap","Tim De Blanck","Ad","Halictidae","Hymenoptera","bees"
"1801","Czechia","Sa1","Field",2024-05-31,"Apidae",1,1,"TDB240358","Lasioglossum lineare","F","","Pan trap","Tim De Blanck","Ad","Halictidae","Hymenoptera","bees"
"1802","Czechia","Sa1","Field",2024-05-31,"Apidae",1,1,"TDB240359","Lasioglossum lineare","F","","Pan trap","Tim De Blanck","Ad","Halictidae","Hymenoptera","bees"
"1803","Czechia","Sa1","Field",2024-05-31,"Apidae",1,1,"TDB240360","Lasioglossum malachurum","F","","Pan trap","Tim De Blanck","Ad","Halictidae","Hymenoptera","bees"
"1804","Czechia","Sa1","Field",2024-05-31,"Apidae",1,1,"TDB240361","Lasioglossum malachurum","F","","Pan trap","Tim De Blanck","Ad","Halictidae","Hymenoptera","bees"
"1805","Czechia","Sa1","Field",2024-05-31,"Apidae",1,1,"TDB240362","Lasioglossum malachurum","F","","Pan trap","Tim De Blanck","Ad","Halictidae","Hymenoptera","bees"
"1806","Czechia","Sa1","Field",2024-05-31,"Apidae",1,1,"TDB240363","Lasioglossum malachurum","F","","Pan trap","Tim De Blanck","Ad","Halictidae","Hymenoptera","bees"
"1807","Czechia","Sa1","Field",2024-05-31,"Apidae",1,1,"TDB240364","Lasioglossum malachurum","F","","Pan trap","Tim De Blanck","Ad","Halictidae","Hymenoptera","bees"
"1808","Czechia","Sa1","Field",2024-05-31,"Apidae",1,1,"TDB240365","Lasioglossum lineare","F","","Pan trap","Tim De Blanck","Ad","Halictidae","Hymenoptera","bees"
"1809","Czechia","Ve1","Tree",2024-06-06,"Apidae",1,1,"TDB240366","Apis mellifera","F","","Pan trap","Tim De Blanck","Ad","Apidae","Hymenoptera","bees"
"1810","Czechia","Ve1","Tree",2024-06-06,"Apidae",1,1,"TDB240367","Apis mellifera","F","","Pan trap","Tim De Blanck","Ad","Apidae","Hymenoptera","bees"
"1811","Czechia","Ve1","Tree",2024-06-06,"Apidae",1,1,"TDB240368","Hylaeus brevicornis","F","","Pan trap","Tim De Blanck","Ad","Colletidae","Hymenoptera","bees"
"1812","Czechia","Ve1","Tree",2024-06-06,"Apidae",1,1,"TDB240369","Lasioglossum villosulum","F","","Pan trap","Tim De Blanck","Ad","Halictidae","Hymenoptera","bees"
"1813","Czechia","Ve1","Tree",2024-06-06,"Apidae",1,1,"TDB240370","Lasioglossum pauxillum","F","","Pan trap","Tim De Blanck","Ad","Halictidae","Hymenoptera","bees"
"1814","Czechia","Ve1","Tree",2024-06-06,"Apidae",1,1,"TDB240371","Crabronidae indet.","","","Pan trap","Tim De Blanck","Ad","Crabronidae","Hymenoptera","wasps"
"1815","Czechia","Ve1","Crtl2",2024-06-06,"Apidae",1,1,"TDB240372","Apis mellifera","F","","Pan trap","Tim De Blanck","Ad","Apidae","Hymenoptera","bees"
"1816","Czechia","Ve1","Crtl2",2024-06-06,"Apidae",1,1,"TDB240373","Apis mellifera","F","","Pan trap","Tim De Blanck","Ad","Apidae","Hymenoptera","bees"
"1817","Czechia","Ve1","Crtl2",2024-06-06,"Apidae",1,1,"TDB240374","Halictus (Monilapis) spec.","F","","Pan trap","Tim De Blanck","Ad","Halictidae","Hymenoptera","bees"
"1818","Czechia","Ve2","Tree",2024-06-06,"Apidae",1,1,"TDB240375","Apis mellifera","F","","Pan trap","Tim De Blanck","Ad","Apidae","Hymenoptera","bees"
"1819","Czechia","Ve2","Tree",2024-06-06,"Apidae",1,1,"TDB240376","Lasioglossum malachurum","F","","Pan trap","Tim De Blanck","Ad","Halictidae","Hymenoptera","bees"
"1820","Czechia","Ve2","Tree",2024-06-06,"Apidae",1,1,"TDB240377","Lasioglossum malachurum","F","","Pan trap","Tim De Blanck","Ad","Halictidae","Hymenoptera","bees"
"1821","Czechia","Ve2","Tree",2024-06-06,"Apidae",1,1,"TDB240378","Lasioglossum pauxillum","F","","Pan trap","Tim De Blanck","Ad","Halictidae","Hymenoptera","bees"
"1822","Czechia","Ve2","Tree",2024-06-06,"Apidae",1,1,"TDB240379","Lasioglossum pauxillum","F","","Pan trap","Tim De Blanck","Ad","Halictidae","Hymenoptera","bees"
"1823","Czechia","Za1","Field",2024-06-02,"Apidae",1,1,"TDB240380","Lasioglossum malachurum","F","","Pan trap","Tim De Blanck","Ad","Halictidae","Hymenoptera","bees"
"1824","Czechia","Za1","Field",2024-06-02,"Apidae",1,1,"TDB240381","Lasioglossum malachurum","F","","Pan trap","Tim De Blanck","Ad","Halictidae","Hymenoptera","bees"
"1825","Czechia","Za1","Field",2024-06-02,"Apidae",1,1,"TDB240382","Lasioglossum malachurum","F","","Pan trap","Tim De Blanck","Ad","Halictidae","Hymenoptera","bees"
"1826","Czechia","Ve1","Crtl1",2024-06-06,"Apidae",1,1,"TDB240383","Andrena labialis","F","","Pan trap","Tim De Blanck","Ad","Andrenidae","Hymenoptera","bees"
"1827","Czechia","Ve1","Crtl1",2024-06-06,"Apidae",1,1,"TDB240384","Halictus scabiosae","F","","Pan trap","Tim De Blanck","Ad","Halictidae","Hymenoptera","bees"
"1828","Czechia","Ve1","Crtl1",2024-06-06,"Apidae",1,1,"TDB240385","Seladonia tumulorum","F","","Pan trap","Tim De Blanck","Ad","Halictidae","Hymenoptera","bees"
"1829","Czechia","Ve1","Crtl1",2024-06-06,"Apidae",1,1,"TDB240386","Hylaeus nigritus","M","","Pan trap","Tim De Blanck","Ad","Colletidae","Hymenoptera","bees"
"1830","Czechia","Za1","Crtl1",2024-06-02,"Apidae",1,1,"TDB240387","Lasioglossum malachurum","F","","Pan trap","Tim De Blanck","Ad","Halictidae","Hymenoptera","bees"
"1831","Czechia","Hu1","Tree",2024-06-06,"Apidae",1,1,"TDB240388","Lasioglossum semilucens","F","","Pan trap","Tim De Blanck","Ad","Halictidae","Hymenoptera","bees"
"1832","Czechia","Pr1","Field",2024-06-04,"Apidae",1,1,"TDB240389","Lasioglossum villosulum","F","","Pan trap","Tim De Blanck","Ad","Halictidae","Hymenoptera","bees"
"1833","Czechia","Sa2","Field",2024-05-31,"Apidae",1,1,"TDB240390","Halictus subauratus","F","","Pan trap","Tim De Blanck","Ad","Halictidae","Hymenoptera","bees"
"1834","Czechia","Sa2","Tree",2024-05-31,"Apidae",1,1,"TDB240391","Apis mellifera","F","","Pan trap","Tim De Blanck","Ad","Apidae","Hymenoptera","bees"
"1835","Czechia","Sa2","Tree",2024-05-31,"Apidae",1,1,"TDB240392","Andrena flavipes","M","","Pan trap","Tim De Blanck","Ad","Andrenidae","Hymenoptera","bees"
"1836","Portugal","MV1","Crtl2",2024-12-08,"Apidae",1,2,"TDB240393","Eucera notata","M","","Pan trap","Achik Dorchin","Ad","Apidae","Hymenoptera","bees"
"1837","Portugal","MV3","Crtl1",2024-12-10,"Apidae",1,2,"TDB240394","Apis mellifera","F","","Pan trap","Tim De Blanck","Ad","Apidae","Hymenoptera","bees"
"1838","Portugal","MV3","Crtl1",2024-12-10,"Apidae",1,2,"TDB240395","Lasioglossum algericolellum","F","","Pan trap","Simone Flaminio","Ad","Halictidae","Hymenoptera","bees"
"1839","Portugal","MV3","Tree",2024-12-10,"Apidae",1,2,"TDB240396","Apis mellifera","F","","Pan trap","Tim De Blanck","Ad","Apidae","Hymenoptera","bees"
"1840","Portugal","MV1","Crtl1",2024-12-08,"Apidae",1,2,"TDB240397","Apis mellifera","F","","Pan trap","Tim De Blanck","Ad","Apidae","Hymenoptera","bees"
"1841","Portugal","JS1","Field",2024-12-02,"Apidae",1,2,"TDB240398","Lasioglossum pauperatum","","","Pan trap","Simone Flaminio","Ad","Halictidae","Hymenoptera","bees"
"1842","Portugal","JS2","Field",2024-12-02,"Apidae",1,2,"TDB240399","Lasioglossum algericolellum","F","","Pan trap","Simone Flaminio","Ad","Halictidae","Hymenoptera","bees"
"1843","Portugal","Mo1","Tree",2024-12-06,"Apidae",1,2,"TDB240400","Lasioglossum algericolellum","F","","Pan trap","Simone Flaminio","Ad","Halictidae","Hymenoptera","bees"
"1844","Portugal","MV1","Field",2024-12-08,"Apidae",1,2,"TDB240401","Lasioglossum algericolellum","F","","Pan trap","Simone Flaminio","Ad","Halictidae","Hymenoptera","bees"
"1845","Portugal","JS2","Crtl2",2024-12-02,"Apidae",1,2,"TDB240402","Lasioglossum algericolellum","F","","Pan trap","Simone Flaminio","Ad","Halictidae","Hymenoptera","bees"
"1846","Portugal","MV1","Crtl2",2024-12-08,"Apidae",1,2,"TDB240403","Lasioglossum algericolellum","F","","Pan trap","Simone Flaminio","Ad","Halictidae","Hymenoptera","bees"
"1847","Portugal","MV1","Crtl2",2024-12-08,"Apidae",1,2,"TDB240404","Lasioglossum algericolellum","F","","Pan trap","Simone Flaminio","Ad","Halictidae","Hymenoptera","bees"
"1848","Portugal","Mo1","Crtl2",2024-12-06,"Apidae",1,2,"TDB240405","Eucera notata","M","","Pan trap","Achik Dorchin","Ad","Apidae","Hymenoptera","bees"
"1849","Portugal","Mo1","Crtl2",2024-12-06,"Apidae",1,2,"TDB240406","Lasioglossum algericolellum","F","","Pan trap","Simone Flaminio","Ad","Halictidae","Hymenoptera","bees"
"1850","Portugal","Mo1","Crtl2",2024-12-06,"Apidae",1,2,"TDB240407","Lasioglossum algericolellum","F","","Pan trap","Simone Flaminio","Ad","Halictidae","Hymenoptera","bees"
"1851","Portugal","Mo1","Crtl2",2024-12-06,"Apidae",1,2,"TDB240408","Lasioglossum algericolellum","F","","Pan trap","Simone Flaminio","Ad","Halictidae","Hymenoptera","bees"
"1852","Portugal","Mo1","Crtl2",2024-12-06,"Apidae",1,2,"TDB240410","Eucera notata","M","","Pan trap","Achik Dorchin","Ad","Apidae","Hymenoptera","bees"
"1853","Portugal","Mo1","Crtl1",2024-12-06,"Apidae",1,2,"TDB240411","Eucera notata","M","","Pan trap","Achik Dorchin","Ad","Apidae","Hymenoptera","bees"
"1854","Portugal","Mo1","Crtl1",2024-12-06,"Apidae",1,2,"TDB240412","Eucera notata","M","","Pan trap","Achik Dorchin","Ad","Apidae","Hymenoptera","bees"
"1855","Portugal","Mo1","Crtl1",2024-12-06,"Apidae",1,2,"TDB240413","Lasioglossum algericolellum","F","","Pan trap","Simone Flaminio","Ad","Halictidae","Hymenoptera","bees"
"1856","Portugal","Mo1","Crtl1",2024-12-06,"Apidae",1,2,"TDB240414","Lasioglossum algericolellum","F","","Pan trap","Simone Flaminio","Ad","Halictidae","Hymenoptera","bees"
"1857","Portugal","Mo1","Crtl1",2024-12-06,"Apidae",1,2,"TDB240415","Lasioglossum algericolellum","F","","Pan trap","Simone Flaminio","Ad","Halictidae","Hymenoptera","bees"
"1858","Portugal","JS1","Crtl2",2024-12-02,"Apidae",1,2,"TDB240417","Apis mellifera","F","","Pan trap","Tim De Blanck","Ad","Apidae","Hymenoptera","bees"
"1859","Portugal","Mo1","Field",2024-12-06,"Apidae",1,2,"TDB240418","Eucera notata","M","","Pan trap","Achik Dorchin","Ad","Apidae","Hymenoptera","bees"
"1860","Portugal","Mo1","Field",2024-12-06,"Apidae",1,2,"TDB240419","Eucera notata","M","","Pan trap","Achik Dorchin","Ad","Apidae","Hymenoptera","bees"
"1861","Portugal","Mo1","Field",2024-12-06,"Apidae",1,2,"TDB240420","Eucera notata","M","","Pan trap","Achik Dorchin","Ad","Apidae","Hymenoptera","bees"
"1862","Portugal","Mo1","Field",2024-12-06,"Apidae",1,2,"TDB240421","Lasioglossum immunitum","F","","Pan trap","Simone Flaminio","Ad","Halictidae","Hymenoptera","bees"
"1863","Portugal","JS2","Crtl1",2024-12-02,"Apidae",1,2,"TDB240422","Lasioglossum algericolellum","F","","Pan trap","Simone Flaminio","Ad","Halictidae","Hymenoptera","bees"
"1864","Portugal","MV1","Crtl2",2024-03-19,"Apidae",1,1,"TDB240423","Andrena bellidis","M","","Pan trap","Tim De Blanck","Ad","Andrenidae","Hymenoptera","bees"
"1865","Portugal","JS2","Crtl1",2024-12-02,"Apidae",1,2,"TDB240424","Andrena rhenana","F","","Pan trap","Tim De Blanck","Ad","Andrenidae","Hymenoptera","bees"
"1866","Portugal","JS2","Crtl1",2024-12-02,"Apidae",1,2,"TDB240425","Andrena rhenana","M","","Pan trap","Tim De Blanck","Ad","Andrenidae","Hymenoptera","bees"
"1867","Portugal","MV1","Tree",2024-12-08,"Apidae",1,2,"TDB240426","Andrena rhenana","F","","Pan trap","Tim De Blanck","Ad","Andrenidae","Hymenoptera","bees"
"1868","Portugal","JS2","Field",2024-12-02,"Apidae",1,2,"TDB240427","Eucera notata","M","","Pan trap","Achik Dorchin","Ad","Apidae","Hymenoptera","bees"
"1869","Portugal","MV2","Crtl2",2024-12-08,"Apidae",1,2,"TDB240428","Lasioglossum dusmeti","F","","Pan trap","Simone Flaminio","Ad","Halictidae","Hymenoptera","bees"
"1870","Portugal","MV2","Crtl2",2024-12-08,"Apidae",1,2,"TDB240429","Lasioglossum pauperatum","","","Pan trap","Simone Flaminio","Ad","Halictidae","Hymenoptera","bees"
"1871","Portugal","MV2","Crtl2",2024-12-08,"Apidae",1,2,"TDB240430","Lasioglossum algericolellum","F","","Pan trap","Simone Flaminio","Ad","Halictidae","Hymenoptera","bees"
"1872","Portugal","JS1","Crtl1",2024-03-23,"Apidae",1,1,"TDB240431","Lasioglossum algericolellum","F","","Pan trap","Simone Flaminio","Ad","Halictidae","Hymenoptera","bees"
"1873","Portugal","MV3","Crtl2",2024-03-21,"Apidae",1,1,"TDB240432","Apis mellifera","F","","Pan trap","Tim De Blanck","Ad","Apidae","Hymenoptera","bees"
"1874","Portugal","MV3","Crtl2",2024-03-21,"Apidae",1,1,"TDB240433","Apis mellifera","F","","Pan trap","Tim De Blanck","Ad","Apidae","Hymenoptera","bees"
"1875","Portugal","MV3","Crtl2",2024-03-21,"Apidae",1,1,"TDB240434","Apis mellifera","F","","Pan trap","Tim De Blanck","Ad","Apidae","Hymenoptera","bees"
"1876","France","PL3","Tree",2024-04-02,"Apidae",1,1,"TDB240435","Sphecodes ruficrus","M","","Pan trap","Tim De Blanck","Ad","Halictidae","Hymenoptera","bees"
"1877","France","Ca1","Crtl1",2024-04-04,"Apidae",1,1,"TDB240436","Apis mellifera","F","","Pan trap","Tim De Blanck","Ad","Apidae","Hymenoptera","bees"
"1878","France","Ca1","Crtl1",2024-04-04,"Apidae",1,1,"TDB240437","Apis mellifera","F","","Pan trap","Tim De Blanck","Ad","Apidae","Hymenoptera","bees"
"1879","France","Ca1","Crtl1",2024-04-04,"Apidae",1,1,"TDB240438","Apis mellifera","F","","Pan trap","Tim De Blanck","Ad","Apidae","Hymenoptera","bees"
"1880","France","Ca1","Crtl1",2024-04-04,"Apidae",1,1,"TDB240439","Apis mellifera","F","","Pan trap","Tim De Blanck","Ad","Apidae","Hymenoptera","bees"
"1881","France","Ca1","Crtl1",2024-04-04,"Apidae",1,1,"TDB240440","Andrena flavipes","F","","Pan trap","Tim De Blanck","Ad","Andrenidae","Hymenoptera","bees"
"1882","France","Ca1","Crtl1",2024-04-04,"Apidae",1,1,"TDB240441","Andrena rhenana","F","","Pan trap","Tim De Blanck","Ad","Andrenidae","Hymenoptera","bees"
"1883","France","Ca1","Crtl1",2024-04-04,"Apidae",1,1,"TDB240442","Nomada flavoguttata","M","","Pan trap","Tim De Blanck","Ad","Apidae","Hymenoptera","bees"
"1884","France","Pe1","Field",2024-03-30,"Apidae",1,1,"TDB240443","Apis mellifera","F","","Pan trap","Tim De Blanck","Ad","Apidae","Hymenoptera","bees"
"1885","France","Pe1","Field",2024-03-30,"Apidae",1,1,"TDB240444","Andrena propinqua","F","","Pan trap","Tim De Blanck","Ad","Andrenidae","Hymenoptera","bees"
"1886","France","Pe1","Field",2024-03-30,"Apidae",1,1,"TDB240445","Lasioglossum villosulum","F","","Pan trap","Tim De Blanck","Ad","Halictidae","Hymenoptera","bees"
"1887","France","Pe1","Field",2024-03-30,"Apidae",1,1,"TDB240446","Nomada corcyraea","","","Pan trap","Tim De Blanck","Ad","Apidae","Hymenoptera","bees"
"1888","France","Pe1","Field",2024-03-30,"Apidae",1,1,"TDB240447","Andrena propinqua","F","","Pan trap","Tim De Blanck","Ad","Andrenidae","Hymenoptera","bees"
"1889","France","PL2","Crtl2",2024-04-02,"Apidae",1,1,"TDB240448","Apis mellifera","F","","Pan trap","Tim De Blanck","Ad","Apidae","Hymenoptera","bees"
"1890","France","Ca1","Crtl2",2024-04-04,"Apidae",1,1,"TDB240449","Apis mellifera","F","","Pan trap","Tim De Blanck","Ad","Apidae","Hymenoptera","bees"
"1891","France","Ca1","Crtl2",2024-04-04,"Apidae",1,1,"TDB240450","Andrena nana","F","","Pan trap","Tim De Blanck","Ad","Andrenidae","Hymenoptera","bees"
"1892","France","Ca1","Crtl2",2024-04-04,"Apidae",1,1,"TDB240451","Nomada flavoguttata","F","","Pan trap","Tim De Blanck","Ad","Apidae","Hymenoptera","bees"
"1893","France","Ca1","Crtl2",2024-04-04,"Apidae",1,1,"TDB240452","Nomada flavoguttata","F","","Pan trap","Tim De Blanck","Ad","Apidae","Hymenoptera","bees"
"1894","France","PL3","Crtl2",2024-04-02,"Apidae",1,1,"TDB240453","Bombus terrestris/lucorum/magnus/cryptarum","F","","Pan trap","Tim De Blanck","Ad","Apidae","Hymenoptera","bees"
"1895","France","PL3","Crtl2",2024-04-02,"Apidae",1,1,"TDB240454","Bombus terrestris/lucorum/magnus/cryptarum","F","","Pan trap","Tim De Blanck","Ad","Apidae","Hymenoptera","bees"
"1896","France","PL3","Crtl2",2024-04-02,"Apidae",1,1,"TDB240455","Bombus terrestris/lucorum/magnus/cryptarum","F","","Pan trap","Tim De Blanck","Ad","Apidae","Hymenoptera","bees"
"1897","France","PL3","Crtl2",2024-04-02,"Apidae",1,1,"TDB240456","Osmia aurulenta","M","","Pan trap","Tim De Blanck","Ad","Megachilidae","Hymenoptera","bees"
"1898","France","PL3","Crtl2",2024-04-02,"Apidae",1,1,"TDB240457","Osmia aurulenta","M","","Pan trap","Tim De Blanck","Ad","Megachilidae","Hymenoptera","bees"
"1899","France","PL3","Crtl2",2024-04-02,"Apidae",1,1,"TDB240458","Lasioglossum malachurum","F","","Pan trap","Tim De Blanck","Ad","Halictidae","Hymenoptera","bees"
"1900","France","PL3","Crtl2",2024-04-02,"Apidae",1,1,"TDB240459","Lasioglossum spec.","","","Pan trap","Tim De Blanck","Ad","Halictidae","Hymenoptera","bees"
"1901","France","PL3","Crtl1",2024-04-02,"Apidae",1,1,"TDB240460","Andrena humilis","F","","Pan trap","Tim De Blanck","Ad","Andrenidae","Hymenoptera","bees"
"1902","France","PL3","Crtl1",2024-04-02,"Apidae",1,1,"TDB240461","Andrena dorsata","F","","Pan trap","Tim De Blanck","Ad","Andrenidae","Hymenoptera","bees"
"1903","France","PL3","Crtl1",2024-04-02,"Apidae",1,1,"TDB240462","Lasioglossum transitorium","F","","Pan trap","Tim De Blanck","Ad","Halictidae","Hymenoptera","bees"
"1904","France","PL3","Crtl1",2024-04-02,"Apidae",1,1,"TDB240463","Lasioglossum transitorium","F","","Pan trap","Tim De Blanck","Ad","Halictidae","Hymenoptera","bees"
"1905","France","PL3","Crtl1",2024-04-02,"Apidae",1,1,"TDB240464","Andrena humilis","F","","Pan trap","Tim De Blanck","Ad","Andrenidae","Hymenoptera","bees"
"1906","France","Ca1","Tree",2024-04-04,"Apidae",1,1,"TDB240465","Nomada flavoguttata","F","","Pan trap","Tim De Blanck","Ad","Apidae","Hymenoptera","bees"
"1907","France","ND1","Field",2024-04-04,"Apidae",1,1,"TDB240466","Andrena rhenana","F","","Pan trap","Tim De Blanck","Ad","Andrenidae","Hymenoptera","bees"
"1908","France","ND1","Field",2024-04-04,"Apidae",1,1,"TDB240467","Lasioglossum subhirtum","F","","Pan trap","Tim De Blanck","Ad","Halictidae","Hymenoptera","bees"
"1909","France","ND1","Field",2024-04-04,"Apidae",1,1,"TDB240468","Andrena lagopus","F","","Pan trap","Tim De Blanck","Ad","Andrenidae","Hymenoptera","bees"
"1910","France","PL3","Field",2024-04-02,"Apidae",1,1,"TDB240469","Apis mellifera","F","","Pan trap","Tim De Blanck","Ad","Apidae","Hymenoptera","bees"
"1911","France","PL1","Field",2024-03-30,"Apidae",1,1,"TDB240470","Andrena flavipes","F","","Pan trap","Tim De Blanck","Ad","Andrenidae","Hymenoptera","bees"
"1912","France","PL1","Crtl2",2024-03-30,"Apidae",1,1,"TDB240471","Andrena thoracica","F","","Pan trap","Tim De Blanck","Ad","Andrenidae","Hymenoptera","bees"
"1913","France","PL1","Crtl2",2024-03-30,"Apidae",1,1,"TDB240472","Andrena propinqua","F","","Pan trap","Tim De Blanck","Ad","Andrenidae","Hymenoptera","bees"
"1914","France","PL1","Crtl2",2024-03-30,"Apidae",1,1,"TDB240473","Andrena spec.","","","Pan trap","Tim De Blanck","Ad","Andrenidae","Hymenoptera","bees"
"1915","France","ND1","Crtl2",2024-04-04,"Apidae",1,1,"TDB240474","Andrena mucida","F","","Pan trap","Tim De Blanck","Ad","Andrenidae","Hymenoptera","bees"
"1916","France","Ca1","Crtl2",2024-04-04,"Apidae",1,1,"TDB240475","Apis mellifera","F","","Pan trap","Tim De Blanck","Ad","Apidae","Hymenoptera","bees"
"1917","France","Ca1","Crtl2",2024-04-04,"Apidae",1,1,"TDB240476","Apis mellifera","F","","Pan trap","Tim De Blanck","Ad","Apidae","Hymenoptera","bees"
"1918","France","Pe1","Tree",2024-03-30,"Apidae",1,1,"TDB240477","Andrena spreta","","","Pan trap","Tim De Blanck","Ad","Andrenidae","Hymenoptera","bees"
"1919","France","PL2","Field",2024-04-02,"Apidae",1,1,"TDB240478","Andrena humilis","F","","Pan trap","Tim De Blanck","Ad","Andrenidae","Hymenoptera","bees"
"1920","France","PL3","Field",2024-04-02,"Apidae",1,1,"TDB240479","Osmia rufohirta","M","","Pan trap","Tim De Blanck","Ad","Megachilidae","Hymenoptera","bees"
"1921","France","PL3","Field",2024-04-02,"Apidae",1,1,"TDB240480","Andrena niveata","F","","Pan trap","Tim De Blanck","Ad","Andrenidae","Hymenoptera","bees"
"1922","France","PL3","Field",2024-04-02,"Apidae",1,1,"TDB240481","Lasioglossum glabriusculum","F","","Pan trap","Tim De Blanck","Ad","Halictidae","Hymenoptera","bees"
"1923","France","Ca1","Field",2024-04-04,"Apidae",1,1,"TDB240482","Apis mellifera","F","","Pan trap","Tim De Blanck","Ad","Apidae","Hymenoptera","bees"
"1924","France","Ca1","Field",2024-04-04,"Apidae",1,1,"TDB240483","Bombus terrestris/lucorum/magnus/cryptarum","F","","Pan trap","Tim De Blanck","Ad","Apidae","Hymenoptera","bees"
"1925","France","PL2","Crtl1",2024-04-02,"Apidae",1,1,"TDB240485","Andrena limata","F","","Pan trap","Tim De Blanck","Ad","Andrenidae","Hymenoptera","bees"
"1926","France","PL1","Crtl1",2024-03-30,"Apidae",1,1,"TDB240486","Andrena spec.","","","Pan trap","Tim De Blanck","Ad","Andrenidae","Hymenoptera","bees"
"1927","France","ND1","Crtl1",2024-04-04,"Apidae",1,1,"TDB240487","Halictus spec.","","","Pan trap","Tim De Blanck","Ad","Halictidae","Hymenoptera","bees"
"1928","France","ND1","Crtl1",2024-04-04,"Apidae",1,1,"TDB240488","Andrena spec.","","","Pan trap","Tim De Blanck","Ad","Andrenidae","Hymenoptera","bees"
"1929","France","PL3","Field",2024-04-02,"Apidae",1,1,"TDB240490","Andrena spec.","","","Pan trap","Tim De Blanck","Ad","Andrenidae","Hymenoptera","bees"
"1930","France","PL1","Field",2024-03-30,"Apidae",1,1,"TDB240491","Eucera nigrescens","M","","Pan trap","Tim De Blanck","Ad","Apidae","Hymenoptera","bees"
"1931","Czechia","Ve1","Field",2024-09-27,"Apidae",1,2,"TDB240493","Apis mellifera","F","","Pan trap","Tim De Blanck","Ad","Apidae","Hymenoptera","bees"
"1932","Czechia","Pr1","Field",2024-06-04,"Apidae",1,1,"TDB240495","Apis mellifera","F","","Pan trap","Tim De Blanck","Ad","Apidae","Hymenoptera","bees"
"1933","Czechia","Sa2","Crtl1",2024-05-31,"Apidae",1,1,"TDB240497","Apis mellifera","F","","Pan trap","Tim De Blanck","Ad","Apidae","Hymenoptera","bees"
"1934","Czechia","Sa2","Crtl1",2024-09-19,"Apidae",1,2,"TDB240498","Apis mellifera","F","","Pan trap","Tim De Blanck","Ad","Apidae","Hymenoptera","bees"
"1935","Czechia","Sa2","Crtl2",2024-09-19,"Apidae",1,2,"TDB240504","Apis mellifera","F","","Pan trap","Tim De Blanck","Ad","Apidae","Hymenoptera","bees"
"1936","Czechia","Sa2","Crtl2",2024-09-19,"Apidae",1,2,"TDB240505","Andrena flavipes","F","","Pan trap","Tim De Blanck","Ad","Andrenidae","Hymenoptera","bees"
"1937","Czechia","Za1","Field",2024-09-23,"Apidae",1,2,"TDB240507","Apis mellifera","F","","Pan trap","Tim De Blanck","Ad","Apidae","Hymenoptera","bees"
"1938","Czechia","Za1","Field",2024-09-23,"Apidae",1,2,"TDB240508","Apis mellifera","F","","Pan trap","Tim De Blanck","Ad","Apidae","Hymenoptera","bees"
"1939","Czechia","Za1","Field",2024-09-23,"Apidae",1,2,"TDB240509","Apis mellifera","F","","Pan trap","Tim De Blanck","Ad","Apidae","Hymenoptera","bees"
"1940","Czechia","Za1","Field",2024-09-23,"Apidae",1,2,"TDB240510","Apis mellifera","F","","Pan trap","Tim De Blanck","Ad","Apidae","Hymenoptera","bees"
"1941","Czechia","Za1","Field",2024-09-23,"Apidae",1,2,"TDB240511","Apis mellifera","F","","Pan trap","Tim De Blanck","Ad","Apidae","Hymenoptera","bees"
"1942","Czechia","Za1","Field",2024-09-23,"Apidae",1,2,"TDB240512","Apis mellifera","F","","Pan trap","Tim De Blanck","Ad","Apidae","Hymenoptera","bees"
"1943","Czechia","Za1","Field",2024-09-23,"Apidae",1,2,"TDB240513","Seladonia subaurata","F","","Pan trap","Tim De Blanck","Ad","Halictidae","Hymenoptera","bees"
"1944","Czechia","Za1","Field",2024-09-23,"Apidae",1,2,"TDB240514","Lasioglossum malachurum","F","","Pan trap","Tim De Blanck","Ad","Halictidae","Hymenoptera","bees"
"1945","Czechia","Sa2","Tree",2024-09-19,"Apidae",1,2,"TDB240515","Andrena flavipes","M","","Pan trap","Tim De Blanck","Ad","Andrenidae","Hymenoptera","bees"
"1946","Czechia","Sa2","Tree",2024-09-19,"Apidae",1,2,"TDB240516","Lasioglossum politum","M","","Pan trap","Tim De Blanck","Ad","Halictidae","Hymenoptera","bees"
"1947","Czechia","Sa2","Tree",2024-09-19,"Apidae",1,2,"TDB240517","Lasioglossum politum","M","","Pan trap","Tim De Blanck","Ad","Halictidae","Hymenoptera","bees"
"1948","Czechia","Sa2","Tree",2024-09-19,"Apidae",1,2,"TDB240518","Lasioglossum politum","M","","Pan trap","Tim De Blanck","Ad","Halictidae","Hymenoptera","bees"
"1949","Czechia","Sa2","Tree",2024-09-19,"Apidae",1,2,"TDB240519","Lasioglossum glabriusculum","F","","Pan trap","Tim De Blanck","Ad","Halictidae","Hymenoptera","bees"
"1950","Czechia","Sa2","Tree",2024-09-19,"Apidae",1,2,"TDB240520","Halictus simplex","M","","Pan trap","Tim De Blanck","Ad","Halictidae","Hymenoptera","bees"
"1951","Czechia","Sa2","Tree",2024-09-19,"Apidae",1,2,"TDB240521","Lasioglossum politum","F","","Pan trap","Tim De Blanck","Ad","Halictidae","Hymenoptera","bees"
"1952","Czechia","Sa2","Tree",2024-09-19,"Apidae",1,2,"TDB240522","Lasioglossum politum","M","","Pan trap","Tim De Blanck","Ad","Halictidae","Hymenoptera","bees"
"1953","Czechia","Sa2","Tree",2024-09-19,"Apidae",1,2,"TDB240523","Lasioglossum glabriusculum","F","","Pan trap","Tim De Blanck","Ad","Halictidae","Hymenoptera","bees"
"1954","Czechia","Sa2","Tree",2024-09-19,"Apidae",1,2,"TDB240524","Lasioglossum politum","M","","Pan trap","Tim De Blanck","Ad","Halictidae","Hymenoptera","bees"
"1955","Czechia","Sa2","Tree",2024-09-19,"Apidae",1,2,"TDB240525","Lasioglossum politum","M","","Pan trap","Tim De Blanck","Ad","Halictidae","Hymenoptera","bees"
"1956","Czechia","Sa2","Tree",2024-09-19,"Apidae",1,2,"TDB240526","Lasioglossum politum","M","","Pan trap","Tim De Blanck","Ad","Halictidae","Hymenoptera","bees"
"1957","Czechia","Sa2","Tree",2024-09-19,"Apidae",1,2,"TDB240527","Ceratina cyanea","M","","Pan trap","Tim De Blanck","Ad","Apidae","Hymenoptera","bees"
"1958","Czechia","Sa2","Tree",2024-09-19,"Apidae",1,2,"TDB240528","Lasioglossum glabriusculum","F","","Pan trap","Tim De Blanck","Ad","Halictidae","Hymenoptera","bees"
"1959","Czechia","Sa2","Tree",2024-09-19,"Apidae",1,2,"TDB240529","Lasioglossum politum","M","","Pan trap","Tim De Blanck","Ad","Halictidae","Hymenoptera","bees"
"1960","Czechia","Sa2","Tree",2024-09-19,"Apidae",1,2,"TDB240530","Lasioglossum politum","M","","Pan trap","Tim De Blanck","Ad","Halictidae","Hymenoptera","bees"
"1961","Czechia","Sa2","Tree",2024-09-19,"Apidae",1,2,"TDB240531","Lasioglossum politum","M","","Pan trap","Tim De Blanck","Ad","Halictidae","Hymenoptera","bees"
"1962","Czechia","Sa2","Tree",2024-09-19,"Apidae",1,2,"TDB240532","Lasioglossum politum","M","","Pan trap","Tim De Blanck","Ad","Halictidae","Hymenoptera","bees"
"1963","Czechia","Sa2","Tree",2024-09-19,"Apidae",1,2,"TDB240533","Lasioglossum glabriusculum","M","","Pan trap","Tim De Blanck","Ad","Halictidae","Hymenoptera","bees"
"1964","Czechia","Sa2","Tree",2024-09-19,"Apidae",1,2,"TDB240534","Lasioglossum politum","M","","Pan trap","Tim De Blanck","Ad","Halictidae","Hymenoptera","bees"
"1965","Czechia","Sa2","Tree",2024-09-19,"Apidae",1,2,"TDB240535","Lasioglossum morio","M","","Pan trap","Tim De Blanck","Ad","Halictidae","Hymenoptera","bees"
"1966","Czechia","Za1","Crtl1",2024-09-23,"Apidae",1,2,"TDB240536","Apis mellifera","F","","Pan trap","Tim De Blanck","Ad","Apidae","Hymenoptera","bees"
"1967","Czechia","Za1","Crtl1",2024-09-23,"Apidae",1,2,"TDB240537","Apis mellifera","F","","Pan trap","Tim De Blanck","Ad","Apidae","Hymenoptera","bees"
"1968","Czechia","Za1","Crtl1",2024-09-23,"Apidae",1,2,"TDB240538","Apis mellifera","F","","Pan trap","Tim De Blanck","Ad","Apidae","Hymenoptera","bees"
"1969","Czechia","Za1","Crtl1",2024-09-23,"Apidae",1,2,"TDB240539","Apis mellifera","F","","Pan trap","Tim De Blanck","Ad","Apidae","Hymenoptera","bees"
"1970","Czechia","Za1","Crtl1",2024-09-23,"Apidae",1,2,"TDB240540","Apis mellifera","F","","Pan trap","Tim De Blanck","Ad","Apidae","Hymenoptera","bees"
"1971","Czechia","Za1","Crtl1",2024-09-23,"Apidae",1,2,"TDB240541","Apis mellifera","F","","Pan trap","Tim De Blanck","Ad","Apidae","Hymenoptera","bees"
"1972","Czechia","Za1","Crtl1",2024-09-23,"Apidae",1,2,"TDB240542","Apis mellifera","F","","Pan trap","Tim De Blanck","Ad","Apidae","Hymenoptera","bees"
"1973","Czechia","Za1","Crtl1",2024-09-23,"Apidae",1,2,"TDB240543","Apis mellifera","F","","Pan trap","Tim De Blanck","Ad","Apidae","Hymenoptera","bees"
"1974","Czechia","Za1","Crtl1",2024-09-23,"Apidae",1,2,"TDB240544","Lasioglossum malachurum","F","","Pan trap","Tim De Blanck","Ad","Halictidae","Hymenoptera","bees"
"1975","Czechia","Za1","Crtl1",2024-09-23,"Apidae",1,2,"TDB240545","Halictus scabiosae","M","","Pan trap","Tim De Blanck","Ad","Halictidae","Hymenoptera","bees"
"1976","Czechia","Za1","Tree",2024-09-23,"Apidae",1,2,"TDB240546","Apis mellifera","F","","Pan trap","Tim De Blanck","Ad","Apidae","Hymenoptera","bees"
"1977","Czechia","Za1","Tree",2024-09-23,"Apidae",1,2,"TDB240547","Apis mellifera","F","","Pan trap","Tim De Blanck","Ad","Apidae","Hymenoptera","bees"
"1978","Czechia","Za1","Tree",2024-09-23,"Apidae",1,2,"TDB240548","Apis mellifera","F","","Pan trap","Tim De Blanck","Ad","Apidae","Hymenoptera","bees"
"1979","Czechia","Za1","Tree",2024-09-23,"Apidae",1,2,"TDB240549","Apis mellifera","F","","Pan trap","Tim De Blanck","Ad","Apidae","Hymenoptera","bees"
"1980","Czechia","Za1","Tree",2024-09-23,"Apidae",1,2,"TDB240551","Apis mellifera","F","","Pan trap","Tim De Blanck","Ad","Apidae","Hymenoptera","bees"
"1981","Czechia","Za1","Tree",2024-09-23,"Apidae",1,2,"TDB240552","Halictus (Monilapis) spec.","F","","Pan trap","Tim De Blanck","Ad","Halictidae","Hymenoptera","bees"
"1982","Czechia","Za1","Tree",2024-09-23,"Apidae",1,2,"TDB240553","Halictus (Monilapis) spec.","F","","Pan trap","Tim De Blanck","Ad","Halictidae","Hymenoptera","bees"
"1983","Czechia","Za1","Tree",2024-09-23,"Apidae",1,2,"TDB240554","Bombus sylvarum","F","","Pan trap","Tim De Blanck","Ad","Apidae","Hymenoptera","bees"
"1984","Czechia","Sa1","Tree",2024-09-19,"Apidae",1,2,"TDB240555","Apis mellifera","F","","Pan trap","Tim De Blanck","Ad","Apidae","Hymenoptera","bees"
"1985","Czechia","Sa1","Tree",2024-09-19,"Apidae",1,2,"TDB240556","Apis mellifera","F","","Pan trap","Tim De Blanck","Ad","Apidae","Hymenoptera","bees"
"1986","Czechia","Sa1","Tree",2024-09-19,"Apidae",1,2,"TDB240558","Apis mellifera","F","","Pan trap","Tim De Blanck","Ad","Apidae","Hymenoptera","bees"
"1987","Czechia","Sa1","Tree",2024-09-19,"Apidae",1,2,"TDB240559","Apis mellifera","F","","Pan trap","Tim De Blanck","Ad","Apidae","Hymenoptera","bees"
"1988","Czechia","Sa1","Tree",2024-09-19,"Apidae",1,2,"TDB240560","Lasioglossum morio","M","","Pan trap","Tim De Blanck","Ad","Halictidae","Hymenoptera","bees"
"1989","Czechia","Sa1","Tree",2024-09-19,"Apidae",1,2,"TDB240561","Crabronidae indet.","F","","Pan trap","Tim De Blanck","Ad","Crabronidae","Hymenoptera","wasps"
"1990","Czechia","Sa2","Crtl2",2024-09-19,"Apidae",1,2,"TDB240562","Apis mellifera","F","","Pan trap","Tim De Blanck","Ad","Apidae","Hymenoptera","bees"
"1991","Czechia","Sa2","Crtl2",2024-09-19,"Apidae",1,2,"TDB240563","Apis mellifera","F","","Pan trap","Tim De Blanck","Ad","Apidae","Hymenoptera","bees"
"1992","Czechia","Sa2","Crtl2",2024-09-19,"Apidae",1,2,"TDB240564","Apis mellifera","F","","Pan trap","Tim De Blanck","Ad","Apidae","Hymenoptera","bees"
"1993","Czechia","Sa2","Crtl2",2024-09-19,"Apidae",1,2,"TDB240565","Apis mellifera","F","","Pan trap","Tim De Blanck","Ad","Apidae","Hymenoptera","bees"
"1994","Czechia","Sa2","Crtl2",2024-09-19,"Apidae",1,2,"TDB240566","Apis mellifera","F","","Pan trap","Tim De Blanck","Ad","Apidae","Hymenoptera","bees"
"1995","Czechia","Sa2","Crtl2",2024-09-19,"Apidae",1,2,"TDB240567","Apis mellifera","F","","Pan trap","Tim De Blanck","Ad","Apidae","Hymenoptera","bees"
"1996","Czechia","Sa2","Crtl2",2024-09-19,"Apidae",1,2,"TDB240568","Apis mellifera","F","","Pan trap","Tim De Blanck","Ad","Apidae","Hymenoptera","bees"
"1997","Czechia","Sa2","Crtl2",2024-09-19,"Apidae",1,2,"TDB240569","Halictus quadricinctus","M","","Pan trap","Tim De Blanck","Ad","Halictidae","Hymenoptera","bees"
"1998","Czechia","Sa2","Crtl2",2024-09-19,"Apidae",1,2,"TDB240570","Halictus simplex","M","","Pan trap","Tim De Blanck","Ad","Halictidae","Hymenoptera","bees"
"1999","Czechia","Ve1","Field",2024-09-27,"Apidae",1,2,"TDB240571","Apis mellifera","F","","Pan trap","Tim De Blanck","Ad","Apidae","Hymenoptera","bees"
"2000","Czechia","Ve1","Field",2024-09-27,"Apidae",1,2,"TDB240572","Apis mellifera","F","","Pan trap","Tim De Blanck","Ad","Apidae","Hymenoptera","bees"
"2001","Czechia","Ve1","Field",2024-09-27,"Apidae",1,2,"TDB240573","Apis mellifera","F","","Pan trap","Tim De Blanck","Ad","Apidae","Hymenoptera","bees"
"2002","Czechia","Ve1","Field",2024-09-27,"Apidae",1,2,"TDB240574","Apis mellifera","F","","Pan trap","Tim De Blanck","Ad","Apidae","Hymenoptera","bees"
"2003","Czechia","Ve1","Field",2024-09-27,"Apidae",1,2,"TDB240575","Apis mellifera","F","","Pan trap","Tim De Blanck","Ad","Apidae","Hymenoptera","bees"
"2004","Czechia","Ve1","Field",2024-09-27,"Apidae",1,2,"TDB240576","Apis mellifera","F","","Pan trap","Tim De Blanck","Ad","Apidae","Hymenoptera","bees"
"2005","Czechia","Sa2","Crtl1",2024-09-19,"Apidae",1,2,"TDB240577","Apis mellifera","F","","Pan trap","Tim De Blanck","Ad","Apidae","Hymenoptera","bees"
"2006","Czechia","Sa2","Crtl1",2024-09-19,"Apidae",1,2,"TDB240578","Apis mellifera","F","","Pan trap","Tim De Blanck","Ad","Apidae","Hymenoptera","bees"
"2007","Czechia","Sa2","Crtl1",2024-09-19,"Apidae",1,2,"TDB240579","Apis mellifera","F","","Pan trap","Tim De Blanck","Ad","Apidae","Hymenoptera","bees"
"2008","Czechia","Sa2","Crtl1",2024-09-19,"Apidae",1,2,"TDB240580","Apis mellifera","F","","Pan trap","Tim De Blanck","Ad","Apidae","Hymenoptera","bees"
"2009","Czechia","Sa2","Crtl1",2024-09-19,"Apidae",1,2,"TDB240581","Apis mellifera","F","","Pan trap","Tim De Blanck","Ad","Apidae","Hymenoptera","bees"
"2010","Czechia","Sa2","Crtl1",2024-09-19,"Apidae",1,2,"TDB240582","Apis mellifera","F","","Pan trap","Tim De Blanck","Ad","Apidae","Hymenoptera","bees"
"2011","Czechia","Sa2","Crtl1",2024-09-19,"Apidae",1,2,"TDB240583","Apis mellifera","F","","Pan trap","Tim De Blanck","Ad","Apidae","Hymenoptera","bees"
"2012","Czechia","Sa2","Field",2024-09-19,"Apidae",1,2,"TDB240584","Apis mellifera","F","","Pan trap","Tim De Blanck","Ad","Apidae","Hymenoptera","bees"
"2013","Czechia","Sa2","Field",2024-09-19,"Apidae",1,2,"TDB240585","Apis mellifera","F","","Pan trap","Tim De Blanck","Ad","Apidae","Hymenoptera","bees"
"2014","Czechia","Sa2","Field",2024-09-19,"Apidae",1,2,"TDB240586","Apis mellifera","F","","Pan trap","Tim De Blanck","Ad","Apidae","Hymenoptera","bees"
"2015","Czechia","Sa2","Field",2024-09-19,"Apidae",1,2,"TDB240587","Apis mellifera","F","","Pan trap","Tim De Blanck","Ad","Apidae","Hymenoptera","bees"
"2016","Czechia","Sa2","Field",2024-09-19,"Apidae",1,2,"TDB240588","Halictus (Monilapis) spec.","F","","Pan trap","Tim De Blanck","Ad","Halictidae","Hymenoptera","bees"
"2017","Czechia","Sa2","Field",2024-09-19,"Apidae",1,2,"TDB240589","Lasioglossum glabriusculum","F","","Pan trap","Tim De Blanck","Ad","Halictidae","Hymenoptera","bees"
"2018","Czechia","Sa2","Field",2024-09-19,"Apidae",1,2,"TDB240590","Lasioglossum glabriusculum","F","","Pan trap","Tim De Blanck","Ad","Halictidae","Hymenoptera","bees"
"2019","Czechia","Sa2","Field",2024-09-19,"Apidae",1,2,"TDB240591","Lasioglossum minutissimum","F","","Pan trap","Tim De Blanck","Ad","Halictidae","Hymenoptera","bees"
"2020","Czechia","Sa2","Field",2024-09-19,"Apidae",1,2,"TDB240592","Halictus simplex","M","","Pan trap","Tim De Blanck","Ad","Halictidae","Hymenoptera","bees"
"2021","Czechia","Sa2","Field",2024-09-19,"Apidae",1,2,"TDB240593","Lasioglossum malachurum","M","","Pan trap","Tim De Blanck","Ad","Halictidae","Hymenoptera","bees"
"2022","Czechia","Sa2","Field",2024-09-19,"Apidae",1,2,"TDB240594","Lasioglossum politum","F","","Pan trap","Tim De Blanck","Ad","Halictidae","Hymenoptera","bees"
"2023","Czechia","Hu1","Crtl2",2024-09-27,"Apidae",1,2,"TDB240595","Apis mellifera","F","","Pan trap","Tim De Blanck","Ad","Apidae","Hymenoptera","bees"
"2024","Czechia","Hu1","Crtl2",2024-09-27,"Apidae",1,2,"TDB240596","Apis mellifera","F","","Pan trap","Tim De Blanck","Ad","Apidae","Hymenoptera","bees"
"2025","Czechia","Hu1","Crtl2",2024-09-27,"Apidae",1,2,"TDB240597","Apis mellifera","F","","Pan trap","Tim De Blanck","Ad","Apidae","Hymenoptera","bees"
"2026","Czechia","Hu1","Crtl2",2024-09-27,"Apidae",1,2,"TDB240598","Apis mellifera","F","","Pan trap","Tim De Blanck","Ad","Apidae","Hymenoptera","bees"
"2027","Czechia","Za1","Crtl2",2024-09-23,"Apidae",1,2,"TDB240599","Apis mellifera","F","","Pan trap","Tim De Blanck","Ad","Apidae","Hymenoptera","bees"
"2028","Czechia","Za1","Crtl2",2024-09-23,"Apidae",1,2,"TDB240600","Apis mellifera","F","","Pan trap","Tim De Blanck","Ad","Apidae","Hymenoptera","bees"
"2029","Czechia","Za1","Crtl2",2024-09-23,"Apidae",1,2,"TDB240601","Apis mellifera","F","","Pan trap","Tim De Blanck","Ad","Apidae","Hymenoptera","bees"
"2030","Czechia","Za1","Crtl2",2024-09-23,"Apidae",1,2,"TDB240602","Apis mellifera","F","","Pan trap","Tim De Blanck","Ad","Apidae","Hymenoptera","bees"
"2031","Czechia","Sa1","Crtl2",2024-09-19,"Apidae",1,2,"TDB240603","Apis mellifera","F","","Pan trap","Tim De Blanck","Ad","Apidae","Hymenoptera","bees"
"2032","Czechia","Sa1","Crtl2",2024-09-19,"Apidae",1,2,"TDB240604","Apis mellifera","F","","Pan trap","Tim De Blanck","Ad","Apidae","Hymenoptera","bees"
"2033","Czechia","Sa1","Crtl2",2024-09-19,"Apidae",1,2,"TDB240606","Halictus quadricinctus","F","","Pan trap","Tim De Blanck","Ad","Halictidae","Hymenoptera","bees"
"2034","Czechia","Ve1","Crtl1",2024-09-27,"Apidae",1,2,"TDB240607","Apis mellifera","F","","Pan trap","Tim De Blanck","Ad","Apidae","Hymenoptera","bees"
"2035","Czechia","Ve1","Crtl1",2024-09-27,"Apidae",1,2,"TDB240608","Apis mellifera","F","","Pan trap","Tim De Blanck","Ad","Apidae","Hymenoptera","bees"
"2036","Czechia","Hu1","Field",2024-09-27,"Apidae",1,2,"TDB240616","Apis mellifera","F","","Pan trap","Tim De Blanck","Ad","Apidae","Hymenoptera","bees"
"2037","Czechia","Pr1","Crtl2",2024-09-25,"Apidae",1,2,"TDB240617","Apis mellifera","F","","Pan trap","Tim De Blanck","Ad","Apidae","Hymenoptera","bees"
"2038","Czechia","Pr1","Crtl2",2024-09-25,"Apidae",1,2,"TDB240618","Apis mellifera","F","","Pan trap","Tim De Blanck","Ad","Apidae","Hymenoptera","bees"
"2039","Czechia","Pr1","Crtl2",2024-09-25,"Apidae",1,2,"TDB240619","Lasioglossum politum","F","","Pan trap","Tim De Blanck","Ad","Halictidae","Hymenoptera","bees"
"2040","Czechia","Ve1","Crtl2",2024-09-27,"Apidae",1,2,"TDB240620","Apis mellifera","F","","Pan trap","Tim De Blanck","Ad","Apidae","Hymenoptera","bees"
"2041","Czechia","Pr1","Crtl1",2024-09-25,"Apidae",1,2,"TDB240621","Apis mellifera","F","","Pan trap","Tim De Blanck","Ad","Apidae","Hymenoptera","bees"
"2042","Czechia","Pr1","Crtl1",2024-09-25,"Apidae",1,2,"TDB240622","Apis mellifera","F","","Pan trap","Tim De Blanck","Ad","Apidae","Hymenoptera","bees"
"2043","Czechia","Hu1","Crtl1",2024-09-27,"Apidae",1,2,"TDB240623","Apis mellifera","F","","Pan trap","Tim De Blanck","Ad","Apidae","Hymenoptera","bees"
"2044","Czechia","Sa1","Field",2024-09-19,"Apidae",1,2,"TDB240624","Seladonia tumulorum","M","","Pan trap","Tim De Blanck","Ad","Halictidae","Hymenoptera","bees"
"2045","Czechia","Sa1","Crtl1",2024-09-19,"Apidae",1,2,"TDB240626","Seladonia tumulorum","M","","Pan trap","Tim De Blanck","Ad","Halictidae","Hymenoptera","bees"
"2046","Belgium","It2","Crtl2",2024-05-20,"Apidae",1,1,"TDB240631","Andrena gravida","F","","Pan trap","Tim De Blanck","Ad","Andrenidae","Hymenoptera","bees"
"2047","Belgium","It2","Crtl2",2024-05-20,"Apidae",1,1,"TDB240632","Andrena angustior","F","","Pan trap","Tim De Blanck","Ad","Andrenidae","Hymenoptera","bees"
"2048","Belgium","It2","Crtl2",2024-05-20,"Apidae",1,1,"TDB240633","Lasioglossum pauxillum","F","","Pan trap","Tim De Blanck","Ad","Halictidae","Hymenoptera","bees"
"2049","Belgium","It2","Crtl2",2024-05-20,"Apidae",1,1,"TDB240634","Lasioglossum pauxillum","F","","Pan trap","Tim De Blanck","Ad","Halictidae","Hymenoptera","bees"
"2050","Belgium","Lo1","Field",2024-05-14,"Apidae",1,1,"TDB240635","Apis mellifera","F","","Pan trap","Tim De Blanck","Ad","Apidae","Hymenoptera","bees"
"2051","Belgium","Zo2","Crtl2",2024-09-11,"Apidae",1,2,"TDB240636","Apis mellifera","F","","Pan trap","Tim De Blanck","Ad","Apidae","Hymenoptera","bees"
"2052","Belgium","Ur1","Field",2024-09-11,"Apidae",1,2,"TDB240637","Apis mellifera","F","","Pan trap","Tim De Blanck","Ad","Apidae","Hymenoptera","bees"
"2053","Belgium","It1","Tree",2024-05-20,"Apidae",1,1,"TDB240638","Andrena cineraria","F","","Pan trap","Tim De Blanck","Ad","Andrenidae","Hymenoptera","bees"
"2054","Belgium","It1","Tree",2024-05-20,"Apidae",1,1,"TDB240639","Andrena angustior","F","","Pan trap","Tim De Blanck","Ad","Andrenidae","Hymenoptera","bees"
"2055","Belgium","It1","Tree",2024-05-20,"Apidae",1,1,"TDB240640","Nomada ruficornis","F","","Pan trap","Tim De Blanck","Ad","Apidae","Hymenoptera","bees"
"2056","Belgium","It1","Tree",2024-05-20,"Apidae",1,1,"TDB240641","Andrena minutula","F","","Pan trap","Tim De Blanck","Ad","Andrenidae","Hymenoptera","bees"
"2057","Belgium","It1","Tree",2024-05-20,"Apidae",1,1,"TDB240642","Andrena minutula","F","","Pan trap","Tim De Blanck","Ad","Andrenidae","Hymenoptera","bees"
"2058","Belgium","It2","Crtl1",2024-05-20,"Apidae",1,1,"TDB240643","Andrena angustior","F","","Pan trap","Tim De Blanck","Ad","Andrenidae","Hymenoptera","bees"
"2059","Belgium","It2","Crtl1",2024-05-20,"Apidae",1,1,"TDB240644","Lasioglossum minutissimum","F","","Pan trap","Tim De Blanck","Ad","Halictidae","Hymenoptera","bees"
"2060","Belgium","It2","Crtl1",2024-05-20,"Apidae",1,1,"TDB240645","Lasioglossum pauxillum","F","","Pan trap","Tim De Blanck","Ad","Halictidae","Hymenoptera","bees"
"2061","Belgium","It2","Crtl1",2024-05-20,"Apidae",1,1,"TDB240646","Lasioglossum minutissimum","F","","Pan trap","Tim De Blanck","Ad","Halictidae","Hymenoptera","bees"
"2062","Belgium","Ur1","Crtl2",2024-09-11,"Apidae",1,2,"TDB240647","Apis mellifera","F","","Pan trap","Tim De Blanck","Ad","Apidae","Hymenoptera","bees"
"2063","Belgium","Ur1","Crtl2",2024-09-11,"Apidae",1,2,"TDB240648","Apis mellifera","F","","Pan trap","Tim De Blanck","Ad","Apidae","Hymenoptera","bees"
"2064","Belgium","Zo2","Crtl1",2024-05-17,"Apidae",1,1,"TDB240649","Lasioglossum calceatum","F","","Pan trap","Tim De Blanck","Ad","Halictidae","Hymenoptera","bees"
"2065","Belgium","It2","Crtl1",2024-09-08,"Apidae",1,2,"TDB240650","Apis mellifera","F","","Pan trap","Tim De Blanck","Ad","Apidae","Hymenoptera","bees"
"2066","Belgium","Lo2","Crtl2",2024-05-14,"Apidae",1,1,"TDB240651","Halictus scabiosae","F","","Pan trap","Tim De Blanck","Ad","Halictidae","Hymenoptera","bees"
"2067","Belgium","Lo2","Crtl2",2024-05-14,"Apidae",1,1,"TDB240652","Halictus scabiosae","F","","Pan trap","Tim De Blanck","Ad","Halictidae","Hymenoptera","bees"
"2068","Belgium","Lo2","Crtl2",2024-05-14,"Apidae",1,1,"TDB240653","Halictus scabiosae","F","","Pan trap","Tim De Blanck","Ad","Halictidae","Hymenoptera","bees"
"2069","Belgium","Lo2","Crtl2",2024-05-14,"Apidae",1,1,"TDB240654","Halictus scabiosae","F","","Pan trap","Tim De Blanck","Ad","Halictidae","Hymenoptera","bees"
"2070","Belgium","Lo2","Crtl2",2024-05-14,"Apidae",1,1,"TDB240655","Halictus scabiosae","F","","Pan trap","Tim De Blanck","Ad","Halictidae","Hymenoptera","bees"
"2071","Belgium","Lo2","Crtl2",2024-05-14,"Apidae",1,1,"TDB240656","Andrena haemorrhoa","F","","Pan trap","Tim De Blanck","Ad","Andrenidae","Hymenoptera","bees"
"2072","Belgium","Lo2","Crtl2",2024-05-14,"Apidae",1,1,"TDB240657","Seladonia tumulorum","F","","Pan trap","Tim De Blanck","Ad","Halictidae","Hymenoptera","bees"
"2073","Belgium","Lo2","Crtl2",2024-05-14,"Apidae",1,1,"TDB240658","Lasioglossum pauxillum","F","","Pan trap","Tim De Blanck","Ad","Halictidae","Hymenoptera","bees"
"2074","Belgium","Ur1","Crtl1",2024-09-11,"Apidae",1,2,"TDB240659","Apis mellifera","F","","Pan trap","Tim De Blanck","Ad","Apidae","Hymenoptera","bees"
"2075","Belgium","It1","Field",2024-05-20,"Apidae",1,1,"TDB240660","Andrena angustior","F","","Pan trap","Tim De Blanck","Ad","Andrenidae","Hymenoptera","bees"
"2076","Belgium","Zo1","Field",2024-05-17,"Apidae",1,1,"TDB240661","Apis mellifera","F","","Pan trap","Tim De Blanck","Ad","Apidae","Hymenoptera","bees"
"2077","Belgium","Zo1","Field",2024-09-11,"Apidae",1,2,"TDB240662","Apis mellifera","F","","Pan trap","Tim De Blanck","Ad","Apidae","Hymenoptera","bees"
"2078","Belgium","It2","Crtl2",2024-09-08,"Apidae",1,2,"TDB240663","Apis mellifera","F","","Pan trap","Tim De Blanck","Ad","Apidae","Hymenoptera","bees"
"2079","Belgium","It2","Crtl2",2024-09-08,"Apidae",1,2,"TDB240664","Lasioglossum villosulum","F","","Pan trap","Tim De Blanck","Ad","Halictidae","Hymenoptera","bees"
"2080","Belgium","It2","Crtl2",2024-09-08,"Apidae",1,2,"TDB240665","Crabronidae indet.","F","","Pan trap","Tim De Blanck","Ad","Crabronidae","Hymenoptera","wasps"
"2081","Belgium","Lo2","Field",2024-05-14,"Apidae",1,1,"TDB240666","Halictus scabiosae","F","","Pan trap","Tim De Blanck","Ad","Halictidae","Hymenoptera","bees"
"2082","Belgium","Lo2","Field",2024-05-14,"Apidae",1,1,"TDB240667","Lasioglossum minutissimum","F","","Pan trap","Tim De Blanck","Ad","Halictidae","Hymenoptera","bees"
"2083","Belgium","Lo2","Field",2024-05-14,"Apidae",1,1,"TDB240668","Seladonia tumulorum","F","","Pan trap","Tim De Blanck","Ad","Halictidae","Hymenoptera","bees"
"2084","Belgium","Lo1","Field",2024-05-14,"Apidae",1,1,"TDB240669","Seladonia tumulorum","F","","Pan trap","Tim De Blanck","Ad","Halictidae","Hymenoptera","bees"
"2085","Belgium","Lo1","Field",2024-05-14,"Apidae",1,1,"TDB240670","Lasioglossum punctatissimum","F","","Pan trap","Tim De Blanck","Ad","Halictidae","Hymenoptera","bees"
"2086","Belgium","It1","Crtl1",2024-09-08,"Apidae",1,2,"TDB240675","Apis mellifera","F","","Pan trap","Tim De Blanck","Ad","Apidae","Hymenoptera","bees"
"2087","Belgium","It1","Crtl1",2024-09-08,"Apidae",1,2,"TDB240676","Bombus pascuorum","F","","Pan trap","Tim De Blanck","Ad","Apidae","Hymenoptera","bees"
"2088","Belgium","It1","Crtl1",2024-09-08,"Apidae",1,2,"TDB240677","Bombus pascuorum","F","","Pan trap","Tim De Blanck","Ad","Apidae","Hymenoptera","bees"
"2089","Belgium","It1","Crtl1",2024-09-08,"Apidae",1,2,"TDB240678","Crabronidae indet.","F","","Pan trap","Tim De Blanck","Ad","Crabronidae","Hymenoptera","wasps"
"2090","Belgium","It1","Crtl1",2024-09-08,"Apidae",1,2,"TDB240679","Lasioglossum fulvicorne","M","","Pan trap","Tim De Blanck","Ad","Halictidae","Hymenoptera","bees"
"2091","Belgium","Ur1","Crtl2",2024-09-11,"Apidae",1,2,"TDB240680","Bombus pascuorum","M","","Pan trap","Tim De Blanck","Ad","Apidae","Hymenoptera","bees"
"2092","Belgium","Ur1","Crtl2",2024-09-11,"Apidae",1,2,"TDB240681","Apis mellifera","F","","Pan trap","Tim De Blanck","Ad","Apidae","Hymenoptera","bees"
"2093","Belgium","Ur1","Crtl2",2024-09-11,"Apidae",1,2,"TDB240682","Apis mellifera","F","","Pan trap","Tim De Blanck","Ad","Apidae","Hymenoptera","bees"
"2094","Belgium","Ur1","Crtl2",2024-09-11,"Apidae",1,2,"TDB240683","Apis mellifera","F","","Pan trap","Tim De Blanck","Ad","Apidae","Hymenoptera","bees"
"2095","Belgium","Ur1","Crtl2",2024-09-11,"Apidae",1,2,"TDB240684","Apis mellifera","F","","Pan trap","Tim De Blanck","Ad","Apidae","Hymenoptera","bees"
"2096","Belgium","Lo1","Tree",2024-05-14,"Apidae",1,1,"TDB240685","Apis mellifera","F","","Pan trap","Tim De Blanck","Ad","Apidae","Hymenoptera","bees"
"2097","Belgium","Lo1","Tree",2024-05-14,"Apidae",1,1,"TDB240686","Apis mellifera","F","","Pan trap","Tim De Blanck","Ad","Apidae","Hymenoptera","bees"
"2098","Belgium","Lo1","Tree",2024-05-14,"Apidae",1,1,"TDB240687","Lasioglossum leucopus","F","","Pan trap","Tim De Blanck","Ad","Halictidae","Hymenoptera","bees"
"2099","Belgium","Lo1","Tree",2024-05-14,"Apidae",1,1,"TDB240688","Lasioglossum minutissimum","F","","Pan trap","Tim De Blanck","Ad","Halictidae","Hymenoptera","bees"
"2100","Belgium","It1","Field",2024-09-08,"Apidae",1,2,"TDB240689","Apis mellifera","F","","Pan trap","Tim De Blanck","Ad","Apidae","Hymenoptera","bees"
"2101","Belgium","It1","Field",2024-09-08,"Apidae",1,2,"TDB240690","Apis mellifera","F","","Pan trap","Tim De Blanck","Ad","Apidae","Hymenoptera","bees"
"2102","Belgium","Lo1","Crtl2",2024-05-14,"Apidae",1,1,"TDB240691","Seladonia tumulorum","F","","Pan trap","Tim De Blanck","Ad","Halictidae","Hymenoptera","bees"
"2103","Belgium","Lo1","Crtl1",2024-09-06,"Apidae",1,2,"TDB240692","Apis mellifera","F","","Pan trap","Tim De Blanck","Ad","Apidae","Hymenoptera","bees"
"2104","Belgium","Zo1","Field",2024-09-11,"Apidae",1,2,"TDB240693","Apis mellifera","F","","Pan trap","Tim De Blanck","Ad","Apidae","Hymenoptera","bees"
"2105","Belgium","It1","Crtl2",2024-05-20,"Apidae",1,1,"TDB240694","Lasioglossum pauxillum","F","","Pan trap","Tim De Blanck","Ad","Halictidae","Hymenoptera","bees"
"2106","Belgium","Lo1","Crtl2",2024-05-14,"Apidae",1,1,"TDB240695","Apis mellifera","F","","Pan trap","Tim De Blanck","Ad","Apidae","Hymenoptera","bees"
"2107","Belgium","It2","Field",2024-09-08,"Apidae",1,2,"TDB240696","Andrena bicolor","F","","Pan trap","Tim De Blanck","Ad","Andrenidae","Hymenoptera","bees"
"2108","Belgium","It2","Field",2024-05-20,"Apidae",1,1,"TDB240697","Lasioglossum pauxillum","F","","Pan trap","Tim De Blanck","Ad","Halictidae","Hymenoptera","bees"
"2109","Belgium","It2","Field",2024-05-20,"Apidae",1,1,"TDB240698","Lasioglossum pauxillum","F","","Pan trap","Tim De Blanck","Ad","Halictidae","Hymenoptera","bees"
"2110","Belgium","Zo1","Crtl1",2024-05-17,"Apidae",1,1,"TDB240699","Lasioglossum minutissimum","F","","Pan trap","Tim De Blanck","Ad","Halictidae","Hymenoptera","bees"
"2111","Belgium","Ur1","Field",2024-05-17,"Apidae",1,1,"TDB240700","Apis mellifera","F","","Pan trap","Tim De Blanck","Ad","Apidae","Hymenoptera","bees"
"2112","Belgium","Lo2","Tree",2024-05-14,"Apidae",1,1,"TDB240701","Halictus scabiosae","F","","Pan trap","Tim De Blanck","Ad","Halictidae","Hymenoptera","bees"
"2113","Belgium","Lo2","Tree",2024-05-14,"Apidae",1,1,"TDB240702","Ceratina cyanea","M","","Pan trap","Tim De Blanck","Ad","Apidae","Hymenoptera","bees"
"2114","Belgium","Lo2","Tree",2024-05-14,"Apidae",1,1,"TDB240703","Seladonia tumulorum","F","","Pan trap","Tim De Blanck","Ad","Halictidae","Hymenoptera","bees"
"2115","Belgium","Zo1","Tree",2024-05-17,"Apidae",1,1,"TDB240730","Chelostoma florisomne","F","","Pan trap","Tim De Blanck","Ad","Megachilidae","Hymenoptera","bees"
"2116","Czechia","Sa1","Field",2024-05-31,"Apidae",1,1,"TDB240878","Seladonia kessleri","M","","Pan trap","Tim De Blanck","Ad","Halictidae","Hymenoptera","bees"
"2117","UK","Wo1","Tree",2024-06-23,"Apidae",1,1,"TDB240880","Sphecodes puncticeps","F","","Pan trap","Tim De Blanck","Ad","Halictidae","Hymenoptera","bees"
"2118","France","PL3","Crtl1",2024-04-02,"Apidae",1,1,"TDB240881","Andrena longibarbis","F","","Pan trap","Tim De Blanck","Ad","Andrenidae","Hymenoptera","bees"
"2119","Belgium","Lo1","Crtl2",2024-05-14,"Hemiptera",1,1,"bugs_JV_1","Lygaeidae indet.","","","Pan trap","Jari Vandendriessche","","Lygaeidae","Hemiptera","bugs"
"2120","Belgium","Zo2","Crtl1",2024-05-17,"Hemiptera",1,1,"bugs_JV_4","Metopoplax ditomoides","","","Pan trap","Jari Vandendriessche","","Oxycarenidae","Hemiptera","bugs"
"2121","Czechia","Hu1","Field",2024-06-06,"Hemiptera",1,1,"bugs_JV_22","Stenotus binotatus","","","Pan trap","Jari Vandendriessche","","Miridae","Hemiptera","bugs"
"2122","Czechia","Hu1","Field",2024-06-06,"Hemiptera",1,1,"bugs_JV_23","Lygus pratensis","","","Pan trap","Jari Vandendriessche","","Miridae","Hemiptera","bugs"
"2123","Czechia","Ve1","Crtl1",2024-06-06,"Hemiptera",2,1,"bugs_JV_50","Notostira elongata","","","Pan trap","Jari Vandendriessche","","Miridae","Hemiptera","bugs"
"2124","Czechia","Ve1","Field",2024-06-06,"Hemiptera",1,1,"bugs_JV_55","Notostira elongata","","","Pan trap","Jari Vandendriessche","","Miridae","Hemiptera","bugs"
"2125","Czechia","Pr1","Field",2024-09-25,"Hemiptera",1,2,"bugs_JV_65","Notostira elongata","","","Pan trap","Jari Vandendriessche","","Miridae","Hemiptera","bugs"
"2126","Czechia","Sa1","Crtl1",2024-09-19,"Hemiptera",1,2,"bugs_JV_66","Pinalitus cervinus","","","Pan trap","Jari Vandendriessche","","Miridae","Hemiptera","bugs"
"2127","Czechia","Sa2","Crtl2",2024-09-19,"Hemiptera",1,2,"bugs_JV_69","Adelphocoris lineolatus","","","Pan trap","Jari Vandendriessche","","Miridae","Hemiptera","bugs"
"2128","Czechia","Za1","Field",2024-09-23,"Hemiptera",1,2,"bugs_JV_80","Drymus brunneus","","","Pan trap","Jari Vandendriessche","","Rhyparochromidae","Hemiptera","bugs"
"2129","Czechia","Za1","Tree",2024-09-23,"Hemiptera",1,2,"bugs_JV_83","Stephanitis takeyai","","","Pan trap","Jari Vandendriessche","","Tingidae","Hemiptera","bugs"
"2130","Czechia","Za1","Tree",2024-09-23,"Hemiptera",1,2,"bugs_JV_84","Nysius senecionis","","","Pan trap","Jari Vandendriessche","","Lygaeidae","Hemiptera","bugs"
"2131","Czechia","Za1","Tree",2024-09-23,"Hemiptera",1,2,"bugs_JV_85","Megalonotus praetextatus","","","Pan trap","Jari Vandendriessche","","Rhyparochromidae","Hemiptera","bugs"
"2132","Czechia","Za1","Tree",2024-09-23,"Hemiptera",1,2,"bugs_JV_86","Anthocoris nemorum","","","Pan trap","Jari Vandendriessche","","Anthocoridae","Hemiptera","bugs"
"2133","Portugal","JS1","Crtl1",2024-03-23,"Hemiptera",1,1,"bugs_JV_91","Orthops kalmii","","","Pan trap","Jari Vandendriessche","","Miridae","Hemiptera","bugs"
"2134","Portugal","MV1","Crtl1",2024-03-19,"Hemiptera",1,1,"bugs_JV_92","Reuterista instabilis","","","Pan trap","Jari Vandendriessche","","Miridae","Hemiptera","bugs"
"2135","Portugal","MV1","Crtl2",2024-03-19,"Hemiptera",1,1,"bugs_JV_93","Orthops kalmii","","","Pan trap","Jari Vandendriessche","","Miridae","Hemiptera","bugs"
"2136","Portugal","MV1","Crtl2",2024-03-19,"Hemiptera",1,1,"bugs_JV_94","Thaumastocoris peregrinus","","","Pan trap","Jari Vandendriessche","","Thaumastocoridae","Hemiptera","bugs"
"2137","Portugal","MV1","Field",2024-03-19,"Hemiptera",1,1,"bugs_JV_95","Miridae indet.","","","Pan trap","Jari Vandendriessche","","Miridae","Hemiptera","bugs"
"2138","Portugal","MV2","Crtl1",2024-03-19,"Hemiptera",1,1,"bugs_JV_96","Miridae indet.","","","Pan trap","Jari Vandendriessche","","Miridae","Hemiptera","bugs"
"2139","Portugal","MV1","Field",2024-12-08,"Hemiptera",1,2,"bugs_JV_99","Heteroptera indet.","","","Pan trap","Jari Vandendriessche","","Sphaeroceridae","Diptera","flies"
