"","specname","latname","family","species.group","number","activity","lat","lng","country","Loc","Type","id","date","Periode"
"1","Wild radish","Raphanus raphanistrum","Brassicaceae","plants",1,"ter plaatse",37.559971,-7.67533,"Portugal","MV2","Crtl2",301557591,2024-03-19,1
"2","Logfia gallica","Logfia gallica","Asteraceae","plants",1,"ter plaatse",37.559948,-7.675309,"Portugal","MV2","Crtl2",301557620,2024-03-19,1
"3","Hare's-foot Plantain","Plantago lagopus","Plantaginaceae","plants",1,"ter plaatse",37.559952,-7.675309,"Portugal","MV2","Crtl2",301557623,2024-03-19,1
"4","Angular Pea","Lathyrus angulatus","Fabaceae","plants",1,"ter plaatse",37.559952,-7.675309,"Portugal","MV2","Crtl2",301557624,2024-03-19,1
"5","Poppy unknown","Papaver spec.","Papaveraceae","plants",1,"ter plaatse",37.559963,-7.675358,"Portugal","MV2","Crtl2",301557625,2024-03-19,1
"6","Field Woundwort","Stachys arvensis","Lamiaceae","plants",1,"ter plaatse",37.559967,-7.675325,"Portugal","MV2","Crtl2",301557627,2024-03-19,1
"7","Anthyllis lotoides","Anthyllis lotoides","Fabaceae","plants",3,"ter plaatse",37.559975,-7.675292,"Portugal","MV2","Crtl2",301557629,2024-03-19,1
"8","Buck's-horn Plantain","Plantago coronopus","Plantaginaceae","plants",7,"ter plaatse",37.559952,-7.675317,"Portugal","MV2","Crtl2",301557630,2024-03-19,1
"9","Silver nailroot","Paronychia argentea","Caryophyllaceae","plants",7,"ter plaatse",37.559948,-7.675309,"Portugal","MV2","Crtl2",301557632,2024-03-19,1
"10","Rat's-tail Fescue","Vulpia myuros","Poaceae","plants",1,"ter plaatse",37.559978,-7.675322,"Portugal","MV2","Crtl1",301557633,2024-03-19,1
"11","Rat's-tail Fescue","Vulpia myuros","Poaceae","plants",1,"ter plaatse",37.559978,-7.675321,"Portugal","MV2","Crtl2",301557636,2024-03-19,1
"12","Smooth Cat's-ear","Hypochaeris glabra","Asteraceae","plants",3,"ter plaatse",37.559978,-7.675319,"Portugal","MV2","Crtl1",301557640,2024-03-19,1
"13","Smooth Cat's-ear","Hypochaeris glabra","Asteraceae","plants",7,"ter plaatse",37.559975,-7.675317,"Portugal","MV2","Crtl2",301557644,2024-03-19,1
"14","Reversed Clover","Trifolium resupinatum","Fabaceae","plants",1,"ter plaatse",37.559948,-7.67531,"Portugal","MV2","Crtl2",301557646,2024-03-19,1
"15","Hoary Mustard","Hirschfeldia incana","Brassicaceae","plants",1,"ter plaatse",37.559948,-7.67531,"Portugal","MV2","Crtl2",301557649,2024-03-19,1
"16","Scarlet Pimpernel","Anagallis arvensis","Primulaceae","plants",3,"ter plaatse",37.559948,-7.67531,"Portugal","MV2","Crtl2",301557652,2024-03-19,1
"17","Linaria amethystea","Linaria amethystea","Plantaginaceae","plants",3,"ter plaatse",37.559952,-7.675306,"Portugal","MV2","Crtl2",301557653,2024-03-19,1
"18","False Hawkbit","Urospermum picroides","Asteraceae","plants",1,"ter plaatse",37.559956,-7.675304,"Portugal","MV2","Crtl1",301557654,2024-03-19,1
"19","False Hawkbit","Urospermum picroides","Asteraceae","plants",1,"ter plaatse",37.559956,-7.6753,"Portugal","MV2","Crtl2",301557655,2024-03-19,1
"20","Smooth Sow-thistle","Sonchus oleraceus","Asteraceae","plants",1,"ter plaatse",37.559944,-7.675295,"Portugal","MV2","Crtl2",301557656,2024-03-19,1
"21","Glandular Plantain","Plantago afra","Plantaginaceae","plants",7,"ter plaatse",37.559944,-7.675296,"Portugal","MV2","Crtl2",301557657,2024-03-19,1
"22","Squirreltail Fescue","Vulpia bromoides","Poaceae","plants",15,"ter plaatse",37.559948,-7.6753,"Portugal","MV2","Crtl2",301557658,2024-03-19,1
"23","Slender oat","Avena barbata","Poaceae","plants",7,"ter plaatse",37.559944,-7.675306,"Portugal","MV2","Crtl2",301557660,2024-03-19,1
"24","Galactites tomentosus","Galactites tomentosus","Asteraceae","plants",3,"ter plaatse",37.559967,-7.675313,"Portugal","MV2","Crtl2",301557661,2024-03-19,1
"25","Dusky dogfennel","Chamaemelum fuscatum","Asteraceae","plants",1,"ter plaatse",37.559967,-7.675319,"Portugal","MV2","Crtl2",301557663,2024-03-19,1
"26","Wild radish","Raphanus raphanistrum","Brassicaceae","plants",7,"ter plaatse",37.559963,-7.675342,"Portugal","MV2","Crtl2",301557664,2024-03-19,1
"27","Pink catchfly","Silene colorata","Caryophyllaceae","plants",1,"ter plaatse",37.559963,-7.675342,"Portugal","MV2","Crtl2",301557665,2024-03-19,1
"28","Smooth Hawk's-beard","Crepis capillaris","Asteraceae","plants",1,"ter plaatse",37.559944,-7.675324,"Portugal","MV2","Crtl2",301557669,2024-03-19,1
"29","Lesser Hawkbit","Leontodon saxatilis","Asteraceae","plants",15,"ter plaatse",37.55994,-7.675326,"Portugal","MV2","Crtl2",301557670,2024-03-19,1
"30","Cladanthus mixtus","Cladanthus mixtus","Asteraceae","plants",25,"ter plaatse",37.55994,-7.675326,"Portugal","MV2","Crtl2",301557671,2024-03-19,1
"31","Montpelier Rock Rose","Cistus monspeliensis","Cistaceae","plants",1,"verwilderd",37.559944,-7.675321,"Portugal","MV2","Crtl2",301557672,2024-03-19,1
"32","Horned Dock","Rumex bucephalophorus","Polygonaceae","plants",15,"ter plaatse",37.559944,-7.675321,"Portugal","MV2","Crtl2",301557675,2024-03-19,1
"33","Small flowered Catchfly","Silene gallica","Caryophyllaceae","plants",1,"ter plaatse",37.559944,-7.675323,"Portugal","MV2","Crtl2",301557678,2024-03-19,1
"34","Anthemis mixta","Anthemis mixta","Asteraceae","plants",15,"ter plaatse",37.559929,-7.675294,"Portugal","MV2","Crtl2",301557680,2024-03-19,1
"35","Yellow-vetch","Vicia lutea","Fabaceae","plants",15,"ter plaatse",37.559929,-7.675293,"Portugal","MV2","Crtl2",301557683,2024-03-19,1
"36","Purple sandspurry","Spergularia purpurea","Caryophyllaceae","plants",25,"ter plaatse",37.559933,-7.675292,"Portugal","MV2","Crtl2",301557687,2024-03-19,1
"37","Golden Top","Lamarckia aurea","Poaceae","plants",1,"ter plaatse",37.559879,-7.675449,"Portugal","MV2","Crtl1",301557712,2024-03-19,1
"38","Wild radish","Raphanus raphanistrum","Brassicaceae","plants",3,"ter plaatse",37.559879,-7.675439,"Portugal","MV2","Crtl1",301557727,2024-03-19,1
"39","Dusky dogfennel","Chamaemelum fuscatum","Asteraceae","plants",7,"ter plaatse",37.559883,-7.675447,"Portugal","MV2","Crtl1",301557735,2024-03-19,1
"40","Poppy unknown","Papaver spec.","Papaveraceae","plants",1,"ter plaatse",37.559887,-7.675442,"Portugal","MV2","Crtl1",301557739,2024-03-19,1
"41","Clover unknown","Trifolium spec.","Fabaceae","plants",15,"ter plaatse",37.559887,-7.675444,"Portugal","MV2","Crtl1",301557743,2024-03-19,1
"42","Linaria amethystea","Linaria amethystea","Plantaginaceae","plants",1,"ter plaatse",37.559887,-7.675463,"Portugal","MV2","Crtl1",301557745,2024-03-19,1
"43","Galactites tomentosus","Galactites tomentosus","Asteraceae","plants",3,"ter plaatse",37.55986,-7.67543,"Portugal","MV2","Crtl1",301557750,2024-03-19,1
"44","Composite unknown","Asteraceae indet.","Asteraceae","plants",1,"ter plaatse",37.559868,-7.675422,"Portugal","MV2","Crtl1",301557754,2024-03-19,1
"45","Anthyllis lotoides","Anthyllis lotoides","Fabaceae","plants",7,"ter plaatse",37.559879,-7.675415,"Portugal","MV2","Crtl1",301557757,2024-03-19,1
"46","Anthemis mixta","Anthemis mixta","Asteraceae","plants",7,"ter plaatse",37.559868,-7.675394,"Portugal","MV2","Crtl1",301557761,2024-03-19,1
"47","Composite unknown","Asteraceae indet.","Asteraceae","plants",7,"ter plaatse",37.559868,-7.675394,"Portugal","MV2","Crtl1",301557765,2024-03-19,1
"48","Slender oat","Avena barbata","Poaceae","plants",15,"ter plaatse",37.559853,-7.675391,"Portugal","MV2","Crtl1",301557770,2024-03-19,1
"49","Composite unknown","Asteraceae indet.","Asteraceae","plants",3,"ter plaatse",37.559856,-7.675415,"Portugal","MV2","Crtl1",301557774,2024-03-19,1
"50","Squirreltail Fescue","Vulpia bromoides","Poaceae","plants",15,"ter plaatse",37.55986,-7.675408,"Portugal","MV2","Crtl1",301557780,2024-03-19,1
"51","Arisarum simorrhinum","Arisarum simorrhinum","Araceae","plants",7,"ter plaatse",37.559868,-7.675389,"Portugal","MV2","Crtl1",301557782,2024-03-19,1
"52","Scarlet Pimpernel","Anagallis arvensis","Primulaceae","plants",3,"ter plaatse",37.559868,-7.675391,"Portugal","MV2","Crtl1",301557786,2024-03-19,1
"53","Yellow bird's foot","Ornithopus compressus","Fabaceae","plants",35,"ter plaatse",37.559868,-7.675402,"Portugal","MV2","Crtl1",301557791,2024-03-19,1
"54","Common Mouse-ear","Cerastium fontanum","Caryophyllaceae","plants",1,"ter plaatse",37.559864,-7.675405,"Portugal","MV2","Crtl1",301557793,2024-03-19,1
"55","Buck's-horn Plantain","Plantago coronopus","Plantaginaceae","plants",7,"ter plaatse",37.559864,-7.675406,"Portugal","MV2","Crtl1",301557795,2024-03-19,1
"56","Field Woundwort","Stachys arvensis","Lamiaceae","plants",3,"ter plaatse",37.559868,-7.675403,"Portugal","MV2","Crtl1",301557799,2024-03-19,1
"57","Glandular Plantain","Plantago afra","Plantaginaceae","plants",3,"ter plaatse",37.559864,-7.675406,"Portugal","MV2","Crtl1",301557801,2024-03-19,1
"58","Cladanthus mixtus","Cladanthus mixtus","Asteraceae","plants",7,"ter plaatse",37.559864,-7.675406,"Portugal","MV2","Crtl1",301557803,2024-03-19,1
"59","Horned Dock","Rumex bucephalophorus","Polygonaceae","plants",25,"ter plaatse",37.55986,-7.675408,"Portugal","MV2","Crtl1",301557806,2024-03-19,1
"60","Lesser Hawkbit","Leontodon saxatilis","Asteraceae","plants",7,"ter plaatse",37.559864,-7.675403,"Portugal","MV2","Crtl1",301557807,2024-03-19,1
"61","Purple sandspurry","Spergularia purpurea","Caryophyllaceae","plants",25,"ter plaatse",37.559895,-7.67536,"Portugal","MV2","Crtl1",301557811,2024-03-19,1
"62","Montpelier Rock Rose","Cistus monspeliensis","Cistaceae","plants",3,"verwilderd",37.559849,-7.675417,"Portugal","MV2","Crtl1",301557813,2024-03-19,1
"63","Lesser Snapdragon","Misopates orontium","Plantaginaceae","plants",1,"ter plaatse",37.55019,-7.686405,"Portugal","MV1","Crtl2",301557853,2024-03-19,1
"64","Wall Barley","Hordeum murinum","Poaceae","plants",25,"ter plaatse",37.550175,-7.686406,"Portugal","MV1","Crtl2",301557874,2024-03-19,1
"65","Poppy unknown","Papaver spec.","Papaveraceae","plants",1,"ter plaatse",37.550167,-7.6864,"Portugal","MV1","Crtl2",301557876,2024-03-19,1
"66","Galactites tomentosus","Galactites tomentosus","Asteraceae","plants",3,"ter plaatse",37.550163,-7.686435,"Portugal","MV1","Crtl2",301557878,2024-03-19,1
"67","Italian Rye-grass","Lolium multiflorum","Poaceae","plants",3,"ter plaatse",37.550182,-7.686444,"Portugal","MV1","Crtl2",301557879,2024-03-19,1
"68","Weld","Reseda luteola","Resedaceae","plants",1,"ter plaatse",37.550182,-7.686444,"Portugal","MV1","Crtl2",301557880,2024-03-19,1
"69","False Oat-grass","Arrhenatherum elatius","Poaceae","plants",15,"ter plaatse",37.55022,-7.686428,"Portugal","MV1","Crtl2",301557882,2024-03-19,1
"70","Diplotaxis catholica","Diplotaxis catholica","Brassicaceae","plants",3,"ter plaatse",37.550194,-7.686443,"Portugal","MV1","Crtl2",301557883,2024-03-19,1
"71","Cladanthus mixtus","Cladanthus mixtus","Asteraceae","plants",1,"ter plaatse",37.550224,-7.686427,"Portugal","MV1","Crtl2",301557884,2024-03-19,1
"72","Serradella","Ornithopus sativus","Fabaceae","plants",3,"ter plaatse",37.550201,-7.686412,"Portugal","MV1","Crtl2",301557888,2024-03-19,1
"73","Corn Marigold","Glebionis segetum","Asteraceae","plants",7,"ter plaatse",37.550194,-7.68641,"Portugal","MV1","Crtl2",301557889,2024-03-19,1
"74","Linaria amethystea","Linaria amethystea","Plantaginaceae","plants",3,"ter plaatse",37.550179,-7.686412,"Portugal","MV1","Crtl2",301557890,2024-03-19,1
"75","Purple sandspurry","Spergularia purpurea","Caryophyllaceae","plants",45,"ter plaatse",37.550182,-7.686413,"Portugal","MV1","Crtl2",301557892,2024-03-19,1
"76","Purple Viper's bugloss","Echium plantagineum","Boraginaceae","plants",7,"ter plaatse",37.550175,-7.68641,"Portugal","MV1","Crtl2",301557894,2024-03-19,1
"77","Slender oat","Avena barbata","Poaceae","plants",1,"ter plaatse",37.550171,-7.686409,"Portugal","MV1","Crtl2",301557896,2024-03-19,1
"78","Wild radish","Raphanus raphanistrum","Brassicaceae","plants",15,"ter plaatse",37.550171,-7.686411,"Portugal","MV1","Crtl2",301557899,2024-03-19,1
"79","Toothed Medick","Medicago polymorpha","Fabaceae","plants",1,"ter plaatse",37.550159,-7.686413,"Portugal","MV1","Crtl2",301557901,2024-03-19,1
"80","Scarlet Pimpernel","Anagallis arvensis","Primulaceae","plants",15,"ter plaatse",37.550167,-7.686419,"Portugal","MV1","Crtl2",301557902,2024-03-19,1
"81","Moraea sisyrinchium","Moraea sisyrinchium","Iridaceae","plants",1,"ter plaatse",37.550167,-7.686419,"Portugal","MV1","Crtl2",301557903,2024-03-19,1
"82","Horned Dock","Rumex bucephalophorus","Polygonaceae","plants",7,"ter plaatse",37.550167,-7.686419,"Portugal","MV1","Crtl2",301557905,2024-03-19,1
"83","Field Woundwort","Stachys arvensis","Lamiaceae","plants",3,"ter plaatse",37.550167,-7.686419,"Portugal","MV1","Crtl2",301557906,2024-03-19,1
"84","Smooth Hawk's-beard","Crepis capillaris","Asteraceae","plants",3,"ter plaatse",37.550171,-7.686421,"Portugal","MV1","Crtl2",301557907,2024-03-19,1
"85","Small flowered Catchfly","Silene gallica","Caryophyllaceae","plants",7,"ter plaatse",37.550186,-7.686416,"Portugal","MV1","Crtl2",301557908,2024-03-19,1
"86","Corn Marigold","Glebionis segetum","Asteraceae","plants",3,"ter plaatse",37.550049,-7.686481,"Portugal","MV1","Crtl1",301557943,2024-03-19,1
"87","False Hawkbit","Urospermum picroides","Asteraceae","plants",1,"ter plaatse",37.550053,-7.68648,"Portugal","MV1","Crtl1",301557946,2024-03-19,1
"88","Smooth Hawk's-beard","Crepis capillaris","Asteraceae","plants",7,"ter plaatse",37.550034,-7.686487,"Portugal","MV1","Crtl1",301557948,2024-03-19,1
"89","Linaria amethystea","Linaria amethystea","Plantaginaceae","plants",1,"ter plaatse",37.550034,-7.686493,"Portugal","MV1","Crtl1",301557953,2024-03-19,1
"90","Purple Viper's bugloss","Echium plantagineum","Boraginaceae","plants",35,"ter plaatse",37.550053,-7.686491,"Portugal","MV1","Crtl1",301557954,2024-03-19,1
"91","Wall Barley","Hordeum murinum","Poaceae","plants",3,"ter plaatse",37.543777,-7.641757,"Portugal","MV1","Crtl1",301557955,2024-03-19,1
"92","Plant unknown","Plantae indet.","Plants","plants",1,"ter plaatse",37.55003,-7.686475,"Portugal","MV1","Crtl1",301557957,2024-03-19,1
"93","Bundled Fescue","Vulpia membranacea","Poaceae","plants",3,"ter plaatse",37.550018,-7.686468,"Portugal","MV1","Crtl1",301557958,2024-03-19,1
"94","Glandular Plantain","Plantago afra","Plantaginaceae","plants",3,"ter plaatse",37.55003,-7.686453,"Portugal","MV1","Crtl1",301557959,2024-03-19,1
"95","Lesser Hawkbit","Leontodon saxatilis","Asteraceae","plants",7,"ter plaatse",37.55003,-7.686453,"Portugal","MV1","Crtl1",301557961,2024-03-19,1
"96","Lesser Snapdragon","Misopates orontium","Plantaginaceae","plants",1,"ter plaatse",37.550026,-7.686445,"Portugal","MV1","Crtl1",301557962,2024-03-19,1
"97","Galactites tomentosus","Galactites tomentosus","Asteraceae","plants",3,"ter plaatse",37.550014,-7.686447,"Portugal","MV1","Crtl1",301557964,2024-03-19,1
"98","Golden Top","Lamarckia aurea","Poaceae","plants",3,"ter plaatse",37.550034,-7.686446,"Portugal","MV1","Crtl1",301557966,2024-03-19,1
"99","Italian Rye-grass","Lolium multiflorum","Poaceae","plants",7,"ter plaatse",37.550037,-7.686441,"Portugal","MV1","Crtl1",301557967,2024-03-19,1
"100","False Oat-grass","Arrhenatherum elatius","Poaceae","plants",7,"ter plaatse",37.550034,-7.686448,"Portugal","MV1","Crtl1",301557968,2024-03-19,1
"101","Alfalfa unknown","Medicago spec.","Fabaceae","plants",3,"ter plaatse",37.550041,-7.686446,"Portugal","MV1","Crtl1",301557971,2024-03-19,1
"102","Weld","Reseda luteola","Resedaceae","plants",3,"ter plaatse",37.550045,-7.686444,"Portugal","MV1","Crtl1",301557972,2024-03-19,1
"103","Small flowered Catchfly","Silene gallica","Caryophyllaceae","plants",7,"ter plaatse",37.550037,-7.686436,"Portugal","MV1","Crtl1",301557975,2024-03-19,1
"104","Purple sandspurry","Spergularia purpurea","Caryophyllaceae","plants",15,"ter plaatse",37.550034,-7.686475,"Portugal","MV1","Crtl1",301557979,2024-03-19,1
"105","Dusky dogfennel","Chamaemelum fuscatum","Asteraceae","plants",7,"ter plaatse",37.550037,-7.686472,"Portugal","MV1","Crtl1",301557980,2024-03-19,1
"106","Great Brome","Anisantha diandra","Poaceae","plants",3,"ter plaatse",37.550041,-7.686471,"Portugal","MV1","Crtl1",301557981,2024-03-19,1
"107","Diplotaxis catholica","Diplotaxis catholica","Brassicaceae","plants",3,"ter plaatse",37.550041,-7.686467,"Portugal","MV1","Crtl1",301557983,2024-03-19,1
"108","Diplotaxis catholica","Diplotaxis catholica","Brassicaceae","plants",1,"ter plaatse",37.550041,-7.686467,"Portugal","MV1","Crtl1",301557987,2024-03-19,1
"109","Horned Dock","Rumex bucephalophorus","Polygonaceae","plants",15,"ter plaatse",37.55003,-7.686463,"Portugal","MV1","Crtl1",301557989,2024-03-19,1
"110","Field Woundwort","Stachys arvensis","Lamiaceae","plants",3,"ter plaatse",37.55003,-7.686463,"Portugal","MV1","Crtl1",301557991,2024-03-19,1
"111","Cladanthus mixtus","Cladanthus mixtus","Asteraceae","plants",7,"ter plaatse",37.55003,-7.686463,"Portugal","MV1","Crtl1",301557995,2024-03-19,1
"112","Scarlet Pimpernel","Anagallis arvensis","Primulaceae","plants",7,"ter plaatse",37.55003,-7.686463,"Portugal","MV1","Crtl1",301557997,2024-03-19,1
"113","Wild radish","Raphanus raphanistrum","Brassicaceae","plants",7,"ter plaatse",37.55003,-7.686468,"Portugal","MV1","Crtl1",301558002,2024-03-19,1
"114","Yellow-vetch","Vicia lutea","Fabaceae","plants",1,"ter plaatse",37.547829,-7.685455,"Portugal","MV1","Tree",301558033,2024-03-19,1
"115","False Hawkbit","Urospermum picroides","Asteraceae","plants",3,"ter plaatse",37.547829,-7.685452,"Portugal","MV1","Tree",301558036,2024-03-19,1
"116","Scarlet Pimpernel","Anagallis arvensis","Primulaceae","plants",3,"ter plaatse",37.547821,-7.68545,"Portugal","MV1","Tree",301558037,2024-03-19,1
"117","Smooth Hawk's-beard","Crepis capillaris","Asteraceae","plants",7,"ter plaatse",37.547817,-7.685452,"Portugal","MV1","Tree",301558039,2024-03-19,1
"118","Smooth Sow-thistle","Sonchus oleraceus","Asteraceae","plants",1,"ter plaatse",37.547817,-7.685452,"Portugal","MV1","Tree",301558041,2024-03-19,1
"119","Cynara humilis","Cynara humilis","Asteraceae","plants",1,"ter plaatse",37.547817,-7.685449,"Portugal","MV1","Tree",301558044,2024-03-19,1
"120","Field Woundwort","Stachys arvensis","Lamiaceae","plants",3,"ter plaatse",37.547813,-7.685456,"Portugal","MV1","Tree",301558045,2024-03-19,1
"121","Rat's-tail Fescue","Vulpia myuros","Poaceae","plants",1,"ter plaatse",37.547783,-7.685487,"Portugal","MV1","Tree",301558047,2024-03-19,1
"122","Cock's-foot","Dactylis glomerata","Poaceae","plants",1,"ter plaatse",37.547783,-7.685475,"Portugal","MV1","Tree",301558050,2024-03-19,1
"123","Cladanthus mixtus","Cladanthus mixtus","Asteraceae","plants",1,"ter plaatse",37.54781,-7.685483,"Portugal","MV1","Tree",301558051,2024-03-19,1
"124","Lesser Hawkbit","Leontodon saxatilis","Asteraceae","plants",3,"ter plaatse",37.547817,-7.685483,"Portugal","MV1","Tree",301558052,2024-03-19,1
"125","Spotted Rock-rose","Tuberaria guttata","Cistaceae","plants",1,"ter plaatse",37.54781,-7.685492,"Portugal","MV1","Tree",301558055,2024-03-19,1
"126","Italian stone pine","Pinus pinea","Pinaceae","plants",1,"ter plaatse",37.547775,-7.685464,"Portugal","MV1","Tree",301558057,2024-03-19,1
"127","Wild radish","Raphanus raphanistrum","Brassicaceae","plants",3,"ter plaatse",37.547894,-7.685413,"Portugal","MV1","Tree",301558058,2024-03-19,1
"128","Hare's-foot Plantain","Plantago lagopus","Plantaginaceae","plants",1,"ter plaatse",37.547817,-7.685468,"Portugal","MV1","Tree",301558060,2024-03-19,1
"129","Lesser Snapdragon","Misopates orontium","Plantaginaceae","plants",1,"ter plaatse",37.547802,-7.685456,"Portugal","MV1","Tree",301558062,2024-03-19,1
"130","Galactites tomentosus","Galactites tomentosus","Asteraceae","plants",3,"ter plaatse",37.54781,-7.685471,"Portugal","MV1","Tree",301558063,2024-03-19,1
"131","Arisarum simorrhinum","Arisarum simorrhinum","Araceae","plants",7,"ter plaatse",37.547813,-7.685464,"Portugal","MV1","Tree",301558065,2024-03-19,1
"132","Italian stone pine","Pinus pinea","Pinaceae","plants",75,"aangeplant",37.54781,-7.685478,"Portugal","MV1","Tree",301558067,2024-03-19,1
"133","Moraea sisyrinchium","Moraea sisyrinchium","Iridaceae","plants",1,"ter plaatse",37.54781,-7.685478,"Portugal","MV1","Tree",301558070,2024-03-19,1
"134","Horned Dock","Rumex bucephalophorus","Polygonaceae","plants",1,"ter plaatse",37.54781,-7.685478,"Portugal","MV1","Tree",301558071,2024-03-19,1
"135","Anthyllis lotoides","Anthyllis lotoides","Fabaceae","plants",1,"ter plaatse",37.54781,-7.685473,"Portugal","MV1","Tree",301558072,2024-03-19,1
"136","Dusky dogfennel","Chamaemelum fuscatum","Asteraceae","plants",3,"ter plaatse",37.54781,-7.685473,"Portugal","MV1","Tree",301558074,2024-03-19,1
"137","Purple Viper's bugloss","Echium plantagineum","Boraginaceae","plants",15,"ter plaatse",37.54781,-7.685474,"Portugal","MV1","Tree",301558075,2024-03-19,1
"138","Glandular Plantain","Plantago afra","Plantaginaceae","plants",3,"ter plaatse",37.54781,-7.685473,"Portugal","MV1","Tree",301558079,2024-03-19,1
"139","Carlina hispanica","Carlina hispanica","Asteraceae","plants",3,"ter plaatse",37.54781,-7.685473,"Portugal","MV1","Tree",301558082,2024-03-19,1
"140","Slender oat","Avena barbata","Poaceae","plants",7,"ter plaatse",37.547821,-7.685495,"Portugal","MV1","Tree",301558083,2024-03-19,1
"141","Gum Rock-rose","Cistus ladanifer","Cistaceae","plants",45,"verwilderd",37.547821,-7.685496,"Portugal","MV1","Tree",301558084,2024-03-19,1
"142","Dusky dogfennel","Chamaemelum fuscatum","Asteraceae","plants",7,"ter plaatse",37.547916,-7.685473,"Portugal","MV1","Field",301558089,2024-03-19,1
"143","Field Woundwort","Stachys arvensis","Lamiaceae","plants",1,"ter plaatse",37.547916,-7.685495,"Portugal","MV1","Field",301558097,2024-03-19,1
"144","Common Stork's-bill","Erodium cicutarium","Geraniaceae","plants",7,"ter plaatse",37.54792,-7.685489,"Portugal","MV1","Field",301558098,2024-03-19,1
"145","Purple sandspurry","Spergularia purpurea","Caryophyllaceae","plants",1,"ter plaatse",37.547905,-7.685471,"Portugal","MV1","Field",301558113,2024-03-19,1
"146","Lotus conimbricensis","Lotus conimbricensis","Fabaceae","plants",1,"ter plaatse",37.547924,-7.685457,"Portugal","MV1","Field",301558115,2024-03-19,1
"147","Cretan Weed","Hedypnois rhagadioloides","Asteraceae","plants",1,"ter plaatse",37.547924,-7.685455,"Portugal","MV1","Field",301558118,2024-03-19,1
"148","White Asphodel","Asphodelus albus","Asphodelaceae","plants",1,"ter plaatse",37.547932,-7.685468,"Portugal","MV1","Field",301558124,2024-03-19,1
"149","Wild radish","Raphanus raphanistrum","Brassicaceae","plants",7,"ter plaatse",37.547939,-7.685449,"Portugal","MV1","Field",301558127,2024-03-19,1
"150","Dusky dogfennel","Chamaemelum fuscatum","Asteraceae","plants",7,"ter plaatse",37.547928,-7.685496,"Portugal","MV1","Field",301558130,2024-03-19,1
"151","Anthyllis lotoides","Anthyllis lotoides","Fabaceae","plants",3,"ter plaatse",37.661022,-7.791425,"Portugal","MV1","Field",301558132,2024-03-19,1
"152","Yellow bird's foot","Ornithopus compressus","Fabaceae","plants",7,"ter plaatse",37.661022,-7.791425,"Portugal","MV1","Field",301558134,2024-03-19,1
"153","Field Eryngo","Eryngium campestre","Apiaceae","plants",7,"ter plaatse",37.547935,-7.685494,"Portugal","MV1","Field",301558135,2024-03-19,1
"154","Silver Hair-grass","Aira caryophyllea","Poaceae","plants",7,"ter plaatse",37.547935,-7.685494,"Portugal","MV1","Field",301558138,2024-03-19,1
"155","Buck's-horn Plantain","Plantago coronopus","Plantaginaceae","plants",7,"ter plaatse",37.547939,-7.685506,"Portugal","MV1","Field",301558140,2024-03-19,1
"156","Linaria amethystea","Linaria amethystea","Plantaginaceae","plants",1,"ter plaatse",37.547916,-7.685486,"Portugal","MV1","Field",301558143,2024-03-19,1
"157","Glandular Plantain","Plantago afra","Plantaginaceae","plants",1,"ter plaatse",37.547916,-7.685485,"Portugal","MV1","Field",301558144,2024-03-19,1
"158","Moraea sisyrinchium","Moraea sisyrinchium","Iridaceae","plants",3,"ter plaatse",37.547916,-7.685485,"Portugal","MV1","Field",301558146,2024-03-19,1
"159","Plant unknown","Plantae indet.","Plants","plants",1,"ter plaatse",37.547913,-7.685493,"Portugal","MV1","Field",301558147,2024-03-19,1
"160","Purple Viper's bugloss","Echium plantagineum","Boraginaceae","plants",7,"ter plaatse",37.547913,-7.685493,"Portugal","MV1","Field",301558148,2024-03-19,1
"161","Ononis viscosa","Ononis viscosa","Fabaceae","plants",1,"ter plaatse",37.54792,-7.685488,"Portugal","MV1","Field",301558150,2024-03-19,1
"162","Hare's-foot Clover","Trifolium arvense","Fabaceae","plants",3,"ter plaatse",37.547924,-7.685478,"Portugal","MV1","Field",301558153,2024-03-19,1
"163","Squirreltail Fescue","Vulpia bromoides","Poaceae","plants",7,"ter plaatse",37.54792,-7.685486,"Portugal","MV1","Field",301558155,2024-03-19,1
"164","Spotted Rock-rose","Tuberaria guttata","Cistaceae","plants",1,"ter plaatse",37.54792,-7.685486,"Portugal","MV1","Field",301558158,2024-03-19,1
"165","Lesser Hawkbit","Leontodon saxatilis","Asteraceae","plants",7,"ter plaatse",37.547932,-7.685473,"Portugal","MV1","Field",301558160,2024-03-19,1
"166","Wall Barley","Hordeum murinum","Poaceae","plants",7,"ter plaatse",37.547928,-7.685472,"Portugal","MV1","Field",301558162,2024-03-19,1
"167","Horned Dock","Rumex bucephalophorus","Polygonaceae","plants",7,"ter plaatse",37.547928,-7.685462,"Portugal","MV1","Field",301558167,2024-03-19,1
"168","Cladanthus mixtus","Cladanthus mixtus","Asteraceae","plants",7,"ter plaatse",37.547928,-7.685466,"Portugal","MV1","Field",301558172,2024-03-19,1
"169","Silver nailroot","Paronychia argentea","Caryophyllaceae","plants",3,"ter plaatse",37.547928,-7.68546,"Portugal","MV1","Field",301558174,2024-03-19,1
"170","Yellow bird's foot","Ornithopus compressus","Fabaceae","plants",1,"ter plaatse",37.662052,-7.845767,"Portugal","JS2","Field",301749462,2024-03-21,1
"171","Sanguisorba verrucosa","Sanguisorba verrucosa","Rosaceae","plants",1,"ter plaatse",37.661999,-7.845762,"Portugal","JS2","Field",301749470,2024-03-21,1
"172","Arabian scurf pea","Bituminaria bituminosa","Fabaceae","plants",1,"ter plaatse",37.661999,-7.845762,"Portugal","JS2","Field",301749475,2024-03-21,1
"173","Serradella","Ornithopus sativus","Fabaceae","plants",7,"ter plaatse",37.66201,-7.845749,"Portugal","JS2","Field",301749483,2024-03-21,1
"174","Southern Cleavers","Galium verrucosum","Rubiaceae","plants",1,"ter plaatse",37.661987,-7.845738,"Portugal","JS2","Field",301749490,2024-03-21,1
"175","Field Woundwort","Stachys arvensis","Lamiaceae","plants",1,"ter plaatse",37.662025,-7.845733,"Portugal","JS2","Field",301749495,2024-03-21,1
"176","Silver Hair-grass","Aira caryophyllea","Poaceae","plants",25,"ter plaatse",37.662025,-7.845732,"Portugal","JS2","Field",301749502,2024-03-21,1
"177","Clover unknown","Trifolium spec.","Fabaceae","plants",7,"ter plaatse",37.662048,-7.845678,"Portugal","JS2","Field",301749505,2024-03-21,1
"178","Angular Pea","Lathyrus angulatus","Fabaceae","plants",7,"ter plaatse",37.662022,-7.845757,"Portugal","JS2","Field",301749508,2024-03-21,1
"179","Thapsia villosa","Thapsia villosa","Apiaceae","plants",3,"ter plaatse",37.66201,-7.845752,"Portugal","JS2","Field",301749512,2024-03-21,1
"180","Mouse-ear chickweed unknown","Cerastium spec.","Caryophyllaceae","plants",1,"ter plaatse",37.66201,-7.845748,"Portugal","JS2","Field",301749515,2024-03-21,1
"181","Arisarum simorrhinum","Arisarum simorrhinum","Araceae","plants",25,"ter plaatse",37.662022,-7.845756,"Portugal","JS2","Field",301749520,2024-03-21,1
"182","Lesser Hawkbit","Leontodon saxatilis","Asteraceae","plants",35,"ter plaatse",37.662018,-7.845758,"Portugal","JS2","Field",301749522,2024-03-21,1
"183","Purple Viper's bugloss","Echium plantagineum","Boraginaceae","plants",1,"ter plaatse",37.675369,-7.841724,"Portugal","JS1","Tree",301749543,2024-03-21,1
"184","Anthyllis lotoides","Anthyllis lotoides","Fabaceae","plants",1,"ter plaatse",37.675346,-7.841684,"Portugal","JS1","Tree",301749569,2024-03-21,1
"185","Andryala integrifolia","Andryala integrifolia","Asteraceae","plants",1,"ter plaatse",37.675369,-7.841739,"Portugal","JS1","Tree",301749576,2024-03-21,1
"186","Diplotaxis catholica","Diplotaxis catholica","Brassicaceae","plants",1,"ter plaatse",37.675381,-7.841762,"Portugal","JS1","Tree",301749581,2024-03-21,1
"187","Yellow bird's foot","Ornithopus compressus","Fabaceae","plants",1,"ter plaatse",37.675396,-7.841785,"Portugal","JS1","Tree",301749584,2024-03-21,1
"188","Clover unknown","Trifolium spec.","Fabaceae","plants",1,"ter plaatse",37.675407,-7.841711,"Portugal","JS1","Tree",301749586,2024-03-21,1
"189","Angular Pea","Lathyrus angulatus","Fabaceae","plants",3,"ter plaatse",37.675407,-7.841711,"Portugal","JS1","Tree",301749589,2024-03-21,1
"190","Cat's-ear","Hypochaeris radicata","Asteraceae","plants",15,"ter plaatse",37.675407,-7.841711,"Portugal","JS1","Tree",301749596,2024-03-21,1
"191","Arisarum simorrhinum","Arisarum simorrhinum","Araceae","plants",3,"ter plaatse",37.675362,-7.841734,"Portugal","JS1","Tree",301749599,2024-03-21,1
"192","Common Carrot","Daucus carota","Apiaceae","plants",1,"ter plaatse",37.675354,-7.841736,"Portugal","JS1","Tree",301749602,2024-03-21,1
"193","Fennel","Foeniculum vulgare","Apiaceae","plants",1,"ter plaatse",37.67535,-7.841737,"Portugal","JS1","Tree",301749607,2024-03-21,1
"194","Lesser Hawkbit","Leontodon saxatilis","Asteraceae","plants",15,"ter plaatse",37.675388,-7.841719,"Portugal","JS1","Tree",301749616,2024-03-21,1
"195","Montpelier Rock Rose","Cistus monspeliensis","Cistaceae","plants",7,"verwilderd",37.675381,-7.841739,"Portugal","JS1","Tree",301749619,2024-03-21,1
"196","Lotus conimbricensis","Lotus conimbricensis","Fabaceae","plants",3,"ter plaatse",37.675392,-7.841734,"Portugal","JS1","Tree",301749622,2024-03-21,1
"197","Thapsia villosa","Thapsia villosa","Apiaceae","plants",1,"ter plaatse",37.675388,-7.841719,"Portugal","JS1","Tree",301749626,2024-03-21,1
"198","White Asphodel","Asphodelus albus","Asphodelaceae","plants",1,"ter plaatse",37.675339,-7.841672,"Portugal","JS1","Tree",301749628,2024-03-21,1
"199","Wild lavender","Lavandula stoechas","Lamiaceae","plants",35,"ter plaatse",37.675404,-7.841765,"Portugal","JS1","Tree",301749631,2024-03-21,1
"200","Gum Rock-rose","Cistus ladanifer","Cistaceae","plants",35,"verwilderd",37.675404,-7.841764,"Portugal","JS1","Tree",301749635,2024-03-21,1
"201","Italian stone pine","Pinus pinea","Pinaceae","plants",55,"aangeplant",37.675404,-7.841764,"Portugal","JS1","Tree",301749637,2024-03-21,1
"202","Slender oat","Avena barbata","Poaceae","plants",3,"ter plaatse",37.675411,-7.841761,"Portugal","JS1","Field",301749638,2024-03-21,1
"203","Cat's-ear","Hypochaeris radicata","Asteraceae","plants",7,"ter plaatse",37.675411,-7.841761,"Portugal","JS1","Field",301749639,2024-03-21,1
"204","Scarlet Pimpernel","Anagallis arvensis","Primulaceae","plants",1,"ter plaatse",37.675407,-7.841763,"Portugal","JS1","Field",301749660,2024-03-21,1
"205","White Asphodel","Asphodelus albus","Asphodelaceae","plants",3,"ter plaatse",37.675404,-7.841755,"Portugal","JS1","Field",301749667,2024-03-21,1
"206","Angular Pea","Lathyrus angulatus","Fabaceae","plants",1,"ter plaatse",37.675381,-7.841778,"Portugal","JS1","Field",301749669,2024-03-21,1
"207","Hare's-foot Clover","Trifolium arvense","Fabaceae","plants",1,"ter plaatse",37.675415,-7.841788,"Portugal","JS1","Field",301749671,2024-03-21,1
"208","Smooth Sow-thistle","Sonchus oleraceus","Asteraceae","plants",1,"ter plaatse",37.675407,-7.841789,"Portugal","JS1","Field",301749675,2024-03-21,1
"209","Common Stork's-bill","Erodium cicutarium","Geraniaceae","plants",1,"ter plaatse",37.675407,-7.841788,"Portugal","JS1","Field",301749679,2024-03-21,1
"210","Mouse-ear chickweed unknown","Cerastium spec.","Caryophyllaceae","plants",1,"ter plaatse",37.675407,-7.841786,"Portugal","JS1","Field",301749682,2024-03-21,1
"211","Single flowered Scorpiurus","Scorpiurus vermiculatus","Fabaceae","plants",1,"ter plaatse",37.675407,-7.841786,"Portugal","JS1","Field",301749686,2024-03-21,1
"212","Field Woundwort","Stachys arvensis","Lamiaceae","plants",1,"ter plaatse",37.675407,-7.841788,"Portugal","JS1","Field",301749689,2024-03-21,1
"213","Quaking-grass","Briza media","Poaceae","plants",25,"ter plaatse",37.675396,-7.841789,"Portugal","JS1","Field",301749690,2024-03-21,1
"214","Hare's-foot Clover","Trifolium arvense","Fabaceae","plants",1,"ter plaatse",37.675404,-7.841789,"Portugal","JS1","Field",301749691,2024-03-21,1
"215","Carolina Hornwort","Phaeoceros carolinianus","Anthocerotaceae","plants",7,"ter plaatse",37.675392,-7.841806,"Portugal","JS1","Field",301749693,2024-03-21,1
"216","Yellow bird's foot","Ornithopus compressus","Fabaceae","plants",1,"ter plaatse",37.6754,-7.841809,"Portugal","JS1","Field",301749694,2024-03-21,1
"217","Logfia gallica","Logfia gallica","Asteraceae","plants",7,"ter plaatse",37.675396,-7.841789,"Portugal","JS1","Field",301749697,2024-03-21,1
"218","Common Dandelion","Taraxacum officinale s.l. (incl. all sect.)","Asteraceae","plants",1,"ter plaatse",37.66198,-7.845781,"Portugal","JS2","Tree",301749754,2024-03-21,1
"219","Anthyllis lotoides","Anthyllis lotoides","Fabaceae","plants",1,"ter plaatse",37.661983,-7.845802,"Portugal","JS2","Tree",301749757,2024-03-21,1
"220","Arabian scurf pea","Bituminaria bituminosa","Fabaceae","plants",1,"ter plaatse",37.661983,-7.845802,"Portugal","JS2","Tree",301749758,2024-03-21,1
"221","Grass family unknown","Poaceae indet.","Poaceae","plants",15,"ter plaatse",37.661976,-7.845797,"Portugal","JS2","Tree",301749760,2024-03-21,1
"222","Serradella","Ornithopus sativus","Fabaceae","plants",1,"ter plaatse",37.662006,-7.845809,"Portugal","JS2","Tree",301749762,2024-03-21,1
"223","Cupped Clover","Trifolium cherleri","Fabaceae","plants",1,"ter plaatse",37.661991,-7.84576,"Portugal","JS2","Tree",301749764,2024-03-21,1
"224","Thapsia villosa","Thapsia villosa","Apiaceae","plants",1,"ter plaatse",37.661991,-7.845759,"Portugal","JS2","Tree",301749767,2024-03-21,1
"225","Lesser Hawkbit","Leontodon saxatilis","Asteraceae","plants",7,"ter plaatse",37.661999,-7.845756,"Portugal","JS2","Tree",301749769,2024-03-21,1
"226","Arisarum simorrhinum","Arisarum simorrhinum","Araceae","plants",35,"ter plaatse",37.661999,-7.845756,"Portugal","JS2","Tree",301749771,2024-03-21,1
"227","Gum Rock-rose","Cistus ladanifer","Cistaceae","plants",75,"verwilderd",37.662003,-7.84576,"Portugal","JS2","Tree",301749772,2024-03-21,1
"228","Italian stone pine","Pinus pinea","Pinaceae","plants",75,"aangeplant",37.66201,-7.845766,"Portugal","JS2","Tree",301749773,2024-03-21,1
"229","Gum Rock-rose","Cistus ladanifer","Cistaceae","plants",25,"verwilderd",37.661995,-7.845788,"Portugal","JS2","Field",301749787,2024-03-21,1
"230","Grass family unknown","Poaceae indet.","Poaceae","plants",35,"ter plaatse",37.662048,-7.845755,"Portugal","JS2","Field",301749789,2024-03-21,1
"231","Hare's-foot Plantain","Plantago lagopus","Plantaginaceae","plants",1,"ter plaatse",37.662014,-7.845721,"Portugal","JS2","Field",301749793,2024-03-21,1
"232","Purple Viper's bugloss","Echium plantagineum","Boraginaceae","plants",1,"ter plaatse",37.675415,-7.841793,"Portugal","JS1","Field",301749798,2024-03-21,1
"233","Dwarf Rush","Juncus capitatus","Juncaceae","plants",7,"ter plaatse",37.675415,-7.841796,"Portugal","JS1","Field",301749803,2024-03-21,1
"234","Lotus conimbricensis","Lotus conimbricensis","Fabaceae","plants",15,"ter plaatse",37.675404,-7.841789,"Portugal","JS1","Field",301749808,2024-03-21,1
"235","Clover unknown","Trifolium spec.","Fabaceae","plants",3,"ter plaatse",37.675407,-7.841785,"Portugal","JS1","Field",301749811,2024-03-21,1
"236","Silver Hair-grass","Aira caryophyllea","Poaceae","plants",15,"ter plaatse",37.675415,-7.841878,"Portugal","JS1","Field",301749814,2024-03-21,1
"237","Cretan Weed","Hedypnois rhagadioloides","Asteraceae","plants",1,"ter plaatse",37.675419,-7.841816,"Portugal","JS1","Field",301749823,2024-03-21,1
"238","Spotted Rock-rose","Tuberaria guttata","Cistaceae","plants",7,"ter plaatse",37.675423,-7.841817,"Portugal","JS1","Field",301749825,2024-03-21,1
"239","Restharrow","Ononis spinosa","Fabaceae","plants",1,"ter plaatse",37.675411,-7.841818,"Portugal","JS1","Field",301749828,2024-03-21,1
"240","Purple Viper's bugloss","Echium plantagineum","Boraginaceae","plants",15,"ter plaatse",37.675411,-7.841802,"Portugal","JS1","Field",301749830,2024-03-21,1
"241","Lesser Hawkbit","Leontodon saxatilis","Asteraceae","plants",7,"ter plaatse",37.675411,-7.841803,"Portugal","JS1","Field",301749831,2024-03-21,1
"242","Rough Hawkbit","Leontodon hispidus","Asteraceae","plants",7,"ter plaatse",37.675411,-7.841802,"Portugal","JS1","Field",301749834,2024-03-21,1
"243","Squirreltail Fescue","Vulpia bromoides","Poaceae","plants",3,"ter plaatse",37.675419,-7.841795,"Portugal","JS1","Field",301749838,2024-03-21,1
"244","Mossy Stonecrop","Crassula tillaea","Crassulaceae","plants",3,"ter plaatse",37.675419,-7.84179,"Portugal","JS1","Field",301749839,2024-03-21,1
"245","Rat's-tail Fescue","Vulpia myuros","Poaceae","plants",15,"ter plaatse",37.675404,-7.841815,"Portugal","JS1","Field",301749840,2024-03-21,1
"246","Wild lavender","Lavandula stoechas","Lamiaceae","plants",3,"ter plaatse",37.675415,-7.841808,"Portugal","JS1","Field",301749841,2024-03-21,1
"247","Milk Thistle","Silybum marianum","Asteraceae","plants",1,"ter plaatse",37.675415,-7.841808,"Portugal","JS1","Field",301749842,2024-03-21,1
"248","Dusky dogfennel","Chamaemelum fuscatum","Asteraceae","plants",7,"ter plaatse",37.675426,-7.841794,"Portugal","JS1","Field",301749843,2024-03-21,1
"249","Gum Rock-rose","Cistus ladanifer","Cistaceae","plants",15,"verwilderd",37.675426,-7.841799,"Portugal","JS1","Field",301749846,2024-03-21,1
"250","Italian stone pine","Pinus pinea","Pinaceae","plants",15,"aangeplant",37.675426,-7.841796,"Portugal","JS1","Field",301749848,2024-03-21,1
"251","Linaria amethystea","Linaria amethystea","Plantaginaceae","plants",1,"ter plaatse",37.675419,-7.841807,"Portugal","JS1","Field",301749849,2024-03-21,1
"252","Horned Dock","Rumex bucephalophorus","Polygonaceae","plants",7,"ter plaatse",37.675419,-7.841807,"Portugal","JS1","Field",301749850,2024-03-21,1
"253","Green-winged Orchid","Anacamptis morio","Orchidaceae","plants",1,"ter plaatse",37.675419,-7.841807,"Portugal","JS1","Field",301749852,2024-03-21,1
"254","Purple Viper's bugloss","Echium plantagineum","Boraginaceae","plants",3,"ter plaatse",37.675419,-7.841807,"Portugal","JS1","Field",301749856,2024-03-21,1
"255","Angular Pea","Lathyrus angulatus","Fabaceae","plants",1,"ter plaatse",37.669388,-7.835144,"Portugal","JS2","Crtl2",301749859,2024-03-21,1
"256","Maritime squill","Drimia maritima","Asparagaceae","plants",1,"ter plaatse",37.669399,-7.835165,"Portugal","JS2","Crtl2",301749878,2024-03-21,1
"257","Restharrow","Ononis spinosa","Fabaceae","plants",1,"ter plaatse",37.669403,-7.835171,"Portugal","JS2","Crtl2",301749880,2024-03-21,1
"258","Field Eryngo","Eryngium campestre","Apiaceae","plants",3,"ter plaatse",37.669403,-7.835188,"Portugal","JS2","Crtl2",301749883,2024-03-21,1
"259","Logfia gallica","Logfia gallica","Asteraceae","plants",1,"ter plaatse",37.669399,-7.835146,"Portugal","JS2","Crtl2",301749886,2024-03-21,1
"260","Anthyllis lotoides","Anthyllis lotoides","Fabaceae","plants",1,"ter plaatse",37.669415,-7.835183,"Portugal","JS2","Crtl2",301749887,2024-03-21,1
"261","Horned Dock","Rumex bucephalophorus","Polygonaceae","plants",1,"ter plaatse",37.669411,-7.835192,"Portugal","JS2","Crtl2",301749890,2024-03-21,1
"262","Clover unknown","Trifolium spec.","Fabaceae","plants",1,"ter plaatse",37.669411,-7.835149,"Portugal","JS2","Crtl2",301749892,2024-03-21,1
"263","Dusky dogfennel","Chamaemelum fuscatum","Asteraceae","plants",3,"ter plaatse",37.669441,-7.835039,"Portugal","JS2","Crtl2",301749894,2024-03-21,1
"264","Dwarf Rush","Juncus capitatus","Juncaceae","plants",7,"ter plaatse",37.669403,-7.835172,"Portugal","JS2","Crtl2",301749899,2024-03-21,1
"265","Wall Barley","Hordeum murinum","Poaceae","plants",3,"ter plaatse",37.669422,-7.835161,"Portugal","JS2","Crtl2",301749906,2024-03-21,1
"266","False Caper","Euphorbia terracina","Euphorbiaceae","plants",3,"ter plaatse",37.669415,-7.835164,"Portugal","JS2","Crtl2",301749910,2024-03-21,1
"267","Yellow bird's foot","Ornithopus compressus","Fabaceae","plants",3,"ter plaatse",37.669426,-7.835185,"Portugal","JS2","Crtl2",301749912,2024-03-21,1
"268","Coronilla glauca","Coronilla glauca","Fabaceae","plants",1,"ter plaatse",37.669395,-7.835139,"Portugal","JS2","Crtl2",301749914,2024-03-21,1
"269","Squirreltail Fescue","Vulpia bromoides","Poaceae","plants",15,"ter plaatse",37.669395,-7.835142,"Portugal","JS2","Crtl2",301749916,2024-03-21,1
"270","Carlina hispanica","Carlina hispanica","Asteraceae","plants",7,"ter plaatse",37.669395,-7.835138,"Portugal","JS2","Crtl2",301749917,2024-03-21,1
"271","Hare's-foot Clover","Trifolium arvense","Fabaceae","plants",3,"ter plaatse",37.669392,-7.83514,"Portugal","JS2","Crtl2",301749922,2024-03-21,1
"272","Myosotis debilis","Myosotis debilis","Boraginaceae","plants",3,"ter plaatse",37.669388,-7.835135,"Portugal","JS2","Crtl2",301749925,2024-03-21,1
"273","Glandular Plantain","Plantago afra","Plantaginaceae","plants",3,"ter plaatse",37.669388,-7.835135,"Portugal","JS2","Crtl2",301749926,2024-03-21,1
"274","Slender oat","Avena barbata","Poaceae","plants",7,"ter plaatse",37.669388,-7.835135,"Portugal","JS2","Crtl2",301749928,2024-03-21,1
"275","Thapsia villosa","Thapsia villosa","Apiaceae","plants",7,"ter plaatse",37.669392,-7.835145,"Portugal","JS2","Crtl2",301749929,2024-03-21,1
"276","Silver Hair-grass","Aira caryophyllea","Poaceae","plants",35,"ter plaatse",37.669399,-7.835114,"Portugal","JS2","Crtl2",301749932,2024-03-21,1
"277","Common Stork's-bill","Erodium cicutarium","Geraniaceae","plants",3,"ter plaatse",37.669392,-7.835131,"Portugal","JS2","Crtl2",301749933,2024-03-21,1
"278","Serradella","Ornithopus sativus","Fabaceae","plants",15,"ter plaatse",37.669388,-7.835132,"Portugal","JS2","Crtl2",301749934,2024-03-21,1
"279","Arisarum simorrhinum","Arisarum simorrhinum","Araceae","plants",25,"ter plaatse",37.669388,-7.835132,"Portugal","JS2","Crtl2",301749937,2024-03-21,1
"280","Lesser Hawkbit","Leontodon saxatilis","Asteraceae","plants",7,"ter plaatse",37.669388,-7.835132,"Portugal","JS2","Crtl2",301749939,2024-03-21,1
"281","Field Eryngo","Eryngium campestre","Apiaceae","plants",3,"ter plaatse",37.669392,-7.835131,"Portugal","JS2","Crtl2",301749943,2024-03-21,1
"282","Moraea sisyrinchium","Moraea sisyrinchium","Iridaceae","plants",1,"ter plaatse",37.669388,-7.835125,"Portugal","JS2","Crtl2",301749945,2024-03-21,1
"283","Purple Viper's bugloss","Echium plantagineum","Boraginaceae","plants",1,"ter plaatse",37.669388,-7.835125,"Portugal","JS2","Crtl2",301749947,2024-03-21,1
"284","Yellow Bartsia","Parentucellia viscosa","Orobanchaceae","plants",3,"ter plaatse",37.669388,-7.835126,"Portugal","JS2","Crtl2",301749949,2024-03-21,1
"285","Wild radish","Raphanus raphanistrum","Brassicaceae","plants",1,"ter plaatse",37.669384,-7.835128,"Portugal","JS2","Crtl2",301749950,2024-03-21,1
"286","Wild lavender","Lavandula stoechas","Lamiaceae","plants",1,"ter plaatse",37.669342,-7.835032,"Portugal","JS2","Crtl1",301749956,2024-03-21,1
"287","Logfia gallica","Logfia gallica","Asteraceae","plants",1,"ter plaatse",37.669342,-7.835032,"Portugal","JS2","Crtl1",301749958,2024-03-21,1
"288","Logfia gallica","Logfia gallica","Asteraceae","plants",1,"ter plaatse",37.669342,-7.835032,"Portugal","JS2","Crtl1",301749960,2024-03-21,1
"289","Carlina hispanica","Carlina hispanica","Asteraceae","plants",1,"ter plaatse",37.669334,-7.834986,"Portugal","JS2","Crtl1",301749977,2024-03-21,1
"290","Thapsia villosa","Thapsia villosa","Apiaceae","plants",1,"ter plaatse",37.669338,-7.835006,"Portugal","JS2","Crtl1",301749979,2024-03-21,1
"291","Myosotis debilis","Myosotis debilis","Boraginaceae","plants",3,"ter plaatse",37.669342,-7.835015,"Portugal","JS2","Crtl1",301749980,2024-03-21,1
"292","Arisarum simorrhinum","Arisarum simorrhinum","Araceae","plants",1,"ter plaatse",37.669319,-7.83504,"Portugal","JS2","Crtl1",301749981,2024-03-21,1
"293","Anthyllis lotoides","Anthyllis lotoides","Fabaceae","plants",1,"ter plaatse",37.669319,-7.835039,"Portugal","JS2","Crtl1",301749984,2024-03-21,1
"294","Mouse-ear chickweed unknown","Cerastium spec.","Caryophyllaceae","plants",7,"ter plaatse",37.669319,-7.835045,"Portugal","JS2","Crtl1",301749985,2024-03-21,1
"295","Yellow Bartsia","Parentucellia viscosa","Orobanchaceae","plants",1,"ter plaatse",37.669323,-7.835011,"Portugal","JS2","Crtl1",301749987,2024-03-21,1
"296","Purple Viper's bugloss","Echium plantagineum","Boraginaceae","plants",3,"ter plaatse",37.669323,-7.835011,"Portugal","JS2","Crtl1",301749988,2024-03-21,1
"297","Rat's-tail Fescue","Vulpia myuros","Poaceae","plants",15,"ter plaatse",37.669323,-7.835014,"Portugal","JS2","Crtl1",301749990,2024-03-21,1
"298","Common Stork's-bill","Erodium cicutarium","Geraniaceae","plants",7,"ter plaatse",37.669323,-7.835017,"Portugal","JS2","Crtl1",301749992,2024-03-21,1
"299","Hare's-foot Clover","Trifolium arvense","Fabaceae","plants",3,"ter plaatse",37.669323,-7.835019,"Portugal","JS2","Crtl1",301749993,2024-03-21,1
"300","Glandular Plantain","Plantago afra","Plantaginaceae","plants",3,"ter plaatse",37.669327,-7.835006,"Portugal","JS2","Crtl1",301749994,2024-03-21,1
"301","Slender oat","Avena barbata","Poaceae","plants",3,"ter plaatse",37.669331,-7.83501,"Portugal","JS2","Crtl1",301749995,2024-03-21,1
"302","Silver Hair-grass","Aira caryophyllea","Poaceae","plants",25,"ter plaatse",37.669331,-7.835,"Portugal","JS2","Crtl1",301749997,2024-03-21,1
"303","Yellow bird's foot","Ornithopus compressus","Fabaceae","plants",3,"ter plaatse",37.66935,-7.835013,"Portugal","JS2","Crtl1",301749998,2024-03-21,1
"304","Clover unknown","Trifolium spec.","Fabaceae","plants",3,"ter plaatse",37.669353,-7.835014,"Portugal","JS2","Crtl1",301750000,2024-03-21,1
"305","Moraea sisyrinchium","Moraea sisyrinchium","Iridaceae","plants",1,"ter plaatse",37.669323,-7.835002,"Portugal","JS2","Crtl1",301750001,2024-03-21,1
"306","Cat's-ear","Hypochaeris radicata","Asteraceae","plants",7,"ter plaatse",37.6693,-7.834972,"Portugal","JS2","Crtl1",301750006,2024-03-21,1
"307","Serradella","Ornithopus sativus","Fabaceae","plants",35,"ter plaatse",37.669342,-7.834985,"Portugal","JS2","Crtl1",301750008,2024-03-21,1
"308","Logfia gallica","Logfia gallica","Asteraceae","plants",3,"ter plaatse",37.669342,-7.834985,"Portugal","JS2","Crtl1",301750015,2024-03-21,1
"309","Field Eryngo","Eryngium campestre","Apiaceae","plants",15,"ter plaatse",37.669353,-7.834965,"Portugal","JS2","Crtl1",301750017,2024-03-21,1
"310","Lesser Hawkbit","Leontodon saxatilis","Asteraceae","plants",25,"ter plaatse",37.669353,-7.834961,"Portugal","JS2","Crtl1",301750019,2024-03-21,1
"311","Wild radish","Raphanus raphanistrum","Brassicaceae","plants",1,"ter plaatse",37.66935,-7.835,"Portugal","JS2","Crtl1",301750021,2024-03-21,1
"312","Linaria amethystea","Linaria amethystea","Plantaginaceae","plants",3,"ter plaatse",37.669357,-7.834979,"Portugal","JS2","Crtl1",301750022,2024-03-21,1
"313","Squirreltail Fescue","Vulpia bromoides","Poaceae","plants",3,"ter plaatse",37.672409,-7.835839,"Portugal","JS1","Crtl1",301750040,2024-03-21,1
"314","Common Stork's-bill","Erodium cicutarium","Geraniaceae","plants",1,"ter plaatse",37.710655,-7.904309,"Portugal","JS1","Crtl1",301750042,2024-03-21,1
"315","Dipcadi serotinum","Dipcadi serotinum","Asparagaceae","plants",1,"ter plaatse",37.672421,-7.835823,"Portugal","JS1","Crtl1",301750045,2024-03-21,1
"316","Myosotis debilis","Myosotis debilis","Boraginaceae","plants",1,"ter plaatse",37.672398,-7.835839,"Portugal","JS1","Crtl1",301750047,2024-03-21,1
"317","Cat's-ear","Hypochaeris radicata","Asteraceae","plants",3,"ter plaatse",37.672398,-7.835839,"Portugal","JS1","Crtl1",301750048,2024-03-21,1
"318","Logfia gallica","Logfia gallica","Asteraceae","plants",1,"ter plaatse",37.672382,-7.835834,"Portugal","JS1","Crtl1",301750052,2024-03-21,1
"319","Field Woundwort","Stachys arvensis","Lamiaceae","plants",1,"ter plaatse",37.672367,-7.835838,"Portugal","JS1","Crtl1",301750054,2024-03-21,1
"320","Wild radish","Raphanus raphanistrum","Brassicaceae","plants",1,"ter plaatse",37.672382,-7.835835,"Portugal","JS1","Crtl1",301750055,2024-03-21,1
"321","Yellow bird's foot","Ornithopus compressus","Fabaceae","plants",3,"ter plaatse",37.672382,-7.835835,"Portugal","JS1","Crtl1",301750057,2024-03-21,1
"322","Clover unknown","Trifolium spec.","Fabaceae","plants",15,"ter plaatse",37.67239,-7.835811,"Portugal","JS1","Crtl1",301750058,2024-03-21,1
"323","Rat's-tail Fescue","Vulpia myuros","Poaceae","plants",15,"ter plaatse",37.672371,-7.835822,"Portugal","JS1","Crtl1",301750059,2024-03-21,1
"324","Squirreltail Fescue","Vulpia bromoides","Poaceae","plants",15,"ter plaatse",37.672379,-7.835794,"Portugal","JS1","Crtl1",301750060,2024-03-21,1
"325","Slender oat","Avena barbata","Poaceae","plants",3,"ter plaatse",37.67239,-7.835819,"Portugal","JS1","Crtl1",301750063,2024-03-21,1
"326","Yellow Bartsia","Parentucellia viscosa","Orobanchaceae","plants",1,"ter plaatse",37.672394,-7.835815,"Portugal","JS1","Crtl1",301750069,2024-03-21,1
"327","Serradella","Ornithopus sativus","Fabaceae","plants",25,"ter plaatse",37.672413,-7.835818,"Portugal","JS1","Crtl1",301750071,2024-03-21,1
"328","Hare's-foot Plantain","Plantago lagopus","Plantaginaceae","plants",25,"ter plaatse",37.672409,-7.835817,"Portugal","JS1","Crtl1",301750072,2024-03-21,1
"329","Lesser Hawkbit","Leontodon saxatilis","Asteraceae","plants",35,"ter plaatse",37.672409,-7.83582,"Portugal","JS1","Crtl1",301750073,2024-03-21,1
"330","Field Eryngo","Eryngium campestre","Apiaceae","plants",7,"ter plaatse",37.672413,-7.83582,"Portugal","JS1","Crtl1",301750074,2024-03-21,1
"331","Cynara humilis","Cynara humilis","Asteraceae","plants",7,"ter plaatse",37.672413,-7.835822,"Portugal","JS1","Crtl1",301750076,2024-03-21,1
"332","Anthyllis lotoides","Anthyllis lotoides","Fabaceae","plants",7,"ter plaatse",37.672409,-7.835824,"Portugal","JS1","Crtl1",301750077,2024-03-21,1
"333","Purple Viper's bugloss","Echium plantagineum","Boraginaceae","plants",7,"ter plaatse",37.672405,-7.83581,"Portugal","JS1","Crtl1",301750078,2024-03-21,1
"334","Moraea sisyrinchium","Moraea sisyrinchium","Iridaceae","plants",7,"ter plaatse",37.672405,-7.835809,"Portugal","JS1","Crtl1",301750081,2024-03-21,1
"335","Anthyllis lotoides","Anthyllis lotoides","Fabaceae","plants",1,"ter plaatse",37.672379,-7.83593,"Portugal","JS1","Crtl2",301750104,2024-03-21,1
"336","Cat's-ear","Hypochaeris radicata","Asteraceae","plants",3,"ter plaatse",37.672375,-7.835927,"Portugal","JS1","Crtl2",301750107,2024-03-21,1
"337","Logfia gallica","Logfia gallica","Asteraceae","plants",1,"ter plaatse",37.672363,-7.835933,"Portugal","JS1","Crtl2",301750112,2024-03-21,1
"338","Common Stork's-bill","Erodium cicutarium","Geraniaceae","plants",1,"ter plaatse",37.672352,-7.835925,"Portugal","JS1","Crtl2",301750114,2024-03-21,1
"339","False Caper","Euphorbia terracina","Euphorbiaceae","plants",1,"ter plaatse",37.672379,-7.835936,"Portugal","JS1","Crtl2",301750120,2024-03-21,1
"340","Field Woundwort","Stachys arvensis","Lamiaceae","plants",1,"ter plaatse",37.672401,-7.835949,"Portugal","JS1","Crtl2",301750122,2024-03-21,1
"341","Poppy unknown","Papaver spec.","Papaveraceae","plants",1,"ter plaatse",37.672401,-7.835949,"Portugal","JS1","Crtl2",301750124,2024-03-21,1
"342","Rat's-tail Fescue","Vulpia myuros","Poaceae","plants",15,"ter plaatse",37.672394,-7.835948,"Portugal","JS1","Crtl2",301750130,2024-03-21,1
"343","Squirreltail Fescue","Vulpia bromoides","Poaceae","plants",15,"ter plaatse",37.672386,-7.83595,"Portugal","JS1","Crtl2",301750137,2024-03-21,1
"344","Slender oat","Avena barbata","Poaceae","plants",3,"ter plaatse",37.672394,-7.835948,"Portugal","JS1","Crtl2",301750144,2024-03-21,1
"345","Dusky dogfennel","Chamaemelum fuscatum","Asteraceae","plants",15,"ter plaatse",37.672386,-7.835942,"Portugal","JS1","Crtl2",301750149,2024-03-21,1
"346","Yellow bird's foot","Ornithopus compressus","Fabaceae","plants",3,"ter plaatse",37.672394,-7.835953,"Portugal","JS1","Crtl2",301750152,2024-03-21,1
"347","Serradella","Ornithopus sativus","Fabaceae","plants",25,"ter plaatse",37.67239,-7.835948,"Portugal","JS1","Crtl2",301750160,2024-03-21,1
"348","Cynara humilis","Cynara humilis","Asteraceae","plants",7,"ter plaatse",37.672386,-7.835945,"Portugal","JS1","Crtl2",301750165,2024-03-21,1
"349","Lesser Hawkbit","Leontodon saxatilis","Asteraceae","plants",45,"ter plaatse",37.672367,-7.835966,"Portugal","JS1","Crtl2",301750168,2024-03-21,1
"350","Hare's-foot Plantain","Plantago lagopus","Plantaginaceae","plants",25,"ter plaatse",37.672382,-7.835952,"Portugal","JS1","Crtl2",301750171,2024-03-21,1
"351","Moraea sisyrinchium","Moraea sisyrinchium","Iridaceae","plants",7,"ter plaatse",37.672375,-7.835953,"Portugal","JS1","Crtl2",301750173,2024-03-21,1
"352","Field Eryngo","Eryngium campestre","Apiaceae","plants",7,"ter plaatse",37.672375,-7.835952,"Portugal","JS1","Crtl2",301750177,2024-03-21,1
"353","Purple Viper's bugloss","Echium plantagineum","Boraginaceae","plants",7,"ter plaatse",37.672375,-7.835952,"Portugal","JS1","Crtl2",301750179,2024-03-21,1
"354","Lesser Snapdragon","Misopates orontium","Plantaginaceae","plants",1,"ter plaatse",37.558826,-7.698207,"Portugal","MV3","Crtl1",301978480,2024-03-24,1
"355","Smooth Hawk's-beard","Crepis capillaris","Asteraceae","plants",1,"ter plaatse",37.558826,-7.698192,"Portugal","MV3","Crtl1",301978496,2024-03-24,1
"356","Common Stork's-bill","Erodium cicutarium","Geraniaceae","plants",1,"ter plaatse",37.558838,-7.698202,"Portugal","MV3","Crtl1",301978505,2024-03-24,1
"357","Yellow Hawkweed","Tolpis umbellata","Asteraceae","plants",3,"ter plaatse",37.558815,-7.698214,"Portugal","MV3","Crtl1",301978510,2024-03-24,1
"358","Smooth Sow-thistle","Sonchus oleraceus","Asteraceae","plants",1,"ter plaatse",37.558815,-7.698207,"Portugal","MV3","Crtl1",301978511,2024-03-24,1
"359","Purple sandspurry","Spergularia purpurea","Caryophyllaceae","plants",1,"ter plaatse",37.558811,-7.698204,"Portugal","MV3","Crtl1",301978512,2024-03-24,1
"360","Squirreltail Fescue","Vulpia bromoides","Poaceae","plants",3,"ter plaatse",37.558804,-7.698197,"Portugal","MV3","Crtl1",301978514,2024-03-24,1
"361","Soft-brome","Bromus hordeaceus","Poaceae","plants",3,"ter plaatse",37.5588,-7.698207,"Portugal","MV3","Crtl1",301978517,2024-03-24,1
"362","Compact Brome","Anisantha madritensis","Poaceae","plants",3,"ter plaatse",37.5588,-7.698208,"Portugal","MV3","Crtl1",301978519,2024-03-24,1
"363","Smallflower bird's foot trefoil","Lotus parviflorus","Fabaceae","plants",3,"ter plaatse",37.558807,-7.69822,"Portugal","MV3","Crtl1",301978520,2024-03-24,1
"364","False Hawkbit","Urospermum picroides","Asteraceae","plants",3,"ter plaatse",37.558838,-7.698258,"Portugal","MV3","Crtl1",301978522,2024-03-24,1
"365","Scarlet Pimpernel","Anagallis arvensis","Primulaceae","plants",1,"ter plaatse",37.558853,-7.698256,"Portugal","MV3","Crtl1",301978525,2024-03-24,1
"366","Diplotaxis catholica","Diplotaxis catholica","Brassicaceae","plants",3,"ter plaatse",37.558849,-7.698258,"Portugal","MV3","Crtl1",301978526,2024-03-24,1
"367","Clustered clover","Trifolium glomeratum","Fabaceae","plants",1,"ter plaatse",37.558834,-7.698274,"Portugal","MV3","Crtl1",301978529,2024-03-24,1
"368","Field Woundwort","Stachys arvensis","Lamiaceae","plants",1,"ter plaatse",37.558823,-7.698264,"Portugal","MV3","Crtl1",301978531,2024-03-24,1
"369","Slender Thistle","Carduus tenuiflorus","Asteraceae","plants",3,"ter plaatse",37.558826,-7.698269,"Portugal","MV3","Crtl1",301978533,2024-03-24,1
"370","Bird's-foot","Ornithopus perpusillus","Fabaceae","plants",3,"ter plaatse",37.55883,-7.698268,"Portugal","MV3","Crtl1",301978535,2024-03-24,1
"371","Field marigold","Calendula arvensis","Asteraceae","plants",1,"ter plaatse",37.55883,-7.698268,"Portugal","MV3","Crtl1",301978538,2024-03-24,1
"372","Slender oat","Avena barbata","Poaceae","plants",7,"ter plaatse",37.558823,-7.698273,"Portugal","MV3","Crtl1",301978540,2024-03-24,1
"373","Stipellula capensis","Stipellula capensis","Poaceae","plants",55,"ter plaatse",37.558823,-7.698273,"Portugal","MV3","Crtl1",301978541,2024-03-24,1
"374","Hare's-foot Plantain","Plantago lagopus","Plantaginaceae","plants",35,"ter plaatse",37.558823,-7.698273,"Portugal","MV3","Crtl1",301978544,2024-03-24,1
"375","Purple Viper's bugloss","Echium plantagineum","Boraginaceae","plants",15,"ter plaatse",37.558823,-7.698273,"Portugal","MV3","Crtl1",301978545,2024-03-24,1
"376","Small flowered Catchfly","Silene gallica","Caryophyllaceae","plants",7,"ter plaatse",37.558823,-7.698273,"Portugal","MV3","Crtl1",301978546,2024-03-24,1
"377","Lesser Hawkbit","Leontodon saxatilis","Asteraceae","plants",15,"ter plaatse",37.558823,-7.698272,"Portugal","MV3","Crtl1",301978547,2024-03-24,1
"378","Asphodelus lusitanicus","Asphodelus lusitanicus","Asphodelaceae","plants",3,"ter plaatse",37.558826,-7.69827,"Portugal","MV3","Crtl1",301978548,2024-03-24,1
"379","Field marigold","Calendula arvensis","Asteraceae","plants",3,"ter plaatse",37.558773,-7.69824,"Portugal","MV3","Crtl2",301978564,2024-03-24,1
"380","Squirreltail Fescue","Vulpia bromoides","Poaceae","plants",3,"ter plaatse",37.558773,-7.69824,"Portugal","MV3","Crtl2",301978566,2024-03-24,1
"381","Slender Thistle","Carduus tenuiflorus","Asteraceae","plants",1,"ter plaatse",37.558788,-7.698245,"Portugal","MV3","Crtl2",301978568,2024-03-24,1
"382","Smallflower bird's foot trefoil","Lotus parviflorus","Fabaceae","plants",7,"ter plaatse",37.558769,-7.698239,"Portugal","MV3","Crtl2",301978569,2024-03-24,1
"383","Golden Top","Lamarckia aurea","Poaceae","plants",7,"ter plaatse",37.558773,-7.698276,"Portugal","MV3","Crtl2",301978570,2024-03-24,1
"384","Clover unknown","Trifolium spec.","Fabaceae","plants",1,"ter plaatse",37.558773,-7.698271,"Portugal","MV3","Crtl2",301978571,2024-03-24,1
"385","Anthyllis lotoides","Anthyllis lotoides","Fabaceae","plants",3,"ter plaatse",37.558777,-7.698269,"Portugal","MV3","Crtl2",301978572,2024-03-24,1
"386","Corn Marigold","Glebionis segetum","Asteraceae","plants",1,"ter plaatse",37.558777,-7.698247,"Portugal","MV3","Crtl2",301978575,2024-03-24,1
"387","Cladanthus mixtus","Cladanthus mixtus","Asteraceae","plants",3,"ter plaatse",37.558796,-7.698278,"Portugal","MV3","Crtl2",301978578,2024-03-24,1
"388","Bird's-foot","Ornithopus perpusillus","Fabaceae","plants",3,"ter plaatse",37.558796,-7.698275,"Portugal","MV3","Crtl2",301978580,2024-03-24,1
"389","Purple sandspurry","Spergularia purpurea","Caryophyllaceae","plants",3,"ter plaatse",37.558796,-7.698287,"Portugal","MV3","Crtl2",301978581,2024-03-24,1
"390","Four-leaved Allseed","Polycarpon tetraphyllum","Caryophyllaceae","plants",1,"ter plaatse",37.558796,-7.698287,"Portugal","MV3","Crtl2",301978582,2024-03-24,1
"391","Stipellula capensis","Stipellula capensis","Poaceae","plants",55,"ter plaatse",37.558792,-7.698293,"Portugal","MV3","Crtl2",301978585,2024-03-24,1
"392","Wild radish","Raphanus raphanistrum","Brassicaceae","plants",1,"ter plaatse",37.558792,-7.69827,"Portugal","MV3","Crtl2",301978586,2024-03-24,1
"393","Hare's-foot Plantain","Plantago lagopus","Plantaginaceae","plants",3,"ter plaatse",37.558792,-7.698269,"Portugal","MV3","Crtl2",301978588,2024-03-24,1
"394","Lesser Snapdragon","Misopates orontium","Plantaginaceae","plants",1,"ter plaatse",37.558792,-7.69827,"Portugal","MV3","Crtl2",301978590,2024-03-24,1
"395","Smooth Sow-thistle","Sonchus oleraceus","Asteraceae","plants",3,"ter plaatse",37.558788,-7.698263,"Portugal","MV3","Crtl2",301978592,2024-03-24,1
"396","Lesser Hawkbit","Leontodon saxatilis","Asteraceae","plants",15,"ter plaatse",37.558788,-7.698256,"Portugal","MV3","Crtl2",301978593,2024-03-24,1
"397","Purple Viper's bugloss","Echium plantagineum","Boraginaceae","plants",25,"ter plaatse",37.558788,-7.698252,"Portugal","MV3","Crtl2",301978594,2024-03-24,1
"398","Slender oat","Avena barbata","Poaceae","plants",15,"ter plaatse",37.558792,-7.698253,"Portugal","MV3","Crtl2",301978595,2024-03-24,1
"399","False Hawkbit","Urospermum picroides","Asteraceae","plants",3,"ter plaatse",37.558807,-7.698253,"Portugal","MV3","Crtl2",301978596,2024-03-24,1
"400","Yellow bird's foot","Ornithopus compressus","Fabaceae","plants",1,"ter plaatse",37.564075,-7.689745,"Portugal","MV3","Tree",301978666,2024-03-24,1
"401","Purple sandspurry","Spergularia purpurea","Caryophyllaceae","plants",1,"ter plaatse",37.564075,-7.689745,"Portugal","MV3","Tree",301978667,2024-03-24,1
"402","Field Woundwort","Stachys arvensis","Lamiaceae","plants",1,"ter plaatse",37.564083,-7.689735,"Portugal","MV3","Tree",301978668,2024-03-24,1
"403","Mossy Stonecrop","Crassula tillaea","Crassulaceae","plants",1,"ter plaatse",37.564083,-7.689749,"Portugal","MV3","Tree",301978669,2024-03-24,1
"404","Glandular Plantain","Plantago afra","Plantaginaceae","plants",1,"ter plaatse",37.564083,-7.689748,"Portugal","MV3","Tree",301978671,2024-03-24,1
"405","Yellow bird's foot","Ornithopus compressus","Fabaceae","plants",1,"ter plaatse",37.564087,-7.68975,"Portugal","MV3","Tree",301978672,2024-03-24,1
"406","Woolly clover","Trifolium tomentosum","Fabaceae","plants",1,"ter plaatse",37.564083,-7.689755,"Portugal","MV3","Tree",301978673,2024-03-24,1
"407","Lesser Quaking-grass","Briza minor","Poaceae","plants",1,"ter plaatse",37.564079,-7.689754,"Portugal","MV3","Tree",301978676,2024-03-24,1
"408","Field marigold","Calendula arvensis","Asteraceae","plants",1,"ter plaatse",37.564079,-7.689762,"Portugal","MV3","Tree",301978677,2024-03-24,1
"409","Montpelier Rock Rose","Cistus monspeliensis","Cistaceae","plants",1,"ter plaatse",37.564079,-7.689754,"Portugal","MV3","Tree",301978678,2024-03-24,1
"410","Silver Hair-grass","Aira caryophyllea","Poaceae","plants",3,"ter plaatse",37.564079,-7.689755,"Portugal","MV3","Tree",301978680,2024-03-24,1
"411","Hedge-bedstraw","Galium mollugo","Rubiaceae","plants",3,"ter plaatse",37.564075,-7.68976,"Portugal","MV3","Tree",301978681,2024-03-24,1
"412","Angular Pea","Lathyrus angulatus","Fabaceae","plants",1,"ter plaatse",37.564075,-7.689762,"Portugal","MV3","Tree",301978683,2024-03-24,1
"413","Anthyllis lotoides","Anthyllis lotoides","Fabaceae","plants",3,"ter plaatse",37.564072,-7.689753,"Portugal","MV3","Tree",301978684,2024-03-24,1
"414","Smooth Cat's-ear","Hypochaeris glabra","Asteraceae","plants",1,"ter plaatse",37.564068,-7.689754,"Portugal","MV3","Tree",301978685,2024-03-24,1
"415","Squirreltail Fescue","Vulpia bromoides","Poaceae","plants",3,"ter plaatse",37.564064,-7.689749,"Portugal","MV3","Tree",301978689,2024-03-24,1
"416","Serradella","Ornithopus sativus","Fabaceae","plants",3,"ter plaatse",37.564064,-7.689749,"Portugal","MV3","Tree",301978690,2024-03-24,1
"417","Quaking-grass","Briza media","Poaceae","plants",7,"ter plaatse",37.564064,-7.68975,"Portugal","MV3","Tree",301978692,2024-03-24,1
"418","Lesser Hawkbit","Leontodon saxatilis","Asteraceae","plants",7,"ter plaatse",37.564064,-7.68975,"Portugal","MV3","Tree",301978693,2024-03-24,1
"419","Purple Viper's bugloss","Echium plantagineum","Boraginaceae","plants",3,"ter plaatse",37.564064,-7.689749,"Portugal","MV3","Tree",301978694,2024-03-24,1
"420","Scarlet Pimpernel","Anagallis arvensis","Primulaceae","plants",7,"ter plaatse",37.564064,-7.689749,"Portugal","MV3","Tree",301978695,2024-03-24,1
"421","Gum Rock-rose","Cistus ladanifer","Cistaceae","plants",35,"verwilderd",37.564064,-7.68975,"Portugal","MV3","Tree",301978696,2024-03-24,1
"422","Montpelier Rock Rose","Cistus monspeliensis","Cistaceae","plants",35,"verwilderd",37.564064,-7.689749,"Portugal","MV3","Tree",301978697,2024-03-24,1
"423","Italian stone pine","Pinus pinea","Pinaceae","plants",45,"aangeplant",37.564064,-7.689749,"Portugal","MV3","Tree",301978698,2024-03-24,1
"424","Valantia muralis","Valantia muralis","Rubiaceae","plants",1,"ter plaatse",37.564106,-7.689761,"Portugal","MV3","Field",301978734,2024-03-24,1
"425","Scurvygrass unknown","Cochlearia spec.","Brassicaceae","plants",1,"ter plaatse",37.564114,-7.689744,"Portugal","MV3","Field",301978735,2024-03-24,1
"426","Golden Top","Lamarckia aurea","Poaceae","plants",1,"ter plaatse",37.564133,-7.689735,"Portugal","MV3","Field",301978737,2024-03-24,1
"427","Yellow bird's foot","Ornithopus compressus","Fabaceae","plants",1,"ter plaatse",37.564133,-7.689732,"Portugal","MV3","Field",301978738,2024-03-24,1
"428","Mossy Stonecrop","Crassula tillaea","Crassulaceae","plants",1,"ter plaatse",37.564079,-7.689719,"Portugal","MV3","Field",301978739,2024-03-24,1
"429","Slender oat","Avena barbata","Poaceae","plants",1,"ter plaatse",37.564087,-7.689714,"Portugal","MV3","Field",301978741,2024-03-24,1
"430","Squirreltail Fescue","Vulpia bromoides","Poaceae","plants",25,"ter plaatse",37.564087,-7.689714,"Portugal","MV3","Field",301978742,2024-03-24,1
"431","Wall Barley","Hordeum murinum","Poaceae","plants",7,"ter plaatse",37.564087,-7.689714,"Portugal","MV3","Field",301978743,2024-03-24,1
"432","Silver Hair-grass","Aira caryophyllea","Poaceae","plants",15,"ter plaatse",37.564087,-7.689714,"Portugal","MV3","Field",301978745,2024-03-24,1
"433","Compact Brome","Anisantha madritensis","Poaceae","plants",15,"ter plaatse",37.564087,-7.689714,"Portugal","MV3","Field",301978749,2024-03-24,1
"434","Anthyllis lotoides","Anthyllis lotoides","Fabaceae","plants",7,"ter plaatse",37.564091,-7.689746,"Portugal","MV3","Field",301978750,2024-03-24,1
"435","Field marigold","Calendula arvensis","Asteraceae","plants",3,"ter plaatse",37.564098,-7.689749,"Portugal","MV3","Field",301978751,2024-03-24,1
"436","Serradella","Ornithopus sativus","Fabaceae","plants",1,"ter plaatse",37.564098,-7.689756,"Portugal","MV3","Field",301978752,2024-03-24,1
"437","Hare's-foot Clover","Trifolium arvense","Fabaceae","plants",3,"ter plaatse",37.564098,-7.689759,"Portugal","MV3","Field",301978754,2024-03-24,1
"438","Glandular Plantain","Plantago afra","Plantaginaceae","plants",1,"ter plaatse",37.564102,-7.68976,"Portugal","MV3","Field",301978755,2024-03-24,1
"439","Purple sandspurry","Spergularia purpurea","Caryophyllaceae","plants",3,"ter plaatse",37.564102,-7.689761,"Portugal","MV3","Field",301978758,2024-03-24,1
"440","Field Woundwort","Stachys arvensis","Lamiaceae","plants",1,"ter plaatse",37.564106,-7.689753,"Portugal","MV3","Field",301978759,2024-03-24,1
"441","Wild radish","Raphanus raphanistrum","Brassicaceae","plants",15,"ter plaatse",37.564106,-7.689739,"Portugal","MV3","Field",301978760,2024-03-24,1
"442","Corn Marigold","Glebionis segetum","Asteraceae","plants",7,"ter plaatse",37.564106,-7.689739,"Portugal","MV3","Field",301978762,2024-03-24,1
"443","Anthemis mixta","Anthemis mixta","Asteraceae","plants",3,"ter plaatse",37.56411,-7.689717,"Portugal","MV3","Field",301978766,2024-03-24,1
"444","Scarlet Pimpernel","Anagallis arvensis","Primulaceae","plants",3,"ter plaatse",37.56411,-7.689722,"Portugal","MV3","Field",301978767,2024-03-24,1
"445","Galactites tomentosus","Galactites tomentosus","Asteraceae","plants",1,"ter plaatse",37.564079,-7.689725,"Portugal","MV3","Field",301978771,2024-03-24,1
"446","Horned Dock","Rumex bucephalophorus","Polygonaceae","plants",3,"ter plaatse",37.56411,-7.689727,"Portugal","MV3","Field",301978772,2024-03-24,1
"447","Purple Viper's bugloss","Echium plantagineum","Boraginaceae","plants",25,"ter plaatse",37.56411,-7.689727,"Portugal","MV3","Field",301978775,2024-03-24,1
"448","Cladanthus mixtus","Cladanthus mixtus","Asteraceae","plants",7,"ter plaatse",37.564114,-7.689723,"Portugal","MV3","Field",301978778,2024-03-24,1
"449","Dusky dogfennel","Chamaemelum fuscatum","Asteraceae","plants",7,"ter plaatse",37.564114,-7.689721,"Portugal","MV3","Field",301978780,2024-03-24,1
"450","Lesser Hawkbit","Leontodon saxatilis","Asteraceae","plants",1,"ter plaatse",37.564117,-7.68972,"Portugal","MV3","Field",301978782,2024-03-24,1
"451","Weld","Reseda luteola","Resedaceae","plants",3,"ter plaatse",37.564114,-7.689722,"Portugal","MV3","Field",301978785,2024-03-24,1
"452","Plant unknown","Plantae indet.","Plants","plants",3,"ter plaatse",37.561104,-7.676884,"Portugal","MV2","Field",301978788,2024-03-24,1
"453","Quaking-grass","Briza media","Poaceae","plants",1,"ter plaatse",37.561161,-7.676881,"Portugal","MV2","Tree",301978791,2024-03-24,1
"454","Senecio lividus","Senecio lividus","Asteraceae","plants",1,"ter plaatse",37.561195,-7.676867,"Portugal","MV2","Tree",301978830,2024-03-24,1
"455","Hedge-bedstraw","Galium mollugo","Rubiaceae","plants",1,"ter plaatse",37.561199,-7.676861,"Portugal","MV2","Tree",301978832,2024-03-24,1
"456","False Hawkbit","Urospermum picroides","Asteraceae","plants",1,"ter plaatse",37.561195,-7.676858,"Portugal","MV2","Tree",301978838,2024-03-24,1
"457","Spotted Rock-rose","Tuberaria guttata","Cistaceae","plants",1,"ter plaatse",37.561195,-7.6769,"Portugal","MV2","Tree",301978840,2024-03-24,1
"458","Silver Hair-grass","Aira caryophyllea","Poaceae","plants",3,"ter plaatse",37.561207,-7.676867,"Portugal","MV2","Tree",301978842,2024-03-24,1
"459","Purple Viper's bugloss","Echium plantagineum","Boraginaceae","plants",7,"ter plaatse",37.561192,-7.676876,"Portugal","MV2","Tree",301978844,2024-03-24,1
"460","Great Brome","Anisantha diandra","Poaceae","plants",3,"ter plaatse",37.561192,-7.676877,"Portugal","MV2","Tree",301978846,2024-03-24,1
"461","Squirreltail Fescue","Vulpia bromoides","Poaceae","plants",7,"ter plaatse",37.561192,-7.676875,"Portugal","MV2","Tree",301978847,2024-03-24,1
"462","Corn Marigold","Glebionis segetum","Asteraceae","plants",1,"ter plaatse",37.561169,-7.676905,"Portugal","MV2","Tree",301978849,2024-03-24,1
"463","Serradella","Ornithopus sativus","Fabaceae","plants",1,"ter plaatse",37.561169,-7.676902,"Portugal","MV2","Tree",301978850,2024-03-24,1
"464","Angular Pea","Lathyrus angulatus","Fabaceae","plants",1,"ter plaatse",37.561169,-7.676901,"Portugal","MV2","Tree",301978852,2024-03-24,1
"465","Lesser Snapdragon","Misopates orontium","Plantaginaceae","plants",1,"ter plaatse",37.561169,-7.6769,"Portugal","MV2","Tree",301978854,2024-03-24,1
"466","Anthyllis lotoides","Anthyllis lotoides","Fabaceae","plants",3,"ter plaatse",37.561169,-7.676912,"Portugal","MV2","Tree",301978855,2024-03-24,1
"467","Hop Trefoil","Trifolium campestre","Fabaceae","plants",1,"ter plaatse",37.561169,-7.676916,"Portugal","MV2","Tree",301978856,2024-03-24,1
"468","Lesser Hawkbit","Leontodon saxatilis","Asteraceae","plants",3,"ter plaatse",37.561165,-7.676904,"Portugal","MV2","Tree",301978857,2024-03-24,1
"469","Scarlet Pimpernel","Anagallis arvensis","Primulaceae","plants",7,"ter plaatse",37.561161,-7.676903,"Portugal","MV2","Tree",301978858,2024-03-24,1
"470","Arisarum simorrhinum","Arisarum simorrhinum","Araceae","plants",7,"ter plaatse",37.561165,-7.676902,"Portugal","MV2","Tree",301978859,2024-03-24,1
"471","Horned Dock","Rumex bucephalophorus","Polygonaceae","plants",3,"ter plaatse",37.561165,-7.676901,"Portugal","MV2","Tree",301978860,2024-03-24,1
"472","Yellow bird's foot","Ornithopus compressus","Fabaceae","plants",15,"ter plaatse",37.561165,-7.676898,"Portugal","MV2","Tree",301978862,2024-03-24,1
"473","Galactites tomentosus","Galactites tomentosus","Asteraceae","plants",3,"ter plaatse",37.561165,-7.676898,"Portugal","MV2","Tree",301978864,2024-03-24,1
"474","Lesser Quaking-grass","Briza minor","Poaceae","plants",7,"ter plaatse",37.561165,-7.676898,"Portugal","MV2","Tree",301978865,2024-03-24,1
"475","Field Woundwort","Stachys arvensis","Lamiaceae","plants",7,"ter plaatse",37.561165,-7.676898,"Portugal","MV2","Tree",301978866,2024-03-24,1
"476","Wild radish","Raphanus raphanistrum","Brassicaceae","plants",7,"ter plaatse",37.561165,-7.676898,"Portugal","MV2","Tree",301978867,2024-03-24,1
"477","Montpelier Rock Rose","Cistus monspeliensis","Cistaceae","plants",55,"ter plaatse",37.561169,-7.676905,"Portugal","MV2","Tree",301978868,2024-03-24,1
"478","Italian stone pine","Pinus pinea","Pinaceae","plants",35,"aangeplant",37.561169,-7.676907,"Portugal","MV2","Tree",301978869,2024-03-24,1
"479","Smooth Sow-thistle","Sonchus oleraceus","Asteraceae","plants",1,"ter plaatse",37.561169,-7.676893,"Portugal","MV2","Tree",301978873,2024-03-24,1
"480","Hare's-foot Clover","Trifolium arvense","Fabaceae","plants",1,"ter plaatse",37.561127,-7.676896,"Portugal","MV2","Field",301978874,2024-03-24,1
"481","Field Woundwort","Stachys arvensis","Lamiaceae","plants",25,"ter plaatse",37.561127,-7.676896,"Portugal","MV2","Field",301978876,2024-03-24,1
"482","Quaking-grass","Briza media","Poaceae","plants",15,"ter plaatse",37.561123,-7.676919,"Portugal","MV2","Field",301978900,2024-03-24,1
"483","Clover unknown","Trifolium spec.","Fabaceae","plants",3,"ter plaatse",37.561119,-7.676941,"Portugal","MV2","Field",301978902,2024-03-24,1
"484","Lesser Quaking-grass","Briza minor","Poaceae","plants",25,"ter plaatse",37.561115,-7.676921,"Portugal","MV2","Field",301978904,2024-03-24,1
"485","Rat's-tail Fescue","Vulpia myuros","Poaceae","plants",7,"ter plaatse",37.561115,-7.676964,"Portugal","MV2","Field",301978905,2024-03-24,1
"486","Corn Marigold","Glebionis segetum","Asteraceae","plants",3,"ter plaatse",37.561134,-7.676897,"Portugal","MV2","Field",301978906,2024-03-24,1
"487","Field marigold","Calendula arvensis","Asteraceae","plants",15,"ter plaatse",37.561108,-7.676894,"Portugal","MV2","Field",301978909,2024-03-24,1
"488","Anthyllis lotoides","Anthyllis lotoides","Fabaceae","plants",1,"ter plaatse",37.561104,-7.676892,"Portugal","MV2","Field",301978910,2024-03-24,1
"489","Maidenhair Fern","Adiantum capillus-veneris","Pteridaceae","plants",1,"ter plaatse",37.561108,-7.676888,"Portugal","MV2","Field",301978913,2024-03-24,1
"490","Southern Cleavers","Galium verrucosum","Rubiaceae","plants",1,"ter plaatse",37.561108,-7.676886,"Portugal","MV2","Field",301978916,2024-03-24,1
"491","Purple sandspurry","Spergularia purpurea","Caryophyllaceae","plants",1,"ter plaatse",37.56115,-7.676901,"Portugal","MV2","Field",301978919,2024-03-24,1
"492","Dwarf Rush","Juncus capitatus","Juncaceae","plants",3,"ter plaatse",37.56115,-7.676901,"Portugal","MV2","Field",301978923,2024-03-24,1
"493","Angular Pea","Lathyrus angulatus","Fabaceae","plants",1,"ter plaatse",37.56115,-7.676901,"Portugal","MV2","Field",301978924,2024-03-24,1
"494","Serradella","Ornithopus sativus","Fabaceae","plants",7,"ter plaatse",37.561153,-7.676904,"Portugal","MV2","Field",301978928,2024-03-24,1
"495","Glandular Plantain","Plantago afra","Plantaginaceae","plants",1,"ter plaatse",37.561153,-7.676886,"Portugal","MV2","Field",301978930,2024-03-24,1
"496","Purple Viper's bugloss","Echium plantagineum","Boraginaceae","plants",1,"ter plaatse",37.561153,-7.676887,"Portugal","MV2","Field",301978932,2024-03-24,1
"497","Logfia gallica","Logfia gallica","Asteraceae","plants",1,"ter plaatse",37.561153,-7.676888,"Portugal","MV2","Field",301978940,2024-03-24,1
"498","Common Carrot","Daucus carota","Apiaceae","plants",1,"ter plaatse",37.561134,-7.676899,"Portugal","MV2","Field",301978944,2024-03-24,1
"499","Squirreltail Fescue","Vulpia bromoides","Poaceae","plants",3,"ter plaatse",37.561134,-7.676907,"Portugal","MV2","Field",301978949,2024-03-24,1
"500","Slender oat","Avena barbata","Poaceae","plants",3,"ter plaatse",37.561131,-7.676904,"Portugal","MV2","Field",301978954,2024-03-24,1
"501","Horned Dock","Rumex bucephalophorus","Polygonaceae","plants",7,"ter plaatse",37.561127,-7.676905,"Portugal","MV2","Field",301978956,2024-03-24,1
"502","Scarlet Pimpernel","Anagallis arvensis","Primulaceae","plants",3,"ter plaatse",37.561127,-7.676905,"Portugal","MV2","Field",301978960,2024-03-24,1
"503","Galactites tomentosus","Galactites tomentosus","Asteraceae","plants",15,"ter plaatse",37.561127,-7.676908,"Portugal","MV2","Field",301978963,2024-03-24,1
"504","Cladanthus mixtus","Cladanthus mixtus","Asteraceae","plants",3,"ter plaatse",37.561153,-7.676904,"Portugal","MV2","Field",301978968,2024-03-24,1
"505","Lesser Snapdragon","Misopates orontium","Plantaginaceae","plants",1,"ter plaatse",37.561131,-7.676911,"Portugal","MV2","Field",301978970,2024-03-24,1
"506","Yellow bird's foot","Ornithopus compressus","Fabaceae","plants",7,"ter plaatse",37.561111,-7.676905,"Portugal","MV2","Field",301978976,2024-03-24,1
"507","Wild radish","Raphanus raphanistrum","Brassicaceae","plants",7,"ter plaatse",37.561111,-7.676908,"Portugal","MV2","Field",301978981,2024-03-24,1
"508","Lesser Hawkbit","Leontodon saxatilis","Asteraceae","plants",7,"ter plaatse",37.561111,-7.676908,"Portugal","MV2","Field",301978983,2024-03-24,1
"509","Arisarum simorrhinum","Arisarum simorrhinum","Araceae","plants",15,"ter plaatse",37.561111,-7.676906,"Portugal","MV2","Field",301978987,2024-03-24,1
"510","Purple Viper's bugloss","Echium plantagineum","Boraginaceae","plants",7,"ter plaatse",37.561111,-7.676908,"Portugal","MV2","Field",301978991,2024-03-24,1
"511","Small flowered Catchfly","Silene gallica","Caryophyllaceae","plants",1,"ter plaatse",37.561111,-7.676909,"Portugal","MV2","Field",301978993,2024-03-24,1
"512","Bugloss unknown","Anchusa spec.","Boraginaceae","plants",1,"ter plaatse",37.662487,-7.772833,"Portugal","Mo1","Crtl1",301979052,2024-03-23,1
"513","Mouse-ear chickweed unknown","Cerastium spec.","Caryophyllaceae","plants",1,"ter plaatse",37.662491,-7.772833,"Portugal","Mo1","Crtl1",301979056,2024-03-23,1
"514","Corn Marigold","Glebionis segetum","Asteraceae","plants",7,"ter plaatse",37.662487,-7.772831,"Portugal","Mo1","Crtl1",301979059,2024-03-23,1
"515","Rat's-tail Fescue","Vulpia myuros","Poaceae","plants",7,"ter plaatse",37.662487,-7.77285,"Portugal","Mo1","Crtl1",301979063,2024-03-23,1
"516","Serradella","Ornithopus sativus","Fabaceae","plants",7,"ter plaatse",37.662487,-7.772852,"Portugal","Mo1","Crtl1",301979064,2024-03-23,1
"517","Cat's-ear","Hypochaeris radicata","Asteraceae","plants",1,"ter plaatse",37.662498,-7.772844,"Portugal","Mo1","Crtl1",301979065,2024-03-23,1
"518","Galactites tomentosus","Galactites tomentosus","Asteraceae","plants",7,"ter plaatse",37.662483,-7.772811,"Portugal","Mo1","Crtl1",301979067,2024-03-23,1
"519","Quaking-grass","Briza media","Poaceae","plants",15,"ter plaatse",37.662476,-7.772853,"Portugal","Mo1","Crtl1",301979069,2024-03-23,1
"520","Field marigold","Calendula arvensis","Asteraceae","plants",7,"ter plaatse",37.662476,-7.772853,"Portugal","Mo1","Crtl1",301979071,2024-03-23,1
"521","Field Madder","Sherardia arvensis","Rubiaceae","plants",3,"ter plaatse",37.662483,-7.772828,"Portugal","Mo1","Crtl1",301979072,2024-03-23,1
"522","Squirreltail Fescue","Vulpia bromoides","Poaceae","plants",7,"ter plaatse",37.662483,-7.772851,"Portugal","Mo1","Crtl1",301979073,2024-03-23,1
"523","Reddish tufted vetch","Vicia benghalensis","Fabaceae","plants",3,"ter plaatse",37.662483,-7.772817,"Portugal","Mo1","Crtl1",301979074,2024-03-23,1
"524","Lesser Quaking-grass","Briza minor","Poaceae","plants",7,"ter plaatse",37.662476,-7.772828,"Portugal","Mo1","Crtl1",301979078,2024-03-23,1
"525","Sheep's Sorrel","Rumex acetosella","Polygonaceae","plants",25,"ter plaatse",37.662476,-7.772828,"Portugal","Mo1","Crtl1",301979079,2024-03-23,1
"526","Arisarum simorrhinum","Arisarum simorrhinum","Araceae","plants",7,"ter plaatse",37.662476,-7.772832,"Portugal","Mo1","Crtl1",301979080,2024-03-23,1
"527","Lesser Hawkbit","Leontodon saxatilis","Asteraceae","plants",3,"ter plaatse",37.662476,-7.772832,"Portugal","Mo1","Crtl1",301979083,2024-03-23,1
"528","Scarlet Pimpernel","Anagallis arvensis","Primulaceae","plants",3,"ter plaatse",37.662476,-7.772832,"Portugal","Mo1","Crtl1",301979084,2024-03-23,1
"529","Field Woundwort","Stachys arvensis","Lamiaceae","plants",1,"ter plaatse",37.662476,-7.772832,"Portugal","Mo1","Crtl1",301979085,2024-03-23,1
"530","Wild radish","Raphanus raphanistrum","Brassicaceae","plants",7,"ter plaatse",37.662472,-7.77283,"Portugal","Mo1","Crtl1",301979087,2024-03-23,1
"531","Yellow bird's foot","Ornithopus compressus","Fabaceae","plants",25,"ter plaatse",37.662472,-7.772831,"Portugal","Mo1","Crtl1",301979088,2024-03-23,1
"532","Common Sorrel","Rumex acetosa","Polygonaceae","plants",3,"ter plaatse",37.662472,-7.772831,"Portugal","Mo1","Crtl1",301979090,2024-03-23,1
"533","Purple Viper's bugloss","Echium plantagineum","Boraginaceae","plants",35,"ter plaatse",37.662472,-7.77283,"Portugal","Mo1","Crtl1",301979093,2024-03-23,1
"534","Campanula lusitanica","Campanula lusitanica","Campanulaceae","plants",1,"ter plaatse",37.662472,-7.772832,"Portugal","Mo1","Crtl1",301979094,2024-03-23,1
"535","White Clover","Trifolium repens","Fabaceae","plants",15,"ter plaatse",37.662472,-7.772832,"Portugal","Mo1","Crtl1",301979095,2024-03-23,1
"536","Field marigold","Calendula arvensis","Asteraceae","plants",1,"ter plaatse",37.662529,-7.772792,"Portugal","Mo1","Crtl2",301979129,2024-03-23,1
"537","Cat's-ear","Hypochaeris radicata","Asteraceae","plants",3,"ter plaatse",37.662544,-7.772788,"Portugal","Mo1","Crtl2",301979131,2024-03-23,1
"538","Serradella","Ornithopus sativus","Fabaceae","plants",1,"ter plaatse",37.66251,-7.772791,"Portugal","Mo1","Crtl2",301979133,2024-03-23,1
"539","Common Carrot","Daucus carota","Apiaceae","plants",1,"ter plaatse",37.662491,-7.772792,"Portugal","Mo1","Crtl2",301979137,2024-03-23,1
"540","Toothed Medick","Medicago polymorpha","Fabaceae","plants",25,"ter plaatse",37.662495,-7.77282,"Portugal","Mo1","Crtl2",301979138,2024-03-23,1
"541","Galactites tomentosus","Galactites tomentosus","Asteraceae","plants",1,"ter plaatse",37.662495,-7.77282,"Portugal","Mo1","Crtl2",301979140,2024-03-23,1
"542","Purple sandspurry","Spergularia purpurea","Caryophyllaceae","plants",3,"ter plaatse",37.662506,-7.772802,"Portugal","Mo1","Crtl2",301979141,2024-03-23,1
"543","Scarlet Pimpernel","Anagallis arvensis","Primulaceae","plants",1,"ter plaatse",37.662487,-7.77278,"Portugal","Mo1","Crtl2",301979144,2024-03-23,1
"544","Quaking-grass","Briza media","Poaceae","plants",35,"ter plaatse",37.662495,-7.772779,"Portugal","Mo1","Crtl2",301979145,2024-03-23,1
"545","Corn Marigold","Glebionis segetum","Asteraceae","plants",15,"ter plaatse",37.662498,-7.772817,"Portugal","Mo1","Crtl2",301979148,2024-03-23,1
"546","Campanula lusitanica","Campanula lusitanica","Campanulaceae","plants",1,"ter plaatse",37.662495,-7.772819,"Portugal","Mo1","Crtl2",301979150,2024-03-23,1
"547","White Clover","Trifolium repens","Fabaceae","plants",7,"ter plaatse",37.662514,-7.77283,"Portugal","Mo1","Crtl2",301979152,2024-03-23,1
"548","Thapsia villosa","Thapsia villosa","Apiaceae","plants",1,"ter plaatse",37.662506,-7.772799,"Portugal","Mo1","Crtl2",301979155,2024-03-23,1
"549","Horned Dock","Rumex bucephalophorus","Polygonaceae","plants",3,"ter plaatse",37.662495,-7.772789,"Portugal","Mo1","Crtl2",301979158,2024-03-23,1
"550","Lesser Hawkbit","Leontodon saxatilis","Asteraceae","plants",7,"ter plaatse",37.662495,-7.772779,"Portugal","Mo1","Crtl2",301979161,2024-03-23,1
"551","Small flowered Catchfly","Silene gallica","Caryophyllaceae","plants",1,"ter plaatse",37.662495,-7.772779,"Portugal","Mo1","Crtl2",301979163,2024-03-23,1
"552","Horned Dock","Rumex bucephalophorus","Polygonaceae","plants",1,"ter plaatse",37.662487,-7.77278,"Portugal","Mo1","Crtl2",301979172,2024-03-23,1
"553","Serradella","Ornithopus sativus","Fabaceae","plants",15,"ter plaatse",37.662498,-7.772778,"Portugal","Mo1","Crtl2",301979173,2024-03-23,1
"554","Lesser Snapdragon","Misopates orontium","Plantaginaceae","plants",1,"ter plaatse",37.662498,-7.772775,"Portugal","Mo1","Crtl2",301979176,2024-03-23,1
"555","Field Woundwort","Stachys arvensis","Lamiaceae","plants",3,"ter plaatse",37.662498,-7.772774,"Portugal","Mo1","Crtl2",301979178,2024-03-23,1
"556","Arisarum simorrhinum","Arisarum simorrhinum","Araceae","plants",3,"ter plaatse",37.662498,-7.772777,"Portugal","Mo1","Crtl2",301979180,2024-03-23,1
"557","Sheep's Sorrel","Rumex acetosella","Polygonaceae","plants",7,"ter plaatse",37.662498,-7.772776,"Portugal","Mo1","Crtl2",301979181,2024-03-23,1
"558","Yellow Bartsia","Parentucellia viscosa","Orobanchaceae","plants",3,"ter plaatse",37.662498,-7.772776,"Portugal","Mo1","Crtl2",301979185,2024-03-23,1
"559","Yellow bird's foot","Ornithopus compressus","Fabaceae","plants",7,"ter plaatse",37.662502,-7.772776,"Portugal","Mo1","Crtl2",301979186,2024-03-23,1
"560","Mouse-ear chickweed unknown","Cerastium spec.","Caryophyllaceae","plants",7,"ter plaatse",37.662495,-7.772782,"Portugal","Mo1","Crtl2",301979187,2024-03-23,1
"561","Purple Viper's bugloss","Echium plantagineum","Boraginaceae","plants",45,"ter plaatse",37.662495,-7.772778,"Portugal","Mo1","Crtl2",301979188,2024-03-23,1
"562","Wild radish","Raphanus raphanistrum","Brassicaceae","plants",15,"ter plaatse",37.662491,-7.772766,"Portugal","Mo1","Crtl2",301979191,2024-03-23,1
"563","Field marigold","Calendula arvensis","Asteraceae","plants",1,"ter plaatse",37.663055,-7.775704,"Portugal","Mo1","Tree",301979217,2024-03-23,1
"564","Four-leaved Allseed","Polycarpon tetraphyllum","Caryophyllaceae","plants",1,"ter plaatse",37.66309,-7.775678,"Portugal","Mo1","Tree",301979224,2024-03-23,1
"565","Montpelier Rock Rose","Cistus monspeliensis","Cistaceae","plants",3,"verwilderd",37.663055,-7.775694,"Portugal","Mo1","Tree",301979230,2024-03-23,1
"566","Senecio lividus","Senecio lividus","Asteraceae","plants",3,"ter plaatse",37.663059,-7.77569,"Portugal","Mo1","Tree",301979232,2024-03-23,1
"567","Smooth Sow-thistle","Sonchus oleraceus","Asteraceae","plants",3,"ter plaatse",37.663071,-7.775747,"Portugal","Mo1","Tree",301979233,2024-03-23,1
"568","Cat's-ear","Hypochaeris radicata","Asteraceae","plants",3,"ter plaatse",37.663074,-7.77574,"Portugal","Mo1","Tree",301979236,2024-03-23,1
"569","Purple Viper's bugloss","Echium plantagineum","Boraginaceae","plants",1,"ter plaatse",37.663074,-7.775745,"Portugal","Mo1","Tree",301979239,2024-03-23,1
"570","Montpelier Rock Rose","Cistus monspeliensis","Cistaceae","plants",3,"ter plaatse",37.663109,-7.775878,"Portugal","Mo1","Tree",301979240,2024-03-23,1
"571","Smooth Cat's-ear","Hypochaeris glabra","Asteraceae","plants",3,"ter plaatse",37.663063,-7.775756,"Portugal","Mo1","Tree",301979241,2024-03-23,1
"572","Grass family unknown","Poaceae indet.","Poaceae","plants",7,"ter plaatse",37.663063,-7.775746,"Portugal","Mo1","Tree",301979242,2024-03-23,1
"573","Clover unknown","Trifolium spec.","Fabaceae","plants",1,"ter plaatse",37.663063,-7.775746,"Portugal","Mo1","Tree",301979243,2024-03-23,1
"574","Sheep's Sorrel","Rumex acetosella","Polygonaceae","plants",1,"ter plaatse",37.663063,-7.775746,"Portugal","Mo1","Tree",301979244,2024-03-23,1
"575","Ballast toadflax","Linaria spartea","Plantaginaceae","plants",1,"ter plaatse",37.663067,-7.775747,"Portugal","Mo1","Tree",301979245,2024-03-23,1
"576","Yellow bird's foot","Ornithopus compressus","Fabaceae","plants",3,"ter plaatse",37.663067,-7.775747,"Portugal","Mo1","Tree",301979247,2024-03-23,1
"577","Logfia gallica","Logfia gallica","Asteraceae","plants",1,"ter plaatse",37.663067,-7.775747,"Portugal","Mo1","Tree",301979248,2024-03-23,1
"578","Italian stone pine","Pinus pinea","Pinaceae","plants",75,"aangeplant",37.663071,-7.775738,"Portugal","Mo1","Tree",301979249,2024-03-23,1
"579","Spotted Rock-rose","Tuberaria guttata","Cistaceae","plants",1,"ter plaatse",37.663071,-7.775738,"Portugal","Mo1","Tree",301979250,2024-03-23,1
"580","Campanula lusitanica","Campanula lusitanica","Campanulaceae","plants",1,"ter plaatse",37.663017,-7.775748,"Portugal","Mo1","Field",301979264,2024-03-23,1
"581","Purple Viper's bugloss","Echium plantagineum","Boraginaceae","plants",1,"ter plaatse",37.663067,-7.775725,"Portugal","Mo1","Field",301979266,2024-03-23,1
"582","Ballast toadflax","Linaria spartea","Plantaginaceae","plants",1,"ter plaatse",37.663063,-7.775743,"Portugal","Mo1","Field",301979267,2024-03-23,1
"583","Logfia gallica","Logfia gallica","Asteraceae","plants",1,"ter plaatse",37.663067,-7.775741,"Portugal","Mo1","Field",301979269,2024-03-23,1
"584","Golden Top","Lamarckia aurea","Poaceae","plants",3,"ter plaatse",37.663067,-7.775738,"Portugal","Mo1","Field",301979270,2024-03-23,1
"585","Field marigold","Calendula arvensis","Asteraceae","plants",3,"ter plaatse",37.663067,-7.775735,"Portugal","Mo1","Field",301979271,2024-03-23,1
"586","False Hawkbit","Urospermum picroides","Asteraceae","plants",3,"ter plaatse",37.663033,-7.775757,"Portugal","Mo1","Field",301979273,2024-03-23,1
"587","Lesser Hawkbit","Leontodon saxatilis","Asteraceae","plants",3,"ter plaatse",37.663025,-7.775776,"Portugal","Mo1","Field",301979274,2024-03-23,1
"588","Grass family unknown","Poaceae indet.","Poaceae","plants",25,"ter plaatse",37.663025,-7.775776,"Portugal","Mo1","Field",301979275,2024-03-23,1
"589","Smooth Sow-thistle","Sonchus oleraceus","Asteraceae","plants",3,"ter plaatse",37.663017,-7.775771,"Portugal","Mo1","Field",301979276,2024-03-23,1
"590","Hare's-foot Clover","Trifolium arvense","Fabaceae","plants",3,"ter plaatse",37.663006,-7.775777,"Portugal","Mo1","Field",301979277,2024-03-23,1
"591","Slender Thistle","Carduus tenuiflorus","Asteraceae","plants",1,"ter plaatse",37.663006,-7.775779,"Portugal","Mo1","Field",301979279,2024-03-23,1
"592","Glandular Plantain","Plantago afra","Plantaginaceae","plants",15,"ter plaatse",37.663013,-7.775768,"Portugal","Mo1","Field",301979280,2024-03-23,1
"593","Yellow bird's foot","Ornithopus compressus","Fabaceae","plants",1,"ter plaatse",37.663029,-7.775778,"Portugal","Mo1","Field",301979281,2024-03-23,1
"594","Anthyllis lotoides","Anthyllis lotoides","Fabaceae","plants",7,"ter plaatse",37.663029,-7.775778,"Portugal","Mo1","Field",301979283,2024-03-23,1
"595","Montpelier Rock Rose","Cistus monspeliensis","Cistaceae","plants",15,"ter plaatse",37.663021,-7.775749,"Portugal","Mo1","Field",301979284,2024-03-23,1
"596","Arisarum simorrhinum","Arisarum simorrhinum","Araceae","plants",3,"ter plaatse",37.663021,-7.775723,"Portugal","Mo1","Field",301979285,2024-03-23,1
"597","Purple Viper's bugloss","Echium plantagineum","Boraginaceae","plants",3,"ter plaatse",37.663021,-7.775723,"Portugal","Mo1","Field",301979286,2024-03-23,1
"598","Purple sandspurry","Spergularia purpurea","Caryophyllaceae","plants",3,"ter plaatse",37.663017,-7.775723,"Portugal","Mo1","Field",301979287,2024-03-23,1
"599","Scarlet Pimpernel","Anagallis arvensis","Primulaceae","plants",3,"ter plaatse",37.663017,-7.775722,"Portugal","Mo1","Field",301979289,2024-03-23,1
"600","Italian stone pine","Pinus pinea","Pinaceae","plants",45,"aangeplant",37.663017,-7.775722,"Portugal","Mo1","Field",301979291,2024-03-23,1
"601","Spotted Rock-rose","Tuberaria guttata","Cistaceae","plants",3,"ter plaatse",37.663017,-7.775722,"Portugal","Mo1","Field",301979292,2024-03-23,1
"602","Sheep's Sorrel","Rumex acetosella","Polygonaceae","plants",7,"ter plaatse",37.663006,-7.775714,"Portugal","Mo1","Field",301979294,2024-03-23,1
"603","Marsh-orchid unknown","Dactylorhiza spec.","Orchidaceae","plants",1,"ter plaatse",43.724514,3.8611,"France","PL3","Crtl1",302426189,2024-03-29,1
"604","Common Field-speedwell","Veronica persica","Plantaginaceae","plants",1,"ter plaatse",43.724533,3.861134,"France","PL3","Crtl1",302426190,2024-03-29,1
"605","Legume unknown","Fabaceae indet.","Fabaceae","plants",1,"ter plaatse",43.724533,3.861135,"France","PL3","Crtl1",302426191,2024-03-29,1
"606","Round-leaved Crane's-bill","Geranium rotundifolium","Geraniaceae","plants",1,"ter plaatse",43.724533,3.861133,"France","PL3","Crtl1",302426192,2024-03-29,1
"607","Grey Hair-grass","Corynephorus canescens","Poaceae","plants",3,"ter plaatse",43.724518,3.86109,"France","PL3","Crtl1",302426193,2024-03-29,1
"608","Cut-leaved Crane's-bill","Geranium dissectum","Geraniaceae","plants",1,"ter plaatse",43.724506,3.861096,"France","PL3","Crtl1",302426194,2024-03-29,1
"609","Prickly Sow-thistle","Sonchus asper","Asteraceae","plants",1,"ter plaatse",43.724514,3.861095,"France","PL3","Crtl1",302426197,2024-03-29,1
"610","Groundsel","Senecio vulgaris","Asteraceae","plants",1,"ter plaatse",43.72451,3.861089,"France","PL3","Crtl1",302426199,2024-03-29,1
"611","Composite unknown","Asteraceae indet.","Asteraceae","plants",1,"ter plaatse",43.724514,3.861089,"France","PL3","Crtl1",302426201,2024-03-29,1
"612","Sweet Scabious","Scabiosa atropurpurea","Caprifoliaceae","plants",1,"ter plaatse",43.72451,3.861099,"France","PL3","Crtl1",302426202,2024-03-29,1
"613","Lesser Hawkbit","Leontodon saxatilis","Asteraceae","plants",35,"ter plaatse",43.72451,3.8611,"France","PL3","Crtl1",302426206,2024-03-29,1
"614","Wall Speedwell","Veronica arvensis","Plantaginaceae","plants",1,"ter plaatse",43.724487,3.861092,"France","PL3","Crtl1",302426207,2024-03-29,1
"615","Toothed Medick","Medicago polymorpha","Fabaceae","plants",25,"ter plaatse",43.724495,3.861089,"France","PL3","Crtl1",302426208,2024-03-29,1
"616","Annual Meadow-grass","Poa annua","Poaceae","plants",15,"ter plaatse",43.724503,3.86108,"France","PL3","Crtl1",302426209,2024-03-29,1
"617","Common Whitlowgrass","Draba verna","Brassicaceae","plants",1,"ter plaatse",43.724503,3.861081,"France","PL3","Crtl1",302426210,2024-03-29,1
"618","Dove's-foot Crane's-bill","Geranium molle","Geraniaceae","plants",7,"ter plaatse",43.724503,3.861087,"France","PL3","Crtl1",302426212,2024-03-29,1
"619","White Rocket","Diplotaxis erucoides","Brassicaceae","plants",3,"ter plaatse",43.724499,3.861083,"France","PL3","Crtl1",302426213,2024-03-29,1
"620","Grape-hyacinth","Muscari neglectum","Asparagaceae","plants",3,"ter plaatse",43.724499,3.861083,"France","PL3","Crtl1",302426214,2024-03-29,1
"621","Common Stork's-bill","Erodium cicutarium","Geraniaceae","plants",25,"ter plaatse",43.724499,3.861083,"France","PL3","Crtl1",302426215,2024-03-29,1
"622","Sticky Mouse-ear","Cerastium glomeratum","Caryophyllaceae","plants",15,"ter plaatse",43.724503,3.861091,"France","PL3","Crtl1",302426217,2024-03-29,1
"623","Milk Thistle","Silybum marianum","Asteraceae","plants",7,"ter plaatse",43.724503,3.861092,"France","PL3","Crtl1",302426218,2024-03-29,1
"624","Jacobaea spec.","Jacobaea spec.","Asteraceae","plants",3,"ter plaatse",43.724567,3.861111,"France","PL3","Crtl2",302426227,2024-03-29,1
"625","Crepis sancta","Crepis sancta","Asteraceae","plants",15,"ter plaatse",43.724556,3.861078,"France","PL3","Crtl2",302426228,2024-03-29,1
"626","Common Whitlowgrass","Draba verna","Brassicaceae","plants",1,"ter plaatse",43.724545,3.86109,"France","PL3","Crtl2",302426229,2024-03-29,1
"627","Annual Scorpion vetch","Coronilla scorpioides","Fabaceae","plants",1,"ter plaatse",43.724541,3.86109,"France","PL3","Crtl2",302426230,2024-03-29,1
"628","Common Field-speedwell","Veronica persica","Plantaginaceae","plants",3,"ter plaatse",43.72456,3.861101,"France","PL3","Crtl2",302426231,2024-03-29,1
"629","Unidentified Vetch unknown","Vicia spec.","Fabaceae","plants",1,"ter plaatse",43.72456,3.8611,"France","PL3","Crtl2",302426233,2024-03-29,1
"630","Scarlet Pimpernel","Anagallis arvensis","Primulaceae","plants",1,"ter plaatse",43.724556,3.861064,"France","PL3","Crtl2",302426234,2024-03-29,1
"631","Rat's-tail Fescue","Vulpia myuros","Poaceae","plants",15,"ter plaatse",43.724548,3.861079,"France","PL3","Crtl2",302426235,2024-03-29,1
"632","Small Burnet","Poterium sanguisorba","Rosaceae","plants",1,"ter plaatse",43.702866,3.863144,"France","PL3","Crtl2",302426236,2024-03-29,1
"633","Black Medick","Medicago lupulina","Fabaceae","plants",3,"ter plaatse",43.702866,3.863144,"France","PL3","Crtl2",302426237,2024-03-29,1
"634","Soft-brome","Bromus hordeaceus","Poaceae","plants",1,"ter plaatse",43.715649,3.856464,"France","PL3","Crtl2",302426238,2024-03-29,1
"635","Prickly Sow-thistle","Sonchus asper","Asteraceae","plants",7,"ter plaatse",43.704937,3.854873,"France","PL3","Crtl2",302426239,2024-03-29,1
"636","Lesser Hawkbit","Leontodon saxatilis","Asteraceae","plants",3,"ter plaatse",43.721138,3.86219,"France","PL3","Crtl2",302426240,2024-03-29,1
"637","Hawkweed Oxtongue","Picris hieracioides","Asteraceae","plants",3,"ter plaatse",43.704937,3.854873,"France","PL3","Crtl2",302426241,2024-03-29,1
"638","White Rocket","Diplotaxis erucoides","Brassicaceae","plants",3,"ter plaatse",43.704937,3.854873,"France","PL3","Crtl2",302426242,2024-03-29,1
"639","Spotted Medick","Medicago arabica","Fabaceae","plants",3,"ter plaatse",43.721138,3.86219,"France","PL3","Crtl2",302426243,2024-03-29,1
"640","Slender Pearlwort","Sagina micropetala","Caryophyllaceae","plants",3,"ter plaatse",43.721138,3.86219,"France","PL3","Crtl2",302426244,2024-03-29,1
"641","Wall Speedwell","Veronica arvensis","Plantaginaceae","plants",3,"ter plaatse",43.721138,3.86219,"France","PL3","Crtl2",302426245,2024-03-29,1
"642","Grape hyacinth unknown","Muscari spec.","Asparagaceae","plants",3,"ter plaatse",43.724529,3.86104,"France","PL3","Crtl2",302426246,2024-03-29,1
"643","Common Stork's-bill","Erodium cicutarium","Geraniaceae","plants",7,"ter plaatse",43.724529,3.861053,"France","PL3","Crtl2",302426247,2024-03-29,1
"644","Annual Meadow-grass","Poa annua","Poaceae","plants",7,"ter plaatse",43.724499,3.861055,"France","PL3","Crtl2",302426248,2024-03-29,1
"645","Flattened Meadow-grass","Poa compressa","Poaceae","plants",3,"ter plaatse",43.724514,3.861057,"France","PL3","Crtl2",302426249,2024-03-29,1
"646","Cut-leaved Crane's-bill","Geranium dissectum","Geraniaceae","plants",3,"ter plaatse",43.72451,3.861039,"France","PL3","Crtl2",302426251,2024-03-29,1
"647","Dove's-foot Crane's-bill","Geranium molle","Geraniaceae","plants",7,"ter plaatse",43.724514,3.861051,"France","PL3","Crtl2",302426252,2024-03-29,1
"648","Sticky Mouse-ear","Cerastium glomeratum","Caryophyllaceae","plants",7,"ter plaatse",43.724514,3.861051,"France","PL3","Crtl2",302426253,2024-03-29,1
"649","Hoary Mustard","Hirschfeldia incana","Brassicaceae","plants",3,"ter plaatse",43.72451,3.861064,"France","PL3","Crtl2",302426254,2024-03-29,1
"650","Spear Thistle","Cirsium vulgare","Asteraceae","plants",3,"ter plaatse",43.724506,3.86106,"France","PL3","Crtl2",302426255,2024-03-29,1
"651","Vitis vinifera subsp. vinifera","Vitis vinifera subsp. vinifera","Vitaceae","plants",15,"verwilderd",43.724522,3.861057,"France","PL3","Crtl2",302426256,2024-03-29,1
"652","Italian hawksbeard","Crepis bursifolia","Asteraceae","plants",35,"ter plaatse",43.724518,3.861053,"France","PL3","Crtl2",302426257,2024-03-29,1
"653","Milk Thistle","Silybum marianum","Asteraceae","plants",7,"ter plaatse",43.724525,3.861055,"France","PL3","Crtl2",302426258,2024-03-29,1
"654","Charlock","Sinapis arvensis","Brassicaceae","plants",1,"ter plaatse",43.704891,3.862066,"France","PL1","Crtl2",302508507,2024-03-30,1
"655","Common Fumitory","Fumaria officinalis","Papaveraceae","plants",3,"ter plaatse",43.704899,3.862089,"France","PL1","Crtl2",302508510,2024-03-30,1
"656","Reed Canary-grass","Phalaris arundinacea","Poaceae","plants",15,"ter plaatse",43.704899,3.86209,"France","PL1","Crtl2",302508511,2024-03-30,1
"657","Milk Thistle","Silybum marianum","Asteraceae","plants",7,"ter plaatse",43.704903,3.86209,"France","PL1","Crtl2",302508516,2024-03-30,1
"658","White Rocket","Diplotaxis erucoides","Brassicaceae","plants",95,"ter plaatse",43.704903,3.862091,"France","PL1","Crtl2",302508518,2024-03-30,1
"659","Slender Thistle","Carduus tenuiflorus","Asteraceae","plants",1,"ter plaatse",43.70504,3.861918,"France","PL1","Crtl1",302508523,2024-03-30,1
"660","Great Yellow-cress","Rorippa amphibia","Brassicaceae","plants",1,"ter plaatse",43.705051,3.861954,"France","PL1","Crtl1",302508526,2024-03-30,1
"661","Common Fumitory","Fumaria officinalis","Papaveraceae","plants",1,"ter plaatse",43.705055,3.86196,"France","PL1","Crtl1",302508528,2024-03-30,1
"662","Alfalfa","Medicago sativa","Fabaceae","plants",7,"ter plaatse",43.705059,3.861945,"France","PL1","Crtl1",302508532,2024-03-30,1
"663","Reed Canary-grass","Phalaris arundinacea","Poaceae","plants",7,"ter plaatse",43.705048,3.861931,"France","PL1","Crtl1",302508534,2024-03-30,1
"664","White Rocket","Diplotaxis erucoides","Brassicaceae","plants",95,"ter plaatse",43.705048,3.861931,"France","PL1","Crtl1",302508536,2024-03-30,1
"665","Kermes Oak","Quercus coccifera","Fagaceae","plants",3,"verwilderd",43.725807,3.863011,"France","PL3","Tree",302508544,2024-03-30,1
"666","Blackberry unknown","Rubus spec.","Rosaceae","plants",1,"ter plaatse",43.725803,3.863,"France","PL3","Tree",302508546,2024-03-30,1
"667","Kermes Oak","Quercus coccifera","Fagaceae","plants",1,"ter plaatse",43.7258,3.863006,"France","PL3","Tree",302508547,2024-03-30,1
"668","Lesser Hawkbit","Leontodon saxatilis","Asteraceae","plants",1,"ter plaatse",43.725803,3.86302,"France","PL3","Tree",302508549,2024-03-30,1
"669","Wild Madder","Rubia peregrina","Rubiaceae","plants",3,"ter plaatse",43.725807,3.862942,"France","PL3","Tree",302508551,2024-03-30,1
"670","Purple Moor-grass","Molinia caerulea","Poaceae","plants",45,"ter plaatse",43.725788,3.863023,"France","PL3","Tree",302508554,2024-03-30,1
"671","Common Dandelion","Taraxacum officinale s.l. (incl. all sect.)","Asteraceae","plants",1,"ter plaatse",43.725803,3.862988,"France","PL3","Tree",302508556,2024-03-30,1
"672","Laurustinus","Viburnum tinus","Viburnaceae","plants",7,"ter plaatse",43.725815,3.862979,"France","PL3","Tree",302508561,2024-03-30,1
"673","Laurustinus","Viburnum tinus","Viburnaceae","plants",3,"verwilderd",43.725815,3.862975,"France","PL3","Tree",302508562,2024-03-30,1
"674","Meadow Vetchling","Lathyrus pratensis","Fabaceae","plants",3,"ter plaatse",43.725803,3.862957,"France","PL3","Tree",302508564,2024-03-30,1
"675","Reflexed Stonecrop","Sedum rupestre","Crassulaceae","plants",1,"ter plaatse",43.725811,3.86296,"France","PL3","Tree",302508565,2024-03-30,1
"676","Smooth Sow-thistle","Sonchus oleraceus","Asteraceae","plants",3,"ter plaatse",43.725807,3.862962,"France","PL3","Tree",302508569,2024-03-30,1
"677","Cat's-ear","Hypochaeris radicata","Asteraceae","plants",3,"ter plaatse",43.725807,3.862962,"France","PL3","Tree",302508572,2024-03-30,1
"678","Fumana ericoides","Fumana ericoides","Cistaceae","plants",1,"ter plaatse",43.725784,3.86294,"France","PL3","Tree",302508576,2024-03-30,1
"679","Badassi","Dorycnium pentaphyllum","Fabaceae","plants",1,"ter plaatse",43.725784,3.86294,"France","PL3","Tree",302508582,2024-03-30,1
"680","Small Burnet","Poterium sanguisorba","Rosaceae","plants",7,"ter plaatse",43.725796,3.862941,"France","PL3","Tree",302508586,2024-03-30,1
"681","Toothed Medick","Medicago polymorpha","Fabaceae","plants",3,"ter plaatse",43.7258,3.862946,"France","PL3","Tree",302508593,2024-03-30,1
"682","Rose sp. unknown","Rosa spec.","Rosaceae","plants",7,"ter plaatse",43.725803,3.86295,"France","PL3","Tree",302508596,2024-03-30,1
"683","Wall Speedwell","Veronica arvensis","Plantaginaceae","plants",1,"ter plaatse",43.725807,3.862951,"France","PL3","Tree",302508598,2024-03-30,1
"684","Bird's foot unknown","Ornithopus spec.","Fabaceae","plants",1,"ter plaatse",43.725807,3.862952,"France","PL3","Tree",302508601,2024-03-30,1
"685","Italian stone pine","Pinus pinea","Pinaceae","plants",25,"verwilderd",43.725784,3.862986,"France","PL3","Tree",302508603,2024-03-30,1
"686","Italian stone pine","Pinus pinea","Pinaceae","plants",95,"aangeplant",43.725788,3.862984,"France","PL3","Tree",302508605,2024-03-30,1
"687","Rat's-tail Fescue","Vulpia myuros","Poaceae","plants",7,"ter plaatse",43.725742,3.862996,"France","PL3","Field",302508624,2024-03-30,1
"688","Toothed Medick","Medicago polymorpha","Fabaceae","plants",3,"ter plaatse",43.725742,3.862996,"France","PL3","Field",302508628,2024-03-30,1
"689","Great Brome","Anisantha diandra","Poaceae","plants",3,"ter plaatse",43.725742,3.862996,"France","PL3","Field",302508641,2024-03-30,1
"690","Crepis sancta","Crepis sancta","Asteraceae","plants",25,"ter plaatse",43.725742,3.862962,"France","PL3","Field",302508654,2024-03-30,1
"691","Bedstraw unknown","Galium spec.","Rubiaceae","plants",1,"ter plaatse",43.725742,3.862955,"France","PL3","Field",302508658,2024-03-30,1
"692","Prickly Sow-thistle","Sonchus asper","Asteraceae","plants",1,"ter plaatse",43.725742,3.862955,"France","PL3","Field",302508663,2024-03-30,1
"693","Nottingham Catchfly","Silene nutans","Caryophyllaceae","plants",3,"ter plaatse",43.725746,3.862957,"France","PL3","Field",302508669,2024-03-30,1
"694","Perfoliate Pennycress","Noccaea perfoliata","Brassicaceae","plants",1,"ter plaatse",43.725758,3.862956,"France","PL3","Field",302508682,2024-03-30,1
"695","Clover unknown","Trifolium spec.","Fabaceae","plants",1,"ter plaatse",43.725739,3.862956,"France","PL3","Field",302508689,2024-03-30,1
"696","Fleabane unknown","Erigeron spec.","Asteraceae","plants",1,"ter plaatse",43.725739,3.862956,"France","PL3","Field",302508698,2024-03-30,1
"697","Tall Fescue","Schedonorus arundinaceus","Poaceae","plants",3,"ter plaatse",43.725731,3.862979,"France","PL3","Field",302508702,2024-03-30,1
"698","Great Yellow-cress","Rorippa amphibia","Brassicaceae","plants",3,"ter plaatse",43.725727,3.862982,"France","PL3","Field",302508706,2024-03-30,1
"699","Annual Meadow-grass","Poa annua","Poaceae","plants",15,"ter plaatse",43.725719,3.862955,"France","PL3","Field",302508718,2024-03-30,1
"700","Grape-hyacinth","Muscari neglectum","Asparagaceae","plants",3,"ter plaatse",43.725719,3.862949,"France","PL3","Field",302508723,2024-03-30,1
"701","Common Carrot","Daucus carota","Apiaceae","plants",1,"ter plaatse",43.725719,3.862946,"France","PL3","Field",302508734,2024-03-30,1
"702","Slender Thistle","Carduus tenuiflorus","Asteraceae","plants",15,"ter plaatse",43.725708,3.862932,"France","PL3","Field",302508737,2024-03-30,1
"703","Cornsalad unknown","Valerianella spec.","Caprifoliaceae","plants",15,"ter plaatse",43.725708,3.862937,"France","PL3","Field",302508744,2024-03-30,1
"704","Common Stork's-bill","Erodium cicutarium","Geraniaceae","plants",3,"ter plaatse",43.725739,3.862942,"France","PL3","Field",302508747,2024-03-30,1
"705","Dove's-foot Crane's-bill","Geranium molle","Geraniaceae","plants",3,"ter plaatse",43.725742,3.862945,"France","PL3","Field",302508749,2024-03-30,1
"706","Common Whitlowgrass","Draba verna","Brassicaceae","plants",1,"ter plaatse",43.725742,3.862946,"France","PL3","Field",302508752,2024-03-30,1
"707","Cut-leaved Crane's-bill","Geranium dissectum","Geraniaceae","plants",7,"ter plaatse",43.725746,3.862943,"France","PL3","Field",302508754,2024-03-30,1
"708","Grape-vine","Vitis vinifera","Vitaceae","plants",15,"verwilderd",43.725746,3.862945,"France","PL3","Field",302508756,2024-03-30,1
"709","Common Field-speedwell","Veronica persica","Plantaginaceae","plants",15,"ter plaatse",43.725746,3.862945,"France","PL3","Field",302508759,2024-03-30,1
"710","Lesser Hawkbit","Leontodon saxatilis","Asteraceae","plants",15,"ter plaatse",43.725746,3.862947,"France","PL3","Field",302508763,2024-03-30,1
"711","White Rocket","Diplotaxis erucoides","Brassicaceae","plants",3,"ter plaatse",43.725746,3.862945,"France","PL3","Field",302508765,2024-03-30,1
"712","Hairy yellow vetch","Vicia hybrida","Fabaceae","plants",1,"ter plaatse",43.715321,3.853392,"France","PL2","Crtl2",302508790,2024-03-30,1
"713","Reed Canary-grass","Phalaris arundinacea","Poaceae","plants",25,"ter plaatse",43.71529,3.853407,"France","PL2","Crtl2",302508796,2024-03-30,1
"714","Charlock","Sinapis arvensis","Brassicaceae","plants",3,"ter plaatse",43.71529,3.853399,"France","PL2","Crtl2",302508801,2024-03-30,1
"715","Common Field-speedwell","Veronica persica","Plantaginaceae","plants",3,"ter plaatse",43.715279,3.853398,"France","PL2","Crtl2",302508809,2024-03-30,1
"716","Common Fumitory","Fumaria officinalis","Papaveraceae","plants",7,"ter plaatse",43.715286,3.853409,"France","PL2","Crtl2",302508811,2024-03-30,1
"717","Sun Spurge","Euphorbia helioscopia","Euphorbiaceae","plants",1,"ter plaatse",43.715282,3.85341,"France","PL2","Crtl2",302508814,2024-03-30,1
"718","Corn Poppy","Papaver rhoeas","Papaveraceae","plants",1,"ter plaatse",43.715282,3.853398,"France","PL2","Crtl2",302508819,2024-03-30,1
"719","White Rocket","Diplotaxis erucoides","Brassicaceae","plants",55,"ter plaatse",43.71526,3.85339,"France","PL2","Crtl2",302508823,2024-03-30,1
"720","Milk Thistle","Silybum marianum","Asteraceae","plants",45,"ter plaatse",43.715267,3.853406,"France","PL2","Crtl2",302508825,2024-03-30,1
"721","Welted Thistle","Carduus crispus","Asteraceae","plants",1,"ter plaatse",43.715355,3.853571,"France","PL2","Crtl1",302508840,2024-03-30,1
"722","Hairy yellow vetch","Vicia hybrida","Fabaceae","plants",1,"ter plaatse",43.71537,3.853512,"France","PL2","Crtl1",302508842,2024-03-30,1
"723","Wild Parsnip","Pastinaca sativa","Apiaceae","plants",1,"ter plaatse",43.715385,3.853544,"France","PL2","Crtl1",302508843,2024-03-30,1
"724","Cleavers","Galium aparine","Rubiaceae","plants",1,"ter plaatse",43.715382,3.853548,"France","PL2","Crtl1",302508844,2024-03-30,1
"725","Grass family unknown","Poaceae indet.","Poaceae","plants",25,"ter plaatse",43.71537,3.853584,"France","PL2","Crtl1",302508846,2024-03-30,1
"726","Common Fumitory","Fumaria officinalis","Papaveraceae","plants",1,"ter plaatse",43.715401,3.853578,"France","PL2","Crtl1",302508850,2024-03-30,1
"727","Smooth Sow-thistle","Sonchus oleraceus","Asteraceae","plants",1,"ter plaatse",43.715385,3.853577,"France","PL2","Crtl1",302508851,2024-03-30,1
"728","Plant unknown","Plantae indet.","Plants","plants",1,"ter plaatse",43.715397,3.853573,"France","PL2","Crtl1",302508855,2024-03-30,1
"729","Blackberry unknown","Rubus spec.","Rosaceae","plants",1,"ter plaatse",43.715378,3.853593,"France","PL2","Crtl1",302508860,2024-03-30,1
"730","Bindweed unknown","Convolvulus spec.","Convolvulaceae","plants",1,"ter plaatse",43.715366,3.853583,"France","PL2","Crtl1",302508873,2024-03-30,1
"731","Common Field-speedwell","Veronica persica","Plantaginaceae","plants",1,"ter plaatse",43.715366,3.853588,"France","PL2","Crtl1",302508878,2024-03-30,1
"732","Common Carrot","Daucus carota","Apiaceae","plants",7,"ter plaatse",43.715366,3.853593,"France","PL2","Crtl1",302508884,2024-03-30,1
"733","Creeping Cinquefoil","Potentilla reptans","Rosaceae","plants",1,"ter plaatse",43.715359,3.853601,"France","PL2","Crtl1",302508899,2024-03-30,1
"734","Sun Spurge","Euphorbia helioscopia","Euphorbiaceae","plants",3,"ter plaatse",43.715374,3.853601,"France","PL2","Crtl1",302508902,2024-03-30,1
"735","White Rocket","Diplotaxis erucoides","Brassicaceae","plants",55,"ter plaatse",43.715374,3.853601,"France","PL2","Crtl1",302508905,2024-03-30,1
"736","Milk Thistle","Silybum marianum","Asteraceae","plants",55,"ter plaatse",43.71537,3.853604,"France","PL2","Crtl1",302508907,2024-03-30,1
"737","Prickly Sow-thistle","Sonchus asper","Asteraceae","plants",1,"ter plaatse",43.714531,3.854873,"France","PL2","Tree",302508909,2024-03-30,1
"738","Charlock","Sinapis arvensis","Brassicaceae","plants",1,"ter plaatse",43.714523,3.854893,"France","PL2","Tree",302508912,2024-03-30,1
"739","Cut-leaved Crane's-bill","Geranium dissectum","Geraniaceae","plants",1,"ter plaatse",43.714527,3.854835,"France","PL2","Tree",302508928,2024-03-30,1
"740","Narrow leaved Ash","Fraxinus angustifolia","Oleaceae","plants",7,"verwilderd",43.714527,3.854837,"France","PL2","Tree",302508932,2024-03-30,1
"741","Narrow leaved Ash","Fraxinus angustifolia","Oleaceae","plants",3,"ter plaatse",43.714527,3.854837,"France","PL2","Tree",302508935,2024-03-30,1
"742","Wall Speedwell","Veronica arvensis","Plantaginaceae","plants",1,"ter plaatse",43.714542,3.854861,"France","PL2","Tree",302508936,2024-03-30,1
"743","Common Dandelion","Taraxacum officinale s.l. (incl. all sect.)","Asteraceae","plants",1,"ter plaatse",43.714558,3.854882,"France","PL2","Tree",302508938,2024-03-30,1
"744","False Brome","Brachypodium sylvaticum","Poaceae","plants",7,"ter plaatse",43.714558,3.854885,"France","PL2","Tree",302508943,2024-03-30,1
"745","Common Field-speedwell","Veronica persica","Plantaginaceae","plants",3,"ter plaatse",43.714542,3.854852,"France","PL2","Tree",302508947,2024-03-30,1
"746","Hairy yellow vetch","Vicia hybrida","Fabaceae","plants",75,"ter plaatse",43.714546,3.854836,"France","PL2","Tree",302508955,2024-03-30,1
"747","Milk Thistle","Silybum marianum","Asteraceae","plants",3,"ter plaatse",43.714535,3.854848,"France","PL2","Tree",302508960,2024-03-30,1
"748","Cleavers","Galium aparine","Rubiaceae","plants",3,"ter plaatse",43.714535,3.854853,"France","PL2","Tree",302508962,2024-03-30,1
"749","Common Carrot","Daucus carota","Apiaceae","plants",3,"ter plaatse",43.714531,3.854853,"France","PL2","Tree",302508967,2024-03-30,1
"750","Toothed Medick","Medicago polymorpha","Fabaceae","plants",3,"ter plaatse",43.714531,3.854852,"France","PL2","Tree",302508969,2024-03-30,1
"751","Lamb's Quarters","Chenopodium album","Amaranthaceae","plants",3,"ter plaatse",43.714531,3.854851,"France","PL2","Tree",302508972,2024-03-30,1
"752","Hoary Cress","Lepidium draba","Brassicaceae","plants",15,"ter plaatse",43.714527,3.854864,"France","PL2","Tree",302508976,2024-03-30,1
"753","Lesser Hawkbit","Leontodon saxatilis","Asteraceae","plants",15,"ter plaatse",43.714527,3.854861,"France","PL2","Tree",302508979,2024-03-30,1
"754","Sweet Scabious","Scabiosa atropurpurea","Caprifoliaceae","plants",3,"ter plaatse",43.714531,3.854856,"France","PL2","Tree",302508984,2024-03-30,1
"755","Sun Spurge","Euphorbia helioscopia","Euphorbiaceae","plants",3,"ter plaatse",43.714535,3.854875,"France","PL2","Tree",302508986,2024-03-30,1
"756","Groundsel","Senecio vulgaris","Asteraceae","plants",3,"ter plaatse",43.714531,3.854875,"France","PL2","Tree",302508989,2024-03-30,1
"757","Norway Maple","Acer platanoides","Sapindaceae","plants",15,"verwilderd",43.714531,3.854868,"France","PL2","Tree",302508991,2024-03-30,1
"758","Norway Maple","Acer platanoides","Sapindaceae","plants",75,"aangeplant",43.714539,3.854866,"France","PL2","Tree",302508996,2024-03-30,1
"759","Lesser Hawkbit","Leontodon saxatilis","Asteraceae","plants",3,"ter plaatse",43.714661,3.85486,"France","PL2","Field",302509023,2024-03-30,1
"760","Italian Rye-grass","Lolium multiflorum","Poaceae","plants",3,"ter plaatse",43.714619,3.854879,"France","PL2","Field",302509024,2024-03-30,1
"761","Sun Spurge","Euphorbia helioscopia","Euphorbiaceae","plants",1,"ter plaatse",43.714615,3.854913,"France","PL2","Field",302509026,2024-03-30,1
"762","Common Fumitory","Fumaria officinalis","Papaveraceae","plants",3,"ter plaatse",43.714615,3.854913,"France","PL2","Field",302509027,2024-03-30,1
"763","Small Scabious","Scabiosa columbaria","Caprifoliaceae","plants",25,"ter plaatse",43.714596,3.854897,"France","PL2","Field",302509029,2024-03-30,1
"764","Crepis sancta","Crepis sancta","Asteraceae","plants",3,"ter plaatse",43.714622,3.854887,"France","PL2","Field",302509030,2024-03-30,1
"765","Small Scabious","Scabiosa columbaria","Caprifoliaceae","plants",3,"ter plaatse",43.71463,3.854868,"France","PL2","Field",302509032,2024-03-30,1
"766","Cretan Weed","Hedypnois rhagadioloides","Asteraceae","plants",3,"ter plaatse",43.714622,3.854864,"France","PL2","Field",302509036,2024-03-30,1
"767","Annual Meadow-grass","Poa annua","Poaceae","plants",3,"ter plaatse",43.714615,3.854837,"France","PL2","Field",302509038,2024-03-30,1
"768","Tall Fescue","Schedonorus arundinaceus","Poaceae","plants",25,"ter plaatse",43.714615,3.854837,"France","PL2","Field",302509039,2024-03-30,1
"769","Composite unknown","Asteraceae indet.","Asteraceae","plants",1,"ter plaatse",43.714603,3.854838,"France","PL2","Field",302509044,2024-03-30,1
"770","Long-headed Poppy","Papaver dubium","Papaveraceae","plants",1,"ter plaatse",43.714603,3.854841,"France","PL2","Field",302509046,2024-03-30,1
"771","Wall Speedwell","Veronica arvensis","Plantaginaceae","plants",3,"ter plaatse",43.714607,3.854843,"France","PL2","Field",302509050,2024-03-30,1
"772","Corn Poppy","Papaver rhoeas","Papaveraceae","plants",7,"ter plaatse",43.714622,3.854902,"France","PL2","Field",302509052,2024-03-30,1
"773","Hairy yellow vetch","Vicia hybrida","Fabaceae","plants",3,"ter plaatse",43.714622,3.854902,"France","PL2","Field",302509054,2024-03-30,1
"774","White Rocket","Diplotaxis erucoides","Brassicaceae","plants",25,"ter plaatse",43.71463,3.854897,"France","PL2","Field",302509059,2024-03-30,1
"775","Milk Thistle","Silybum marianum","Asteraceae","plants",35,"ter plaatse",43.714554,3.854798,"France","PL2","Field",302509062,2024-03-30,1
"776","Common Field-speedwell","Veronica persica","Plantaginaceae","plants",15,"ter plaatse",43.714531,3.854817,"France","PL2","Field",302509064,2024-03-30,1
"777","Clover unknown","Trifolium spec.","Fabaceae","plants",1,"ter plaatse",43.366165,3.165006,"France","Pe1","Crtl1",302509065,2024-03-30,1
"778","Bread Wheat","Triticum aestivum","Poaceae","plants",95,"ter plaatse",43.366165,3.165007,"France","Pe1","Crtl1",302509067,2024-03-30,1
"779","Clover unknown","Trifolium spec.","Fabaceae","plants",1,"ter plaatse",43.366154,3.165038,"France","Pe1","Crtl2",302509069,2024-03-30,1
"780","Bread Wheat","Triticum aestivum","Poaceae","plants",95,"ter plaatse",43.366154,3.165039,"France","Pe1","Crtl2",302509071,2024-03-30,1
"781","Persian walnut","Juglans regia","Juglandaceae","plants",3,"aangeplant",43.366196,3.174245,"France","Pe1","Field",302509079,2024-03-30,1
"782","Lamb's Quarters","Chenopodium album","Amaranthaceae","plants",1,"ter plaatse",43.366184,3.17419,"France","Pe1","Field",302509083,2024-03-30,1
"783","Common Field-speedwell","Veronica persica","Plantaginaceae","plants",1,"ter plaatse",43.366169,3.174174,"France","Pe1","Field",302509085,2024-03-30,1
"784","Corn Poppy","Papaver rhoeas","Papaveraceae","plants",1,"ter plaatse",43.366161,3.17416,"France","Pe1","Field",302509086,2024-03-30,1
"785","Common Chickweed","Stellaria media","Caryophyllaceae","plants",1,"ter plaatse",43.366158,3.17416,"France","Pe1","Field",302509087,2024-03-30,1
"786","Tall Fescue","Schedonorus arundinaceus","Poaceae","plants",3,"ter plaatse",43.36615,3.174153,"France","Pe1","Field",302509088,2024-03-30,1
"787","Plant unknown","Plantae indet.","Plants","plants",1,"ter plaatse",43.366146,3.174148,"France","Pe1","Field",302509090,2024-03-30,1
"788","Ivy-leaved Speedwell","Veronica hederifolia","Plantaginaceae","plants",3,"ter plaatse",43.36615,3.174149,"France","Pe1","Field",302509092,2024-03-30,1
"789","Groundsel","Senecio vulgaris","Asteraceae","plants",7,"ter plaatse",43.366154,3.174151,"France","Pe1","Field",302509093,2024-03-30,1
"790","Rape","Brassica napus","Brassicaceae","plants",45,"ter plaatse",43.366154,3.17415,"France","Pe1","Field",302509094,2024-03-30,1
"791","Sun Spurge","Euphorbia helioscopia","Euphorbiaceae","plants",3,"ter plaatse",43.366154,3.17415,"France","Pe1","Field",302509095,2024-03-30,1
"792","Lesser Swine-cress","Lepidium didymum","Brassicaceae","plants",1,"ter plaatse",43.366226,3.174166,"France","Pe1","Tree",302509112,2024-03-30,1
"793","Common Fumitory","Fumaria officinalis","Papaveraceae","plants",1,"ter plaatse",43.366245,3.174135,"France","Pe1","Tree",302509115,2024-03-30,1
"794","Ivy-leaved Speedwell","Veronica hederifolia","Plantaginaceae","plants",3,"ter plaatse",43.366245,3.174134,"France","Pe1","Tree",302509119,2024-03-30,1
"795","Soft-brome","Bromus hordeaceus","Poaceae","plants",1,"ter plaatse",43.366241,3.174128,"France","Pe1","Tree",302509122,2024-03-30,1
"796","Perennial Rye-grass","Lolium perenne","Poaceae","plants",15,"ter plaatse",43.366238,3.174121,"France","Pe1","Tree",302509127,2024-03-30,1
"797","False Brome","Brachypodium sylvaticum","Poaceae","plants",3,"ter plaatse",43.366238,3.174121,"France","Pe1","Tree",302509137,2024-03-30,1
"798","Milk Thistle","Silybum marianum","Asteraceae","plants",1,"ter plaatse",43.366226,3.174135,"France","Pe1","Tree",302509138,2024-03-30,1
"799","Lamb's Quarters","Chenopodium album","Amaranthaceae","plants",1,"ter plaatse",43.366226,3.174137,"France","Pe1","Tree",302509141,2024-03-30,1
"800","Plant unknown","Plantae indet.","Plants","plants",1,"ter plaatse",43.366219,3.174119,"France","Pe1","Tree",302509147,2024-03-30,1
"801","Cow Parsley","Anthriscus sylvestris","Apiaceae","plants",1,"ter plaatse",43.36623,3.174109,"France","Pe1","Tree",302509151,2024-03-30,1
"802","Grass family unknown","Poaceae indet.","Poaceae","plants",25,"ter plaatse",43.366234,3.174098,"France","Pe1","Tree",302509162,2024-03-30,1
"803","Corn Poppy","Papaver rhoeas","Papaveraceae","plants",3,"ter plaatse",43.366219,3.17415,"France","Pe1","Tree",302509172,2024-03-30,1
"804","Sun Spurge","Euphorbia helioscopia","Euphorbiaceae","plants",15,"ter plaatse",43.366295,3.174115,"France","Pe1","Tree",302509180,2024-03-30,1
"805","White Rocket","Diplotaxis erucoides","Brassicaceae","plants",7,"ter plaatse",43.366268,3.174111,"France","Pe1","Tree",302509184,2024-03-30,1
"806","Common Field-speedwell","Veronica persica","Plantaginaceae","plants",15,"ter plaatse",43.366249,3.174032,"France","Pe1","Tree",302509188,2024-03-30,1
"807","Ivy","Hedera helix","Araliaceae","plants",7,"ter plaatse",43.366272,3.174103,"France","Pe1","Tree",302509195,2024-03-30,1
"808","Persian walnut","Juglans regia","Juglandaceae","plants",85,"aangeplant",43.366272,3.174103,"France","Pe1","Tree",302509198,2024-03-30,1
"809","Groundsel","Senecio vulgaris","Asteraceae","plants",7,"ter plaatse",43.366272,3.174104,"France","Pe1","Tree",302509203,2024-03-30,1
"810","Lesser Hawkbit","Leontodon saxatilis","Asteraceae","plants",1,"ter plaatse",43.70435,3.861583,"France","PL1","Tree",302660776,2024-03-31,1
"811","Italian Rye-grass","Lolium multiflorum","Poaceae","plants",25,"ter plaatse",43.704315,3.861587,"France","PL1","Tree",302660777,2024-03-31,1
"812","Slender Thistle","Carduus tenuiflorus","Asteraceae","plants",1,"ter plaatse",43.704315,3.861584,"France","PL1","Tree",302660778,2024-03-31,1
"813","Garden Star-of-Bethlehem","Ornithogalum umbellatum","Asparagaceae","plants",1,"ter plaatse",43.704319,3.861588,"France","PL1","Tree",302660779,2024-03-31,1
"814","Tall Fescue","Schedonorus arundinaceus","Poaceae","plants",65,"ter plaatse",43.704311,3.861636,"France","PL1","Tree",302660781,2024-03-31,1
"815","Common Field-speedwell","Veronica persica","Plantaginaceae","plants",1,"ter plaatse",43.704277,3.861563,"France","PL1","Tree",302660782,2024-03-31,1
"816","Common Dandelion","Taraxacum officinale s.l. (incl. all sect.)","Asteraceae","plants",1,"ter plaatse",43.704277,3.861557,"France","PL1","Tree",302660784,2024-03-31,1
"817","Cow Parsley","Anthriscus sylvestris","Apiaceae","plants",1,"ter plaatse",43.704277,3.861564,"France","PL1","Tree",302660785,2024-03-31,1
"818","Narbonne Vetch","Vicia narbonensis","Fabaceae","plants",15,"ter plaatse",43.704296,3.861593,"France","PL1","Tree",302660787,2024-03-31,1
"819","Cleavers","Galium aparine","Rubiaceae","plants",7,"ter plaatse",43.704296,3.861567,"France","PL1","Tree",302660789,2024-03-31,1
"820","Bindweed unknown","Convolvulus spec.","Convolvulaceae","plants",1,"ter plaatse",43.704296,3.861567,"France","PL1","Tree",302660792,2024-03-31,1
"821","Groundsel","Senecio vulgaris","Asteraceae","plants",1,"ter plaatse",43.704296,3.861568,"France","PL1","Tree",302660793,2024-03-31,1
"822","Common Fumitory","Fumaria officinalis","Papaveraceae","plants",3,"ter plaatse",43.704308,3.861571,"France","PL1","Tree",302660795,2024-03-31,1
"823","Common Hazel","Corylus avellana","Betulaceae","plants",3,"verwilderd",43.704315,3.86158,"France","PL1","Tree",302660796,2024-03-31,1
"824","Fine-leaved Fumitory","Fumaria parviflora","Papaveraceae","plants",7,"ter plaatse",43.704315,3.86158,"France","PL1","Tree",302660799,2024-03-31,1
"825","Hairy yellow vetch","Vicia hybrida","Fabaceae","plants",35,"ter plaatse",43.704315,3.86158,"France","PL1","Tree",302660800,2024-03-31,1
"826","Persian walnut","Juglans regia","Juglandaceae","plants",95,"aangeplant",43.704315,3.861593,"France","PL1","Tree",302660801,2024-03-31,1
"827","Groundsel","Senecio vulgaris","Asteraceae","plants",1,"ter plaatse",43.704239,3.861568,"France","PL1","Field",302660803,2024-03-31,1
"828","Fescue unknown","Festuca spec.","Poaceae","plants",15,"ter plaatse",43.70425,3.861668,"France","PL1","Field",302660807,2024-03-31,1
"829","Milk Thistle","Silybum marianum","Asteraceae","plants",3,"ter plaatse",43.704258,3.861559,"France","PL1","Field",302660808,2024-03-31,1
"830","Common Fumitory","Fumaria officinalis","Papaveraceae","plants",25,"ter plaatse",43.704258,3.861549,"France","PL1","Field",302660809,2024-03-31,1
"831","Fine-leaved Fumitory","Fumaria parviflora","Papaveraceae","plants",3,"ter plaatse",43.704247,3.861528,"France","PL1","Field",302660810,2024-03-31,1
"832","Slender Thistle","Carduus tenuiflorus","Asteraceae","plants",1,"ter plaatse",43.70425,3.861528,"France","PL1","Field",302660811,2024-03-31,1
"833","Corn Poppy","Papaver rhoeas","Papaveraceae","plants",25,"ter plaatse",43.704262,3.861529,"France","PL1","Field",302660813,2024-03-31,1
"834","White Rocket","Diplotaxis erucoides","Brassicaceae","plants",15,"ter plaatse",43.704269,3.861538,"France","PL1","Field",302660814,2024-03-31,1
"835","Persian walnut","Juglans regia","Juglandaceae","plants",25,"aangeplant",43.704273,3.861584,"France","PL1","Field",302660815,2024-03-31,1
"836","Italian Rye-grass","Lolium multiflorum","Poaceae","plants",85,"ter plaatse",43.704269,3.861538,"France","PL1","Field",302660816,2024-03-31,1
"837","Lesser Hawkbit","Leontodon saxatilis","Asteraceae","plants",1,"ter plaatse",43.678837,3.993164,"France","Ca1","Crtl2",302660821,2024-03-31,1
"838","Red Vetchling","Lathyrus cicera","Fabaceae","plants",3,"ter plaatse",43.678822,3.993135,"France","Ca1","Crtl2",302660833,2024-03-31,1
"839","Dove's-foot Crane's-bill","Geranium molle","Geraniaceae","plants",3,"ter plaatse",43.678833,3.99311,"France","Ca1","Crtl2",302660834,2024-03-31,1
"840","Smooth Meadow-grass","Poa pratensis","Poaceae","plants",45,"ter plaatse",43.678833,3.99311,"France","Ca1","Crtl2",302660835,2024-03-31,1
"841","Barren Brome","Anisantha sterilis","Poaceae","plants",45,"ter plaatse",43.678833,3.99311,"France","Ca1","Crtl2",302660836,2024-03-31,1
"842","Beaked Hawk's-beard","Crepis vesicaria","Asteraceae","plants",1,"ter plaatse",43.678833,3.99311,"France","Ca1","Crtl2",302660837,2024-03-31,1
"843","Small Burnet","Poterium sanguisorba","Rosaceae","plants",1,"ter plaatse",43.678829,3.99312,"France","Ca1","Crtl2",302660838,2024-03-31,1
"844","Hawkweed Oxtongue","Picris hieracioides","Asteraceae","plants",3,"ter plaatse",43.678814,3.993145,"France","Ca1","Crtl2",302660840,2024-03-31,1
"845","Creeping Cinquefoil","Potentilla reptans","Rosaceae","plants",1,"ter plaatse",43.678814,3.99315,"France","Ca1","Crtl2",302660842,2024-03-31,1
"846","Bindweed unknown","Convolvulus spec.","Convolvulaceae","plants",1,"ter plaatse",43.678814,3.993156,"France","Ca1","Crtl2",302660843,2024-03-31,1
"847","Red Dead-nettle","Lamium purpureum","Lamiaceae","plants",1,"ter plaatse",43.678814,3.993164,"France","Ca1","Crtl2",302660844,2024-03-31,1
"848","Common Vetch","Vicia sativa","Fabaceae","plants",25,"ter plaatse",43.678818,3.993166,"France","Ca1","Crtl2",302660846,2024-03-31,1
"849","Meadow Vetchling","Lathyrus pratensis","Fabaceae","plants",7,"ter plaatse",43.678814,3.993171,"France","Ca1","Crtl2",302660847,2024-03-31,1
"850","Sun Spurge","Euphorbia helioscopia","Euphorbiaceae","plants",1,"ter plaatse",43.678814,3.993169,"France","Ca1","Crtl2",302660848,2024-03-31,1
"851","Common Field-speedwell","Veronica persica","Plantaginaceae","plants",7,"ter plaatse",43.678814,3.99316,"France","Ca1","Crtl2",302660849,2024-03-31,1
"852","Field Madder","Sherardia arvensis","Rubiaceae","plants",7,"ter plaatse",43.678818,3.993158,"France","Ca1","Crtl2",302660850,2024-03-31,1
"853","Grape-hyacinth","Muscari neglectum","Asparagaceae","plants",1,"ter plaatse",43.678818,3.993157,"France","Ca1","Crtl2",302660851,2024-03-31,1
"854","Cut-leaved Crane's-bill","Geranium dissectum","Geraniaceae","plants",15,"ter plaatse",43.678837,3.993154,"France","Ca1","Crtl2",302660852,2024-03-31,1
"855","Ribwort Plantain","Plantago lanceolata","Plantaginaceae","plants",7,"ter plaatse",43.678837,3.993153,"France","Ca1","Crtl2",302660854,2024-03-31,1
"856","Dove's-foot Crane's-bill","Geranium molle","Geraniaceae","plants",1,"ter plaatse",43.678787,3.993069,"France","Ca1","Crtl1",302660860,2024-03-31,1
"857","Yorkshire-fog","Holcus lanatus","Poaceae","plants",15,"ter plaatse",43.678814,3.993055,"France","Ca1","Crtl1",302660863,2024-03-31,1
"858","Meadow Vetchling","Lathyrus pratensis","Fabaceae","plants",7,"ter plaatse",43.678814,3.993057,"France","Ca1","Crtl1",302660864,2024-03-31,1
"859","Hawkweed Oxtongue","Picris hieracioides","Asteraceae","plants",3,"ter plaatse",43.678814,3.99304,"France","Ca1","Crtl1",302660865,2024-03-31,1
"860","Barren Brome","Anisantha sterilis","Poaceae","plants",45,"ter plaatse",43.678802,3.993071,"France","Ca1","Crtl1",302660866,2024-03-31,1
"861","Smooth Meadow-grass","Poa pratensis","Poaceae","plants",25,"ter plaatse",43.678802,3.993081,"France","Ca1","Crtl1",302660868,2024-03-31,1
"862","Broad-leaved Everlasting-pea","Lathyrus latifolius","Fabaceae","plants",3,"ter plaatse",43.678799,3.993053,"France","Ca1","Crtl1",302660869,2024-03-31,1
"863","Sun Spurge","Euphorbia helioscopia","Euphorbiaceae","plants",1,"ter plaatse",43.678795,3.993043,"France","Ca1","Crtl1",302660870,2024-03-31,1
"864","Soapwort","Saponaria officinalis","Caryophyllaceae","plants",3,"ter plaatse",43.678791,3.993044,"France","Ca1","Crtl1",302660871,2024-03-31,1
"865","Bindweed unknown","Convolvulus spec.","Convolvulaceae","plants",1,"ter plaatse",43.678791,3.993044,"France","Ca1","Crtl1",302660872,2024-03-31,1
"866","Red Dead-nettle","Lamium purpureum","Lamiaceae","plants",3,"ter plaatse",43.67878,3.993059,"France","Ca1","Crtl1",302660874,2024-03-31,1
"867","Garden Star-of-Bethlehem","Ornithogalum umbellatum","Asparagaceae","plants",1,"ter plaatse",43.678791,3.993067,"France","Ca1","Crtl1",302660875,2024-03-31,1
"868","Field Madder","Sherardia arvensis","Rubiaceae","plants",7,"ter plaatse",43.678791,3.99307,"France","Ca1","Crtl1",302660876,2024-03-31,1
"869","Common Vetch","Vicia sativa","Fabaceae","plants",7,"ter plaatse",43.678791,3.993069,"France","Ca1","Crtl1",302660877,2024-03-31,1
"870","Small Burnet","Poterium sanguisorba","Rosaceae","plants",7,"ter plaatse",43.678791,3.993084,"France","Ca1","Crtl1",302660878,2024-03-31,1
"871","Cut-leaved Crane's-bill","Geranium dissectum","Geraniaceae","plants",25,"ter plaatse",43.678787,3.99307,"France","Ca1","Crtl1",302660879,2024-03-31,1
"872","Common Field-speedwell","Veronica persica","Plantaginaceae","plants",7,"ter plaatse",43.678787,3.99307,"France","Ca1","Crtl1",302660880,2024-03-31,1
"873","Ribwort Plantain","Plantago lanceolata","Plantaginaceae","plants",7,"ter plaatse",43.678787,3.99307,"France","Ca1","Crtl1",302660881,2024-03-31,1
"874","White Rocket","Diplotaxis erucoides","Brassicaceae","plants",2,"ter plaatse",43.680325,3.996983,"France","Ca1","Field",302660891,2024-03-31,1
"875","Common Field-speedwell","Veronica persica","Plantaginaceae","plants",3,"ter plaatse",43.680328,3.996986,"France","Ca1","Field",302660904,2024-03-31,1
"876","Composite unknown","Asteraceae indet.","Asteraceae","plants",1,"ter plaatse",43.680332,3.99699,"France","Ca1","Field",302660906,2024-03-31,1
"877","Lesser Hawkbit","Leontodon saxatilis","Asteraceae","plants",7,"ter plaatse",43.680328,3.997017,"France","Ca1","Field",302660908,2024-03-31,1
"878","Grape-hyacinth","Muscari neglectum","Asparagaceae","plants",1,"ter plaatse",43.680286,3.997001,"France","Ca1","Field",302660909,2024-03-31,1
"879","Early Spider-orchid","Ophrys sphegodes","Orchidaceae","plants",1,"ter plaatse",43.680298,3.996997,"France","Ca1","Field",302660911,2024-03-31,1
"880","Tall Fescue","Schedonorus arundinaceus","Poaceae","plants",35,"ter plaatse",43.680302,3.996997,"France","Ca1","Field",302660912,2024-03-31,1
"881","Unidentified Vetch unknown","Vicia spec.","Fabaceae","plants",15,"ter plaatse",43.68029,3.996986,"France","Ca1","Field",302660914,2024-03-31,1
"882","Broad-leaved Everlasting-pea","Lathyrus latifolius","Fabaceae","plants",3,"ter plaatse",43.68029,3.996987,"France","Ca1","Field",302660916,2024-03-31,1
"883","Common Stork's-bill","Erodium cicutarium","Geraniaceae","plants",1,"ter plaatse",43.680294,3.996973,"France","Ca1","Field",302660918,2024-03-31,1
"884","Wavyleaf mullein","Verbascum sinuatum","Scrophulariaceae","plants",3,"ter plaatse",43.680294,3.996971,"France","Ca1","Field",302660919,2024-03-31,1
"885","Perennial Wall-rocket","Diplotaxis tenuifolia","Brassicaceae","plants",3,"ter plaatse",43.680309,3.997007,"France","Ca1","Field",302660920,2024-03-31,1
"886","Plymouth Thistle","Carduus pycnocephalus","Asteraceae","plants",3,"ter plaatse",43.680317,3.997019,"France","Ca1","Field",302660921,2024-03-31,1
"887","Sun Spurge","Euphorbia helioscopia","Euphorbiaceae","plants",7,"ter plaatse",43.680325,3.997062,"France","Ca1","Field",302660922,2024-03-31,1
"888","Ribwort Plantain","Plantago lanceolata","Plantaginaceae","plants",35,"ter plaatse",43.680328,3.997097,"France","Ca1","Field",302660924,2024-03-31,1
"889","Wild Clary","Salvia verbenaca","Lamiaceae","plants",7,"ter plaatse",43.680344,3.996953,"France","Ca1","Field",302660926,2024-03-31,1
"890","Dove's-foot Crane's-bill","Geranium molle","Geraniaceae","plants",7,"ter plaatse",43.680328,3.99699,"France","Ca1","Field",302660928,2024-03-31,1
"891","Toothed Medick","Medicago polymorpha","Fabaceae","plants",7,"ter plaatse",43.680328,3.99699,"France","Ca1","Field",302660929,2024-03-31,1
"892","Rough Hawk's-beard","Crepis biennis","Asteraceae","plants",15,"ter plaatse",43.680325,3.996992,"France","Ca1","Field",302660930,2024-03-31,1
"893","Field Madder","Sherardia arvensis","Rubiaceae","plants",15,"ter plaatse",43.680325,3.996991,"France","Ca1","Field",302660932,2024-03-31,1
"894","Common Field-speedwell","Veronica persica","Plantaginaceae","plants",1,"ter plaatse",43.68034,3.996917,"France","Ca1","Tree",302660933,2024-03-31,1
"895","Downy Oak","Quercus pubescens","Fagaceae","plants",1,"ter plaatse",43.680317,3.996915,"France","Ca1","Tree",302660941,2024-03-31,1
"896","Bindweed unknown","Convolvulus spec.","Convolvulaceae","plants",1,"ter plaatse",43.680321,3.996902,"France","Ca1","Tree",302660942,2024-03-31,1
"897","Plant unknown","Plantae indet.","Plants","plants",3,"ter plaatse",43.68034,3.996896,"France","Ca1","Tree",302660944,2024-03-31,1
"898","Rough Meadow-grass","Poa trivialis","Poaceae","plants",25,"ter plaatse",43.680355,3.996911,"France","Ca1","Tree",302660945,2024-03-31,1
"899","Evergreen Oak","Quercus ilex","Fagaceae","plants",1,"ter plaatse",43.680367,3.996903,"France","Ca1","Tree",302660946,2024-03-31,1
"900","Common Hazel","Corylus avellana","Betulaceae","plants",1,"ter plaatse",43.68037,3.996907,"France","Ca1","Tree",302660947,2024-03-31,1
"901","Common Carrot","Daucus carota","Apiaceae","plants",1,"ter plaatse",43.680367,3.996908,"France","Ca1","Tree",302660948,2024-03-31,1
"902","Toothed Medick","Medicago polymorpha","Fabaceae","plants",1,"ter plaatse",43.680363,3.996914,"France","Ca1","Tree",302660949,2024-03-31,1
"903","Field Madder","Sherardia arvensis","Rubiaceae","plants",3,"ter plaatse",43.680347,3.996914,"France","Ca1","Tree",302660951,2024-03-31,1
"904","Dove's-foot Crane's-bill","Geranium molle","Geraniaceae","plants",3,"ter plaatse",43.680321,3.996937,"France","Ca1","Tree",302660952,2024-03-31,1
"905","Hairy yellow vetch","Vicia hybrida","Fabaceae","plants",25,"ter plaatse",43.680328,3.996942,"France","Ca1","Tree",302660953,2024-03-31,1
"906","Rough Hawk's-beard","Crepis biennis","Asteraceae","plants",7,"ter plaatse",43.680328,3.996942,"France","Ca1","Tree",302660954,2024-03-31,1
"907","Ribwort Plantain","Plantago lanceolata","Plantaginaceae","plants",7,"ter plaatse",43.680328,3.996942,"France","Ca1","Tree",302660955,2024-03-31,1
"908","Cleavers","Galium aparine","Rubiaceae","plants",45,"ter plaatse",43.680328,3.996942,"France","Ca1","Tree",302660956,2024-03-31,1
"909","Ivy","Hedera helix","Araliaceae","plants",7,"ter plaatse",43.680328,3.996942,"France","Ca1","Tree",302660958,2024-03-31,1
"910","Common Hazel","Corylus avellana","Betulaceae","plants",75,"verwilderd",43.680328,3.996942,"France","Ca1","Tree",302660959,2024-03-31,1
"911","Persian walnut","Juglans regia","Juglandaceae","plants",95,"aangeplant",43.680328,3.996942,"France","Ca1","Tree",302660960,2024-03-31,1
"912","Plant unknown","Plantae indet.","Plants","plants",1,"ter plaatse",43.807365,3.747301,"France","ND1","Tree",302660962,2024-03-31,1
"913","Perforate St John's-wort","Hypericum perforatum","Hypericaceae","plants",1,"ter plaatse",43.807369,3.747316,"France","ND1","Tree",302660968,2024-03-31,1
"914","Oval Sedge","Carex leporina","Cyperaceae","plants",7,"ter plaatse",43.807377,3.747305,"France","ND1","Tree",302660972,2024-03-31,1
"915","Common Field-speedwell","Veronica persica","Plantaginaceae","plants",1,"ter plaatse",43.807365,3.747308,"France","ND1","Tree",302660973,2024-03-31,1
"916","Cut-leaved Crane's-bill","Geranium dissectum","Geraniaceae","plants",1,"ter plaatse",43.807362,3.74729,"France","ND1","Tree",302660976,2024-03-31,1
"917","Sticky Mouse-ear","Cerastium glomeratum","Caryophyllaceae","plants",3,"ter plaatse",43.807358,3.747322,"France","ND1","Tree",302660979,2024-03-31,1
"918","Fescue unknown","Festuca spec.","Poaceae","plants",7,"ter plaatse",43.807365,3.747308,"France","ND1","Tree",302660982,2024-03-31,1
"919","Ribwort Plantain","Plantago lanceolata","Plantaginaceae","plants",3,"ter plaatse",43.807346,3.747328,"France","ND1","Tree",302660984,2024-03-31,1
"920","Grass family unknown","Poaceae indet.","Poaceae","plants",15,"ter plaatse",43.807346,3.747321,"France","ND1","Tree",302660986,2024-03-31,1
"921","Toothed Medick","Medicago polymorpha","Fabaceae","plants",3,"ter plaatse",43.807346,3.747331,"France","ND1","Tree",302660987,2024-03-31,1
"922","Corn Mint","Mentha arvensis","Lamiaceae","plants",3,"ter plaatse",43.80735,3.747329,"France","ND1","Tree",302660988,2024-03-31,1
"923","Smooth Hawk's-beard","Crepis capillaris","Asteraceae","plants",3,"ter plaatse",43.807358,3.747336,"France","ND1","Tree",302660989,2024-03-31,1
"924","Beaked Hawk's-beard","Crepis vesicaria","Asteraceae","plants",1,"ter plaatse",43.80735,3.747335,"France","ND1","Tree",302660992,2024-03-31,1
"925","Rough Hawk's-beard","Crepis biennis","Asteraceae","plants",3,"ter plaatse",43.807381,3.747329,"France","ND1","Tree",302660993,2024-03-31,1
"926","Saint Lucie Cherry","Prunus mahaleb","Rosaceae","plants",1,"ter plaatse",43.807377,3.747325,"France","ND1","Tree",302660994,2024-03-31,1
"927","Small Burnet","Poterium sanguisorba","Rosaceae","plants",7,"ter plaatse",43.807384,3.747314,"France","ND1","Tree",302660995,2024-03-31,1
"928","Lesser Hawkbit","Leontodon saxatilis","Asteraceae","plants",3,"ter plaatse",43.807388,3.747312,"France","ND1","Tree",302660996,2024-03-31,1
"929","Field Madder","Sherardia arvensis","Rubiaceae","plants",15,"ter plaatse",43.807384,3.747312,"France","ND1","Tree",302660997,2024-03-31,1
"930","Common Carrot","Daucus carota","Apiaceae","plants",7,"ter plaatse",43.807388,3.747314,"France","ND1","Tree",302660998,2024-03-31,1
"931","Carnation Sedge","Carex panicea","Cyperaceae","plants",3,"ter plaatse",43.807384,3.747309,"France","ND1","Tree",302660999,2024-03-31,1
"932","Bulbous Blue Grass","Poa bulbosa","Poaceae","plants",45,"ter plaatse",43.807384,3.747307,"France","ND1","Tree",302661000,2024-03-31,1
"933","Legume unknown","Fabaceae indet.","Fabaceae","plants",75,"aangeplant",43.807343,3.747291,"France","ND1","Tree",302661001,2024-03-31,1
"934","Purple Moor-grass","Molinia caerulea","Poaceae","plants",45,"ter plaatse",43.807388,3.747285,"France","ND1","Tree",302661002,2024-03-31,1
"935","Common Daisy","Bellis perennis","Asteraceae","plants",7,"ter plaatse",43.807373,3.747279,"France","ND1","Tree",302661004,2024-03-31,1
"936","Lesser Hawkbit","Leontodon saxatilis","Asteraceae","plants",1,"ter plaatse",43.807476,3.74731,"France","ND1","Field",302661009,2024-03-31,1
"937","Creeping Cinquefoil","Potentilla reptans","Rosaceae","plants",1,"ter plaatse",43.807484,3.747286,"France","ND1","Field",302661010,2024-03-31,1
"938","Fescue unknown","Festuca spec.","Poaceae","plants",7,"ter plaatse",43.807472,3.747325,"France","ND1","Field",302661011,2024-03-31,1
"939","Rough Hawk's-beard","Crepis biennis","Asteraceae","plants",3,"ter plaatse",43.807457,3.747328,"France","ND1","Field",302661012,2024-03-31,1
"940","Garden Star-of-Bethlehem","Ornithogalum umbellatum","Asparagaceae","plants",1,"ter plaatse",43.807453,3.747338,"France","ND1","Field",302661013,2024-03-31,1
"941","Field Scabious","Knautia arvensis","Caprifoliaceae","plants",1,"ter plaatse",43.807457,3.747338,"France","ND1","Field",302661014,2024-03-31,1
"942","Sun Spurge","Euphorbia helioscopia","Euphorbiaceae","plants",1,"ter plaatse",43.807468,3.747344,"France","ND1","Field",302661015,2024-03-31,1
"943","Grape-hyacinth","Muscari neglectum","Asparagaceae","plants",3,"ter plaatse",43.807465,3.747343,"France","ND1","Field",302661017,2024-03-31,1
"944","Toothed Medick","Medicago polymorpha","Fabaceae","plants",7,"ter plaatse",43.807465,3.747344,"France","ND1","Field",302661018,2024-03-31,1
"945","Purple Moor-grass","Molinia caerulea","Poaceae","plants",55,"ter plaatse",43.807461,3.747344,"France","ND1","Field",302661020,2024-03-31,1
"946","Ribwort Plantain","Plantago lanceolata","Plantaginaceae","plants",7,"ter plaatse",43.807461,3.747339,"France","ND1","Field",302661022,2024-03-31,1
"947","Small Burnet","Poterium sanguisorba","Rosaceae","plants",3,"ter plaatse",43.807468,3.747327,"France","ND1","Field",302661024,2024-03-31,1
"948","Chicory unknown","Cichorium spec.","Asteraceae","plants",3,"ter plaatse",43.80748,3.747322,"France","ND1","Field",302661026,2024-03-31,1
"949","Carnation Sedge","Carex panicea","Cyperaceae","plants",25,"ter plaatse",43.80748,3.747323,"France","ND1","Field",302661029,2024-03-31,1
"950","Field Madder","Sherardia arvensis","Rubiaceae","plants",7,"ter plaatse",43.80748,3.747312,"France","ND1","Field",302661031,2024-03-31,1
"951","Common Carrot","Daucus carota","Apiaceae","plants",3,"ter plaatse",43.80748,3.747312,"France","ND1","Field",302661033,2024-03-31,1
"952","Bulbous Blue Grass","Poa bulbosa","Poaceae","plants",25,"ter plaatse",43.807484,3.747298,"France","ND1","Field",302661035,2024-03-31,1
"953","Cut-leaved Crane's-bill","Geranium dissectum","Geraniaceae","plants",3,"ter plaatse",43.807484,3.747295,"France","ND1","Field",302661036,2024-03-31,1
"954","Tassel Hyacinth","Muscari comosum","Asparagaceae","plants",1,"ter plaatse",43.807926,3.747919,"France","ND1","Crtl2",302661041,2024-03-31,1
"955","Common Field-speedwell","Veronica persica","Plantaginaceae","plants",1,"ter plaatse",43.807926,3.747931,"France","ND1","Crtl2",302661043,2024-03-31,1
"956","Lesser Hawkbit","Leontodon saxatilis","Asteraceae","plants",1,"ter plaatse",43.807938,3.747933,"France","ND1","Crtl2",302661058,2024-03-31,1
"957","Yorkshire-fog","Holcus lanatus","Poaceae","plants",25,"ter plaatse",43.807919,3.747925,"France","ND1","Crtl2",302661060,2024-03-31,1
"958","Annual Meadow-grass","Poa annua","Poaceae","plants",7,"ter plaatse",43.807919,3.747924,"France","ND1","Crtl2",302661062,2024-03-31,1
"959","Hawthorn","Crataegus monogyna","Rosaceae","plants",3,"ter plaatse",43.807919,3.747945,"France","ND1","Crtl2",302661064,2024-03-31,1
"960","Chicory unknown","Cichorium spec.","Asteraceae","plants",3,"ter plaatse",43.807941,3.747926,"France","ND1","Crtl2",302661066,2024-03-31,1
"961","Smooth Meadow-grass","Poa pratensis","Poaceae","plants",35,"ter plaatse",43.807938,3.747937,"France","ND1","Crtl2",302661068,2024-03-31,1
"962","Bulbous Blue Grass","Poa bulbosa","Poaceae","plants",35,"ter plaatse",43.807934,3.747936,"France","ND1","Crtl2",302661069,2024-03-31,1
"963","Garden Star-of-Bethlehem","Ornithogalum umbellatum","Asparagaceae","plants",1,"ter plaatse",43.80793,3.747938,"France","ND1","Crtl2",302661070,2024-03-31,1
"964","Broad-leaved Dock","Rumex obtusifolius","Polygonaceae","plants",7,"ter plaatse",43.807922,3.747939,"France","ND1","Crtl2",302661072,2024-03-31,1
"965","Groundsel","Senecio vulgaris","Asteraceae","plants",1,"ter plaatse",43.807934,3.747932,"France","ND1","Crtl2",302661073,2024-03-31,1
"966","False mayweed (maritimum)","Tripleurospermum maritimum","Asteraceae","plants",3,"ter plaatse",43.807934,3.747939,"France","ND1","Crtl2",302661074,2024-03-31,1
"967","Grape-hyacinth","Muscari neglectum","Asparagaceae","plants",1,"ter plaatse",43.80793,3.747938,"France","ND1","Crtl2",302661075,2024-03-31,1
"968","Common Mallow","Malva sylvestris","Malvaceae","plants",15,"ter plaatse",43.807915,3.747934,"France","ND1","Crtl2",302661076,2024-03-31,1
"969","Rough Hawk's-beard","Crepis biennis","Asteraceae","plants",7,"ter plaatse",43.807915,3.747932,"France","ND1","Crtl2",302661078,2024-03-31,1
"970","Sun Spurge","Euphorbia helioscopia","Euphorbiaceae","plants",1,"ter plaatse",43.807907,3.747912,"France","ND1","Crtl2",302661081,2024-03-31,1
"971","Common Dandelion","Taraxacum officinale s.l. (incl. all sect.)","Asteraceae","plants",3,"ter plaatse",43.807915,3.747902,"France","ND1","Crtl2",302661082,2024-03-31,1
"972","Creeping Cinquefoil","Potentilla reptans","Rosaceae","plants",7,"ter plaatse",43.807915,3.74791,"France","ND1","Crtl2",302661083,2024-03-31,1
"973","Field Madder","Sherardia arvensis","Rubiaceae","plants",25,"ter plaatse",43.807919,3.747912,"France","ND1","Crtl2",302661084,2024-03-31,1
"974","Ribwort Plantain","Plantago lanceolata","Plantaginaceae","plants",1,"ter plaatse",43.807919,3.747909,"France","ND1","Crtl2",302661085,2024-03-31,1
"975","Cut-leaved Crane's-bill","Geranium dissectum","Geraniaceae","plants",1,"ter plaatse",43.807915,3.747904,"France","ND1","Crtl2",302661086,2024-03-31,1
"976","Marsh-marigold","Caltha palustris","Ranunculaceae","plants",3,"ter plaatse",43.807919,3.747896,"France","ND1","Crtl2",302661087,2024-03-31,1
"977","Alfalfa unknown","Medicago spec.","Fabaceae","plants",35,"ter plaatse",43.807915,3.747898,"France","ND1","Crtl2",302661088,2024-03-31,1
"978","Toothed Medick","Medicago polymorpha","Fabaceae","plants",35,"ter plaatse",43.807976,3.747752,"France","ND1","Crtl1",302661089,2024-03-31,1
"979","Lesser Hawkbit","Leontodon saxatilis","Asteraceae","plants",1,"ter plaatse",43.807995,3.747773,"France","ND1","Crtl1",302661095,2024-03-31,1
"980","Wavyleaf mullein","Verbascum sinuatum","Scrophulariaceae","plants",1,"ter plaatse",43.807995,3.747768,"France","ND1","Crtl1",302661096,2024-03-31,1
"981","Common Mallow","Malva sylvestris","Malvaceae","plants",1,"ter plaatse",43.807991,3.747783,"France","ND1","Crtl1",302661098,2024-03-31,1
"982","Creeping Cinquefoil","Potentilla reptans","Rosaceae","plants",1,"ter plaatse",43.807976,3.747783,"France","ND1","Crtl1",302661101,2024-03-31,1
"983","False mayweed (maritimum)","Tripleurospermum maritimum","Asteraceae","plants",3,"ter plaatse",43.80798,3.747782,"France","ND1","Crtl1",302661102,2024-03-31,1
"984","Rough Hawk's-beard","Crepis biennis","Asteraceae","plants",3,"ter plaatse",43.807983,3.747782,"France","ND1","Crtl1",302661104,2024-03-31,1
"985","Lesser Celandine","Ficaria verna","Ranunculaceae","plants",3,"ter plaatse",43.807976,3.747779,"France","ND1","Crtl1",302661107,2024-03-31,1
"986","Rough Meadow-grass","Poa trivialis","Poaceae","plants",25,"ter plaatse",43.807983,3.747779,"France","ND1","Crtl1",302661108,2024-03-31,1
"987","Bulbous Blue Grass","Poa bulbosa","Poaceae","plants",25,"ter plaatse",43.807983,3.747783,"France","ND1","Crtl1",302661109,2024-03-31,1
"988","Common Field-speedwell","Veronica persica","Plantaginaceae","plants",1,"ter plaatse",43.807957,3.747762,"France","ND1","Crtl1",302661110,2024-03-31,1
"989","Star of Bethlehem unknown","Ornithogalum spec.","Asparagaceae","plants",3,"ter plaatse",43.80798,3.747745,"France","ND1","Crtl1",302661112,2024-03-31,1
"990","Cut-leaved Crane's-bill","Geranium dissectum","Geraniaceae","plants",3,"ter plaatse",43.807987,3.747753,"France","ND1","Crtl1",302661113,2024-03-31,1
"991","Dove's-foot Crane's-bill","Geranium molle","Geraniaceae","plants",1,"ter plaatse",43.807987,3.747753,"France","ND1","Crtl1",302661114,2024-03-31,1
"992","Common Dandelion","Taraxacum officinale s.l. (incl. all sect.)","Asteraceae","plants",3,"ter plaatse",43.807987,3.747753,"France","ND1","Crtl1",302661115,2024-03-31,1
"993","Sun Spurge","Euphorbia helioscopia","Euphorbiaceae","plants",3,"ter plaatse",43.807987,3.747753,"France","ND1","Crtl1",302661116,2024-03-31,1
"994","Grape-hyacinth","Muscari neglectum","Asparagaceae","plants",1,"ter plaatse",43.807987,3.747754,"France","ND1","Crtl1",302661118,2024-03-31,1
"995","Yorkshire-fog","Holcus lanatus","Poaceae","plants",35,"ter plaatse",43.80798,3.747762,"France","ND1","Crtl1",302661120,2024-03-31,1
"996","Annual Meadow-grass","Poa annua","Poaceae","plants",3,"ter plaatse",43.80798,3.747762,"France","ND1","Crtl1",302661122,2024-03-31,1
"997","Common Carrot","Daucus carota","Apiaceae","plants",3,"ter plaatse",43.807968,3.747756,"France","ND1","Crtl1",302661123,2024-03-31,1
"998","Composite unknown","Asteraceae indet.","Asteraceae","plants",15,"ter plaatse",43.807968,3.747756,"France","ND1","Crtl1",302661124,2024-03-31,1
"999","Field Madder","Sherardia arvensis","Rubiaceae","plants",45,"ter plaatse",43.807968,3.747749,"France","ND1","Crtl1",302661125,2024-03-31,1
"1000","Goatsbeard unknown","Tragopogon spec.","Asteraceae","plants",1,"ter plaatse",43.807968,3.747756,"France","ND1","Crtl1",302661126,2024-03-31,1
"1001","Common Whitlowgrass","Draba verna","Brassicaceae","plants",1,"ter plaatse",51.092377,3.802841,"Belgium","Lo2","Crtl2",309178103,2024-05-12,1
"1002","Canadian Fleabane","Erigeron canadensis","Asteraceae","plants",1,"ter plaatse",51.092373,3.802841,"Belgium","Lo2","Crtl2",309178108,2024-05-12,1
"1003","Groundsel","Senecio vulgaris","Asteraceae","plants",1,"ter plaatse",51.092369,3.80284,"Belgium","Lo2","Crtl2",309178112,2024-05-12,1
"1004","Common Chickweed","Stellaria media","Caryophyllaceae","plants",3,"ter plaatse",51.092369,3.802846,"Belgium","Lo2","Crtl2",309178113,2024-05-12,1
"1005","Annual Meadow-grass","Poa annua","Poaceae","plants",1,"ter plaatse",51.092377,3.802865,"Belgium","Lo2","Crtl2",309178119,2024-05-12,1
"1006","Annual Meadow-grass","Poa annua","Poaceae","plants",1,"ter plaatse",51.092438,3.803058,"Belgium","Lo2","Crtl1",309178124,2024-05-12,1
"1007","Field Pansy","Viola arvensis","Violaceae","plants",1,"ter plaatse",51.092442,3.803081,"Belgium","Lo2","Crtl1",309178128,2024-05-12,1
"1008","Groundsel","Senecio vulgaris","Asteraceae","plants",3,"ter plaatse",51.092442,3.803079,"Belgium","Lo2","Crtl1",309178131,2024-05-12,1
"1009","Common Chickweed","Stellaria media","Caryophyllaceae","plants",3,"ter plaatse",51.092445,3.803077,"Belgium","Lo2","Crtl1",309178134,2024-05-12,1
"1010","Red Fescue","Festuca rubra","Poaceae","plants",16,"ter plaatse",51.093132,3.802831,"Belgium","Lo2","Tree",309178142,2024-05-12,1
"1011","Annual Meadow-grass","Poa annua","Poaceae","plants",3,"ter plaatse",51.093166,3.802835,"Belgium","Lo2","Tree",309178143,2024-05-12,1
"1012","Red Fescue","Festuca rubra","Poaceae","plants",15,"ter plaatse",51.093182,3.802793,"Belgium","Lo2","Tree",309178149,2024-05-12,1
"1013","Persian walnut","Juglans regia","Juglandaceae","plants",55,"aangeplant",51.093147,3.802772,"Belgium","Lo2","Tree",309178150,2024-05-12,1
"1014","Yorkshire-fog","Holcus lanatus","Poaceae","plants",3,"ter plaatse",51.093124,3.802783,"Belgium","Lo2","Tree",309178155,2024-05-12,1
"1015","Common Couch","Elymus repens","Poaceae","plants",45,"ter plaatse",51.093147,3.802788,"Belgium","Lo2","Tree",309178165,2024-05-12,1
"1016","Brown Knapweed","Centaurea jacea","Asteraceae","plants",25,"ter plaatse",51.093155,3.8028,"Belgium","Lo2","Tree",309178170,2024-05-12,1
"1017","Great Willowherb","Epilobium hirsutum","Onagraceae","plants",3,"ter plaatse",51.093155,3.80282,"Belgium","Lo2","Tree",309178174,2024-05-12,1
"1018","Barren Brome","Anisantha sterilis","Poaceae","plants",15,"ter plaatse",51.093143,3.802836,"Belgium","Lo2","Tree",309178176,2024-05-12,1
"1019","Cultivated Oat","Avena sativa","Poaceae","plants",7,"ter plaatse",51.110504,3.834124,"Belgium","Lo1","Crtl2",309178178,2024-05-12,1
"1020","Annual Meadow-grass","Poa annua","Poaceae","plants",3,"ter plaatse",51.109406,3.832515,"Belgium","Lo1","Field",309178182,2024-05-12,1
"1021","Cultivated Oat","Avena sativa","Poaceae","plants",7,"ter plaatse",51.109406,3.832515,"Belgium","Lo1","Field",309178189,2024-05-12,1
"1022","Yorkshire-fog","Holcus lanatus","Poaceae","plants",7,"ter plaatse",51.109444,3.832345,"Belgium","Lo1","Tree",309178219,2024-05-12,1
"1023","Common Chickweed","Stellaria media","Caryophyllaceae","plants",1,"ter plaatse",51.109444,3.832345,"Belgium","Lo1","Tree",309178223,2024-05-12,1
"1024","Mugwort","Artemisia vulgaris","Asteraceae","plants",1,"ter plaatse",51.109444,3.832345,"Belgium","Lo1","Tree",309178230,2024-05-12,1
"1025","Red Dead-nettle","Lamium purpureum","Lamiaceae","plants",1,"ter plaatse",51.109444,3.832345,"Belgium","Lo1","Tree",309178246,2024-05-12,1
"1026","Barren Brome","Anisantha sterilis","Poaceae","plants",7,"ter plaatse",51.109444,3.832345,"Belgium","Lo1","Tree",309178252,2024-05-12,1
"1027","Unidentified Vetch unknown","Vicia spec.","Fabaceae","plants",1,"ter plaatse",51.109444,3.832345,"Belgium","Lo1","Tree",309178265,2024-05-12,1
"1028","Spear Thistle","Cirsium vulgare","Asteraceae","plants",7,"ter plaatse",51.109444,3.832345,"Belgium","Lo1","Tree",309178281,2024-05-12,1
"1029","Hedge Bindweed","Convolvulus sepium","Convolvulaceae","plants",3,"ter plaatse",51.109444,3.832345,"Belgium","Lo1","Tree",309178287,2024-05-12,1
"1030","Common Mouse-ear","Cerastium fontanum","Caryophyllaceae","plants",3,"ter plaatse",51.109444,3.832345,"Belgium","Lo1","Tree",309178303,2024-05-12,1
"1031","Potato","Solanum tuberosum","Solanaceae","plants",1,"ter plaatse",51.109444,3.832345,"Belgium","Lo1","Tree",309178313,2024-05-12,1
"1032","Field Pansy","Viola arvensis","Violaceae","plants",3,"ter plaatse",51.109444,3.832345,"Belgium","Lo1","Tree",309178327,2024-05-12,1
"1033","Cleavers","Galium aparine","Rubiaceae","plants",3,"ter plaatse",51.109444,3.832345,"Belgium","Lo1","Tree",309178334,2024-05-12,1
"1034","Creeping Thistle","Cirsium arvense","Asteraceae","plants",3,"ter plaatse",51.109444,3.832345,"Belgium","Lo1","Tree",309178340,2024-05-12,1
"1035","Groundsel","Senecio vulgaris","Asteraceae","plants",3,"ter plaatse",51.109444,3.832345,"Belgium","Lo1","Tree",309178345,2024-05-12,1
"1036","Cultivated Oat","Avena sativa","Poaceae","plants",7,"ter plaatse",51.109444,3.832345,"Belgium","Lo1","Tree",309178352,2024-05-12,1
"1037","Annual Meadow-grass","Poa annua","Poaceae","plants",7,"ter plaatse",51.109444,3.832345,"Belgium","Lo1","Tree",309178354,2024-05-12,1
"1038","Common Nettle","Urtica dioica","Urticaceae","plants",75,"ter plaatse",51.109444,3.832345,"Belgium","Lo1","Tree",309178358,2024-05-12,1
"1039","Populus x canadensis (P. deltoides x P. nigra)","Populus x canadensis (P. deltoides x P. nigra)","Salicaceae","plants",65,"aangeplant",51.109444,3.832345,"Belgium","Lo1","Tree",309178362,2024-05-12,1
"1040","Annual Meadow-grass","Poa annua","Poaceae","plants",1,"ter plaatse",51.110569,3.83436,"Belgium","Lo1","Crtl1",309178366,2024-05-12,1
"1041","Groundsel","Senecio vulgaris","Asteraceae","plants",1,"ter plaatse",51.110569,3.83436,"Belgium","Lo1","Crtl1",309178369,2024-05-12,1
"1042","Cultivated Oat","Avena sativa","Poaceae","plants",3,"ter plaatse",51.110569,3.83436,"Belgium","Lo1","Crtl1",309178371,2024-05-12,1
"1043","Common Chickweed","Stellaria media","Caryophyllaceae","plants",1,"ter plaatse",51.130688,3.566878,"Belgium","Zo1","Crtl2",309530943,2024-05-14,1
"1044","Creeping Buttercup","Ranunculus repens","Ranunculaceae","plants",3,"ter plaatse",51.130672,3.566865,"Belgium","Zo1","Crtl2",309530945,2024-05-14,1
"1045","Sticky Mouse-ear","Cerastium glomeratum","Caryophyllaceae","plants",15,"ter plaatse",51.130684,3.566897,"Belgium","Zo1","Crtl2",309530948,2024-05-14,1
"1046","Smooth Hawk's-beard","Crepis capillaris","Asteraceae","plants",1,"ter plaatse",51.130695,3.5669,"Belgium","Zo1","Crtl2",309530950,2024-05-14,1
"1047","Tripleurospermum maritimum + Matricaria chamomilla","Tripleurospermum maritimum + Matricaria chamomilla","Asteraceae","plants",1,"ter plaatse",51.130695,3.566865,"Belgium","Zo1","Crtl2",309530953,2024-05-14,1
"1048","Common Dandelion","Taraxacum officinale s.l. (incl. all sect.)","Asteraceae","plants",7,"ter plaatse",51.130695,3.566869,"Belgium","Zo1","Crtl2",309530954,2024-05-14,1
"1049","Yorkshire-fog","Holcus lanatus","Poaceae","plants",7,"ter plaatse",51.130707,3.566848,"Belgium","Zo1","Crtl2",309530955,2024-05-14,1
"1050","Rough Meadow-grass","Poa trivialis","Poaceae","plants",95,"ter plaatse",51.130711,3.566835,"Belgium","Zo1","Crtl2",309530957,2024-05-14,1
"1051","False Oat-grass","Arrhenatherum elatius","Poaceae","plants",1,"ter plaatse",51.130539,3.567023,"Belgium","Zo1","Crtl1",309530972,2024-05-14,1
"1052","Shepherd's-purse","Capsella bursa-pastoris","Brassicaceae","plants",3,"ter plaatse",51.130531,3.566993,"Belgium","Zo1","Crtl1",309530976,2024-05-14,1
"1053","Celery-leaved Buttercup","Ranunculus sceleratus","Ranunculaceae","plants",3,"ter plaatse",51.130527,3.566994,"Belgium","Zo1","Crtl1",309530978,2024-05-14,1
"1054","Mousetail","Myosurus minimus","Ranunculaceae","plants",15,"ter plaatse",51.130524,3.56699,"Belgium","Zo1","Crtl1",309530979,2024-05-14,1
"1055","White Clover","Trifolium repens","Fabaceae","plants",7,"ter plaatse",51.130527,3.566975,"Belgium","Zo1","Crtl1",309530981,2024-05-14,1
"1056","Knotgrass","Polygonum aviculare","Polygonaceae","plants",3,"ter plaatse",51.130524,3.56699,"Belgium","Zo1","Crtl1",309530985,2024-05-14,1
"1057","Sticky Mouse-ear","Cerastium glomeratum","Caryophyllaceae","plants",35,"ter plaatse",51.130501,3.566986,"Belgium","Zo1","Crtl1",309530986,2024-05-14,1
"1058","Common Chickweed","Stellaria media","Caryophyllaceae","plants",3,"ter plaatse",51.130501,3.566986,"Belgium","Zo1","Crtl1",309530989,2024-05-14,1
"1059","Tripleurospermum maritimum + Matricaria chamomilla","Tripleurospermum maritimum + Matricaria chamomilla","Asteraceae","plants",3,"ter plaatse",51.130512,3.566986,"Belgium","Zo1","Crtl1",309530991,2024-05-14,1
"1060","Pineappleweed","Matricaria discoidea","Asteraceae","plants",7,"ter plaatse",51.130516,3.566985,"Belgium","Zo1","Crtl1",309530995,2024-05-14,1
"1061","Greater Plantain","Plantago major","Plantaginaceae","plants",3,"ter plaatse",51.130543,3.566992,"Belgium","Zo1","Crtl1",309530997,2024-05-14,1
"1062","Rough Meadow-grass","Poa trivialis","Poaceae","plants",25,"ter plaatse",51.130543,3.566992,"Belgium","Zo1","Crtl1",309530999,2024-05-14,1
"1063","Annual Meadow-grass","Poa annua","Poaceae","plants",35,"ter plaatse",51.130543,3.567,"Belgium","Zo1","Crtl1",309531000,2024-05-14,1
"1064","Broad-leaved Dock","Rumex obtusifolius","Polygonaceae","plants",15,"ter plaatse",51.130566,3.566996,"Belgium","Zo1","Crtl1",309531002,2024-05-14,1
"1065","Greater Plantain","Plantago major","Plantaginaceae","plants",3,"ter plaatse",51.130009,3.567025,"Belgium","Zo1","Tree",309531046,2024-05-14,1
"1066","Rough Meadow-grass","Poa trivialis","Poaceae","plants",25,"ter plaatse",51.129978,3.567031,"Belgium","Zo1","Tree",309531056,2024-05-14,1
"1067","Common Mouse-ear","Cerastium fontanum","Caryophyllaceae","plants",3,"ter plaatse",51.129982,3.567029,"Belgium","Zo1","Tree",309531061,2024-05-14,1
"1068","Prickly Sow-thistle","Sonchus asper","Asteraceae","plants",3,"ter plaatse",51.129982,3.567029,"Belgium","Zo1","Tree",309531064,2024-05-14,1
"1069","Charlock","Sinapis arvensis","Brassicaceae","plants",1,"ter plaatse",51.129982,3.567031,"Belgium","Zo1","Tree",309531072,2024-05-14,1
"1070","Broad-leaved Dock","Rumex obtusifolius","Polygonaceae","plants",1,"ter plaatse",51.12999,3.567049,"Belgium","Zo1","Tree",309531075,2024-05-14,1
"1071","Common Chickweed","Stellaria media","Caryophyllaceae","plants",1,"ter plaatse",51.12999,3.567052,"Belgium","Zo1","Tree",309531080,2024-05-14,1
"1072","Cock's-foot","Dactylis glomerata","Poaceae","plants",45,"ter plaatse",51.130024,3.567042,"Belgium","Zo1","Tree",309531084,2024-05-14,1
"1073","Hedge Mustard","Sisymbrium officinale","Brassicaceae","plants",1,"ter plaatse",51.13002,3.567034,"Belgium","Zo1","Tree",309531089,2024-05-14,1
"1074","Rough Meadow-grass","Poa trivialis","Poaceae","plants",45,"ter plaatse",51.13002,3.567035,"Belgium","Zo1","Tree",309531093,2024-05-14,1
"1075","Malus x domestica","Malus x domestica","Rosaceae","plants",95,"ter plaatse",51.13002,3.567034,"Belgium","Zo1","Tree",309531096,2024-05-14,1
"1076","Common Dandelion","Taraxacum officinale s.l. (incl. all sect.)","Asteraceae","plants",15,"ter plaatse",51.130024,3.567034,"Belgium","Zo1","Tree",309531099,2024-05-14,1
"1077","Meadow Buttercup","Ranunculus acris","Ranunculaceae","plants",3,"ter plaatse",51.130028,3.567031,"Belgium","Zo1","Tree",309531103,2024-05-14,1
"1078","Composite unknown","Asteraceae indet.","Asteraceae","plants",1,"ter plaatse",51.129974,3.567149,"Belgium","Zo1","Field",309531115,2024-05-14,1
"1079","Creeping Buttercup","Ranunculus repens","Ranunculaceae","plants",3,"ter plaatse",51.129967,3.567138,"Belgium","Zo1","Field",309531117,2024-05-14,1
"1080","Rough Meadow-grass","Poa trivialis","Poaceae","plants",55,"ter plaatse",51.129974,3.567118,"Belgium","Zo1","Field",309531120,2024-05-14,1
"1081","Meadow Buttercup","Ranunculus acris","Ranunculaceae","plants",25,"ter plaatse",51.129971,3.567129,"Belgium","Zo1","Field",309531126,2024-05-14,1
"1082","Broad-leaved Dock","Rumex obtusifolius","Polygonaceae","plants",7,"ter plaatse",51.129974,3.567132,"Belgium","Zo1","Field",309531130,2024-05-14,1
"1083","Common Dandelion","Taraxacum officinale s.l. (incl. all sect.)","Asteraceae","plants",15,"ter plaatse",51.129978,3.56713,"Belgium","Zo1","Field",309531134,2024-05-14,1
"1084","Yorkshire-fog","Holcus lanatus","Poaceae","plants",35,"ter plaatse",51.129978,3.567136,"Belgium","Zo1","Field",309531137,2024-05-14,1
"1085","Creeping Thistle","Cirsium arvense","Asteraceae","plants",1,"ter plaatse",50.63895,4.296168,"Belgium","It2","Field",310649504,2024-05-19,1
"1086","Spear Thistle","Cirsium vulgare","Asteraceae","plants",1,"ter plaatse",50.638916,4.296136,"Belgium","It2","Field",310649509,2024-05-19,1
"1087","Tripleurospermum maritimum + Matricaria chamomilla","Tripleurospermum maritimum + Matricaria chamomilla","Asteraceae","plants",1,"ter plaatse",50.638927,4.296093,"Belgium","It2","Field",310649511,2024-05-19,1
"1088","Bread Wheat","Triticum aestivum","Poaceae","plants",85,"ter plaatse",50.638927,4.296093,"Belgium","It2","Field",310649515,2024-05-19,1
"1089","Broad-leaved Dock","Rumex obtusifolius","Polygonaceae","plants",3,"ter plaatse",50.638927,4.296094,"Belgium","It2","Field",310649516,2024-05-19,1
"1090","Dogwood","Cornus sanguinea","Cornaceae","plants",3,"ter plaatse",50.638977,4.295982,"Belgium","It2","Tree",310649529,2024-05-19,1
"1091","Cow Parsley","Anthriscus sylvestris","Apiaceae","plants",7,"ter plaatse",50.638981,4.295976,"Belgium","It2","Tree",310649534,2024-05-19,1
"1092","European Wild Pear","Pyrus pyraster","Rosaceae","plants",25,"verwilderd",50.638973,4.295991,"Belgium","It2","Tree",310649537,2024-05-19,1
"1093","Blackthorn","Prunus spinosa","Rosaceae","plants",15,"ter plaatse",50.638924,4.296012,"Belgium","It2","Tree",310649540,2024-05-19,1
"1094","Hawthorn","Crataegus monogyna","Rosaceae","plants",3,"ter plaatse",50.638931,4.295981,"Belgium","It2","Tree",310649543,2024-05-19,1
"1095","Common Nettle","Urtica dioica","Urticaceae","plants",7,"ter plaatse",50.638935,4.295982,"Belgium","It2","Tree",310649544,2024-05-19,1
"1096","Hogweed","Heracleum sphondylium","Apiaceae","plants",15,"ter plaatse",50.638931,4.29599,"Belgium","It2","Tree",310649549,2024-05-19,1
"1097","Cleavers","Galium aparine","Rubiaceae","plants",7,"ter plaatse",50.638931,4.29599,"Belgium","It2","Tree",310649555,2024-05-19,1
"1098","Cock's-foot","Dactylis glomerata","Poaceae","plants",7,"ter plaatse",50.638927,4.295992,"Belgium","It2","Tree",310649558,2024-05-19,1
"1099","False Oat-grass","Arrhenatherum elatius","Poaceae","plants",65,"ter plaatse",50.638931,4.295993,"Belgium","It2","Tree",310649562,2024-05-19,1
"1100","Blackthorn","Prunus spinosa","Rosaceae","plants",7,"verwilderd",50.638939,4.295986,"Belgium","It2","Tree",310649566,2024-05-19,1
"1101","Dogwood","Cornus sanguinea","Cornaceae","plants",7,"verwilderd",50.638943,4.296009,"Belgium","It2","Tree",310649568,2024-05-19,1
"1102","Hawthorn","Crataegus monogyna","Rosaceae","plants",25,"verwilderd",50.638947,4.296008,"Belgium","It2","Tree",310649569,2024-05-19,1
"1103","Guelder-rose","Viburnum opulus","Viburnaceae","plants",15,"verwilderd",50.638966,4.296,"Belgium","It2","Tree",310649570,2024-05-19,1
"1104","Dog-rose","Rosa subsect. Caninae","Rosaceae","plants",3,"verwilderd",50.638973,4.295987,"Belgium","It2","Tree",310649572,2024-05-19,1
"1105","Populus x canadensis (P. deltoides x P. nigra)","Populus x canadensis (P. deltoides x P. nigra)","Salicaceae","plants",85,"aangeplant",50.638985,4.29598,"Belgium","It2","Tree",310649574,2024-05-19,1
"1106","Common Sorrel","Rumex acetosa","Polygonaceae","plants",1,"ter plaatse",50.636848,4.297355,"Belgium","It2","Crtl2",310649591,2024-05-19,1
"1107","Shepherd's-purse","Capsella bursa-pastoris","Brassicaceae","plants",3,"ter plaatse",50.636833,4.29735,"Belgium","It2","Crtl2",310649609,2024-05-19,1
"1108","Creeping Thistle","Cirsium arvense","Asteraceae","plants",3,"ter plaatse",50.636837,4.297349,"Belgium","It2","Crtl2",310649612,2024-05-19,1
"1109","Groundsel","Senecio vulgaris","Asteraceae","plants",7,"ter plaatse",50.636845,4.297348,"Belgium","It2","Crtl2",310649615,2024-05-19,1
"1110","Cleavers","Galium aparine","Rubiaceae","plants",1,"ter plaatse",50.636845,4.29735,"Belgium","It2","Crtl2",310649617,2024-05-19,1
"1111","Black Bindweed","Fallopia convolvulus","Polygonaceae","plants",1,"ter plaatse",50.636841,4.297351,"Belgium","It2","Crtl2",310649622,2024-05-19,1
"1112","Lamb's Quarters","Chenopodium album","Amaranthaceae","plants",1,"ter plaatse",50.636845,4.297356,"Belgium","It2","Crtl2",310649624,2024-05-19,1
"1113","Annual Meadow-grass","Poa annua","Poaceae","plants",3,"ter plaatse",50.636845,4.297354,"Belgium","It2","Crtl2",310649626,2024-05-19,1
"1114","Common Chickweed","Stellaria media","Caryophyllaceae","plants",7,"ter plaatse",50.636845,4.297356,"Belgium","It2","Crtl2",310649631,2024-05-19,1
"1115","Common Field-speedwell","Veronica persica","Plantaginaceae","plants",1,"ter plaatse",50.636845,4.297358,"Belgium","It2","Crtl2",310649632,2024-05-19,1
"1116","Bread Wheat","Triticum aestivum","Poaceae","plants",75,"ter plaatse",50.636845,4.297358,"Belgium","It2","Crtl2",310649635,2024-05-19,1
"1117","False mayweed (maritimum)","Tripleurospermum maritimum","Asteraceae","plants",3,"ter plaatse",50.636845,4.297359,"Belgium","It2","Crtl2",310649636,2024-05-19,1
"1118","Tripleurospermum maritimum + Matricaria chamomilla","Tripleurospermum maritimum + Matricaria chamomilla","Asteraceae","plants",7,"ter plaatse",50.636841,4.297357,"Belgium","It2","Crtl2",310649639,2024-05-19,1
"1119","Tripleurospermum maritimum + Matricaria chamomilla","Tripleurospermum maritimum + Matricaria chamomilla","Asteraceae","plants",7,"ter plaatse",50.636723,4.297402,"Belgium","It2","Crtl1",310649666,2024-05-19,1
"1120","Common Sorrel","Rumex acetosa","Polygonaceae","plants",3,"ter plaatse",50.636745,4.297385,"Belgium","It2","Crtl1",310649669,2024-05-19,1
"1121","Knotgrass","Polygonum aviculare","Polygonaceae","plants",1,"ter plaatse",50.636723,4.297371,"Belgium","It2","Crtl1",310649673,2024-05-19,1
"1122","Shepherd's-purse","Capsella bursa-pastoris","Brassicaceae","plants",3,"ter plaatse",50.636719,4.297371,"Belgium","It2","Crtl1",310649677,2024-05-19,1
"1123","Groundsel","Senecio vulgaris","Asteraceae","plants",3,"ter plaatse",50.636719,4.297368,"Belgium","It2","Crtl1",310649682,2024-05-19,1
"1124","Annual Meadow-grass","Poa annua","Poaceae","plants",7,"ter plaatse",50.636726,4.297364,"Belgium","It2","Crtl1",310649685,2024-05-19,1
"1125","Creeping Thistle","Cirsium arvense","Asteraceae","plants",3,"ter plaatse",50.636726,4.29736,"Belgium","It2","Crtl1",310649687,2024-05-19,1
"1126","Bread Wheat","Triticum aestivum","Poaceae","plants",75,"ter plaatse",50.636726,4.297361,"Belgium","It2","Crtl1",310649693,2024-05-19,1
"1127","Common Chickweed","Stellaria media","Caryophyllaceae","plants",7,"ter plaatse",50.636726,4.297361,"Belgium","It2","Crtl1",310649696,2024-05-19,1
"1128","Common Field-speedwell","Veronica persica","Plantaginaceae","plants",3,"ter plaatse",50.636726,4.29736,"Belgium","It2","Crtl1",310649699,2024-05-19,1
"1129","False mayweed (maritimum)","Tripleurospermum maritimum","Asteraceae","plants",7,"ter plaatse",50.636723,4.297367,"Belgium","It2","Crtl1",310649704,2024-05-19,1
"1130","Wild Service-tree","Sorbus torminalis","Rosaceae","plants",15,"aangeplant",50.648357,4.296737,"Belgium","It1","Tree",310649713,2024-05-19,1
"1131","Dog-rose","Rosa subsect. Caninae","Rosaceae","plants",3,"verwilderd",50.648376,4.296743,"Belgium","It1","Tree",310649714,2024-05-19,1
"1132","Rowan","Sorbus aucuparia","Rosaceae","plants",7,"verwilderd",50.648407,4.296784,"Belgium","It1","Tree",310649717,2024-05-19,1
"1133","Barren Brome","Anisantha sterilis","Poaceae","plants",25,"ter plaatse",50.648346,4.296728,"Belgium","It1","Tree",310649722,2024-05-19,1
"1134","Common Hazel","Corylus avellana","Betulaceae","plants",15,"verwilderd",50.64835,4.296732,"Belgium","It1","Tree",310649725,2024-05-19,1
"1135","Cock's-foot","Dactylis glomerata","Poaceae","plants",15,"ter plaatse",50.648361,4.296739,"Belgium","It1","Tree",310649732,2024-05-19,1
"1136","Guelder-rose","Viburnum opulus","Viburnaceae","plants",1,"ter plaatse",50.648361,4.296746,"Belgium","It1","Tree",310649735,2024-05-19,1
"1137","Dogwood","Cornus sanguinea","Cornaceae","plants",3,"ter plaatse",50.648365,4.296756,"Belgium","It1","Tree",310649737,2024-05-19,1
"1138","Annual Meadow-grass","Poa annua","Poaceae","plants",7,"ter plaatse",50.648365,4.296755,"Belgium","It1","Tree",310649741,2024-05-19,1
"1139","Hawthorn","Crataegus monogyna","Rosaceae","plants",1,"ter plaatse",50.648369,4.296755,"Belgium","It1","Tree",310649743,2024-05-19,1
"1140","Mugwort","Artemisia vulgaris","Asteraceae","plants",7,"ter plaatse",50.648369,4.296752,"Belgium","It1","Tree",310649747,2024-05-19,1
"1141","Cleavers","Galium aparine","Rubiaceae","plants",7,"ter plaatse",50.648369,4.296752,"Belgium","It1","Tree",310649750,2024-05-19,1
"1142","Common Dandelion","Taraxacum officinale s.l. (incl. all sect.)","Asteraceae","plants",3,"ter plaatse",50.648369,4.296753,"Belgium","It1","Tree",310649753,2024-05-19,1
"1143","Goat Willow","Salix caprea","Salicaceae","plants",15,"ter plaatse",50.648369,4.296747,"Belgium","It1","Tree",310649755,2024-05-19,1
"1144","Goat Willow","Salix caprea","Salicaceae","plants",7,"aangeplant",50.648369,4.296746,"Belgium","It1","Tree",310649758,2024-05-19,1
"1145","Rowan","Sorbus aucuparia","Rosaceae","plants",1,"ter plaatse",50.648376,4.296719,"Belgium","It1","Tree",310649763,2024-05-19,1
"1146","Dogwood","Cornus sanguinea","Cornaceae","plants",25,"verwilderd",50.648373,4.296719,"Belgium","It1","Tree",310649766,2024-05-19,1
"1147","Common Mouse-ear","Cerastium fontanum","Caryophyllaceae","plants",1,"ter plaatse",50.648411,4.296584,"Belgium","It1","Field",310649768,2024-05-19,1
"1148","Rough Meadow-grass","Poa trivialis","Poaceae","plants",15,"ter plaatse",50.649803,4.305585,"Belgium","It1","Field",310649772,2024-05-19,1
"1149","Bread Wheat","Triticum aestivum","Poaceae","plants",75,"ter plaatse",50.648396,4.296567,"Belgium","It1","Field",310649774,2024-05-19,1
"1150","Bread Wheat","Triticum aestivum","Poaceae","plants",85,"ter plaatse",50.646019,4.297979,"Belgium","It1","Crtl1",310649775,2024-05-19,1
"1151","Bread Wheat","Triticum aestivum","Poaceae","plants",85,"ter plaatse",50.645931,4.297941,"Belgium","It1","Crtl2",310649776,2024-05-19,1
"1152","White Clover","Trifolium repens","Fabaceae","plants",3,"ter plaatse",51.130497,3.598372,"Belgium","Zo2","Tree",310650156,2024-05-15,1
"1153","Smooth Hawk's-beard","Crepis capillaris","Asteraceae","plants",1,"ter plaatse",51.130527,3.598399,"Belgium","Zo2","Tree",310650158,2024-05-15,1
"1154","Rough Meadow-grass","Poa trivialis","Poaceae","plants",85,"ter plaatse",51.130527,3.598399,"Belgium","Zo2","Tree",310650161,2024-05-15,1
"1155","Common Mouse-ear","Cerastium fontanum","Caryophyllaceae","plants",1,"ter plaatse",51.13047,3.598391,"Belgium","Zo2","Tree",310650166,2024-05-15,1
"1156","Common Chickweed","Stellaria media","Caryophyllaceae","plants",7,"ter plaatse",51.13047,3.598391,"Belgium","Zo2","Tree",310650170,2024-05-15,1
"1157","Spear Thistle","Cirsium vulgare","Asteraceae","plants",3,"ter plaatse",51.13047,3.598423,"Belgium","Zo2","Tree",310650175,2024-05-15,1
"1158","Wall Speedwell","Veronica arvensis","Plantaginaceae","plants",7,"ter plaatse",51.130466,3.598414,"Belgium","Zo2","Tree",310650179,2024-05-15,1
"1159","Dove's-foot Crane's-bill","Geranium molle","Geraniaceae","plants",3,"ter plaatse",51.130474,3.598385,"Belgium","Zo2","Tree",310650181,2024-05-15,1
"1160","Common Dandelion","Taraxacum officinale s.l. (incl. all sect.)","Asteraceae","plants",7,"ter plaatse",51.130486,3.598403,"Belgium","Zo2","Tree",310650184,2024-05-15,1
"1161","Wild Cherry","Prunus avium","Rosaceae","plants",85,"aangeplant",51.130501,3.598378,"Belgium","Zo2","Tree",310650188,2024-05-15,1
"1162","Common Chickweed","Stellaria media","Caryophyllaceae","plants",1,"ter plaatse",51.130623,3.598435,"Belgium","Zo2","Field",310650194,2024-05-15,1
"1163","Rough Meadow-grass","Poa trivialis","Poaceae","plants",45,"ter plaatse",51.13065,3.598471,"Belgium","Zo2","Field",310650209,2024-05-15,1
"1164","White Clover","Trifolium repens","Fabaceae","plants",15,"ter plaatse",51.13065,3.598482,"Belgium","Zo2","Field",310650214,2024-05-15,1
"1165","Yorkshire-fog","Holcus lanatus","Poaceae","plants",45,"ter plaatse",51.13065,3.598483,"Belgium","Zo2","Field",310650223,2024-05-15,1
"1166","Creeping Buttercup","Ranunculus repens","Ranunculaceae","plants",7,"ter plaatse",51.130646,3.598491,"Belgium","Zo2","Field",310650231,2024-05-15,1
"1167","Common Dandelion","Taraxacum officinale s.l. (incl. all sect.)","Asteraceae","plants",15,"ter plaatse",51.130642,3.598491,"Belgium","Zo2","Field",310650234,2024-05-15,1
"1168","Common Daisy","Bellis perennis","Asteraceae","plants",15,"ter plaatse",51.130642,3.598491,"Belgium","Zo2","Field",310650240,2024-05-15,1
"1169","Dove's-foot Crane's-bill","Geranium molle","Geraniaceae","plants",1,"ter plaatse",51.130207,3.596401,"Belgium","Zo2","Crtl2",310650259,2024-05-15,1
"1170","Common Dandelion","Taraxacum officinale s.l. (incl. all sect.)","Asteraceae","plants",1,"ter plaatse",51.130188,3.59639,"Belgium","Zo2","Crtl2",310650263,2024-05-15,1
"1171","Creeping Cinquefoil","Potentilla reptans","Rosaceae","plants",3,"ter plaatse",51.130199,3.596371,"Belgium","Zo2","Crtl2",310650282,2024-05-15,1
"1172","Creeping Buttercup","Ranunculus repens","Ranunculaceae","plants",1,"ter plaatse",51.130215,3.596406,"Belgium","Zo2","Crtl2",310650285,2024-05-15,1
"1173","Field Horsetail","Equisetum arvense","Equisetaceae","plants",1,"ter plaatse",51.130207,3.596399,"Belgium","Zo2","Crtl2",310650291,2024-05-15,1
"1174","White Clover","Trifolium repens","Fabaceae","plants",7,"ter plaatse",51.130207,3.596399,"Belgium","Zo2","Crtl2",310650296,2024-05-15,1
"1175","Rough Meadow-grass","Poa trivialis","Poaceae","plants",45,"ter plaatse",51.130211,3.5964,"Belgium","Zo2","Crtl2",310650302,2024-05-15,1
"1176","Annual Meadow-grass","Poa annua","Poaceae","plants",15,"ter plaatse",51.130207,3.596407,"Belgium","Zo2","Crtl2",310650303,2024-05-15,1
"1177","Soft-brome","Bromus hordeaceus","Poaceae","plants",35,"ter plaatse",51.130207,3.596406,"Belgium","Zo2","Crtl2",310650307,2024-05-15,1
"1178","Meadow Buttercup","Ranunculus acris","Ranunculaceae","plants",7,"ter plaatse",51.130207,3.596407,"Belgium","Zo2","Crtl2",310650314,2024-05-15,1
"1179","Common Daisy","Bellis perennis","Asteraceae","plants",35,"ter plaatse",51.130177,3.596431,"Belgium","Zo2","Crtl2",310650317,2024-05-15,1
"1180","Perennial Rye-grass","Lolium perenne","Poaceae","plants",95,"ter plaatse",51.130428,3.596073,"Belgium","Zo2","Crtl1",310650323,2024-05-15,1
"1181","White Clover","Trifolium repens","Fabaceae","plants",1,"ter plaatse",51.148636,3.461443,"Belgium","Ur1","Field",310849252,2024-05-21,1
"1182","Yorkshire-fog","Holcus lanatus","Poaceae","plants",7,"ter plaatse",51.148628,3.46152,"Belgium","Ur1","Field",310849254,2024-05-21,1
"1183","Broad-leaved Dock","Rumex obtusifolius","Polygonaceae","plants",1,"ter plaatse",51.148632,3.461474,"Belgium","Ur1","Field",310849257,2024-05-21,1
"1184","Rough Meadow-grass","Poa trivialis","Poaceae","plants",95,"ter plaatse",51.14864,3.461489,"Belgium","Ur1","Field",310849259,2024-05-21,1
"1185","Creeping Buttercup","Ranunculus repens","Ranunculaceae","plants",7,"ter plaatse",51.14864,3.46149,"Belgium","Ur1","Field",310849260,2024-05-21,1
"1186","Cuckooflower","Cardamine pratensis","Brassicaceae","plants",1,"ter plaatse",51.148636,3.461491,"Belgium","Ur1","Field",310849264,2024-05-21,1
"1187","Italian Rye-grass","Lolium multiflorum","Poaceae","plants",15,"ter plaatse",51.148647,3.461244,"Belgium","Ur1","Tree",310849270,2024-05-21,1
"1188","Cleavers","Galium aparine","Rubiaceae","plants",3,"ter plaatse",51.148636,3.461213,"Belgium","Ur1","Tree",310849271,2024-05-21,1
"1189","Hairy Bitter-cress","Cardamine hirsuta","Brassicaceae","plants",1,"ter plaatse",51.148636,3.461213,"Belgium","Ur1","Tree",310849273,2024-05-21,1
"1190","Wild Plum","Prunus domestica","Rosaceae","plants",95,"aangeplant",51.148651,3.461234,"Belgium","Ur1","Tree",310849274,2024-05-21,1
"1191","Common Mouse-ear","Cerastium fontanum","Caryophyllaceae","plants",3,"ter plaatse",51.148655,3.461236,"Belgium","Ur1","Tree",310849275,2024-05-21,1
"1192","Rough Meadow-grass","Poa trivialis","Poaceae","plants",85,"ter plaatse",51.148655,3.461236,"Belgium","Ur1","Tree",310849277,2024-05-21,1
"1193","Yorkshire-fog","Holcus lanatus","Poaceae","plants",7,"ter plaatse",51.148655,3.461236,"Belgium","Ur1","Tree",310849279,2024-05-21,1
"1194","Barren Brome","Anisantha sterilis","Poaceae","plants",3,"ter plaatse",51.148655,3.461236,"Belgium","Ur1","Tree",310849283,2024-05-21,1
"1195","Creeping Buttercup","Ranunculus repens","Ranunculaceae","plants",3,"ter plaatse",51.148655,3.461234,"Belgium","Ur1","Tree",310849288,2024-05-21,1
"1196","Common Mouse-ear","Cerastium fontanum","Caryophyllaceae","plants",1,"ter plaatse",51.148903,3.459816,"Belgium","Ur1","Crtl2",310849295,2024-05-21,1
"1197","White Clover","Trifolium repens","Fabaceae","plants",3,"ter plaatse",51.14888,3.459835,"Belgium","Ur1","Crtl2",310849296,2024-05-21,1
"1198","Common Dandelion","Taraxacum officinale s.l. (incl. all sect.)","Asteraceae","plants",1,"ter plaatse",51.14888,3.459841,"Belgium","Ur1","Crtl2",310849299,2024-05-21,1
"1199","Greater Bird's-foot-trefoil","Lotus pedunculatus","Fabaceae","plants",1,"ter plaatse",51.148884,3.459839,"Belgium","Ur1","Crtl2",310849305,2024-05-21,1
"1200","Cuckooflower","Cardamine pratensis","Brassicaceae","plants",25,"ter plaatse",51.148899,3.459848,"Belgium","Ur1","Crtl2",310849307,2024-05-21,1
"1201","Rough Meadow-grass","Poa trivialis","Poaceae","plants",25,"ter plaatse",51.148903,3.459848,"Belgium","Ur1","Crtl2",310849309,2024-05-21,1
"1202","Yorkshire-fog","Holcus lanatus","Poaceae","plants",65,"ter plaatse",51.148903,3.459848,"Belgium","Ur1","Crtl2",310849311,2024-05-21,1
"1203","Creeping Buttercup","Ranunculus repens","Ranunculaceae","plants",45,"ter plaatse",51.148895,3.459848,"Belgium","Ur1","Crtl2",310849316,2024-05-21,1
"1204","Compact Rush","Juncus conglomeratus","Juncaceae","plants",3,"ter plaatse",51.148869,3.459858,"Belgium","Ur1","Crtl2",310849317,2024-05-21,1
"1205","White Clover","Trifolium repens","Fabaceae","plants",3,"ter plaatse",51.148827,3.459759,"Belgium","Ur1","Crtl1",310849321,2024-05-21,1
"1206","Compact Rush","Juncus conglomeratus","Juncaceae","plants",3,"ter plaatse",51.148827,3.459761,"Belgium","Ur1","Crtl1",310849324,2024-05-21,1
"1207","Grey Club-rush","Schoenoplectus tabernaemontani","Cyperaceae","plants",7,"ter plaatse",51.148808,3.459786,"Belgium","Ur1","Crtl1",310849325,2024-05-21,1
"1208","Yorkshire-fog","Holcus lanatus","Poaceae","plants",35,"ter plaatse",51.14883,3.459784,"Belgium","Ur1","Crtl1",310849327,2024-05-21,1
"1209","Creeping Buttercup","Ranunculus repens","Ranunculaceae","plants",35,"ter plaatse",51.14883,3.459786,"Belgium","Ur1","Crtl1",310849328,2024-05-21,1
"1210","Cuckooflower","Cardamine pratensis","Brassicaceae","plants",25,"ter plaatse",51.148834,3.459785,"Belgium","Ur1","Crtl1",310849332,2024-05-21,1
"1211","Rough Meadow-grass","Poa trivialis","Poaceae","plants",65,"ter plaatse",51.148838,3.459791,"Belgium","Ur1","Crtl1",310849337,2024-05-21,1
"1212","Slender Vetch","Vicia tetrasperma","Fabaceae","plants",3,"ter plaatse",49.991901,14.578247,"Czechia","Pr1","Field",312911233,2024-06-03,1
"1213","Bindweed unknown","Convolvulus spec.","Convolvulaceae","plants",1,"ter plaatse",49.991898,14.578225,"Czechia","Pr1","Field",312911250,2024-06-03,1
"1214","Broad-leaved Spurge","Euphorbia platyphyllos","Euphorbiaceae","plants",1,"ter plaatse",49.991882,14.578263,"Czechia","Pr1","Field",312911259,2024-06-03,1
"1215","Willowherb unknown","Epilobium spec.","Onagraceae","plants",1,"ter plaatse",49.991879,14.578264,"Czechia","Pr1","Field",312911264,2024-06-03,1
"1216","Birch unknown","Betula spec.","Betulaceae","plants",1,"ter plaatse",49.991875,14.578262,"Czechia","Pr1","Field",312911270,2024-06-03,1
"1217","Six-row Barley","Hordeum vulgare","Poaceae","plants",1,"ter plaatse",49.991863,14.578241,"Czechia","Pr1","Field",312911279,2024-06-03,1
"1218","Fleabane unknown","Erigeron spec.","Asteraceae","plants",1,"ter plaatse",49.991894,14.578233,"Czechia","Pr1","Field",312911283,2024-06-03,1
"1219","Loose Silky bent","Apera spica-venti","Poaceae","plants",1,"ter plaatse",49.991894,14.578232,"Czechia","Pr1","Field",312911290,2024-06-03,1
"1220","Wall Speedwell","Veronica arvensis","Plantaginaceae","plants",7,"ter plaatse",49.991905,14.578264,"Czechia","Pr1","Field",312911304,2024-06-03,1
"1221","Field Forget-me-not","Myosotis arvensis","Boraginaceae","plants",3,"ter plaatse",49.991898,14.578264,"Czechia","Pr1","Field",312911307,2024-06-03,1
"1222","Sycamore","Acer pseudoplatanus","Sapindaceae","plants",7,"ter plaatse",49.991901,14.578262,"Czechia","Pr1","Field",312911310,2024-06-03,1
"1223","Norway Maple","Acer platanoides","Sapindaceae","plants",1,"ter plaatse",49.991901,14.578262,"Czechia","Pr1","Field",312911314,2024-06-03,1
"1224","Field Penny-cress","Thlaspi arvense","Brassicaceae","plants",1,"ter plaatse",49.991901,14.578263,"Czechia","Pr1","Field",312911317,2024-06-03,1
"1225","Shepherd's-purse","Capsella bursa-pastoris","Brassicaceae","plants",15,"ter plaatse",49.991901,14.578262,"Czechia","Pr1","Field",312911321,2024-06-03,1
"1226","Rough Meadow-grass","Poa trivialis","Poaceae","plants",25,"ter plaatse",49.991905,14.57826,"Czechia","Pr1","Field",312911328,2024-06-03,1
"1227","Curled Dock","Rumex crispus","Polygonaceae","plants",3,"ter plaatse",49.991905,14.578259,"Czechia","Pr1","Field",312911333,2024-06-03,1
"1228","Wild Camomile","Matricaria chamomilla","Asteraceae","plants",45,"ter plaatse",49.991913,14.578246,"Czechia","Pr1","Field",312911335,2024-06-03,1
"1229","Corn Poppy","Papaver rhoeas","Papaveraceae","plants",35,"ter plaatse",49.991913,14.578246,"Czechia","Pr1","Field",312911340,2024-06-03,1
"1230","Turnip","Brassica rapa","Brassicaceae","plants",35,"ter plaatse",49.991913,14.578247,"Czechia","Pr1","Field",312911343,2024-06-03,1
"1231","Tall Fescue","Schedonorus arundinaceus","Poaceae","plants",3,"ter plaatse",49.991932,14.578294,"Czechia","Pr1","Tree",312911366,2024-06-03,1
"1232","Shepherd's-purse","Capsella bursa-pastoris","Brassicaceae","plants",3,"ter plaatse",49.99194,14.578238,"Czechia","Pr1","Tree",312911370,2024-06-03,1
"1233","Knotgrass","Polygonum aviculare","Polygonaceae","plants",1,"ter plaatse",49.991936,14.578322,"Czechia","Pr1","Tree",312911374,2024-06-03,1
"1234","Willowherb unknown","Epilobium spec.","Onagraceae","plants",1,"ter plaatse",49.991936,14.578322,"Czechia","Pr1","Tree",312911376,2024-06-03,1
"1235","Elder","Sambucus nigra","Viburnaceae","plants",3,"verwilderd",49.991917,14.578285,"Czechia","Pr1","Tree",312911379,2024-06-03,1
"1236","Spear Thistle","Cirsium vulgare","Asteraceae","plants",1,"ter plaatse",49.991966,14.578285,"Czechia","Pr1","Tree",312911383,2024-06-03,1
"1237","Wild Camomile","Matricaria chamomilla","Asteraceae","plants",1,"ter plaatse",49.991962,14.578268,"Czechia","Pr1","Tree",312911386,2024-06-03,1
"1238","Barren Brome","Anisantha sterilis","Poaceae","plants",3,"ter plaatse",49.991943,14.578312,"Czechia","Pr1","Tree",312911389,2024-06-03,1
"1239","Ash","Fraxinus excelsior","Oleaceae","plants",65,"aangeplant",49.991943,14.578312,"Czechia","Pr1","Tree",312911393,2024-06-03,1
"1240","Fleabane unknown","Erigeron spec.","Asteraceae","plants",1,"ter plaatse",49.99194,14.578273,"Czechia","Pr1","Tree",312911398,2024-06-03,1
"1241","Norway Maple","Acer platanoides","Sapindaceae","plants",1,"ter plaatse",49.991959,14.578259,"Czechia","Pr1","Tree",312911400,2024-06-03,1
"1242","Senecio spec.","Senecio spec.","Asteraceae","plants",1,"ter plaatse",49.991936,14.578288,"Czechia","Pr1","Tree",312911404,2024-06-03,1
"1243","Marsh Woundwort","Stachys palustris","Lamiaceae","plants",1,"ter plaatse",49.991962,14.578279,"Czechia","Pr1","Tree",312911407,2024-06-03,1
"1244","Field Penny-cress","Thlaspi arvense","Brassicaceae","plants",1,"ter plaatse",49.991962,14.578293,"Czechia","Pr1","Tree",312911408,2024-06-03,1
"1245","Lesser Trefoil","Trifolium dubium","Fabaceae","plants",1,"ter plaatse",49.991951,14.578333,"Czechia","Pr1","Tree",312911412,2024-06-03,1
"1246","Henbit Dead-nettle","Lamium amplexicaule","Lamiaceae","plants",1,"ter plaatse",49.991955,14.578372,"Czechia","Pr1","Tree",312911415,2024-06-03,1
"1247","Common Field-speedwell","Veronica persica","Plantaginaceae","plants",1,"ter plaatse",49.991947,14.578311,"Czechia","Pr1","Tree",312911420,2024-06-03,1
"1248","Grey Field-speedwell","Veronica polita","Plantaginaceae","plants",1,"ter plaatse",49.991951,14.57832,"Czechia","Pr1","Tree",312911426,2024-06-03,1
"1249","Corn Poppy","Papaver rhoeas","Papaveraceae","plants",1,"ter plaatse",49.991951,14.57832,"Czechia","Pr1","Tree",312911430,2024-06-03,1
"1250","Slender Vetch","Vicia tetrasperma","Fabaceae","plants",1,"ter plaatse",49.991985,14.578269,"Czechia","Pr1","Tree",312911433,2024-06-03,1
"1251","Creeping Thistle","Cirsium arvense","Asteraceae","plants",1,"ter plaatse",49.991982,14.578266,"Czechia","Pr1","Tree",312911434,2024-06-03,1
"1252","Ivy-leaved Speedwell","Veronica hederifolia","Plantaginaceae","plants",3,"ter plaatse",49.991985,14.578267,"Czechia","Pr1","Tree",312911437,2024-06-03,1
"1253","Common Mouse-ear","Cerastium fontanum","Caryophyllaceae","plants",1,"ter plaatse",49.991989,14.578264,"Czechia","Pr1","Tree",312911438,2024-06-03,1
"1254","Fescue unknown","Festuca spec.","Poaceae","plants",3,"ter plaatse",49.991985,14.578265,"Czechia","Pr1","Tree",312911441,2024-06-03,1
"1255","Rough Meadow-grass","Poa trivialis","Poaceae","plants",45,"ter plaatse",49.991959,14.578315,"Czechia","Pr1","Tree",312911442,2024-06-03,1
"1256","Wood Small-reed","Calamagrostis epigejos","Poaceae","plants",3,"ter plaatse",49.991974,14.578263,"Czechia","Pr1","Tree",312911445,2024-06-03,1
"1257","White Clover","Trifolium repens","Fabaceae","plants",3,"ter plaatse",49.99197,14.578282,"Czechia","Pr1","Tree",312911446,2024-06-03,1
"1258","Hawthorn","Crataegus monogyna","Rosaceae","plants",1,"ter plaatse",49.991962,14.578297,"Czechia","Pr1","Tree",312911449,2024-06-03,1
"1259","Ash","Fraxinus excelsior","Oleaceae","plants",1,"ter plaatse",49.991962,14.578296,"Czechia","Pr1","Tree",312911452,2024-06-03,1
"1260","Sycamore","Acer pseudoplatanus","Sapindaceae","plants",3,"ter plaatse",49.991962,14.578297,"Czechia","Pr1","Tree",312911454,2024-06-03,1
"1261","Field Forget-me-not","Myosotis arvensis","Boraginaceae","plants",15,"ter plaatse",49.991947,14.578279,"Czechia","Pr1","Tree",312911455,2024-06-03,1
"1262","Soft-brome","Bromus hordeaceus","Poaceae","plants",55,"ter plaatse",49.991936,14.578288,"Czechia","Pr1","Tree",312911458,2024-06-03,1
"1263","Cock's-foot","Dactylis glomerata","Poaceae","plants",15,"ter plaatse",49.991959,14.5783,"Czechia","Pr1","Tree",312911460,2024-06-03,1
"1264","Field Pansy","Viola arvensis","Violaceae","plants",7,"ter plaatse",49.991001,14.579803,"Czechia","Pr1","Crtl1",312911475,2024-06-03,1
"1265","Sun Spurge","Euphorbia helioscopia","Euphorbiaceae","plants",7,"ter plaatse",49.990993,14.579804,"Czechia","Pr1","Crtl1",312911486,2024-06-03,1
"1266","Turnip","Brassica rapa","Brassicaceae","plants",95,"ter plaatse",49.990986,14.579775,"Czechia","Pr1","Crtl1",312911490,2024-06-03,1
"1267","Knotgrass","Polygonum aviculare","Polygonaceae","plants",1,"ter plaatse",49.990814,14.580129,"Czechia","Pr1","Crtl2",312911502,2024-06-03,1
"1268","Field Pansy","Viola arvensis","Violaceae","plants",15,"ter plaatse",49.990818,14.580131,"Czechia","Pr1","Crtl2",312911505,2024-06-03,1
"1269","Turnip","Brassica rapa","Brassicaceae","plants",95,"ter plaatse",49.990822,14.580137,"Czechia","Pr1","Crtl2",312911508,2024-06-03,1
"1270","Shaggy Soldier","Galinsoga quadriradiata","Asteraceae","plants",1,"ter plaatse",50.666409,15.208641,"Czechia","Hu1","Field",313226591,2024-06-05,1
"1271","Dove's-foot Crane's-bill","Geranium molle","Geraniaceae","plants",1,"ter plaatse",50.666409,15.208663,"Czechia","Hu1","Field",313226620,2024-06-05,1
"1272","Hempnettle unknown","Galeopsis spec.","Lamiaceae","plants",3,"ter plaatse",50.666405,15.208643,"Czechia","Hu1","Field",313226624,2024-06-05,1
"1273","Cockspur","Echinochloa crus-galli","Poaceae","plants",7,"ter plaatse",50.666382,15.208636,"Czechia","Hu1","Field",313226635,2024-06-05,1
"1274","Common Chickweed","Stellaria media","Caryophyllaceae","plants",7,"ter plaatse",50.666389,15.208665,"Czechia","Hu1","Field",313226639,2024-06-05,1
"1275","Red Dead-nettle","Lamium purpureum","Lamiaceae","plants",7,"ter plaatse",50.666397,15.20865,"Czechia","Hu1","Field",313226643,2024-06-05,1
"1276","Field Pansy","Viola arvensis","Violaceae","plants",3,"ter plaatse",50.666393,15.208654,"Czechia","Hu1","Field",313226646,2024-06-05,1
"1277","Amphibious Bistort","Persicaria amphibia","Polygonaceae","plants",15,"ter plaatse",50.666397,15.208655,"Czechia","Hu1","Field",313226649,2024-06-05,1
"1278","Daucus carota 'Sativus'","Daucus carota 'Sativus'","Apiaceae","plants",25,"ter plaatse",50.666389,15.208655,"Czechia","Hu1","Field",313226654,2024-06-05,1
"1279","Onion","Allium cepa","Amaryllidaceae","plants",25,"ter plaatse",50.666389,15.20866,"Czechia","Hu1","Field",313226656,2024-06-05,1
"1280","Field Penny-cress","Thlaspi arvense","Brassicaceae","plants",25,"ter plaatse",50.666393,15.20867,"Czechia","Hu1","Field",313226661,2024-06-05,1
"1281","Shepherd's-purse","Capsella bursa-pastoris","Brassicaceae","plants",7,"ter plaatse",50.666386,15.208676,"Czechia","Hu1","Field",313226665,2024-06-05,1
"1282","Common Fumitory","Fumaria officinalis","Papaveraceae","plants",3,"ter plaatse",50.666386,15.208676,"Czechia","Hu1","Field",313226669,2024-06-05,1
"1283","Lamb's Quarters","Chenopodium album","Amaranthaceae","plants",15,"ter plaatse",50.666386,15.208677,"Czechia","Hu1","Field",313226677,2024-06-05,1
"1284","Field Forget-me-not","Myosotis arvensis","Boraginaceae","plants",1,"ter plaatse",50.666321,15.208541,"Czechia","Hu1","Tree",313226691,2024-06-05,1
"1285","Lesser Stitchwort","Stellaria graminea","Caryophyllaceae","plants",1,"ter plaatse",50.666317,15.208566,"Czechia","Hu1","Tree",313226713,2024-06-05,1
"1286","Pedunculate Oak","Quercus robur","Fagaceae","plants",1,"ter plaatse",50.666332,15.20856,"Czechia","Hu1","Tree",313226734,2024-06-05,1
"1287","Black Currant","Ribes nigrum","Grossulariaceae","plants",1,"ter plaatse",50.666321,15.208577,"Czechia","Hu1","Tree",313226741,2024-06-05,1
"1288","Sticky Mouse-ear","Cerastium glomeratum","Caryophyllaceae","plants",1,"ter plaatse",50.666348,15.208526,"Czechia","Hu1","Tree",313226746,2024-06-05,1
"1289","Annual Meadow-grass","Poa annua","Poaceae","plants",1,"ter plaatse",50.66634,15.208591,"Czechia","Hu1","Tree",313226749,2024-06-05,1
"1290","Common Vetch","Vicia sativa","Fabaceae","plants",3,"ter plaatse",50.666336,15.208538,"Czechia","Hu1","Tree",313226752,2024-06-05,1
"1291","Smooth Hawk's-beard","Crepis capillaris","Asteraceae","plants",3,"ter plaatse",50.666321,15.208496,"Czechia","Hu1","Tree",313226761,2024-06-05,1
"1292","False Oat-grass","Arrhenatherum elatius","Poaceae","plants",45,"ter plaatse",50.666325,15.208525,"Czechia","Hu1","Tree",313226769,2024-06-05,1
"1293","Cock's-foot","Dactylis glomerata","Poaceae","plants",7,"ter plaatse",50.666328,15.208525,"Czechia","Hu1","Tree",313226774,2024-06-05,1
"1294","Wild Plum","Prunus domestica","Rosaceae","plants",65,"aangeplant",50.666321,15.208525,"Czechia","Hu1","Tree",313226777,2024-06-05,1
"1295","Common Nettle","Urtica dioica","Urticaceae","plants",7,"ter plaatse",50.666325,15.208518,"Czechia","Hu1","Tree",313226778,2024-06-05,1
"1296","Germander Speedwell","Veronica chamaedrys","Plantaginaceae","plants",7,"ter plaatse",50.666325,15.208519,"Czechia","Hu1","Tree",313226784,2024-06-05,1
"1297","Creeping Buttercup","Ranunculus repens","Ranunculaceae","plants",1,"ter plaatse",50.666321,15.208529,"Czechia","Hu1","Tree",313226787,2024-06-05,1
"1298","Common Figwort","Scrophularia nodosa","Scrophulariaceae","plants",1,"ter plaatse",50.666336,15.208526,"Czechia","Hu1","Tree",313226795,2024-06-05,1
"1299","Meadow Vetchling","Lathyrus pratensis","Fabaceae","plants",3,"ter plaatse",50.666328,15.208508,"Czechia","Hu1","Tree",313226801,2024-06-05,1
"1300","Hedge-bedstraw","Galium mollugo","Rubiaceae","plants",35,"ter plaatse",50.66634,15.208557,"Czechia","Hu1","Tree",313226806,2024-06-05,1
"1301","Ribwort Plantain","Plantago lanceolata","Plantaginaceae","plants",7,"ter plaatse",50.66634,15.208564,"Czechia","Hu1","Tree",313226807,2024-06-05,1
"1302","Rough Meadow-grass","Poa trivialis","Poaceae","plants",55,"ter plaatse",50.66634,15.208564,"Czechia","Hu1","Tree",313226808,2024-06-05,1
"1303","White Clover","Trifolium repens","Fabaceae","plants",7,"ter plaatse",50.666336,15.208564,"Czechia","Hu1","Tree",313226811,2024-06-05,1
"1304","Field Penny-cress","Thlaspi arvense","Brassicaceae","plants",1,"ter plaatse",50.665726,15.206922,"Czechia","Hu1","Crtl2",313226812,2024-06-05,1
"1305","Perennial Rye-grass","Lolium perenne","Poaceae","plants",15,"ter plaatse",50.665749,15.206965,"Czechia","Hu1","Crtl2",313226823,2024-06-05,1
"1306","Amphibious Bistort","Persicaria amphibia","Polygonaceae","plants",1,"ter plaatse",50.665745,15.206932,"Czechia","Hu1","Crtl2",313226828,2024-06-05,1
"1307","Field Bindweed","Convolvulus arvensis","Convolvulaceae","plants",3,"ter plaatse",50.665749,15.206995,"Czechia","Hu1","Crtl2",313226829,2024-06-05,1
"1308","Corn Spurrey","Spergula arvensis","Caryophyllaceae","plants",1,"ter plaatse",50.665745,15.206996,"Czechia","Hu1","Crtl2",313226835,2024-06-05,1
"1309","Common Chickweed","Stellaria media","Caryophyllaceae","plants",3,"ter plaatse",50.665741,15.207006,"Czechia","Hu1","Crtl2",313226846,2024-06-05,1
"1310","White Clover","Trifolium repens","Fabaceae","plants",1,"ter plaatse",50.665741,15.207006,"Czechia","Hu1","Crtl2",313226849,2024-06-05,1
"1311","Lamb's Quarters","Chenopodium album","Amaranthaceae","plants",7,"ter plaatse",50.665752,15.206957,"Czechia","Hu1","Crtl2",313226853,2024-06-05,1
"1312","Wild Angelica","Angelica sylvestris","Apiaceae","plants",3,"ter plaatse",50.665752,15.206903,"Czechia","Hu1","Crtl2",313226857,2024-06-05,1
"1313","Black Bindweed","Fallopia convolvulus","Polygonaceae","plants",1,"ter plaatse",50.665745,15.206923,"Czechia","Hu1","Crtl2",313226860,2024-06-05,1
"1314","Timothy","Phleum pratense","Poaceae","plants",65,"ter plaatse",50.665745,15.206923,"Czechia","Hu1","Crtl2",313226866,2024-06-05,1
"1315","Creeping Thistle","Cirsium arvense","Asteraceae","plants",15,"ter plaatse",50.665745,15.206923,"Czechia","Hu1","Crtl2",313226871,2024-06-05,1
"1316","Creeping Yellow cress","Rorippa sylvestris","Brassicaceae","plants",7,"ter plaatse",50.665749,15.206918,"Czechia","Hu1","Crtl2",313226873,2024-06-05,1
"1317","Black Bindweed","Fallopia convolvulus","Polygonaceae","plants",1,"ter plaatse",50.665768,15.207303,"Czechia","Hu1","Crtl1",313226879,2024-06-05,1
"1318","Red Dead-nettle","Lamium purpureum","Lamiaceae","plants",1,"ter plaatse",50.665752,15.207194,"Czechia","Hu1","Crtl1",313226883,2024-06-05,1
"1319","Field Penny-cress","Thlaspi arvense","Brassicaceae","plants",1,"ter plaatse",50.665752,15.207194,"Czechia","Hu1","Crtl1",313226889,2024-06-05,1
"1320","Timothy","Phleum pratense","Poaceae","plants",65,"ter plaatse",50.665745,15.207232,"Czechia","Hu1","Crtl1",313226910,2024-06-05,1
"1321","Field Forget-me-not","Myosotis arvensis","Boraginaceae","plants",1,"ter plaatse",50.665764,15.207256,"Czechia","Hu1","Crtl1",313226912,2024-06-05,1
"1322","Lamb's Quarters","Chenopodium album","Amaranthaceae","plants",15,"ter plaatse",50.665764,15.20724,"Czechia","Hu1","Crtl1",313226914,2024-06-05,1
"1323","Creeping Thistle","Cirsium arvense","Asteraceae","plants",7,"ter plaatse",50.665764,15.207248,"Czechia","Hu1","Crtl1",313226918,2024-06-05,1
"1324","White Clover","Trifolium repens","Fabaceae","plants",3,"ter plaatse",50.665764,15.207249,"Czechia","Hu1","Crtl1",313226919,2024-06-05,1
"1325","Creeping Yellow cress","Rorippa sylvestris","Brassicaceae","plants",7,"ter plaatse",50.665764,15.207249,"Czechia","Hu1","Crtl1",313226920,2024-06-05,1
"1326","Wild Camomile","Matricaria chamomilla","Asteraceae","plants",1,"ter plaatse",50.665764,15.207248,"Czechia","Hu1","Crtl1",313226924,2024-06-05,1
"1327","Common Dandelion","Taraxacum officinale s.l. (incl. all sect.)","Asteraceae","plants",7,"ter plaatse",50.398048,15.129272,"Czechia","Ve1","Tree",313226926,2024-06-05,1
"1328","Bent grass unknown","Agrostis spec.","Poaceae","plants",25,"ter plaatse",50.398026,15.129247,"Czechia","Ve1","Tree",313226938,2024-06-05,1
"1329","Cut-leaved Crane's-bill","Geranium dissectum","Geraniaceae","plants",1,"ter plaatse",50.398014,15.129235,"Czechia","Ve1","Tree",313226940,2024-06-05,1
"1330","Red Clover","Trifolium pratense","Fabaceae","plants",3,"ter plaatse",50.39801,15.129247,"Czechia","Ve1","Tree",313226943,2024-06-05,1
"1331","Red Fescue","Festuca rubra","Poaceae","plants",7,"ter plaatse",50.398014,15.129212,"Czechia","Ve1","Tree",313226952,2024-06-05,1
"1332","Wood Avens","Geum urbanum","Rosaceae","plants",3,"ter plaatse",50.398003,15.12922,"Czechia","Ve1","Tree",313226955,2024-06-05,1
"1333","Slender Vetch","Vicia tetrasperma","Fabaceae","plants",7,"ter plaatse",50.398003,15.129219,"Czechia","Ve1","Tree",313226960,2024-06-05,1
"1334","Malus x domestica","Malus x domestica","Rosaceae","plants",55,"aangeplant",50.398003,15.12922,"Czechia","Ve1","Tree",313226964,2024-06-05,1
"1335","Smooth Hawk's-beard","Crepis capillaris","Asteraceae","plants",25,"ter plaatse",50.397995,15.129225,"Czechia","Ve1","Tree",313226967,2024-06-05,1
"1336","Ribwort Plantain","Plantago lanceolata","Plantaginaceae","plants",15,"ter plaatse",50.397995,15.129222,"Czechia","Ve1","Tree",313226969,2024-06-05,1
"1337","Barren Brome","Anisantha sterilis","Poaceae","plants",3,"ter plaatse",50.397995,15.129222,"Czechia","Ve1","Tree",313226974,2024-06-05,1
"1338","Rough Hawkbit","Leontodon hispidus","Asteraceae","plants",3,"ter plaatse",50.397995,15.129228,"Czechia","Ve1","Tree",313226978,2024-06-05,1
"1339","Yorkshire-fog","Holcus lanatus","Poaceae","plants",3,"ter plaatse",50.397999,15.129232,"Czechia","Ve1","Tree",313226980,2024-06-05,1
"1340","Wood Small-reed","Calamagrostis epigejos","Poaceae","plants",25,"ter plaatse",50.398014,15.129229,"Czechia","Ve1","Tree",313226982,2024-06-05,1
"1341","Cock's-foot","Dactylis glomerata","Poaceae","plants",55,"ter plaatse",50.39801,15.129231,"Czechia","Ve1","Tree",313226985,2024-06-05,1
"1342","Common Dandelion","Taraxacum officinale s.l. (incl. all sect.)","Asteraceae","plants",7,"ter plaatse",50.397972,15.129183,"Czechia","Ve1","Field",313226993,2024-06-05,1
"1343","Plum unknown","Prunus spec.","Rosaceae","plants",1,"ter plaatse",50.397968,15.129164,"Czechia","Ve1","Field",313226997,2024-06-05,1
"1344","Rose sp. unknown","Rosa spec.","Rosaceae","plants",1,"ter plaatse",50.397987,15.129161,"Czechia","Ve1","Field",313227002,2024-06-05,1
"1345","Red Fescue","Festuca rubra","Poaceae","plants",15,"ter plaatse",50.397987,15.129158,"Czechia","Ve1","Field",313227004,2024-06-05,1
"1346","Yarrow","Achillea millefolium","Asteraceae","plants",1,"ter plaatse",50.397972,15.12916,"Czechia","Ve1","Field",313227007,2024-06-05,1
"1347","Small-flowered Crane's-bill","Geranium pusillum","Geraniaceae","plants",1,"ter plaatse",50.397987,15.129193,"Czechia","Ve1","Field",313227010,2024-06-05,1
"1348","Slender Vetch","Vicia tetrasperma","Fabaceae","plants",1,"ter plaatse",50.397957,15.129175,"Czechia","Ve1","Field",313227011,2024-06-05,1
"1349","Ribwort Plantain","Plantago lanceolata","Plantaginaceae","plants",1,"ter plaatse",50.397953,15.129174,"Czechia","Ve1","Field",313227013,2024-06-05,1
"1350","Smooth Hawk's-beard","Crepis capillaris","Asteraceae","plants",7,"ter plaatse",50.397964,15.12917,"Czechia","Ve1","Field",313227015,2024-06-05,1
"1351","Cock's-foot","Dactylis glomerata","Poaceae","plants",85,"ter plaatse",50.397972,15.129169,"Czechia","Ve1","Field",313227018,2024-06-05,1
"1352","Autumn Hawkbit","Scorzoneroides autumnalis","Asteraceae","plants",3,"ter plaatse",50.397964,15.129161,"Czechia","Ve1","Field",313227023,2024-06-05,1
"1353","Wood Avens","Geum urbanum","Rosaceae","plants",3,"ter plaatse",50.397964,15.129155,"Czechia","Ve1","Field",313227026,2024-06-05,1
"1354","Cat's-ear","Hypochaeris radicata","Asteraceae","plants",1,"ter plaatse",50.399082,15.130203,"Czechia","Ve1","Crtl2",313227027,2024-06-05,1
"1355","Common Whitlowgrass","Draba verna","Brassicaceae","plants",1,"ter plaatse",50.399067,15.130208,"Czechia","Ve1","Crtl2",313227036,2024-06-05,1
"1356","Red Clover","Trifolium pratense","Fabaceae","plants",1,"ter plaatse",50.399055,15.130253,"Czechia","Ve1","Crtl2",313227048,2024-06-05,1
"1357","Small-flowered Crane's-bill","Geranium pusillum","Geraniaceae","plants",1,"ter plaatse",50.399078,15.130198,"Czechia","Ve1","Crtl2",313227052,2024-06-05,1
"1358","Cock's-foot","Dactylis glomerata","Poaceae","plants",55,"ter plaatse",50.399094,15.130226,"Czechia","Ve1","Crtl2",313227055,2024-06-05,1
"1359","Wild Camomile","Matricaria chamomilla","Asteraceae","plants",1,"ter plaatse",50.399075,15.130206,"Czechia","Ve1","Crtl2",313227058,2024-06-05,1
"1360","Field Forget-me-not","Myosotis arvensis","Boraginaceae","plants",1,"ter plaatse",50.399075,15.130204,"Czechia","Ve1","Crtl2",313227060,2024-06-05,1
"1361","Wall Speedwell","Veronica arvensis","Plantaginaceae","plants",3,"ter plaatse",50.399075,15.130203,"Czechia","Ve1","Crtl2",313227063,2024-06-05,1
"1362","Scarlet Pimpernel","Anagallis arvensis","Primulaceae","plants",7,"ter plaatse",50.399075,15.130205,"Czechia","Ve1","Crtl2",313227064,2024-06-05,1
"1363","Autumn Hawkbit","Scorzoneroides autumnalis","Asteraceae","plants",3,"ter plaatse",50.399086,15.13021,"Czechia","Ve1","Crtl2",313227066,2024-06-05,1
"1364","Yarrow","Achillea millefolium","Asteraceae","plants",1,"ter plaatse",50.399082,15.130209,"Czechia","Ve1","Crtl2",313227067,2024-06-05,1
"1365","Red Fescue","Festuca rubra","Poaceae","plants",35,"ter plaatse",50.399082,15.130208,"Czechia","Ve1","Crtl2",313227069,2024-06-05,1
"1366","Smooth Sow-thistle","Sonchus oleraceus","Asteraceae","plants",3,"ter plaatse",50.399082,15.130208,"Czechia","Ve1","Crtl2",313227072,2024-06-05,1
"1367","False mayweed (maritimum)","Tripleurospermum maritimum","Asteraceae","plants",1,"ter plaatse",50.399086,15.130203,"Czechia","Ve1","Crtl2",313227075,2024-06-05,1
"1368","Rose sp. unknown","Rosa spec.","Rosaceae","plants",1,"ter plaatse",50.399078,15.130202,"Czechia","Ve1","Crtl2",313227076,2024-06-05,1
"1369","Common Dandelion","Taraxacum officinale s.l. (incl. all sect.)","Asteraceae","plants",35,"ter plaatse",50.399075,15.130228,"Czechia","Ve1","Crtl2",313227080,2024-06-05,1
"1370","Slender Vetch","Vicia tetrasperma","Fabaceae","plants",3,"ter plaatse",50.399078,15.130228,"Czechia","Ve1","Crtl2",313227083,2024-06-05,1
"1371","Common Dandelion","Taraxacum officinale s.l. (incl. all sect.)","Asteraceae","plants",7,"ter plaatse",50.398693,15.130477,"Czechia","Ve1","Crtl1",313227105,2024-06-05,1
"1372","False Oat-grass","Arrhenatherum elatius","Poaceae","plants",3,"ter plaatse",50.398705,15.130455,"Czechia","Ve1","Crtl1",313227108,2024-06-05,1
"1373","Speedwell unknown","Veronica spec.","Plantaginaceae","plants",1,"ter plaatse",50.398712,15.130469,"Czechia","Ve1","Crtl1",313227110,2024-06-05,1
"1374","Autumn Hawkbit","Scorzoneroides autumnalis","Asteraceae","plants",1,"ter plaatse",50.398693,15.130475,"Czechia","Ve1","Crtl1",313227116,2024-06-05,1
"1375","Red Fescue","Festuca rubra","Poaceae","plants",45,"ter plaatse",50.398701,15.13046,"Czechia","Ve1","Crtl1",313227120,2024-06-05,1
"1376","White Clover","Trifolium repens","Fabaceae","plants",3,"ter plaatse",50.398701,15.130462,"Czechia","Ve1","Crtl1",313227124,2024-06-05,1
"1377","Soft-brome","Bromus hordeaceus","Poaceae","plants",7,"ter plaatse",50.398685,15.130451,"Czechia","Ve1","Crtl1",313227129,2024-06-05,1
"1378","Smooth Sow-thistle","Sonchus oleraceus","Asteraceae","plants",1,"ter plaatse",50.398685,15.130461,"Czechia","Ve1","Crtl1",313227134,2024-06-05,1
"1379","Cat's-ear","Hypochaeris radicata","Asteraceae","plants",15,"ter plaatse",50.398685,15.13046,"Czechia","Ve1","Crtl1",313227140,2024-06-05,1
"1380","Tansy","Tanacetum vulgare","Asteraceae","plants",3,"ter plaatse",50.398689,15.130462,"Czechia","Ve1","Crtl1",313227153,2024-06-05,1
"1381","Wild Camomile","Matricaria chamomilla","Asteraceae","plants",1,"ter plaatse",50.398685,15.130468,"Czechia","Ve1","Crtl1",313227159,2024-06-05,1
"1382","Cut-leaved Crane's-bill","Geranium dissectum","Geraniaceae","plants",1,"ter plaatse",50.398685,15.130468,"Czechia","Ve1","Crtl1",313227162,2024-06-05,1
"1383","Cock's-foot","Dactylis glomerata","Poaceae","plants",55,"ter plaatse",50.398685,15.130466,"Czechia","Ve1","Crtl1",313227167,2024-06-05,1
"1384","Ribwort Plantain","Plantago lanceolata","Plantaginaceae","plants",3,"ter plaatse",50.398685,15.130468,"Czechia","Ve1","Crtl1",313227173,2024-06-05,1
"1385","Common Fumitory","Fumaria officinalis","Papaveraceae","plants",25,"ter plaatse",50.396412,15.129452,"Czechia","Ve2","Field",313227238,2024-06-05,1
"1386","Henbit Dead-nettle","Lamium amplexicaule","Lamiaceae","plants",1,"ter plaatse",50.396393,15.129484,"Czechia","Ve2","Field",313227243,2024-06-05,1
"1387","Annual Wall-rocket","Diplotaxis muralis","Brassicaceae","plants",1,"ter plaatse",50.396412,15.12945,"Czechia","Ve2","Field",313227249,2024-06-05,1
"1388","Smooth Sow-thistle","Sonchus oleraceus","Asteraceae","plants",1,"ter plaatse",50.39642,15.129463,"Czechia","Ve2","Field",313227253,2024-06-05,1
"1389","Charlock","Sinapis arvensis","Brassicaceae","plants",3,"ter plaatse",50.396427,15.129444,"Czechia","Ve2","Field",313227260,2024-06-05,1
"1390","Knotgrass","Polygonum aviculare","Polygonaceae","plants",1,"ter plaatse",50.396393,15.129478,"Czechia","Ve2","Field",313227263,2024-06-05,1
"1391","Grass family unknown","Poaceae indet.","Poaceae","plants",15,"ter plaatse",50.39642,15.129429,"Czechia","Ve2","Field",313227271,2024-06-05,1
"1392","Field Penny-cress","Thlaspi arvense","Brassicaceae","plants",7,"ter plaatse",50.396412,15.12943,"Czechia","Ve2","Field",313227274,2024-06-05,1
"1393","Common Chickweed","Stellaria media","Caryophyllaceae","plants",7,"ter plaatse",50.39642,15.12943,"Czechia","Ve2","Field",313227278,2024-06-05,1
"1394","Amphibious Bistort","Persicaria amphibia","Polygonaceae","plants",15,"ter plaatse",50.39642,15.129442,"Czechia","Ve2","Field",313227279,2024-06-05,1
"1395","False mayweed (maritimum)","Tripleurospermum maritimum","Asteraceae","plants",7,"ter plaatse",50.39642,15.129442,"Czechia","Ve2","Field",313227282,2024-06-05,1
"1396","Lamb's Quarters","Chenopodium album","Amaranthaceae","plants",3,"ter plaatse",50.396423,15.129445,"Czechia","Ve2","Field",313227283,2024-06-05,1
"1397","Gallant Soldier","Galinsoga parviflora","Asteraceae","plants",15,"ter plaatse",50.396412,15.129427,"Czechia","Ve2","Field",313227288,2024-06-05,1
"1398","Shepherd's-purse","Capsella bursa-pastoris","Brassicaceae","plants",1,"ter plaatse",50.396416,15.12945,"Czechia","Ve2","Field",313227297,2024-06-05,1
"1399","Sun Spurge","Euphorbia helioscopia","Euphorbiaceae","plants",1,"ter plaatse",50.396427,15.129471,"Czechia","Ve2","Field",313227300,2024-06-05,1
"1400","Field Horsetail","Equisetum arvense","Equisetaceae","plants",7,"ter plaatse",50.396427,15.129458,"Czechia","Ve2","Field",313227304,2024-06-05,1
"1401","Common Field-speedwell","Veronica persica","Plantaginaceae","plants",7,"ter plaatse",50.396427,15.129459,"Czechia","Ve2","Field",313227307,2024-06-05,1
"1402","Potato","Solanum tuberosum","Solanaceae","plants",75,"ter plaatse",50.396427,15.129461,"Czechia","Ve2","Field",313227308,2024-06-05,1
"1403","Common Comfrey","Symphytum officinale","Boraginaceae","plants",7,"ter plaatse",50.396477,15.129556,"Czechia","Ve2","Tree",313227315,2024-06-05,1
"1404","Creeping Thistle","Cirsium arvense","Asteraceae","plants",3,"ter plaatse",50.396503,15.129531,"Czechia","Ve2","Tree",313227319,2024-06-05,1
"1405","Cultivated Oat","Avena sativa","Poaceae","plants",1,"ter plaatse",50.396492,15.129523,"Czechia","Ve2","Tree",313227320,2024-06-05,1
"1406","Common Dandelion","Taraxacum officinale s.l. (incl. all sect.)","Asteraceae","plants",3,"ter plaatse",50.396488,15.129529,"Czechia","Ve2","Tree",313227324,2024-06-05,1
"1407","Common Field-speedwell","Veronica persica","Plantaginaceae","plants",3,"ter plaatse",50.396488,15.129542,"Czechia","Ve2","Tree",313227327,2024-06-05,1
"1408","Rose sp. unknown","Rosa spec.","Rosaceae","plants",1,"ter plaatse",50.396484,15.129501,"Czechia","Ve2","Tree",313227330,2024-06-05,1
"1409","Field Horsetail","Equisetum arvense","Equisetaceae","plants",1,"ter plaatse",50.396484,15.129501,"Czechia","Ve2","Tree",313227332,2024-06-05,1
"1410","Barren Brome","Anisantha sterilis","Poaceae","plants",25,"ter plaatse",50.396488,15.129499,"Czechia","Ve2","Tree",313227333,2024-06-05,1
"1411","False Oat-grass","Arrhenatherum elatius","Poaceae","plants",55,"ter plaatse",50.396473,15.129494,"Czechia","Ve2","Tree",313227334,2024-06-05,1
"1412","Cleavers","Galium aparine","Rubiaceae","plants",7,"ter plaatse",50.396477,15.129496,"Czechia","Ve2","Tree",313227336,2024-06-05,1
"1413","Wood Small-reed","Calamagrostis epigejos","Poaceae","plants",3,"ter plaatse",50.396477,15.129497,"Czechia","Ve2","Tree",313227341,2024-06-05,1
"1414","Ground-ivy","Glechoma hederacea","Lamiaceae","plants",3,"ter plaatse",50.396492,15.129499,"Czechia","Ve2","Tree",313227345,2024-06-05,1
"1415","Cock's-foot","Dactylis glomerata","Poaceae","plants",7,"ter plaatse",50.396484,15.129502,"Czechia","Ve2","Tree",313227350,2024-06-05,1
"1416","Smooth Sow-thistle","Sonchus oleraceus","Asteraceae","plants",3,"ter plaatse",50.396484,15.129499,"Czechia","Ve2","Tree",313227352,2024-06-05,1
"1417","Canadian Goldenrod","Solidago canadensis","Asteraceae","plants",25,"ter plaatse",50.396484,15.129498,"Czechia","Ve2","Tree",313227354,2024-06-05,1
"1418","Sea-buckthorn","Hippophae rhamnoides","Elaeagnaceae","plants",15,"verwilderd",50.396465,15.129526,"Czechia","Ve2","Tree",313227358,2024-06-05,1
"1419","Cornelian-cherry","Cornus mas","Cornaceae","plants",25,"verwilderd",50.396492,15.129522,"Czechia","Ve2","Tree",313227359,2024-06-05,1
"1420","Square-stemmed Willowherb","Epilobium tetragonum","Onagraceae","plants",1,"ter plaatse",52.013477,-0.244303,"UK","St1","Tree",314627889,2024-06-15,1
"1421","Blackberry","Rubus sect. Rubus","Rosaceae","plants",3,"ter plaatse",52.013485,-0.244306,"UK","St1","Tree",314627892,2024-06-15,1
"1422","Wood Avens","Geum urbanum","Rosaceae","plants",3,"ter plaatse",52.013485,-0.244307,"UK","St1","Tree",314627895,2024-06-15,1
"1423","Rough Meadow-grass","Poa trivialis","Poaceae","plants",7,"ter plaatse",52.013485,-0.244307,"UK","St1","Tree",314627897,2024-06-15,1
"1424","Common Ragwort","Jacobaea vulgaris","Asteraceae","plants",3,"ter plaatse",52.013485,-0.244309,"UK","St1","Tree",314627903,2024-06-15,1
"1425","Ash","Fraxinus excelsior","Oleaceae","plants",1,"ter plaatse",52.013489,-0.244308,"UK","St1","Tree",314627908,2024-06-15,1
"1426","Hawthorn","Crataegus monogyna","Rosaceae","plants",1,"ter plaatse",52.013489,-0.244319,"UK","St1","Tree",314627910,2024-06-15,1
"1427","Barren Brome","Anisantha sterilis","Poaceae","plants",7,"ter plaatse",52.013489,-0.244316,"UK","St1","Tree",314627914,2024-06-15,1
"1428","Field Bindweed","Convolvulus arvensis","Convolvulaceae","plants",7,"ter plaatse",52.013481,-0.244327,"UK","St1","Tree",314627917,2024-06-15,1
"1429","Cleavers","Galium aparine","Rubiaceae","plants",95,"ter plaatse",52.013481,-0.244327,"UK","St1","Tree",314627920,2024-06-15,1
"1430","Hawthorn","Crataegus monogyna","Rosaceae","plants",15,"verwilderd",52.013481,-0.244327,"UK","St1","Tree",314627921,2024-06-15,1
"1431","Populus x canadensis (P. deltoides x P. nigra)","Populus x canadensis (P. deltoides x P. nigra)","Salicaceae","plants",95,"aangeplant",52.013481,-0.24433,"UK","St1","Tree",314627923,2024-06-15,1
"1432","False Brome","Brachypodium sylvaticum","Poaceae","plants",7,"ter plaatse",52.013519,-0.244336,"UK","St1","Field",314627929,2024-06-15,1
"1433","Field Bindweed","Convolvulus arvensis","Convolvulaceae","plants",3,"ter plaatse",52.013512,-0.244385,"UK","St1","Field",314627930,2024-06-15,1
"1434","Blackberry","Rubus sect. Rubus","Rosaceae","plants",1,"ter plaatse",52.013489,-0.244398,"UK","St1","Field",314627931,2024-06-15,1
"1435","Cleavers","Galium aparine","Rubiaceae","plants",1,"ter plaatse",52.013527,-0.244455,"UK","St1","Field",314627933,2024-06-15,1
"1436","Crested Dog's-tail","Cynosurus cristatus","Poaceae","plants",7,"ter plaatse",52.013454,-0.244447,"UK","St1","Field",314627935,2024-06-15,1
"1437","Greater Bird's-foot-trefoil","Lotus pedunculatus","Fabaceae","plants",3,"ter plaatse",52.013447,-0.244389,"UK","St1","Field",314627937,2024-06-15,1
"1438","Quaking-grass","Briza media","Poaceae","plants",3,"ter plaatse",52.013466,-0.244403,"UK","St1","Field",314627942,2024-06-15,1
"1439","Meadow Buttercup","Ranunculus acris","Ranunculaceae","plants",1,"ter plaatse",52.013424,-0.244303,"UK","St1","Field",314627945,2024-06-15,1
"1440","Lady's Bedstraw","Galium verum","Rubiaceae","plants",3,"ter plaatse",52.013428,-0.2443,"UK","St1","Field",314627948,2024-06-15,1
"1441","Great Willowherb","Epilobium hirsutum","Onagraceae","plants",3,"ter plaatse",52.013424,-0.2443,"UK","St1","Field",314627950,2024-06-15,1
"1442","Populus x canadensis (P. deltoides x P. nigra)","Populus x canadensis (P. deltoides x P. nigra)","Salicaceae","plants",45,"aangeplant",52.013428,-0.2443,"UK","St1","Field",314627952,2024-06-15,1
"1443","Common Ragwort","Jacobaea vulgaris","Asteraceae","plants",7,"ter plaatse",52.013428,-0.2443,"UK","St1","Field",314627955,2024-06-15,1
"1444","Hawthorn","Crataegus monogyna","Rosaceae","plants",1,"ter plaatse",52.013432,-0.244295,"UK","St1","Field",314627957,2024-06-15,1
"1445","Broad-leaved Dock","Rumex obtusifolius","Polygonaceae","plants",3,"ter plaatse",52.013435,-0.244287,"UK","St1","Field",314627960,2024-06-15,1
"1446","Rough Meadow-grass","Poa trivialis","Poaceae","plants",25,"ter plaatse",52.013454,-0.244301,"UK","St1","Field",314627965,2024-06-15,1
"1447","Wood Avens","Geum urbanum","Rosaceae","plants",15,"ter plaatse",52.013454,-0.244292,"UK","St1","Field",314627967,2024-06-15,1
"1448","Cowslip","Primula veris","Primulaceae","plants",7,"ter plaatse",52.013355,-0.244418,"UK","St1","Field",314627971,2024-06-15,1
"1449","Wild Marjoram","Origanum vulgare","Lamiaceae","plants",15,"ter plaatse",52.013435,-0.244383,"UK","St1","Field",314653294,2024-06-15,1
"1450","Timothy","Phleum pratense","Poaceae","plants",55,"ter plaatse",52.013435,-0.244383,"UK","St1","Field",314653295,2024-06-15,1
"1451","Cleavers","Galium aparine","Rubiaceae","plants",1,"ter plaatse",52.014984,-0.243971,"UK","St1","Crtl1",314653299,2024-06-15,1
"1452","Rosebay Willowherb","Chamaenerion angustifolium","Onagraceae","plants",7,"ter plaatse",52.014973,-0.243928,"UK","St1","Crtl1",314653301,2024-06-15,1
"1453","Great Willowherb","Epilobium hirsutum","Onagraceae","plants",3,"ter plaatse",52.014973,-0.243928,"UK","St1","Crtl1",314653302,2024-06-15,1
"1454","Common Nettle","Urtica dioica","Urticaceae","plants",15,"ter plaatse",52.01498,-0.243929,"UK","St1","Crtl1",314653303,2024-06-15,1
"1455","Hawkweed Oxtongue","Picris hieracioides","Asteraceae","plants",65,"ter plaatse",52.014984,-0.243955,"UK","St1","Crtl1",314653304,2024-06-15,1
"1456","Willowherb unknown","Epilobium spec.","Onagraceae","plants",3,"ter plaatse",52.014984,-0.243957,"UK","St1","Crtl1",314653305,2024-06-15,1
"1457","Soft-brome","Bromus hordeaceus","Poaceae","plants",35,"ter plaatse",52.014984,-0.243958,"UK","St1","Crtl1",314653306,2024-06-15,1
"1458","Creeping Thistle","Cirsium arvense","Asteraceae","plants",25,"ter plaatse",52.014984,-0.243957,"UK","St1","Crtl1",314653308,2024-06-15,1
"1459","Rough Meadow-grass","Poa trivialis","Poaceae","plants",15,"ter plaatse",52.014984,-0.243979,"UK","St1","Crtl1",314653310,2024-06-15,1
"1460","Common Ragwort","Jacobaea vulgaris","Asteraceae","plants",1,"ter plaatse",52.014984,-0.243978,"UK","St1","Crtl1",314653311,2024-06-15,1
"1461","Common Field-speedwell","Veronica persica","Plantaginaceae","plants",3,"ter plaatse",52.015133,-0.242315,"UK","St1","Crtl2",314653317,2024-06-15,1
"1462","Smooth Sow-thistle","Sonchus oleraceus","Asteraceae","plants",3,"ter plaatse",52.015118,-0.242273,"UK","St1","Crtl2",314653320,2024-06-15,1
"1463","Common Dandelion","Taraxacum officinale s.l. (incl. all sect.)","Asteraceae","plants",3,"ter plaatse",52.015125,-0.242311,"UK","St1","Crtl2",314653321,2024-06-15,1
"1464","Smooth Hawk's-beard","Crepis capillaris","Asteraceae","plants",1,"ter plaatse",52.015125,-0.242311,"UK","St1","Crtl2",314653322,2024-06-15,1
"1465","Willowherb unknown","Epilobium spec.","Onagraceae","plants",15,"ter plaatse",52.015137,-0.242306,"UK","St1","Crtl2",314653323,2024-06-15,1
"1466","Hawkweed Oxtongue","Picris hieracioides","Asteraceae","plants",15,"ter plaatse",52.015125,-0.242311,"UK","St1","Crtl2",314653324,2024-06-15,1
"1467","Great Willowherb","Epilobium hirsutum","Onagraceae","plants",35,"ter plaatse",52.015133,-0.242307,"UK","St1","Crtl2",314653326,2024-06-15,1
"1468","Meadow Foxtail","Alopecurus pratensis","Poaceae","plants",7,"ter plaatse",52.015125,-0.242322,"UK","St1","Crtl2",314653327,2024-06-15,1
"1469","Creeping Thistle","Cirsium arvense","Asteraceae","plants",25,"ter plaatse",52.015125,-0.242322,"UK","St1","Crtl2",314653328,2024-06-15,1
"1470","Soft-brome","Bromus hordeaceus","Poaceae","plants",35,"ter plaatse",52.015118,-0.242327,"UK","St1","Crtl2",314653329,2024-06-15,1
"1471","Barren Brome","Anisantha sterilis","Poaceae","plants",15,"ter plaatse",52.015118,-0.242328,"UK","St1","Crtl2",314653331,2024-06-15,1
"1472","White Clover","Trifolium repens","Fabaceae","plants",3,"ter plaatse",52.141788,-0.042957,"UK","Ar1","Field",314653353,2024-06-15,1
"1473","Pedunculate Oak","Quercus robur","Fagaceae","plants",1,"ter plaatse",52.141785,-0.042952,"UK","Ar1","Field",314653354,2024-06-15,1
"1474","Creeping Buttercup","Ranunculus repens","Ranunculaceae","plants",3,"ter plaatse",52.141777,-0.042914,"UK","Ar1","Field",314653355,2024-06-15,1
"1475","Rough Meadow-grass","Poa trivialis","Poaceae","plants",3,"ter plaatse",52.141781,-0.042911,"UK","Ar1","Field",314653356,2024-06-15,1
"1476","Red Fescue","Festuca rubra","Poaceae","plants",35,"ter plaatse",52.141769,-0.042971,"UK","Ar1","Field",314653358,2024-06-15,1
"1477","Meadow Foxtail","Alopecurus pratensis","Poaceae","plants",65,"ter plaatse",52.141773,-0.042951,"UK","Ar1","Field",314653359,2024-06-15,1
"1478","Crested Dog's-tail","Cynosurus cristatus","Poaceae","plants",7,"ter plaatse",52.141773,-0.042935,"UK","Ar1","Field",314653360,2024-06-15,1
"1479","Yorkshire-fog","Holcus lanatus","Poaceae","plants",15,"ter plaatse",52.141785,-0.04289,"UK","Ar1","Field",314653361,2024-06-15,1
"1480","Cock's-foot","Dactylis glomerata","Poaceae","plants",15,"ter plaatse",52.141628,-0.042716,"UK","Ar1","Tree",314653362,2024-06-15,1
"1481","Cleavers","Galium aparine","Rubiaceae","plants",1,"ter plaatse",52.141659,-0.04276,"UK","Ar1","Tree",314653363,2024-06-15,1
"1482","Rough Meadow-grass","Poa trivialis","Poaceae","plants",75,"ter plaatse",52.141663,-0.042802,"UK","Ar1","Tree",314653364,2024-06-15,1
"1483","Wall Barley","Hordeum murinum","Poaceae","plants",15,"ter plaatse",52.141663,-0.042794,"UK","Ar1","Tree",314653365,2024-06-15,1
"1484","Pedunculate Oak","Quercus robur","Fagaceae","plants",95,"aangeplant",52.141678,-0.042776,"UK","Ar1","Tree",314653366,2024-06-15,1
"1485","Red Fescue","Festuca rubra","Poaceae","plants",15,"ter plaatse",52.143082,-0.041262,"UK","Ar1","Crtl1",314653370,2024-06-15,1
"1486","Yorkshire-fog","Holcus lanatus","Poaceae","plants",15,"ter plaatse",52.143066,-0.041273,"UK","Ar1","Crtl1",314653371,2024-06-15,1
"1487","Cock's-foot","Dactylis glomerata","Poaceae","plants",7,"ter plaatse",52.14307,-0.041281,"UK","Ar1","Crtl1",314653372,2024-06-15,1
"1488","Common Mouse-ear","Cerastium fontanum","Caryophyllaceae","plants",7,"ter plaatse",52.14307,-0.041281,"UK","Ar1","Crtl1",314653374,2024-06-15,1
"1489","Meadow Buttercup","Ranunculus acris","Ranunculaceae","plants",1,"ter plaatse",52.14307,-0.041281,"UK","Ar1","Crtl1",314653375,2024-06-15,1
"1490","Crested Dog's-tail","Cynosurus cristatus","Poaceae","plants",15,"ter plaatse",52.14307,-0.041282,"UK","Ar1","Crtl1",314653377,2024-06-15,1
"1491","Meadow Foxtail","Alopecurus pratensis","Poaceae","plants",65,"ter plaatse",52.14307,-0.041283,"UK","Ar1","Crtl1",314653378,2024-06-15,1
"1492","White Clover","Trifolium repens","Fabaceae","plants",15,"ter plaatse",52.143074,-0.041278,"UK","Ar1","Crtl1",314653379,2024-06-15,1
"1493","Creeping Thistle","Cirsium arvense","Asteraceae","plants",15,"ter plaatse",52.143078,-0.041276,"UK","Ar1","Crtl1",314653381,2024-06-15,1
"1494","Red Fescue","Festuca rubra","Poaceae","plants",15,"ter plaatse",52.142841,-0.041129,"UK","Ar1","Crtl2",314653383,2024-06-15,1
"1495","Pedunculate Oak","Quercus robur","Fagaceae","plants",1,"ter plaatse",52.14286,-0.041154,"UK","Ar1","Crtl2",314653387,2024-06-15,1
"1496","Common Mouse-ear","Cerastium fontanum","Caryophyllaceae","plants",3,"ter plaatse",52.142887,-0.041119,"UK","Ar1","Crtl2",314653388,2024-06-15,1
"1497","Creeping Thistle","Cirsium arvense","Asteraceae","plants",3,"ter plaatse",52.142868,-0.041129,"UK","Ar1","Crtl2",314653390,2024-06-15,1
"1498","Smooth Meadow-grass","Poa pratensis","Poaceae","plants",15,"ter plaatse",52.142864,-0.041135,"UK","Ar1","Crtl2",314653392,2024-06-15,1
"1499","Meadow Foxtail","Alopecurus pratensis","Poaceae","plants",35,"ter plaatse",52.142868,-0.041129,"UK","Ar1","Crtl2",314653395,2024-06-15,1
"1500","Cock's-foot","Dactylis glomerata","Poaceae","plants",15,"ter plaatse",52.142864,-0.041136,"UK","Ar1","Crtl2",314653396,2024-06-15,1
"1501","Crested Dog's-tail","Cynosurus cristatus","Poaceae","plants",25,"ter plaatse",52.142868,-0.041134,"UK","Ar1","Crtl2",314653397,2024-06-15,1
"1502","Red Clover","Trifolium pratense","Fabaceae","plants",7,"ter plaatse",52.142868,-0.041132,"UK","Ar1","Crtl2",314653399,2024-06-15,1
"1503","White Clover","Trifolium repens","Fabaceae","plants",25,"ter plaatse",52.142868,-0.041133,"UK","Ar1","Crtl2",314653400,2024-06-15,1
"1504","Creeping Buttercup","Ranunculus repens","Ranunculaceae","plants",3,"ter plaatse",52.159447,-0.477642,"UK","Be2","Crtl2",315032854,2024-06-17,1
"1505","Timothy","Phleum pratense","Poaceae","plants",7,"ter plaatse",52.159527,-0.477616,"UK","Be2","Crtl2",315032855,2024-06-17,1
"1506","Perennial Rye-grass","Lolium perenne","Poaceae","plants",35,"ter plaatse",52.159523,-0.477626,"UK","Be2","Crtl2",315032856,2024-06-17,1
"1507","Cock's-foot","Dactylis glomerata","Poaceae","plants",3,"ter plaatse",52.159485,-0.477641,"UK","Be2","Crtl2",315032857,2024-06-17,1
"1508","Meadow Barley","Hordeum secalinum","Poaceae","plants",15,"ter plaatse",52.159489,-0.477625,"UK","Be2","Crtl2",315032858,2024-06-17,1
"1509","Crested Dog's-tail","Cynosurus cristatus","Poaceae","plants",7,"ter plaatse",52.159489,-0.477615,"UK","Be2","Crtl2",315032861,2024-06-17,1
"1510","Red Fescue","Festuca rubra","Poaceae","plants",65,"ter plaatse",52.159489,-0.477612,"UK","Be2","Crtl2",315032862,2024-06-17,1
"1511","Creeping Thistle","Cirsium arvense","Asteraceae","plants",1,"ter plaatse",52.159489,-0.477648,"UK","Be2","Crtl2",315032864,2024-06-17,1
"1512","Creeping Buttercup","Ranunculus repens","Ranunculaceae","plants",15,"ter plaatse",52.159351,-0.477083,"UK","Be2","Crtl1",315032866,2024-06-17,1
"1513","White Clover","Trifolium repens","Fabaceae","plants",3,"ter plaatse",52.159344,-0.477086,"UK","Be2","Crtl1",315032868,2024-06-17,1
"1514","Meadow Barley","Hordeum secalinum","Poaceae","plants",15,"ter plaatse",52.159348,-0.47709,"UK","Be2","Crtl1",315032869,2024-06-17,1
"1515","Red Fescue","Festuca rubra","Poaceae","plants",35,"ter plaatse",52.159336,-0.477107,"UK","Be2","Crtl1",315032870,2024-06-17,1
"1516","Perennial Rye-grass","Lolium perenne","Poaceae","plants",45,"ter plaatse",52.159336,-0.477114,"UK","Be2","Crtl1",315032873,2024-06-17,1
"1517","Creeping Thistle","Cirsium arvense","Asteraceae","plants",3,"ter plaatse",52.159336,-0.477117,"UK","Be2","Crtl1",315032875,2024-06-17,1
"1518","Crested Dog's-tail","Cynosurus cristatus","Poaceae","plants",15,"ter plaatse",52.159336,-0.477114,"UK","Be2","Crtl1",315032877,2024-06-17,1
"1519","Common Daisy","Bellis perennis","Asteraceae","plants",1,"ter plaatse",52.161251,-0.472972,"UK","Be2","Field",315032878,2024-06-17,1
"1520","White Clover","Trifolium repens","Fabaceae","plants",7,"ter plaatse",52.161251,-0.472974,"UK","Be2","Field",315032880,2024-06-17,1
"1521","Meadow Buttercup","Ranunculus acris","Ranunculaceae","plants",1,"ter plaatse",52.161167,-0.472933,"UK","Be2","Field",315032882,2024-06-17,1
"1522","Pedunculate Oak","Quercus robur","Fagaceae","plants",1,"ter plaatse",52.16127,-0.472965,"UK","Be2","Field",315032885,2024-06-17,1
"1523","Yorkshire-fog","Holcus lanatus","Poaceae","plants",3,"ter plaatse",52.161263,-0.472952,"UK","Be2","Field",315032888,2024-06-17,1
"1524","Cock's-foot","Dactylis glomerata","Poaceae","plants",35,"ter plaatse",52.161251,-0.472946,"UK","Be2","Field",315032890,2024-06-17,1
"1525","Meadow Barley","Hordeum secalinum","Poaceae","plants",15,"ter plaatse",52.161255,-0.47295,"UK","Be2","Field",315032892,2024-06-17,1
"1526","Timothy","Phleum pratense","Poaceae","plants",25,"ter plaatse",52.161259,-0.472941,"UK","Be2","Field",315032893,2024-06-17,1
"1527","Rough Meadow-grass","Poa trivialis","Poaceae","plants",15,"ter plaatse",52.161259,-0.472941,"UK","Be2","Field",315032896,2024-06-17,1
"1528","Red Fescue","Festuca rubra","Poaceae","plants",25,"ter plaatse",52.161259,-0.472941,"UK","Be2","Field",315032897,2024-06-17,1
"1529","Perennial Rye-grass","Lolium perenne","Poaceae","plants",25,"ter plaatse",52.161259,-0.472941,"UK","Be2","Field",315032899,2024-06-17,1
"1530","Common Nettle","Urtica dioica","Urticaceae","plants",1,"ter plaatse",52.161415,-0.473114,"UK","Be2","Tree",315032906,2024-06-17,1
"1531","Cut-leaved Crane's-bill","Geranium dissectum","Geraniaceae","plants",3,"ter plaatse",52.161407,-0.473144,"UK","Be2","Tree",315032911,2024-06-17,1
"1532","Perennial Rye-grass","Lolium perenne","Poaceae","plants",15,"ter plaatse",52.161392,-0.473127,"UK","Be2","Tree",315032914,2024-06-17,1
"1533","Rough Meadow-grass","Poa trivialis","Poaceae","plants",15,"ter plaatse",52.161392,-0.47313,"UK","Be2","Tree",315032916,2024-06-17,1
"1534","Cock's-foot","Dactylis glomerata","Poaceae","plants",15,"ter plaatse",52.161392,-0.47313,"UK","Be2","Tree",315032920,2024-06-17,1
"1535","Wall Barley","Hordeum murinum","Poaceae","plants",85,"ter plaatse",52.161388,-0.473136,"UK","Be2","Tree",315032921,2024-06-17,1
"1536","Ash","Fraxinus excelsior","Oleaceae","plants",25,"aangeplant",52.161388,-0.473136,"UK","Be2","Tree",315032924,2024-06-17,1
"1537","Large-leaved Lime","Tilia platyphyllos","Malvaceae","plants",25,"aangeplant",52.161388,-0.473136,"UK","Be2","Tree",315032926,2024-06-17,1
"1538","Pedunculate Oak","Quercus robur","Fagaceae","plants",7,"aangeplant",52.161388,-0.473136,"UK","Be2","Tree",315032927,2024-06-17,1
"1539","Field Maple","Acer campestre","Sapindaceae","plants",75,"aangeplant",52.161388,-0.473135,"UK","Be2","Tree",315032929,2024-06-17,1
"1540","White Clover","Trifolium repens","Fabaceae","plants",3,"ter plaatse",52.151356,-0.395082,"UK","Be1","Field",315032960,2024-06-17,1
"1541","Cut-leaved Crane's-bill","Geranium dissectum","Geraniaceae","plants",1,"ter plaatse",52.15136,-0.395084,"UK","Be1","Field",315032963,2024-06-17,1
"1542","Perennial Rye-grass","Lolium perenne","Poaceae","plants",25,"ter plaatse",52.151371,-0.395092,"UK","Be1","Field",315032965,2024-06-17,1
"1543","Red Fescue","Festuca rubra","Poaceae","plants",25,"ter plaatse",52.151375,-0.395097,"UK","Be1","Field",315032967,2024-06-17,1
"1544","Meadow Barley","Hordeum secalinum","Poaceae","plants",75,"ter plaatse",52.151371,-0.395102,"UK","Be1","Field",315032969,2024-06-17,1
"1545","Dove's-foot Crane's-bill","Geranium molle","Geraniaceae","plants",3,"ter plaatse",52.151424,-0.395382,"UK","Be1","Tree",315032976,2024-06-17,1
"1546","Bread Wheat","Triticum aestivum","Poaceae","plants",1,"ter plaatse",52.151424,-0.395383,"UK","Be1","Tree",315032979,2024-06-17,1
"1547","Cock's-foot","Dactylis glomerata","Poaceae","plants",15,"ter plaatse",52.151447,-0.395378,"UK","Be1","Tree",315032982,2024-06-17,1
"1548","Cut-leaved Crane's-bill","Geranium dissectum","Geraniaceae","plants",3,"ter plaatse",52.151447,-0.39538,"UK","Be1","Tree",315032985,2024-06-17,1
"1549","Perennial Rye-grass","Lolium perenne","Poaceae","plants",15,"ter plaatse",52.151451,-0.395381,"UK","Be1","Tree",315032988,2024-06-17,1
"1550","Common Nettle","Urtica dioica","Urticaceae","plants",15,"ter plaatse",52.151451,-0.395377,"UK","Be1","Tree",315032989,2024-06-17,1
"1551","Rough Meadow-grass","Poa trivialis","Poaceae","plants",35,"ter plaatse",52.151451,-0.395377,"UK","Be1","Tree",315032991,2024-06-17,1
"1552","Wall Barley","Hordeum murinum","Poaceae","plants",55,"ter plaatse",52.151451,-0.395377,"UK","Be1","Tree",315032992,2024-06-17,1
"1553","Pedunculate Oak","Quercus robur","Fagaceae","plants",95,"aangeplant",52.151451,-0.395377,"UK","Be1","Tree",315032995,2024-06-17,1
"1554","Crested Dog's-tail","Cynosurus cristatus","Poaceae","plants",3,"ter plaatse",52.152069,-0.390574,"UK","Be1","Crtl2",315033005,2024-06-17,1
"1555","Meadow Barley","Hordeum secalinum","Poaceae","plants",7,"ter plaatse",52.152061,-0.390577,"UK","Be1","Crtl2",315033007,2024-06-17,1
"1556","Smooth Meadow-grass","Poa pratensis","Poaceae","plants",3,"ter plaatse",52.152031,-0.390588,"UK","Be1","Crtl2",315033009,2024-06-17,1
"1557","Red Fescue","Festuca rubra","Poaceae","plants",35,"ter plaatse",52.152042,-0.390592,"UK","Be1","Crtl2",315033011,2024-06-17,1
"1558","Perennial Rye-grass","Lolium perenne","Poaceae","plants",55,"ter plaatse",52.152046,-0.390579,"UK","Be1","Crtl2",315033013,2024-06-17,1
"1559","Cock's-foot","Dactylis glomerata","Poaceae","plants",25,"ter plaatse",52.152046,-0.39057,"UK","Be1","Crtl2",315033015,2024-06-17,1
"1560","White Clover","Trifolium repens","Fabaceae","plants",1,"ter plaatse",52.152073,-0.390948,"UK","Be1","Crtl1",315033021,2024-06-17,1
"1561","Yellow Oat-grass","Trisetum flavescens","Poaceae","plants",7,"ter plaatse",52.152077,-0.39095,"UK","Be1","Crtl1",315033024,2024-06-17,1
"1562","Meadow Barley","Hordeum secalinum","Poaceae","plants",7,"ter plaatse",52.152088,-0.39093,"UK","Be1","Crtl1",315033027,2024-06-17,1
"1563","Smooth Meadow-grass","Poa pratensis","Poaceae","plants",7,"ter plaatse",52.152058,-0.390951,"UK","Be1","Crtl1",315033031,2024-06-17,1
"1564","Cock's-foot","Dactylis glomerata","Poaceae","plants",35,"ter plaatse",52.15205,-0.390941,"UK","Be1","Crtl1",315033034,2024-06-17,1
"1565","Red Fescue","Festuca rubra","Poaceae","plants",25,"ter plaatse",52.15205,-0.390941,"UK","Be1","Crtl1",315033036,2024-06-17,1
"1566","Perennial Rye-grass","Lolium perenne","Poaceae","plants",35,"ter plaatse",52.15205,-0.390941,"UK","Be1","Crtl1",315033038,2024-06-17,1
"1567","Dove's-foot Crane's-bill","Geranium molle","Geraniaceae","plants",3,"ter plaatse",52.15205,-0.390952,"UK","Be1","Crtl1",315033040,2024-06-17,1
"1568","Water Forget-me-not","Myosotis scorpioides","Boraginaceae","plants",3,"ter plaatse",52.530567,-0.184253,"UK","Pe1","Field",315671023,2024-06-22,1
"1569","Tripleurospermum maritimum + Matricaria chamomilla","Tripleurospermum maritimum + Matricaria chamomilla","Asteraceae","plants",1,"ter plaatse",52.530563,-0.184257,"UK","Pe1","Field",315671024,2024-06-22,1
"1570","Field Forget-me-not","Myosotis arvensis","Boraginaceae","plants",3,"ter plaatse",52.53056,-0.184263,"UK","Pe1","Field",315671026,2024-06-22,1
"1571","Black Bindweed","Fallopia convolvulus","Polygonaceae","plants",3,"ter plaatse",52.53054,-0.184314,"UK","Pe1","Field",315671027,2024-06-22,1
"1572","Small Nettle","Urtica urens","Urticaceae","plants",1,"ter plaatse",52.530544,-0.184314,"UK","Pe1","Field",315671029,2024-06-22,1
"1573","Field Pansy","Viola arvensis","Violaceae","plants",15,"ter plaatse",52.53054,-0.184309,"UK","Pe1","Field",315671030,2024-06-22,1
"1574","Common Chickweed","Stellaria media","Caryophyllaceae","plants",15,"ter plaatse",52.53054,-0.184309,"UK","Pe1","Field",315671032,2024-06-22,1
"1575","Cultivated Oat","Avena sativa","Poaceae","plants",95,"ter plaatse",52.530537,-0.18431,"UK","Pe1","Field",315671033,2024-06-22,1
"1576","Corn Poppy","Papaver rhoeas","Papaveraceae","plants",25,"ter plaatse",52.530537,-0.184309,"UK","Pe1","Field",315671035,2024-06-22,1
"1577","Common Nettle","Urtica dioica","Urticaceae","plants",1,"ter plaatse",52.530605,-0.184463,"UK","Pe1","Tree",315671040,2024-06-22,1
"1578","Malus x domestica","Malus x domestica","Rosaceae","plants",85,"aangeplant",52.530609,-0.184427,"UK","Pe1","Tree",315671041,2024-06-22,1
"1579","Cultivated Oat","Avena sativa","Poaceae","plants",7,"ter plaatse",52.530609,-0.184431,"UK","Pe1","Tree",315671042,2024-06-22,1
"1580","Corn Poppy","Papaver rhoeas","Papaveraceae","plants",3,"ter plaatse",52.530609,-0.184433,"UK","Pe1","Tree",315671043,2024-06-22,1
"1581","White Dead-nettle","Lamium album","Lamiaceae","plants",3,"ter plaatse",52.530598,-0.184459,"UK","Pe1","Tree",315671044,2024-06-22,1
"1582","Cleavers","Galium aparine","Rubiaceae","plants",3,"ter plaatse",52.530598,-0.184459,"UK","Pe1","Tree",315671046,2024-06-22,1
"1583","Barren Brome","Anisantha sterilis","Poaceae","plants",65,"ter plaatse",52.530598,-0.184459,"UK","Pe1","Tree",315671047,2024-06-22,1
"1584","False Oat-grass","Arrhenatherum elatius","Poaceae","plants",35,"ter plaatse",52.530598,-0.184459,"UK","Pe1","Tree",315671050,2024-06-22,1
"1585","Hogweed","Heracleum sphondylium","Apiaceae","plants",15,"ter plaatse",52.530598,-0.184457,"UK","Pe1","Tree",315671052,2024-06-22,1
"1586","Hedge Mustard","Sisymbrium officinale","Brassicaceae","plants",3,"ter plaatse",52.530598,-0.184461,"UK","Pe1","Tree",315671053,2024-06-22,1
"1587","Creeping Thistle","Cirsium arvense","Asteraceae","plants",15,"ter plaatse",52.530598,-0.18446,"UK","Pe1","Tree",315671055,2024-06-22,1
"1588","Field Forget-me-not","Myosotis arvensis","Boraginaceae","plants",3,"ter plaatse",52.531265,-0.175661,"UK","Pe1","Crtl2",315671080,2024-06-22,1
"1589","Corn Mint","Mentha arvensis","Lamiaceae","plants",1,"ter plaatse",52.531265,-0.175658,"UK","Pe1","Crtl2",315671081,2024-06-22,1
"1590","Field Pansy","Viola arvensis","Violaceae","plants",1,"ter plaatse",52.531258,-0.175687,"UK","Pe1","Crtl2",315671083,2024-06-22,1
"1591","Black Bindweed","Fallopia convolvulus","Polygonaceae","plants",1,"ter plaatse",52.531258,-0.175688,"UK","Pe1","Crtl2",315671084,2024-06-22,1
"1592","Common Chickweed","Stellaria media","Caryophyllaceae","plants",1,"ter plaatse",52.531277,-0.175656,"UK","Pe1","Crtl2",315671085,2024-06-22,1
"1593","Wall Speedwell","Veronica arvensis","Plantaginaceae","plants",3,"ter plaatse",52.531254,-0.175676,"UK","Pe1","Crtl2",315671088,2024-06-22,1
"1594","Tripleurospermum maritimum + Matricaria chamomilla","Tripleurospermum maritimum + Matricaria chamomilla","Asteraceae","plants",1,"ter plaatse",52.531269,-0.175684,"UK","Pe1","Crtl2",315671090,2024-06-22,1
"1595","Corn Poppy","Papaver rhoeas","Papaveraceae","plants",7,"ter plaatse",52.531265,-0.175683,"UK","Pe1","Crtl2",315671092,2024-06-22,1
"1596","Soft-brome","Bromus hordeaceus","Poaceae","plants",7,"ter plaatse",52.531265,-0.175682,"UK","Pe1","Crtl2",315671094,2024-06-22,1
"1597","Cultivated Oat","Avena sativa","Poaceae","plants",85,"ter plaatse",52.531273,-0.175683,"UK","Pe1","Crtl2",315671098,2024-06-22,1
"1598","Black Bindweed","Fallopia convolvulus","Polygonaceae","plants",1,"ter plaatse",52.530064,-0.177221,"UK","Pe1","Crtl1",315671106,2024-06-22,1
"1599","Common Field-speedwell","Veronica persica","Plantaginaceae","plants",1,"ter plaatse",52.530056,-0.177213,"UK","Pe1","Crtl1",315671107,2024-06-22,1
"1600","Common Chickweed","Stellaria media","Caryophyllaceae","plants",1,"ter plaatse",52.530048,-0.177217,"UK","Pe1","Crtl1",315671108,2024-06-22,1
"1601","Prickly Lettuce","Lactuca serriola","Asteraceae","plants",7,"ter plaatse",52.530052,-0.17722,"UK","Pe1","Crtl1",315671109,2024-06-22,1
"1602","Tripleurospermum maritimum + Matricaria chamomilla","Tripleurospermum maritimum + Matricaria chamomilla","Asteraceae","plants",1,"ter plaatse",52.530048,-0.177237,"UK","Pe1","Crtl1",315671111,2024-06-22,1
"1603","White Campion","Silene latifolia","Caryophyllaceae","plants",3,"ter plaatse",52.530048,-0.177251,"UK","Pe1","Crtl1",315671112,2024-06-22,1
"1604","Creeping Thistle","Cirsium arvense","Asteraceae","plants",7,"ter plaatse",52.530048,-0.177249,"UK","Pe1","Crtl1",315671113,2024-06-22,1
"1605","Corn Poppy","Papaver rhoeas","Papaveraceae","plants",15,"ter plaatse",52.530048,-0.177249,"UK","Pe1","Crtl1",315671115,2024-06-22,1
"1606","Soft-brome","Bromus hordeaceus","Poaceae","plants",15,"ter plaatse",52.530048,-0.177249,"UK","Pe1","Crtl1",315671117,2024-06-22,1
"1607","Cultivated Oat","Avena sativa","Poaceae","plants",85,"ter plaatse",52.530064,-0.17723,"UK","Pe1","Crtl1",315671118,2024-06-22,1
"1608","Cut-leaved Crane's-bill","Geranium dissectum","Geraniaceae","plants",15,"ter plaatse",52.413074,-0.220958,"UK","Wo1","Tree",315671219,2024-06-21,1
"1609","Cock's-foot","Dactylis glomerata","Poaceae","plants",15,"ter plaatse",52.413063,-0.220983,"UK","Wo1","Tree",315671220,2024-06-21,1
"1610","False Oat-grass","Arrhenatherum elatius","Poaceae","plants",95,"ter plaatse",52.413055,-0.220951,"UK","Wo1","Tree",315671221,2024-06-21,1
"1611","Black Mulberry","Morus nigra","Moraceae","plants",7,"aangeplant",52.413059,-0.22099,"UK","Wo1","Tree",315671226,2024-06-21,1
"1612","Malus x domestica","Malus x domestica","Rosaceae","plants",35,"aangeplant",52.413067,-0.221017,"UK","Wo1","Tree",315671230,2024-06-21,1
"1613","Black Horehound","Ballota nigra","Lamiaceae","plants",3,"ter plaatse",52.413067,-0.221017,"UK","Wo1","Tree",315671234,2024-06-21,1
"1614","Field Forget-me-not","Myosotis arvensis","Boraginaceae","plants",3,"ter plaatse",52.413025,-0.221167,"UK","Wo1","Field",315671240,2024-06-21,1
"1615","Wall Speedwell","Veronica arvensis","Plantaginaceae","plants",3,"ter plaatse",52.413036,-0.221146,"UK","Wo1","Field",315671241,2024-06-21,1
"1616","Smooth Meadow-grass","Poa pratensis","Poaceae","plants",3,"ter plaatse",52.413017,-0.22117,"UK","Wo1","Field",315671242,2024-06-21,1
"1617","Black-grass","Alopecurus myosuroides","Poaceae","plants",55,"ter plaatse",52.413029,-0.221176,"UK","Wo1","Field",315671245,2024-06-21,1
"1618","Cultivated Oat","Avena sativa","Poaceae","plants",15,"ter plaatse",52.413025,-0.221176,"UK","Wo1","Field",315671247,2024-06-21,1
"1619","Common Dandelion","Taraxacum officinale s.l. (incl. all sect.)","Asteraceae","plants",3,"ter plaatse",52.413021,-0.221177,"UK","Wo1","Field",315671249,2024-06-21,1
"1620","Hawkweed Oxtongue","Picris hieracioides","Asteraceae","plants",45,"ter plaatse",52.413025,-0.221165,"UK","Wo1","Field",315671251,2024-06-21,1
"1621","White Clover","Trifolium repens","Fabaceae","plants",7,"ter plaatse",52.413029,-0.221163,"UK","Wo1","Field",315671253,2024-06-21,1
"1622","Common Dandelion","Taraxacum officinale s.l. (incl. all sect.)","Asteraceae","plants",1,"ter plaatse",52.414024,-0.222515,"UK","Wo1","Crtl1",315671264,2024-06-21,1
"1623","Field Forget-me-not","Myosotis arvensis","Boraginaceae","plants",3,"ter plaatse",52.414036,-0.222545,"UK","Wo1","Crtl1",315671268,2024-06-21,1
"1624","Cultivated Oat","Avena sativa","Poaceae","plants",15,"ter plaatse",52.414028,-0.222552,"UK","Wo1","Crtl1",315671271,2024-06-21,1
"1625","False mayweed (maritimum)","Tripleurospermum maritimum","Asteraceae","plants",3,"ter plaatse",52.414028,-0.222545,"UK","Wo1","Crtl1",315671273,2024-06-21,1
"1626","Smooth Meadow-grass","Poa pratensis","Poaceae","plants",3,"ter plaatse",52.414024,-0.222552,"UK","Wo1","Crtl1",315671277,2024-06-21,1
"1627","Black-grass","Alopecurus myosuroides","Poaceae","plants",65,"ter plaatse",52.414024,-0.222552,"UK","Wo1","Crtl1",315671278,2024-06-21,1
"1628","Prickly Sow-thistle","Sonchus asper","Asteraceae","plants",15,"ter plaatse",52.414021,-0.222544,"UK","Wo1","Crtl1",315671280,2024-06-21,1
"1629","White Clover","Trifolium repens","Fabaceae","plants",55,"ter plaatse",52.414017,-0.222538,"UK","Wo1","Crtl1",315671282,2024-06-21,1
"1630","Wall Speedwell","Veronica arvensis","Plantaginaceae","plants",1,"ter plaatse",52.414223,-0.223083,"UK","Wo1","Crtl2",315671292,2024-06-21,1
"1631","Common Dandelion","Taraxacum officinale s.l. (incl. all sect.)","Asteraceae","plants",3,"ter plaatse",52.414223,-0.223073,"UK","Wo1","Crtl2",315671294,2024-06-21,1
"1632","Field Forget-me-not","Myosotis arvensis","Boraginaceae","plants",3,"ter plaatse",52.414204,-0.223067,"UK","Wo1","Crtl2",315671297,2024-06-21,1
"1633","Hawkweed Oxtongue","Picris hieracioides","Asteraceae","plants",3,"ter plaatse",52.4142,-0.223061,"UK","Wo1","Crtl2",315671299,2024-06-21,1
"1634","Cultivated Oat","Avena sativa","Poaceae","plants",3,"ter plaatse",52.414196,-0.223058,"UK","Wo1","Crtl2",315671302,2024-06-21,1
"1635","Smooth Meadow-grass","Poa pratensis","Poaceae","plants",25,"ter plaatse",52.414207,-0.22306,"UK","Wo1","Crtl2",315671304,2024-06-21,1
"1636","False mayweed (maritimum)","Tripleurospermum maritimum","Asteraceae","plants",15,"ter plaatse",52.414211,-0.22306,"UK","Wo1","Crtl2",315671305,2024-06-21,1
"1637","Curled Dock","Rumex crispus","Polygonaceae","plants",7,"ter plaatse",52.414211,-0.22306,"UK","Wo1","Crtl2",315671306,2024-06-21,1
"1638","White Clover","Trifolium repens","Fabaceae","plants",45,"ter plaatse",52.414204,-0.223057,"UK","Wo1","Crtl2",315671308,2024-06-21,1
"1639","Prickly Sow-thistle","Sonchus asper","Asteraceae","plants",7,"ter plaatse",52.414211,-0.22306,"UK","Wo1","Crtl2",315671314,2024-06-21,1
"1640","Black-grass","Alopecurus myosuroides","Poaceae","plants",45,"ter plaatse",52.414211,-0.22306,"UK","Wo1","Crtl2",315671324,2024-06-21,1
"1641","Knotgrass","Polygonum aviculare","Polygonaceae","plants",10,"ter plaatse",51.130665,3.566841,"Belgium","Zo1","Crtl2",328252477,2024-09-15,1
"1642","White Clover","Trifolium repens","Fabaceae","plants",1,"ter plaatse",51.1306,3.566969,"Belgium","Zo1","Crtl1",328252480,2024-09-15,1
"1643","Common Chickweed","Stellaria media","Caryophyllaceae","plants",3,"ter plaatse",51.130585,3.566991,"Belgium","Zo1","Crtl1",328252484,2024-09-15,1
"1644","Knotgrass","Polygonum aviculare","Polygonaceae","plants",10,"ter plaatse",51.130585,3.566988,"Belgium","Zo1","Crtl1",328252486,2024-09-15,1
"1645","Meadow Buttercup","Ranunculus acris","Ranunculaceae","plants",2,"ter plaatse",51.130585,3.56699,"Belgium","Zo1","Field",328252488,2024-09-15,1
"1646","False Oat-grass","Arrhenatherum elatius","Poaceae","plants",1,"ter plaatse",48.980064,17.039001,"Czechia","Sa1","Tree",329727993,2024-05-29,1
"1647","Drooping Brome","Anisantha tectorum","Poaceae","plants",3,"ter plaatse",48.980064,17.039001,"Czechia","Sa1","Tree",329728075,2024-05-29,1
"1648","Cock's-foot","Dactylis glomerata","Poaceae","plants",3,"ter plaatse",48.980064,17.039001,"Czechia","Sa1","Tree",329728134,2024-05-29,1
"1649","Common Couch","Elymus repens","Poaceae","plants",3,"ter plaatse",48.980064,17.039001,"Czechia","Sa1","Tree",329728199,2024-05-29,1
"1650","Meadow Fescue","Schedonorus pratensis","Poaceae","plants",15,"ter plaatse",48.980064,17.039001,"Czechia","Sa1","Tree",329728647,2024-05-29,1
"1651","Red Fescue","Festuca rubra","Poaceae","plants",50,"ter plaatse",48.980064,17.039001,"Czechia","Sa1","Tree",329728748,2024-05-29,1
"1652","Perennial Rye-grass","Lolium perenne","Poaceae","plants",1,"ter plaatse",48.980064,17.039001,"Czechia","Sa1","Tree",329729328,2024-05-29,1
"1653","Smooth Meadow-grass","Poa pratensis","Poaceae","plants",15,"ter plaatse",48.980064,17.039001,"Czechia","Sa1","Tree",329729428,2024-05-29,1
"1654","Wild Plum","Prunus domestica","Rosaceae","plants",45,"aangeplant",48.980064,17.039001,"Czechia","Sa1","Tree",329729567,2024-05-29,1
"1655","Rose sp. unknown","Rosa spec.","Rosaceae","plants",1,"ter plaatse",48.980064,17.039001,"Czechia","Sa1","Tree",329729635,2024-05-29,1
"1656","Plumeless Thistle","Carduus acanthoides","Asteraceae","plants",1,"ter plaatse",48.980064,17.039001,"Czechia","Sa1","Tree",329729759,2024-05-29,1
"1657","Cerastium fontanum subsp. holosteoides","Cerastium fontanum subsp. holosteoides","Caryophyllaceae","plants",1,"ter plaatse",48.980064,17.039001,"Czechia","Sa1","Tree",329729900,2024-05-29,1
"1658","Creeping Thistle","Cirsium arvense","Asteraceae","plants",3,"ter plaatse",48.980064,17.039001,"Czechia","Sa1","Tree",329729997,2024-05-29,1
"1659","Tall Fleabane","Erigeron annuus","Asteraceae","plants",1,"ter plaatse",48.980064,17.039001,"Czechia","Sa1","Tree",329730119,2024-05-29,1
"1660","Cleavers","Galium aparine","Rubiaceae","plants",1,"ter plaatse",48.980064,17.039001,"Czechia","Sa1","Tree",329730213,2024-05-29,1
"1661","Black Medick","Medicago lupulina","Fabaceae","plants",1,"ter plaatse",48.980064,17.039001,"Czechia","Sa1","Tree",329730262,2024-05-29,1
"1662","Dandelion sect. Ruderalia","Taraxacum sect. Ruderalia","Asteraceae","plants",15,"ter plaatse",48.980064,17.039001,"Czechia","Sa1","Tree",329730418,2024-05-29,1
"1663","Greater Goatsbeard","Tragopogon dubius","Asteraceae","plants",1,"ter plaatse",48.980064,17.039001,"Czechia","Sa1","Tree",329730484,2024-05-29,1
"1664","Hop Trefoil","Trifolium campestre","Fabaceae","plants",1,"ter plaatse",48.980064,17.039001,"Czechia","Sa1","Tree",329730529,2024-05-29,1
"1665","Wall Speedwell","Veronica arvensis","Plantaginaceae","plants",1,"ter plaatse",48.980064,17.039001,"Czechia","Sa1","Tree",329730577,2024-05-29,1
"1666","Hairy Tare","Vicia hirsuta","Fabaceae","plants",1,"ter plaatse",48.980064,17.039001,"Czechia","Sa1","Tree",329730601,2024-05-29,1
"1667","Lamb's Quarters","Chenopodium album","Amaranthaceae","plants",3,"ter plaatse",48.980178,17.038898,"Czechia","Sa1","Field",329731093,2024-05-29,1
"1668","Buckwheat","Fagopyrum esculentum","Polygonaceae","plants",80,"ter plaatse",48.980178,17.038898,"Czechia","Sa1","Field",329731155,2024-05-29,1
"1669","Lamb's Quarters","Chenopodium album","Amaranthaceae","plants",3,"ter plaatse",48.981167,17.038102,"Czechia","Sa1","Crtl1",329731541,2024-05-29,1
"1670","Hairy Finger-grass","Digitaria sanguinalis","Poaceae","plants",1,"ter plaatse",48.981167,17.038102,"Czechia","Sa1","Crtl1",329731663,2024-05-29,1
"1671","Buckwheat","Fagopyrum esculentum","Polygonaceae","plants",65,"ter plaatse",48.981167,17.038102,"Czechia","Sa1","Crtl1",329731734,2024-05-29,1
"1672","Buckwheat","Fagopyrum esculentum","Polygonaceae","plants",65,"ter plaatse",48.981228,17.038266,"Czechia","Sa1","Crtl2",329731807,2024-05-29,1
"1673","Hairy Finger-grass","Digitaria sanguinalis","Poaceae","plants",1,"ter plaatse",48.981228,17.038266,"Czechia","Sa1","Crtl2",329731844,2024-05-29,1
"1674","Lamb's Quarters","Chenopodium album","Amaranthaceae","plants",3,"ter plaatse",48.981228,17.038266,"Czechia","Sa1","Crtl2",329731868,2024-05-29,1
"1675","Hairy Tare","Vicia hirsuta","Fabaceae","plants",1,"ter plaatse",48.981228,17.038266,"Czechia","Sa1","Crtl2",329731916,2024-05-29,1
"1676","Wall Speedwell","Veronica arvensis","Plantaginaceae","plants",1,"ter plaatse",48.984687,17.022584,"Czechia","Sa2","Tree",329732137,2024-05-29,1
"1677","Scentless False Mayweed (inodorum)","Tripleurospermum inodorum","Asteraceae","plants",5,"ter plaatse",48.984687,17.022584,"Czechia","Sa2","Tree",329732207,2024-05-29,1
"1678","Greater Goatsbeard","Tragopogon dubius","Asteraceae","plants",1,"ter plaatse",48.984687,17.022584,"Czechia","Sa2","Tree",329732285,2024-05-29,1
"1679","Smooth Sow-thistle","Sonchus oleraceus","Asteraceae","plants",1,"ter plaatse",48.984687,17.022584,"Czechia","Sa2","Tree",329732335,2024-05-29,1
"1680","Curled Dock","Rumex crispus","Polygonaceae","plants",1,"ter plaatse",48.984687,17.022584,"Czechia","Sa2","Tree",329732386,2024-05-29,1
"1681","Brown Nonea","Nonea pulla","Boraginaceae","plants",3,"ter plaatse",48.984687,17.022584,"Czechia","Sa2","Tree",329732415,2024-05-29,1
"1682","Wood Avens","Geum urbanum","Rosaceae","plants",1,"ter plaatse",48.984687,17.022584,"Czechia","Sa2","Tree",329745718,2024-05-29,1
"1683","Small-flowered Crane's-bill","Geranium pusillum","Geraniaceae","plants",1,"ter plaatse",48.984687,17.022584,"Czechia","Sa2","Tree",329745728,2024-05-29,1
"1684","Galium mollugo subsp. erectum","Galium mollugo subsp. erectum","Rubiaceae","plants",1,"ter plaatse",48.984687,17.022584,"Czechia","Sa2","Tree",329745742,2024-05-29,1
"1685","Foxglove unknown","Digitalis spec.","Plantaginaceae","plants",1,"ter plaatse",48.984687,17.022584,"Czechia","Sa2","Tree",329745759,2024-05-29,1
"1686","Field Bindweed","Convolvulus arvensis","Convolvulaceae","plants",5,"ter plaatse",48.984687,17.022584,"Czechia","Sa2","Tree",329745941,2024-05-29,1
"1687","Lamb's Quarters","Chenopodium album","Amaranthaceae","plants",1,"ter plaatse",48.984687,17.022584,"Czechia","Sa2","Tree",329746001,2024-05-29,1
"1688","Plumeless Thistle","Carduus acanthoides","Asteraceae","plants",1,"ter plaatse",48.984687,17.022584,"Czechia","Sa2","Tree",329746051,2024-05-29,1
"1689","Scarlet Pimpernel","Anagallis arvensis","Primulaceae","plants",1,"ter plaatse",48.984687,17.022584,"Czechia","Sa2","Tree",329746081,2024-05-29,1
"1690","Rose sp. unknown","Rosa spec.","Rosaceae","plants",3,"ter plaatse",48.984687,17.022584,"Czechia","Sa2","Tree",329746103,2024-05-29,1
"1691","Wild Cherry","Prunus avium","Rosaceae","plants",70,"aangeplant",48.984687,17.022584,"Czechia","Sa2","Tree",329746172,2024-05-29,1
"1692","White Mulberry","Morus alba","Moraceae","plants",3,"onbekend",48.984687,17.022584,"Czechia","Sa2","Tree",329746221,2024-05-29,1
"1693","Spindle","Euonymus europaeus","Celastraceae","plants",1,"onbekend",48.984687,17.022584,"Czechia","Sa2","Tree",329746258,2024-05-29,1
"1694","Dogwood","Cornus sanguinea","Cornaceae","plants",1,"onbekend",48.984687,17.022584,"Czechia","Sa2","Tree",329746274,2024-05-29,1
"1695","Sycamore","Acer pseudoplatanus","Sapindaceae","plants",1,"onbekend",48.984687,17.022584,"Czechia","Sa2","Tree",329746294,2024-05-29,1
"1696","Smooth Meadow-grass","Poa pratensis","Poaceae","plants",5,"onbekend",48.984687,17.022584,"Czechia","Sa2","Tree",329746493,2024-05-29,1
"1697","Perennial Rye-grass","Lolium perenne","Poaceae","plants",3,"onbekend",48.984687,17.022584,"Czechia","Sa2","Tree",329746505,2024-05-29,1
"1698","Red Fescue","Festuca rubra","Poaceae","plants",1,"onbekend",48.984687,17.022584,"Czechia","Sa2","Tree",329746517,2024-05-29,1
"1699","Cock's-foot","Dactylis glomerata","Poaceae","plants",3,"onbekend",48.984687,17.022584,"Czechia","Sa2","Tree",329746541,2024-05-29,1
"1700","Wood Small-reed","Calamagrostis epigejos","Poaceae","plants",1,"onbekend",48.984687,17.022584,"Czechia","Sa2","Tree",329746588,2024-05-29,1
"1701","Drooping Brome","Anisantha tectorum","Poaceae","plants",8,"onbekend",48.984687,17.022584,"Czechia","Sa2","Tree",329746659,2024-05-29,1
"1702","Common Soft-brome","Bromus hordeaceus subsp. hordeaceus","Poaceae","plants",3,"onbekend",48.984687,17.022584,"Czechia","Sa2","Tree",329746750,2024-05-29,1
"1703","Wild Oat","Avena fatua","Poaceae","plants",1,"onbekend",48.984687,17.022584,"Czechia","Sa2","Tree",329746799,2024-05-29,1
"1704","False Oat-grass","Arrhenatherum elatius","Poaceae","plants",60,"onbekend",48.984687,17.022584,"Czechia","Sa2","Tree",329746831,2024-05-29,1
"1705","Bread Wheat","Triticum aestivum","Poaceae","plants",1,"onbekend",48.984687,17.022584,"Czechia","Sa2","Tree",329746863,2024-05-29,1
"1706","Milk Thistle","Silybum marianum","Asteraceae","plants",10,"onbekend",48.984694,17.022528,"Czechia","Sa2","Field",329747455,2024-05-29,1
"1707","Wild Oat","Avena fatua","Poaceae","plants",15,"onbekend",48.984694,17.022528,"Czechia","Sa2","Field",329747483,2024-05-29,1
"1708","Yellow Bristle-grass","Setaria pumila","Poaceae","plants",20,"onbekend",48.984694,17.022528,"Czechia","Sa2","Field",329747530,2024-05-29,1
"1709","Pigweed unknown","Amaranthus spec.","Amaranthaceae","plants",1,"onbekend",48.984694,17.022528,"Czechia","Sa2","Field",329747575,2024-05-29,1
"1710","Scarlet Pimpernel","Anagallis arvensis","Primulaceae","plants",3,"onbekend",48.984694,17.022528,"Czechia","Sa2","Field",329747595,2024-05-29,1
"1711","Thyme-leaved Sandwort","Arenaria serpyllifolia","Caryophyllaceae","plants",1,"onbekend",48.984694,17.022528,"Czechia","Sa2","Field",329747635,2024-05-29,1
"1712","Winter-cress","Barbarea vulgaris","Brassicaceae","plants",1,"onbekend",48.984694,17.022528,"Czechia","Sa2","Field",329747647,2024-05-29,1
"1713","Plumeless Thistle","Carduus acanthoides","Asteraceae","plants",1,"onbekend",48.984694,17.022528,"Czechia","Sa2","Field",329747655,2024-05-29,1
"1714","Lamb's Quarters","Chenopodium album","Amaranthaceae","plants",1,"onbekend",48.984694,17.022528,"Czechia","Sa2","Field",329747679,2024-05-29,1
"1715","Common Stork's-bill","Erodium cicutarium","Geraniaceae","plants",1,"onbekend",48.984694,17.022528,"Czechia","Sa2","Field",329747719,2024-05-29,1
"1716","Longleaf","Falcaria vulgaris","Apiaceae","plants",1,"onbekend",48.984694,17.022528,"Czechia","Sa2","Field",329747744,2024-05-29,1
"1717","False Cleavers","Galium spurium","Rubiaceae","plants",1,"onbekend",48.984694,17.022528,"Czechia","Sa2","Field",329747791,2024-05-29,1
"1718","Small-flowered Crane's-bill","Geranium pusillum","Geraniaceae","plants",1,"onbekend",48.984694,17.022528,"Czechia","Sa2","Field",329747824,2024-05-29,1
"1719","Tuberous Pea","Lathyrus tuberosus","Fabaceae","plants",2,"onbekend",48.984694,17.022528,"Czechia","Sa2","Field",329747877,2024-05-29,1
"1720","Black Medick","Medicago lupulina","Fabaceae","plants",1,"onbekend",48.984694,17.022528,"Czechia","Sa2","Field",329747906,2024-05-29,1
"1721","Knotgrass","Polygonum aviculare","Polygonaceae","plants",3,"onbekend",48.984694,17.022528,"Czechia","Sa2","Field",329748182,2024-05-29,1
"1722","Curled Dock","Rumex crispus","Polygonaceae","plants",1,"onbekend",48.984694,17.022528,"Czechia","Sa2","Field",329748222,2024-05-29,1
"1723","Smooth Sow-thistle","Sonchus oleraceus","Asteraceae","plants",1,"onbekend",48.984694,17.022528,"Czechia","Sa2","Field",329748467,2024-05-29,1
"1724","Common Chickweed","Stellaria media","Caryophyllaceae","plants",1,"onbekend",48.984694,17.022528,"Czechia","Sa2","Field",329748496,2024-05-29,1
"1725","Field Penny-cress","Thlaspi arvense","Brassicaceae","plants",1,"onbekend",48.984694,17.022528,"Czechia","Sa2","Field",329748527,2024-05-29,1
"1726","Common Vetch","Vicia sativa","Fabaceae","plants",1,"onbekend",48.984694,17.022528,"Czechia","Sa2","Field",329748553,2024-05-29,1
"1727","White Campion","Silene latifolia","Caryophyllaceae","plants",1,"onbekend",48.986051,17.02359,"Czechia","Sa2","Crtl1",329748684,2024-05-29,1
"1728","Wild Mignonette","Reseda lutea","Resedaceae","plants",1,"onbekend",48.986051,17.02359,"Czechia","Sa2","Crtl1",329748719,2024-05-29,1
"1729","Black Medick","Medicago lupulina","Fabaceae","plants",1,"onbekend",48.986051,17.02359,"Czechia","Sa2","Crtl1",329748845,2024-05-29,1
"1730","Tuberous Pea","Lathyrus tuberosus","Fabaceae","plants",2,"onbekend",48.986051,17.02359,"Czechia","Sa2","Crtl1",329748938,2024-05-29,1
"1731","Small-flowered Crane's-bill","Geranium pusillum","Geraniaceae","plants",1,"onbekend",48.986051,17.02359,"Czechia","Sa2","Crtl1",329748989,2024-05-29,1
"1732","False Cleavers","Galium spurium","Rubiaceae","plants",1,"onbekend",48.986051,17.02359,"Czechia","Sa2","Crtl1",329749045,2024-05-29,1
"1733","Black Bindweed","Fallopia convolvulus","Polygonaceae","plants",1,"onbekend",48.986051,17.02359,"Czechia","Sa2","Crtl1",329749080,2024-05-29,1
"1734","Common Carrot","Daucus carota","Apiaceae","plants",1,"onbekend",48.986051,17.02359,"Czechia","Sa2","Crtl1",329749456,2024-05-29,1
"1735","Creeping Thistle","Cirsium arvense","Asteraceae","plants",1,"onbekend",48.986051,17.02359,"Czechia","Sa2","Crtl1",329757961,2024-05-29,1
"1736","Lamb's Quarters","Chenopodium album","Amaranthaceae","plants",20,"onbekend",48.986051,17.02359,"Czechia","Sa2","Crtl1",329758022,2024-05-29,1
"1737","Welted Thistle","Carduus crispus","Asteraceae","plants",1,"onbekend",48.986051,17.02359,"Czechia","Sa2","Crtl1",329758052,2024-05-29,1
"1738","Plumeless Thistle","Carduus acanthoides","Asteraceae","plants",1,"onbekend",48.986051,17.02359,"Czechia","Sa2","Crtl1",329758063,2024-05-29,1
"1739","Winter-cress","Barbarea vulgaris","Brassicaceae","plants",1,"onbekend",48.986051,17.02359,"Czechia","Sa2","Crtl1",329758094,2024-05-29,1
"1740","Scarlet Pimpernel","Anagallis arvensis","Primulaceae","plants",3,"onbekend",48.986051,17.02359,"Czechia","Sa2","Crtl1",329758149,2024-05-29,1
"1741","Yellow Bristle-grass","Setaria pumila","Poaceae","plants",20,"onbekend",48.986051,17.02359,"Czechia","Sa2","Crtl1",329758235,2024-05-29,1
"1742","Wild Oat","Avena fatua","Poaceae","plants",10,"onbekend",48.986051,17.02359,"Czechia","Sa2","Crtl1",329758253,2024-05-29,1
"1743","Milk Thistle","Silybum marianum","Asteraceae","plants",35,"onbekend",48.986051,17.02359,"Czechia","Sa2","Crtl1",329758306,2024-05-29,1
"1744","Milk Thistle","Silybum marianum","Asteraceae","plants",25,"onbekend",48.985973,17.023464,"Czechia","Sa2","Crtl2",329892150,2024-05-29,1
"1745","Wild Oat","Avena fatua","Poaceae","plants",25,"onbekend",48.985973,17.023464,"Czechia","Sa2","Crtl2",329892207,2024-05-29,1
"1746","Yellow Bristle-grass","Setaria pumila","Poaceae","plants",10,"onbekend",48.985973,17.023464,"Czechia","Sa2","Crtl2",329893719,2024-05-29,1
"1747","Pigweed unknown","Amaranthus spec.","Amaranthaceae","plants",1,"onbekend",48.985973,17.023464,"Czechia","Sa2","Crtl2",329893745,2024-05-29,1
"1748","Scarlet Pimpernel","Anagallis arvensis","Primulaceae","plants",1,"onbekend",48.985973,17.023464,"Czechia","Sa2","Crtl2",329893788,2024-05-29,1
"1749","Winter-cress","Barbarea vulgaris","Brassicaceae","plants",1,"onbekend",48.985973,17.023464,"Czechia","Sa2","Crtl2",329893843,2024-05-29,1
"1750","Lamb's Quarters","Chenopodium album","Amaranthaceae","plants",10,"onbekend",48.985973,17.023464,"Czechia","Sa2","Crtl2",329893897,2024-05-29,1
"1751","Creeping Thistle","Cirsium arvense","Asteraceae","plants",3,"onbekend",48.985973,17.023464,"Czechia","Sa2","Crtl2",329893959,2024-05-29,1
"1752","Sun Spurge","Euphorbia helioscopia","Euphorbiaceae","plants",1,"onbekend",48.985973,17.023464,"Czechia","Sa2","Crtl2",329893989,2024-05-29,1
"1753","Black Bindweed","Fallopia convolvulus","Polygonaceae","plants",1,"onbekend",48.985973,17.023464,"Czechia","Sa2","Crtl2",329894024,2024-05-29,1
"1754","Black Medick","Medicago lupulina","Fabaceae","plants",1,"onbekend",48.985973,17.023464,"Czechia","Sa2","Crtl2",329894101,2024-05-29,1
"1755","Small Toadflax","Chaenorhinum minus","Plantaginaceae","plants",1,"onbekend",48.985973,17.023464,"Czechia","Sa2","Crtl2",329894286,2024-05-29,1
"1756","White Campion","Silene latifolia","Caryophyllaceae","plants",1,"onbekend",48.985973,17.023464,"Czechia","Sa2","Crtl2",329894331,2024-05-29,1
"1757","Field Penny-cress","Thlaspi arvense","Brassicaceae","plants",1,"onbekend",48.985973,17.023464,"Czechia","Sa2","Crtl2",329894379,2024-05-29,1
"1758","False Cleavers","Galium spurium","Rubiaceae","plants",1,"onbekend",48.985973,17.023464,"Czechia","Sa2","Crtl2",329894687,2024-05-29,1
"1759","Field Pansy","Viola arvensis","Violaceae","plants",1,"onbekend",49.002317,16.605614,"Czechia","Za1","Tree",329894839,2024-05-29,1
"1760","Hairy Tare","Vicia hirsuta","Fabaceae","plants",1,"onbekend",49.002317,16.605614,"Czechia","Za1","Tree",329894866,2024-05-29,1
"1761","Veronica hederifolia subsp. lucorum","Veronica hederifolia subsp. lucorum","Plantaginaceae","plants",1,"onbekend",49.002317,16.605614,"Czechia","Za1","Tree",329894905,2024-05-29,1
"1762","Scentless False Mayweed (inodorum)","Tripleurospermum inodorum","Asteraceae","plants",40,"onbekend",49.002317,16.605614,"Czechia","Za1","Tree",329894985,2024-05-29,1
"1763","Common Chickweed","Stellaria media","Caryophyllaceae","plants",1,"onbekend",49.002317,16.605614,"Czechia","Za1","Tree",329895090,2024-05-29,1
"1764","Knotgrass","Polygonum aviculare","Polygonaceae","plants",1,"onbekend",49.002317,16.605614,"Czechia","Za1","Tree",329895125,2024-05-29,1
"1765","Henbit Dead-nettle","Lamium amplexicaule","Lamiaceae","plants",5,"onbekend",49.002317,16.605614,"Czechia","Za1","Tree",329895185,2024-05-29,1
"1766","Prickly Lettuce","Lactuca serriola","Asteraceae","plants",1,"onbekend",49.002317,16.605614,"Czechia","Za1","Tree",329895215,2024-05-29,1
"1767","Small-flowered Crane's-bill","Geranium pusillum","Geraniaceae","plants",1,"onbekend",49.002317,16.605614,"Czechia","Za1","Tree",329895238,2024-05-29,1
"1768","Black Bindweed","Fallopia convolvulus","Polygonaceae","plants",3,"onbekend",49.002317,16.605614,"Czechia","Za1","Tree",329895260,2024-05-29,1
"1769","Lamb's Quarters","Chenopodium album","Amaranthaceae","plants",1,"onbekend",49.002317,16.605614,"Czechia","Za1","Tree",329895295,2024-05-29,1
"1770","Rat's-tail Fescue","Vulpia myuros","Poaceae","plants",1,"onbekend",49.002317,16.605614,"Czechia","Za1","Tree",329895348,2024-05-29,1
"1771","Smooth Meadow-grass","Poa pratensis","Poaceae","plants",3,"onbekend",49.002317,16.605614,"Czechia","Za1","Tree",329895373,2024-05-29,1
"1772","Perennial Rye-grass","Lolium perenne","Poaceae","plants",1,"onbekend",49.002317,16.605614,"Czechia","Za1","Tree",329895388,2024-05-29,1
"1773","Red Fescue","Festuca rubra","Poaceae","plants",7,"onbekend",49.002317,16.605614,"Czechia","Za1","Tree",329895406,2024-05-29,1
"1774","Wild Privet","Ligustrum vulgare","Oleaceae","plants",1,"onbekend",49.002317,16.605614,"Czechia","Za1","Tree",329895428,2024-05-29,1
"1775","Common Couch","Elymus repens","Poaceae","plants",3,"onbekend",49.002317,16.605614,"Czechia","Za1","Tree",329895474,2024-05-29,1
"1776","Drooping Brome","Anisantha tectorum","Poaceae","plants",1,"onbekend",49.002317,16.605614,"Czechia","Za1","Tree",329895493,2024-05-29,1
"1777","Bread Wheat","Triticum aestivum","Poaceae","plants",1,"onbekend",49.002317,16.605614,"Czechia","Za1","Tree",329895545,2024-05-29,1
"1778","Six-row Barley","Hordeum vulgare","Poaceae","plants",1,"onbekend",49.002317,16.605614,"Czechia","Za1","Tree",329895584,2024-05-29,1
"1779","Populus x canadensis (P. deltoides x P. nigra)","Populus x canadensis (P. deltoides x P. nigra)","Salicaceae","plants",20,"aangeplant",49.002317,16.605614,"Czechia","Za1","Tree",329895646,2024-05-29,1
"1780","Bread Wheat","Triticum aestivum","Poaceae","plants",75,"onbekend",49.002319,16.605459,"Czechia","Za1","Field",329895799,2024-05-29,1
"1781","Spear Thistle","Cirsium vulgare","Asteraceae","plants",1,"onbekend",49.002319,16.605459,"Czechia","Za1","Field",329895850,2024-05-29,1
"1782","Black Bindweed","Fallopia convolvulus","Polygonaceae","plants",3,"onbekend",49.002319,16.605459,"Czechia","Za1","Field",329895893,2024-05-29,1
"1783","Henbit Dead-nettle","Lamium amplexicaule","Lamiaceae","plants",1,"onbekend",49.002319,16.605459,"Czechia","Za1","Field",329895941,2024-05-29,1
"1784","Knotgrass","Polygonum aviculare","Polygonaceae","plants",1,"onbekend",49.002319,16.605459,"Czechia","Za1","Field",329895968,2024-05-29,1
"1785","Field Pansy","Viola arvensis","Violaceae","plants",1,"onbekend",49.002319,16.605459,"Czechia","Za1","Field",329895982,2024-05-29,1
"1786","Field Pansy","Viola arvensis","Violaceae","plants",3,"onbekend",49.004,16.605091,"Czechia","Za1","Crtl1",329896062,2024-05-29,1
"1787","Grey Field-speedwell","Veronica polita","Plantaginaceae","plants",1,"onbekend",49.004,16.605091,"Czechia","Za1","Crtl1",329896082,2024-05-29,1
"1788","Knotgrass","Polygonum aviculare","Polygonaceae","plants",1,"ter plaatse",49.004,16.605091,"Czechia","Za1","Crtl1",329896110,2024-05-29,1
"1789","Black Bindweed","Fallopia convolvulus","Polygonaceae","plants",3,"ter plaatse",49.004,16.605091,"Czechia","Za1","Crtl1",329896168,2024-05-29,1
"1790","Plumeless Thistle","Carduus acanthoides","Asteraceae","plants",1,"ter plaatse",49.004,16.605091,"Czechia","Za1","Crtl1",329896254,2024-05-29,1
"1791","Bread Wheat","Triticum aestivum","Poaceae","plants",80,"ter plaatse",49.004,16.605091,"Czechia","Za1","Crtl1",329896311,2024-05-29,1
"1792","Bread Wheat","Triticum aestivum","Poaceae","plants",80,"ter plaatse",49.004157,16.60503,"Czechia","Za1","Crtl2",329918025,2024-05-29,1
"1793","Plumeless Thistle","Carduus acanthoides","Asteraceae","plants",1,"ter plaatse",49.004157,16.60503,"Czechia","Za1","Crtl2",329918080,2024-05-29,1
"1794","Black Bindweed","Fallopia convolvulus","Polygonaceae","plants",3,"ter plaatse",49.004157,16.60503,"Czechia","Za1","Crtl2",329918127,2024-05-29,1
"1795","Knotgrass","Polygonum aviculare","Polygonaceae","plants",1,"ter plaatse",49.004157,16.60503,"Czechia","Za1","Crtl2",329918203,2024-05-29,1
"1796","Field Pansy","Viola arvensis","Violaceae","plants",1,"ter plaatse",49.004157,16.60503,"Czechia","Za1","Crtl2",329918258,2024-05-29,1
"1797","Sun Spurge","Euphorbia helioscopia","Euphorbiaceae","plants",1,"ter plaatse",48.978044,17.009865,"Czechia","Sa3","Crtl2",329918583,2024-05-29,1
"1798","Field Bindweed","Convolvulus arvensis","Convolvulaceae","plants",3,"ter plaatse",48.978044,17.009865,"Czechia","Sa3","Crtl2",329918626,2024-05-29,1
"1799","Creeping Thistle","Cirsium arvense","Asteraceae","plants",7,"ter plaatse",48.978044,17.009865,"Czechia","Sa3","Crtl2",329918713,2024-05-29,1
"1800","Lamb's Quarters","Chenopodium album","Amaranthaceae","plants",1,"ter plaatse",48.978044,17.009865,"Czechia","Sa3","Crtl2",329918800,2024-05-29,1
"1801","Garden Pea","Pisum sativum","Fabaceae","plants",65,"ter plaatse",48.978044,17.009865,"Czechia","Sa3","Crtl2",329918852,2024-05-29,1
"1802","Rape","Brassica napus","Brassicaceae","plants",3,"ter plaatse",48.97828,17.009692,"Czechia","Sa3","Crtl1",329918975,2024-05-29,1
"1803","Garden Pea","Pisum sativum","Fabaceae","plants",70,"ter plaatse",48.97828,17.009692,"Czechia","Sa3","Crtl1",329919043,2024-05-29,1
"1804","Hairy Finger-grass","Digitaria sanguinalis","Poaceae","plants",1,"ter plaatse",48.97828,17.009692,"Czechia","Sa3","Crtl1",329919091,2024-05-29,1
"1805","Lamb's Quarters","Chenopodium album","Amaranthaceae","plants",3,"ter plaatse",48.97828,17.009692,"Czechia","Sa3","Crtl1",329919180,2024-05-29,1
"1806","Creeping Thistle","Cirsium arvense","Asteraceae","plants",3,"ter plaatse",48.97828,17.009692,"Czechia","Sa3","Crtl1",329919240,2024-05-29,1
"1807","Black Bindweed","Fallopia convolvulus","Polygonaceae","plants",5,"ter plaatse",48.97828,17.009692,"Czechia","Sa3","Crtl1",329919313,2024-05-29,1
"1808","Groundsel","Senecio vulgaris","Asteraceae","plants",1,"ter plaatse",48.97828,17.009692,"Czechia","Sa3","Crtl1",329919371,2024-05-29,1
"1809","Scentless False Mayweed (inodorum)","Tripleurospermum inodorum","Asteraceae","plants",1,"ter plaatse",48.976341,17.011848,"Czechia","Sa3","Field",329919539,2024-05-29,1
"1810","Black Bindweed","Fallopia convolvulus","Polygonaceae","plants",3,"ter plaatse",48.976341,17.011848,"Czechia","Sa3","Field",329919592,2024-05-29,1
"1811","Field Bindweed","Convolvulus arvensis","Convolvulaceae","plants",1,"ter plaatse",48.976341,17.011848,"Czechia","Sa3","Field",329919636,2024-05-29,1
"1812","Creeping Thistle","Cirsium arvense","Asteraceae","plants",1,"ter plaatse",48.976341,17.011848,"Czechia","Sa3","Field",329919737,2024-05-29,1
"1813","Hairy Finger-grass","Digitaria sanguinalis","Poaceae","plants",3,"ter plaatse",48.976341,17.011848,"Czechia","Sa3","Field",329919824,2024-05-29,1
"1814","Garden Pea","Pisum sativum","Fabaceae","plants",70,"ter plaatse",48.976341,17.011848,"Czechia","Sa3","Field",329919904,2024-05-29,1
"1815","False Oat-grass","Arrhenatherum elatius","Poaceae","plants",3,"ter plaatse",48.976234,17.011649,"Czechia","Sa3","Tree",329920250,2024-05-29,1
"1816","Drooping Brome","Anisantha tectorum","Poaceae","plants",5,"ter plaatse",48.976234,17.011649,"Czechia","Sa3","Tree",329920278,2024-05-29,1
"1817","Wood Small-reed","Calamagrostis epigejos","Poaceae","plants",7,"ter plaatse",48.976234,17.011649,"Czechia","Sa3","Tree",329920348,2024-05-29,1
"1818","Meadow Fescue","Schedonorus pratensis","Poaceae","plants",25,"ter plaatse",48.976234,17.011649,"Czechia","Sa3","Tree",329920396,2024-05-29,1
"1819","Red Fescue","Festuca rubra","Poaceae","plants",25,"ter plaatse",48.976234,17.011649,"Czechia","Sa3","Tree",329920435,2024-05-29,1
"1820","Perennial Rye-grass","Lolium perenne","Poaceae","plants",3,"ter plaatse",48.976234,17.011649,"Czechia","Sa3","Tree",329920460,2024-05-29,1
"1821","Hawthorn unknown","Crataegus spec.","Rosaceae","plants",3,"ter plaatse",48.976234,17.011649,"Czechia","Sa3","Tree",329920521,2024-05-29,1
"1822","Wild Privet","Ligustrum vulgare","Oleaceae","plants",1,"ter plaatse",48.976234,17.011649,"Czechia","Sa3","Tree",329920553,2024-05-29,1
"1823","Wild Cherry","Prunus avium","Rosaceae","plants",1,"ter plaatse",48.976234,17.011649,"Czechia","Sa3","Tree",329920565,2024-05-29,1
"1824","Prunus domestica subsp. insititia","Prunus domestica subsp. insititia","Rosaceae","plants",1,"ter plaatse",48.976234,17.011649,"Czechia","Sa3","Tree",329920634,2024-05-29,1
"1825","Red Currant","Ribes rubrum","Grossulariaceae","plants",1,"ter plaatse",48.976234,17.011649,"Czechia","Sa3","Tree",329920652,2024-05-29,1
"1826","Rose sp. unknown","Rosa spec.","Rosaceae","plants",1,"ter plaatse",48.976234,17.011649,"Czechia","Sa3","Tree",329920697,2024-05-29,1
"1827","Thyme-leaved Sandwort","Arenaria serpyllifolia","Caryophyllaceae","plants",3,"ter plaatse",48.976234,17.011649,"Czechia","Sa3","Tree",329920789,2024-05-29,1
"1828","Edible asparagus","Asparagus officinalis","Asparagaceae","plants",1,"ter plaatse",48.976234,17.011649,"Czechia","Sa3","Tree",329920826,2024-05-29,1
"1829","Aster unknown","Aster spec.","Asteraceae","plants",5,"ter plaatse",48.976234,17.011649,"Czechia","Sa3","Tree",329920865,2024-05-29,1
"1830","Plumeless Thistle","Carduus acanthoides","Asteraceae","plants",1,"ter plaatse",48.976234,17.011649,"Czechia","Sa3","Tree",329920888,2024-05-29,1
"1831","Creeping Thistle","Cirsium arvense","Asteraceae","plants",3,"ter plaatse",48.976234,17.011649,"Czechia","Sa3","Tree",329920925,2024-05-29,1
"1832","Field Bindweed","Convolvulus arvensis","Convolvulaceae","plants",3,"ter plaatse",48.976234,17.011649,"Czechia","Sa3","Tree",329920981,2024-05-29,1
"1833","Hound's-tongue","Cynoglossum officinale","Boraginaceae","plants",1,"ter plaatse",48.976234,17.011649,"Czechia","Sa3","Tree",329921033,2024-05-29,1
"1834","Longleaf","Falcaria vulgaris","Apiaceae","plants",1,"ter plaatse",48.976234,17.011649,"Czechia","Sa3","Tree",329921315,2024-05-29,1
"1835","Common Bird's-foot-trefoil","Lotus corniculatus","Fabaceae","plants",1,"ter plaatse",48.976234,17.011649,"Czechia","Sa3","Tree",329921378,2024-05-29,1
"1836","Black Medick","Medicago lupulina","Fabaceae","plants",3,"ter plaatse",48.976234,17.011649,"Czechia","Sa3","Tree",329921398,2024-05-29,1
"1837","Hawkweed Oxtongue","Picris hieracioides","Asteraceae","plants",3,"ter plaatse",48.976234,17.011649,"Czechia","Sa3","Tree",329921498,2024-05-29,1
"1838","Canadian Goldenrod","Solidago canadensis","Asteraceae","plants",1,"ter plaatse",48.976234,17.011649,"Czechia","Sa3","Tree",329921549,2024-05-29,1
"1839","Dandelion sect. Ruderalia","Taraxacum sect. Ruderalia","Asteraceae","plants",3,"ter plaatse",48.976234,17.011649,"Czechia","Sa3","Tree",329921620,2024-05-29,1
"1840","Greater Goatsbeard","Tragopogon dubius","Asteraceae","plants",1,"ter plaatse",48.976234,17.011649,"Czechia","Sa3","Tree",329921682,2024-05-29,1
"1841","Wall Speedwell","Veronica arvensis","Plantaginaceae","plants",1,"ter plaatse",48.976234,17.011649,"Czechia","Sa3","Tree",329921707,2024-05-29,1
"1842","Grey Field-speedwell","Veronica polita","Plantaginaceae","plants",1,"ter plaatse",48.976234,17.011649,"Czechia","Sa3","Tree",329921727,2024-05-29,1
"1843","Slender Vetch","Vicia tetrasperma","Fabaceae","plants",7,"ter plaatse",48.976234,17.011649,"Czechia","Sa3","Tree",329921755,2024-05-29,1
