"","latname","species.group","number","date","country","Loc","Type","Periode","id","Det","Sex","Stage","Comments","Method","Family","Order","Spec.group"
"1","Aricia cramera","Dagvlinders",1,2024-03-19,"Portugal","MV2","Crtl2",1,"301557819","Jari Vandendriessche","","Ad","","Transect","Lycaenidae","Lepidoptera","butterflies"
"2","Euchloe belemia","Dagvlinders",1,2024-03-19,"Portugal","MV2","Crtl2",1,"301557823","Jari Vandendriessche","","Ad","","Transect","Pieridae","Lepidoptera","butterflies"
"3","Euchloe belemia","Dagvlinders",5,2024-03-19,"Portugal","MV2","Tree",1,"301557827","Jari Vandendriessche","","Ad","","Transect","Pieridae","Lepidoptera","butterflies"
"4","Pontia daplidice","Dagvlinders",2,2024-03-19,"Portugal","MV2","Field",1,"301557829","Jari Vandendriessche","","Ad","","Transect","Pieridae","Lepidoptera","butterflies"
"5","Coenonympha pamphilus","Dagvlinders",1,2024-03-19,"Portugal","MV2","Field",1,"301557834","Jari Vandendriessche","","Ad","","Transect","Nymphalidae","Lepidoptera","butterflies"
"6","Euchloe belemia","Dagvlinders",2,2024-03-19,"Portugal","MV1","Field",1,"301557849","Jari Vandendriessche","","Ad","","Transect","Pieridae","Lepidoptera","butterflies"
"7","Lycaena phlaeas","Dagvlinders",1,2024-03-19,"Portugal","MV1","Field",1,"301557851","Jari Vandendriessche","","Ad","","Transect","Lycaenidae","Lepidoptera","butterflies"
"8","Colias crocea","Dagvlinders",1,2024-03-19,"Portugal","MV1","Crtl2",1,"301557910","Jari Vandendriessche","","Ad","","Transect","Pieridae","Lepidoptera","butterflies"
"9","Euchloe belemia","Dagvlinders",5,2024-03-19,"Portugal","MV1","Crtl2",1,"301557912","Jari Vandendriessche","","Ad","","Transect","Pieridae","Lepidoptera","butterflies"
"10","Tyta luctuosa","Nachtvlinders en micro's",1,2024-03-19,"Portugal","MV1","Crtl2",1,"301557915","Jari Vandendriessche","","Ad","","Transect","Erebidae","Lepidoptera","butterflies"
"11","Colias crocea","Dagvlinders",1,2024-03-19,"Portugal","MV1","Crtl1",1,"301557918","Jari Vandendriessche","","Ad","","Transect","Pieridae","Lepidoptera","butterflies"
"12","Euchloe belemia","Dagvlinders",7,2024-03-19,"Portugal","MV1","Crtl1",1,"301557920","Jari Vandendriessche","","Ad","","Transect","Pieridae","Lepidoptera","butterflies"
"13","Apis mellifera","Bijen, wespen en mieren",1,2024-03-19,"Portugal","MV1","Crtl1",1,"301557922","Jari Vandendriessche","","Ad","","Transect","Apidae","Hymenoptera","bees"
"14","Zerynthia rumina","Dagvlinders",1,2024-03-21,"Portugal","JS2","Tree",1,"301749527","Jari Vandendriessche","","Ad","","Transect","Papilionidae","Lepidoptera","butterflies"
"15","Euchloe belemia","Dagvlinders",1,2024-03-21,"Portugal","JS2","Field",1,"301749532","Jari Vandendriessche","","Ad","","Transect","Pieridae","Lepidoptera","butterflies"
"16","Zerynthia rumina","Dagvlinders",1,2024-03-21,"Portugal","JS2","Field",1,"301749534","Jari Vandendriessche","","Ad","","Transect","Papilionidae","Lepidoptera","butterflies"
"17","Colias crocea","Dagvlinders",4,2024-03-24,"Portugal","MV3","Crtl2",1,"301978599","Jari Vandendriessche","","Ad","","Transect","Pieridae","Lepidoptera","butterflies"
"18","Pieris rapae","Dagvlinders",2,2024-03-24,"Portugal","MV3","Crtl2",1,"301978600","Jari Vandendriessche","","Ad","","Transect","Pieridae","Lepidoptera","butterflies"
"19","Apis mellifera","Bijen, wespen en mieren",2,2024-03-24,"Portugal","MV3","Crtl2",1,"301978601","Jari Vandendriessche","","Ad","","Transect","Apidae","Hymenoptera","bees"
"20","Apis mellifera","Bijen, wespen en mieren",3,2024-03-24,"Portugal","MV3","Crtl1",1,"301978605","Jari Vandendriessche","","Ad","","Transect","Apidae","Hymenoptera","bees"
"21","Colias crocea","Dagvlinders",3,2024-03-24,"Portugal","MV3","Crtl1",1,"301978607","Jari Vandendriessche","","Ad","","Transect","Pieridae","Lepidoptera","butterflies"
"22","Colias crocea","Dagvlinders",1,2024-03-24,"Portugal","MV3","Tree",1,"301978611","Jari Vandendriessche","","Ad","","Transect","Pieridae","Lepidoptera","butterflies"
"23","Lycaena phlaeas","Dagvlinders",2,2024-03-24,"Portugal","MV3","Tree",1,"301978614","Jari Vandendriessche","","Ad","","Transect","Lycaenidae","Lepidoptera","butterflies"
"24","Euchloe belemia","Dagvlinders",10,2024-03-24,"Portugal","MV3","Tree",1,"301978616","Jari Vandendriessche","","Ad","","Transect","Pieridae","Lepidoptera","butterflies"
"25","Apis mellifera","Bijen, wespen en mieren",4,2024-03-24,"Portugal","MV3","Tree",1,"301978619","Jari Vandendriessche","","Ad","","Transect","Apidae","Hymenoptera","bees"
"26","Phyllopertha horticola","Kevers",1,2024-03-24,"Portugal","MV3","Tree",1,"301978622","Jari Vandendriessche","","Ad","","Transect","Scarabaeidae","Coleoptera","beetles"
"27","Chasmatopterus spec.","Kevers",1,2024-03-24,"Portugal","MV3","Field",1,"301978628","Jari Vandendriessche","","Ad","","Transect","Scarabaeidae","Coleoptera","beetles"
"28","Pieris rapae","Dagvlinders",1,2024-03-24,"Portugal","MV3","Field",1,"301978631","Jari Vandendriessche","","Ad","","Transect","Pieridae","Lepidoptera","butterflies"
"29","Apis mellifera","Bijen, wespen en mieren",1,2024-03-24,"Portugal","MV3","Field",1,"301978634","Jari Vandendriessche","","Ad","","Transect","Apidae","Hymenoptera","bees"
"30","Lycaena phlaeas","Dagvlinders",2,2024-03-24,"Portugal","MV3","Field",1,"301978635","Jari Vandendriessche","","Ad","","Transect","Lycaenidae","Lepidoptera","butterflies"
"31","Euchloe belemia","Dagvlinders",9,2024-03-24,"Portugal","MV3","Field",1,"301978636","Jari Vandendriessche","","Ad","","Transect","Pieridae","Lepidoptera","butterflies"
"32","Colias crocea","Dagvlinders",3,2024-03-24,"Portugal","MV3","Field",1,"301978637","Jari Vandendriessche","","Ad","","Transect","Pieridae","Lepidoptera","butterflies"
"33","Pieris brassicae","Dagvlinders",1,2024-03-24,"Portugal","MV3","Field",1,"301978639","Jari Vandendriessche","","Ad","","Transect","Pieridae","Lepidoptera","butterflies"
"34","Autographa gamma","Nachtvlinders en micro's",1,2024-03-23,"Portugal","Mo1","Crtl2",1,"301979192","Jari Vandendriessche","","Ad","","Transect","Noctuidae","Lepidoptera","butterflies"
"35","Euchloe belemia","Dagvlinders",2,2024-03-23,"Portugal","Mo1","Crtl2",1,"301979193","Jari Vandendriessche","","Ad","","Transect","Pieridae","Lepidoptera","butterflies"
"36","Lycaena phlaeas","Dagvlinders",2,2024-03-23,"Portugal","Mo1","Crtl2",1,"301979196","Jari Vandendriessche","","Ad","","Transect","Lycaenidae","Lepidoptera","butterflies"
"37","Apis mellifera","Bijen, wespen en mieren",10,2024-03-23,"Portugal","Mo1","Crtl2",1,"301979197","Jari Vandendriessche","","Ad","","Transect","Apidae","Hymenoptera","bees"
"38","Adscita spec.","Nachtvlinders en micro's",1,2024-03-23,"Portugal","Mo1","Crtl2",1,"301979199","Jari Vandendriessche","","Ad","","Transect","Zygaenidae","Lepidoptera","butterflies"
"39","Apis mellifera","Bijen, wespen en mieren",8,2024-03-23,"Portugal","Mo1","Crtl1",1,"301979200","Jari Vandendriessche","","Ad","","Transect","Apidae","Hymenoptera","bees"
"40","Autographa gamma","Nachtvlinders en micro's",1,2024-03-23,"Portugal","Mo1","Crtl1",1,"301979203","Jari Vandendriessche","","Ad","","Transect","Noctuidae","Lepidoptera","butterflies"
"41","Euchloe belemia","Dagvlinders",2,2024-03-23,"Portugal","Mo1","Crtl1",1,"301979204","Jari Vandendriessche","","Ad","","Transect","Pieridae","Lepidoptera","butterflies"
"42","Euchloe belemia","Dagvlinders",1,2024-03-23,"Portugal","Mo1","Field",1,"301979205","Jari Vandendriessche","","Ad","","Transect","Pieridae","Lepidoptera","butterflies"
"43","Callophrys rubi","Dagvlinders",1,2024-03-23,"Portugal","Mo1","Field",1,"301979210","Jari Vandendriessche","","Ad","","Transect","Lycaenidae","Lepidoptera","butterflies"
"44","Lycaena phlaeas","Dagvlinders",9,2024-03-23,"Portugal","Mo1","Field",1,"301979212","Jari Vandendriessche","","Ad","","Transect","Lycaenidae","Lepidoptera","butterflies"
"45","Lycaena phlaeas","Dagvlinders",2,2024-03-23,"Portugal","Mo1","Tree",1,"301979214","Jari Vandendriessche","","Ad","","Transect","Lycaenidae","Lepidoptera","butterflies"
"46","Apis mellifera","Bijen, wespen en mieren",1,2024-03-22,"Portugal","JS1","Tree",1,"301979329","Jari Vandendriessche","","Ad","","Transect","Apidae","Hymenoptera","bees"
"47","Pieris rapae","Dagvlinders",1,2024-03-22,"Portugal","JS1","Tree",1,"301979331","Jari Vandendriessche","","Ad","","Transect","Pieridae","Lepidoptera","butterflies"
"48","Pieris rapae","Dagvlinders",1,2024-03-22,"Portugal","JS1","Field",1,"301979333","Jari Vandendriessche","","Ad","","Transect","Pieridae","Lepidoptera","butterflies"
"49","Vanessa atalanta","Dagvlinders",2,2024-03-22,"Portugal","JS1","Field",1,"301979334","Jari Vandendriessche","","Ad","","Transect","Nymphalidae","Lepidoptera","butterflies"
"50","Apis mellifera","Bijen, wespen en mieren",10,2024-03-22,"Portugal","JS1","Field",1,"301979335","Jari Vandendriessche","","Ad","","Transect","Apidae","Hymenoptera","bees"
"51","Pieris rapae","Dagvlinders",2,2024-03-22,"Portugal","JS1","Crtl1",1,"301979351","Jari Vandendriessche","","Ad","","Transect","Pieridae","Lepidoptera","butterflies"
"52","Pieris rapae","Dagvlinders",1,2024-03-28,"France","Pe1","Crtl1",1,"302321259","Jari Vandendriessche","","Ad","","Transect","Pieridae","Lepidoptera","butterflies"
"53","Pieris brassicae","Dagvlinders",6,2024-03-28,"France","Pe1","Field",1,"302321260","Jari Vandendriessche","","Ad","","Transect","Pieridae","Lepidoptera","butterflies"
"54","Apis mellifera","Bijen, wespen en mieren",6,2024-03-28,"France","Pe1","Field",1,"302321261","Jari Vandendriessche","","Ad","","Transect","Apidae","Hymenoptera","bees"
"55","Pieris rapae","Dagvlinders",7,2024-03-28,"France","Pe1","Field",1,"302321262","Jari Vandendriessche","","Ad","","Transect","Pieridae","Lepidoptera","butterflies"
"56","Colias crocea","Dagvlinders",1,2024-03-28,"France","Pe1","Field",1,"302321263","Jari Vandendriessche","","Ad","","Transect","Pieridae","Lepidoptera","butterflies"
"57","Pieris rapae","Dagvlinders",10,2024-03-28,"France","Pe1","Tree",1,"302321264","Jari Vandendriessche","","Ad","","Transect","Pieridae","Lepidoptera","butterflies"
"58","Apis mellifera","Bijen, wespen en mieren",7,2024-03-28,"France","Pe1","Tree",1,"302321265","Jari Vandendriessche","","Ad","","Transect","Apidae","Hymenoptera","bees"
"59","Autographa gamma","Nachtvlinders en micro's",1,2024-03-28,"France","Pe1","Tree",1,"302321266","Jari Vandendriessche","","Ad","","Transect","Noctuidae","Lepidoptera","butterflies"
"60","Polygonia c-album","Dagvlinders",1,2024-03-28,"France","Pe1","Tree",1,"302321267","Jari Vandendriessche","","Ad","","Transect","Nymphalidae","Lepidoptera","butterflies"
"61","Pieris brassicae","Dagvlinders",4,2024-03-28,"France","Pe1","Tree",1,"302321268","Jari Vandendriessche","","Ad","","Transect","Pieridae","Lepidoptera","butterflies"
"62","Celastrina argiolus","Dagvlinders",1,2024-04-02,"France","PL3","Crtl2",1,"302966846","Jari Vandendriessche","","Ad","","Transect","Lycaenidae","Lepidoptera","butterflies"
"63","Pontia daplidice","Dagvlinders",2,2024-04-02,"France","PL3","Crtl2",1,"302966850","Jari Vandendriessche","","Ad","","Transect","Pieridae","Lepidoptera","butterflies"
"64","Pieris rapae","Dagvlinders",1,2024-04-02,"France","PL3","Crtl2",1,"302966852","Jari Vandendriessche","","Ad","","Transect","Pieridae","Lepidoptera","butterflies"
"65","Carcharodus alceae","Dagvlinders",1,2024-04-02,"France","PL3","Crtl2",1,"302966854","Jari Vandendriessche","","Ad","","Transect","Hesperiidae","Lepidoptera","butterflies"
"66","Aricia agestis","Dagvlinders",1,2024-04-02,"France","PL3","Crtl2",1,"302966857","Jari Vandendriessche","","Ad","","Transect","Lycaenidae","Lepidoptera","butterflies"
"67","Lasiommata megera","Dagvlinders",1,2024-04-02,"France","PL3","Crtl2",1,"302966860","Jari Vandendriessche","","Ad","","Transect","Nymphalidae","Lepidoptera","butterflies"
"68","Colias crocea","Dagvlinders",2,2024-04-02,"France","PL3","Crtl2",1,"302966862","Jari Vandendriessche","","Ad","","Transect","Pieridae","Lepidoptera","butterflies"
"69","Bombylius venosus","Vliegen en muggen",5,2024-04-02,"France","PL3","Crtl2",1,"302966864","Jari Vandendriessche","","Ad","","Transect","Bombyliidae","Diptera","flies"
"70","Apis mellifera","Bijen, wespen en mieren",2,2024-04-02,"France","PL3","Crtl2",1,"302966867","Jari Vandendriessche","","Ad","","Transect","Apidae","Hymenoptera","bees"
"71","Apis mellifera","Bijen, wespen en mieren",1,2024-04-02,"France","PL3","Crtl1",1,"302966869","Jari Vandendriessche","","Ad","","Transect","Apidae","Hymenoptera","bees"
"72","Colias crocea","Dagvlinders",4,2024-04-02,"France","PL3","Crtl1",1,"302966874","Jari Vandendriessche","","Ad","","Transect","Pieridae","Lepidoptera","butterflies"
"73","Aricia agestis","Dagvlinders",2,2024-04-02,"France","PL3","Crtl1",1,"302966876","Jari Vandendriessche","","Ad","","Transect","Lycaenidae","Lepidoptera","butterflies"
"74","Celastrina argiolus","Dagvlinders",1,2024-04-02,"France","PL3","Tree",1,"302966877","Jari Vandendriessche","","Ad","","Transect","Lycaenidae","Lepidoptera","butterflies"
"75","Bombylius venosus","Vliegen en muggen",5,2024-04-02,"France","PL3","Crtl1",1,"302966879","Jari Vandendriessche","","Ad","","Transect","Bombyliidae","Diptera","flies"
"76","Apis mellifera","Bijen, wespen en mieren",1,2024-04-02,"France","PL3","Tree",1,"302966880","Jari Vandendriessche","","Ad","","Transect","Apidae","Hymenoptera","bees"
"77","Bombylius venosus","Vliegen en muggen",2,2024-04-02,"France","PL3","Tree",1,"302966885","Jari Vandendriessche","","Ad","","Transect","Bombyliidae","Diptera","flies"
"78","Anthocharis cardamines","Dagvlinders",2,2024-04-02,"France","PL3","Tree",1,"302966887","Jari Vandendriessche","","Ad","","Transect","Pieridae","Lepidoptera","butterflies"
"79","Gonepteryx cleopatra","Dagvlinders",1,2024-04-02,"France","PL3","Tree",1,"302966889","Jari Vandendriessche","","Ad","","Transect","Pieridae","Lepidoptera","butterflies"
"80","Lasiommata megera","Dagvlinders",5,2024-04-02,"France","PL3","Tree",1,"302966892","Jari Vandendriessche","","Ad","","Transect","Nymphalidae","Lepidoptera","butterflies"
"81","Bombylius venosus","Vliegen en muggen",5,2024-04-02,"France","PL3","Field",1,"302966896","Jari Vandendriessche","","Ad","","Transect","Bombyliidae","Diptera","flies"
"82","Autographa gamma","Nachtvlinders en micro's",1,2024-04-02,"France","PL3","Field",1,"302966899","Jari Vandendriessche","","Ad","","Transect","Noctuidae","Lepidoptera","butterflies"
"83","Pieris brassicae","Dagvlinders",1,2024-04-02,"France","PL3","Field",1,"302966901","Jari Vandendriessche","","Ad","","Transect","Pieridae","Lepidoptera","butterflies"
"84","Pieris rapae","Dagvlinders",3,2024-04-02,"France","PL3","Field",1,"302966904","Jari Vandendriessche","","Ad","","Transect","Pieridae","Lepidoptera","butterflies"
"85","Gonepteryx cleopatra","Dagvlinders",2,2024-04-02,"France","PL3","Field",1,"302966906","Jari Vandendriessche","","Ad","","Transect","Pieridae","Lepidoptera","butterflies"
"86","Apis mellifera","Bijen, wespen en mieren",8,2024-04-02,"France","PL3","Field",1,"302966909","Jari Vandendriessche","","Ad","","Transect","Apidae","Hymenoptera","bees"
"87","Pyrausta despicata","Nachtvlinders en micro's",7,2024-04-02,"France","Ca1","Crtl2",1,"302966928","Jari Vandendriessche","","Ad","","Transect","Crambidae","Lepidoptera","butterflies"
"88","Pieris rapae","Dagvlinders",3,2024-04-02,"France","Ca1","Crtl2",1,"302966930","Jari Vandendriessche","","Ad","","Transect","Pieridae","Lepidoptera","butterflies"
"89","Autographa gamma","Nachtvlinders en micro's",1,2024-04-02,"France","Ca1","Crtl2",1,"302966932","Jari Vandendriessche","","Ad","","Transect","Noctuidae","Lepidoptera","butterflies"
"90","Coenonympha pamphilus","Dagvlinders",1,2024-04-02,"France","Ca1","Crtl2",1,"302966934","Jari Vandendriessche","","Ad","","Transect","Nymphalidae","Lepidoptera","butterflies"
"91","Colias crocea","Dagvlinders",1,2024-04-02,"France","Ca1","Crtl2",1,"302966936","Jari Vandendriessche","","Ad","","Transect","Pieridae","Lepidoptera","butterflies"
"92","Tropinota spec.","Kevers",3,2024-04-02,"France","Ca1","Crtl2",1,"302966938","Jari Vandendriessche","","Ad","","Transect","Scarabaeidae","Coleoptera","beetles"
"93","Tropinota spec.","Kevers",1,2024-04-02,"France","Ca1","Crtl1",1,"302966941","Jari Vandendriessche","","Ad","","Transect","Scarabaeidae","Coleoptera","beetles"
"94","Iphiclides podalirius","Dagvlinders",1,2024-04-02,"France","Ca1","Crtl1",1,"302966944","Jari Vandendriessche","","Ad","","Transect","Papilionidae","Lepidoptera","butterflies"
"95","Papilio machaon","Dagvlinders",1,2024-04-02,"France","Ca1","Crtl1",1,"302966947","Jari Vandendriessche","","Ad","","Transect","Papilionidae","Lepidoptera","butterflies"
"96","Autographa gamma","Nachtvlinders en micro's",1,2024-04-02,"France","Ca1","Crtl1",1,"302966950","Jari Vandendriessche","","Ad","","Transect","Noctuidae","Lepidoptera","butterflies"
"97","Pieris rapae","Dagvlinders",3,2024-04-02,"France","Ca1","Crtl1",1,"302966952","Jari Vandendriessche","","Ad","","Transect","Pieridae","Lepidoptera","butterflies"
"98","Pyrausta despicata","Nachtvlinders en micro's",7,2024-04-02,"France","Ca1","Crtl1",1,"302966955","Jari Vandendriessche","","Ad","","Transect","Crambidae","Lepidoptera","butterflies"
"99","Tropinota spec.","Kevers",1,2024-04-02,"France","Ca1","Tree",1,"302966965","Jari Vandendriessche","","Ad","","Transect","Scarabaeidae","Coleoptera","beetles"
"100","Bombus terrestris/lucorum/magnus/cryptarum","Bijen, wespen en mieren",1,2024-04-02,"France","Ca1","Tree",1,"302966969","Jari Vandendriessche","","Ad","","Transect","Apidae","Hymenoptera","bees"
"101","Anthophila indet.","Bijen, wespen en mieren",1,2024-04-02,"France","Ca1","Tree",1,"302966972","Jari Vandendriessche","","Ad","","Transect","Choreutidae","Lepidoptera","butterflies"
"102","Carcharodus alceae","Dagvlinders",3,2024-04-02,"France","Ca1","Tree",1,"302966973","Jari Vandendriessche","","Ad","","Transect","Hesperiidae","Lepidoptera","butterflies"
"103","Vanessa atalanta","Dagvlinders",1,2024-04-02,"France","Ca1","Tree",1,"302966975","Jari Vandendriessche","","Ad","","Transect","Nymphalidae","Lepidoptera","butterflies"
"104","Pieris brassicae","Dagvlinders",1,2024-04-02,"France","Ca1","Tree",1,"302966977","Jari Vandendriessche","","Ad","","Transect","Pieridae","Lepidoptera","butterflies"
"105","Pieris rapae","Dagvlinders",2,2024-04-02,"France","Ca1","Tree",1,"302966978","Jari Vandendriessche","","Ad","","Transect","Pieridae","Lepidoptera","butterflies"
"106","Pyrausta despicata","Nachtvlinders en micro's",8,2024-04-02,"France","Ca1","Field",1,"302966981","Jari Vandendriessche","","Ad","","Transect","Crambidae","Lepidoptera","butterflies"
"107","Pieris rapae","Dagvlinders",1,2024-04-02,"France","Ca1","Field",1,"302966983","Jari Vandendriessche","","Ad","","Transect","Pieridae","Lepidoptera","butterflies"
"108","Apis mellifera","Bijen, wespen en mieren",1,2024-04-02,"France","Ca1","Field",1,"302966985","Jari Vandendriessche","","Ad","","Transect","Apidae","Hymenoptera","bees"
"109","Apis mellifera","Bijen, wespen en mieren",8,2024-04-01,"France","PL2","Tree",1,"302967079","Jari Vandendriessche","","Ad","","Transect","Apidae","Hymenoptera","bees"
"110","Lasiommata megera","Dagvlinders",2,2024-04-01,"France","PL2","Tree",1,"302967080","Jari Vandendriessche","","Ad","","Transect","Nymphalidae","Lepidoptera","butterflies"
"111","Macroglossum stellatarum","Nachtvlinders en micro's",1,2024-04-01,"France","PL2","Tree",1,"302967082","Jari Vandendriessche","","Ad","","Transect","Sphingidae","Lepidoptera","butterflies"
"112","Pieris rapae","Dagvlinders",8,2024-04-01,"France","PL2","Tree",1,"302967085","Jari Vandendriessche","","Ad","","Transect","Pieridae","Lepidoptera","butterflies"
"113","Pieris brassicae","Dagvlinders",4,2024-04-01,"France","PL2","Tree",1,"302967087","Jari Vandendriessche","","Ad","","Transect","Pieridae","Lepidoptera","butterflies"
"114","Apis mellifera","Bijen, wespen en mieren",15,2024-04-01,"France","PL2","Field",1,"302967088","Jari Vandendriessche","","Ad","","Transect","Apidae","Hymenoptera","bees"
"115","Gonepteryx rhamni","Dagvlinders",1,2024-04-01,"France","PL2","Field",1,"302967090","Jari Vandendriessche","","Ad","","Transect","Pieridae","Lepidoptera","butterflies"
"116","Lasiommata megera","Dagvlinders",3,2024-04-01,"France","PL2","Field",1,"302967092","Jari Vandendriessche","","Ad","","Transect","Nymphalidae","Lepidoptera","butterflies"
"117","Pieris rapae","Dagvlinders",6,2024-04-01,"France","PL2","Field",1,"302967095","Jari Vandendriessche","","Ad","","Transect","Pieridae","Lepidoptera","butterflies"
"118","Pieris brassicae","Dagvlinders",3,2024-04-01,"France","PL2","Field",1,"302967097","Jari Vandendriessche","","Ad","","Transect","Pieridae","Lepidoptera","butterflies"
"119","Tropinota spec.","Kevers",1,2024-04-01,"France","PL2","Field",1,"302967101","Jari Vandendriessche","","Ad","","Transect","Scarabaeidae","Coleoptera","beetles"
"120","Bombus terrestris/lucorum/magnus/cryptarum","Bijen, wespen en mieren",1,2024-04-01,"France","PL2","Crtl2",1,"302967103","Jari Vandendriessche","","Ad","","Transect","Apidae","Hymenoptera","bees"
"121","Pieris rapae","Dagvlinders",5,2024-04-01,"France","PL2","Crtl2",1,"302967106","Jari Vandendriessche","","Ad","","Transect","Pieridae","Lepidoptera","butterflies"
"122","Aglais io","Dagvlinders",1,2024-04-01,"France","PL2","Crtl2",1,"302967108","Jari Vandendriessche","","Ad","","Transect","Nymphalidae","Lepidoptera","butterflies"
"123","Apis mellifera","Bijen, wespen en mieren",11,2024-04-01,"France","PL2","Crtl2",1,"302967109","Jari Vandendriessche","","Ad","","Transect","Apidae","Hymenoptera","bees"
"124","Pieris rapae","Dagvlinders",8,2024-04-01,"France","PL2","Crtl1",1,"302967111","Jari Vandendriessche","","Ad","","Transect","Pieridae","Lepidoptera","butterflies"
"125","Vanessa cardui","Dagvlinders",1,2024-04-01,"France","PL2","Crtl1",1,"302967114","Jari Vandendriessche","","Ad","","Transect","Nymphalidae","Lepidoptera","butterflies"
"126","Apis mellifera","Bijen, wespen en mieren",12,2024-04-01,"France","PL2","Crtl1",1,"302967115","Jari Vandendriessche","","Ad","","Transect","Apidae","Hymenoptera","bees"
"127","Bombus terrestris/lucorum/magnus/cryptarum","Bijen, wespen en mieren",2,2024-04-01,"France","PL2","Crtl1",1,"302967117","Jari Vandendriessche","","Ad","","Transect","Apidae","Hymenoptera","bees"
"128","Lasiommata megera","Dagvlinders",1,2024-04-04,"France","ND1","Field",1,"304052577","Jari Vandendriessche","","Ad","","Transect","Nymphalidae","Lepidoptera","butterflies"
"129","Pieris rapae","Dagvlinders",2,2024-04-04,"France","ND1","Field",1,"304052584","Jari Vandendriessche","","Ad","","Transect","Pieridae","Lepidoptera","butterflies"
"130","Pontia daplidice","Dagvlinders",2,2024-04-04,"France","ND1","Field",1,"304052594","Jari Vandendriessche","","Ad","","Transect","Pieridae","Lepidoptera","butterflies"
"131","Xylocopa violacea","Bijen, wespen en mieren",1,2024-04-04,"France","ND1","Tree",1,"304052625","Jari Vandendriessche","","Ad","","Transect","Apidae","Hymenoptera","bees"
"132","Anthocharis cardamines","Dagvlinders",1,2024-04-04,"France","ND1","Tree",1,"304052634","Jari Vandendriessche","","Ad","","Transect","Pieridae","Lepidoptera","butterflies"
"133","Autographa gamma","Nachtvlinders en micro's",1,2024-04-04,"France","ND1","Tree",1,"304052645","Jari Vandendriessche","","Ad","","Transect","Noctuidae","Lepidoptera","butterflies"
"134","Pieris rapae","Dagvlinders",2,2024-04-04,"France","ND1","Tree",1,"304052655","Jari Vandendriessche","","Ad","","Transect","Pieridae","Lepidoptera","butterflies"
"135","Pararge aegeria","Dagvlinders",1,2024-04-04,"France","ND1","Tree",1,"304052667","Jari Vandendriessche","","Ad","","Transect","Nymphalidae","Lepidoptera","butterflies"
"136","Lasiommata megera","Dagvlinders",1,2024-04-04,"France","ND1","Tree",1,"304052677","Jari Vandendriessche","","Ad","","Transect","Nymphalidae","Lepidoptera","butterflies"
"137","Gonepteryx cleopatra","Dagvlinders",3,2024-04-04,"France","ND1","Tree",1,"304052686","Jari Vandendriessche","","Ad","","Transect","Pieridae","Lepidoptera","butterflies"
"138","Bombus terrestris/lucorum/magnus/cryptarum","Bijen, wespen en mieren",1,2024-04-04,"France","ND1","Crtl2",1,"304052699","Jari Vandendriessche","","Ad","","Transect","Apidae","Hymenoptera","bees"
"139","Libythea celtis","Dagvlinders",1,2024-04-04,"France","ND1","Crtl2",1,"304052715","Jari Vandendriessche","","Ad","","Transect","Nymphalidae","Lepidoptera","butterflies"
"140","Iphiclides podalirius","Dagvlinders",1,2024-04-04,"France","ND1","Crtl2",1,"304052724","Jari Vandendriessche","","Ad","","Transect","Papilionidae","Lepidoptera","butterflies"
"141","Gonepteryx cleopatra","Dagvlinders",2,2024-04-04,"France","ND1","Crtl2",1,"304052735","Jari Vandendriessche","","Ad","","Transect","Pieridae","Lepidoptera","butterflies"
"142","Argynnis paphia","Dagvlinders",1,2024-04-04,"France","ND1","Crtl2",1,"304052743","Jari Vandendriessche","","Ad","","Transect","Nymphalidae","Lepidoptera","butterflies"
"143","Pieris rapae","Dagvlinders",1,2024-04-04,"France","ND1","Crtl2",1,"304052752","Jari Vandendriessche","","Ad","","Transect","Pieridae","Lepidoptera","butterflies"
"144","Pieris rapae","Dagvlinders",2,2024-04-04,"France","ND1","Crtl1",1,"304052779","Jari Vandendriessche","","Ad","","Transect","Pieridae","Lepidoptera","butterflies"
"145","Pontia daplidice","Dagvlinders",2,2024-04-04,"France","ND1","Crtl1",1,"304052787","Jari Vandendriessche","","Ad","","Transect","Pieridae","Lepidoptera","butterflies"
"146","Lasiommata megera","Dagvlinders",1,2024-04-04,"France","ND1","Crtl1",1,"304052796","Jari Vandendriessche","","Ad","","Transect","Nymphalidae","Lepidoptera","butterflies"
"147","Anthocharis cardamines","Dagvlinders",1,2024-04-04,"France","ND1","Crtl1",1,"304052805","Jari Vandendriessche","","Ad","","Transect","Pieridae","Lepidoptera","butterflies"
"148","Bombus terrestris/lucorum/magnus/cryptarum","Bijen, wespen en mieren",1,2024-04-04,"France","ND1","Crtl1",1,"304052813","Jari Vandendriessche","","Ad","","Transect","Apidae","Hymenoptera","bees"
"149","Tropinota spec.","Kevers",1,2024-04-04,"France","ND1","Crtl1",1,"304052822","Jari Vandendriessche","","Ad","","Transect","Scarabaeidae","Coleoptera","beetles"
"150","Pieris rapae","Dagvlinders",2,2024-04-03,"France","PL1","Crtl2",1,"304053503","Jari Vandendriessche","","Ad","","Transect","Pieridae","Lepidoptera","butterflies"
"151","Bombus terrestris/lucorum/magnus/cryptarum","Bijen, wespen en mieren",3,2024-04-03,"France","PL1","Crtl2",1,"304053512","Jari Vandendriessche","","Ad","","Transect","Apidae","Hymenoptera","bees"
"152","Apis mellifera","Bijen, wespen en mieren",5,2024-04-03,"France","PL1","Crtl2",1,"304053521","Jari Vandendriessche","","Ad","","Transect","Apidae","Hymenoptera","bees"
"153","Pieris rapae","Dagvlinders",1,2024-04-03,"France","PL1","Crtl1",1,"304053530","Jari Vandendriessche","","Ad","","Transect","Pieridae","Lepidoptera","butterflies"
"154","Bombus terrestris/lucorum/magnus/cryptarum","Bijen, wespen en mieren",1,2024-04-03,"France","PL1","Crtl1",1,"304053539","Jari Vandendriessche","","Ad","","Transect","Apidae","Hymenoptera","bees"
"155","Pieris brassicae","Dagvlinders",1,2024-04-03,"France","PL1","Crtl1",1,"304053547","Jari Vandendriessche","","Ad","","Transect","Pieridae","Lepidoptera","butterflies"
"156","Gonepteryx cleopatra","Dagvlinders",2,2024-04-03,"France","PL1","Crtl1",1,"304053556","Jari Vandendriessche","","Ad","","Transect","Pieridae","Lepidoptera","butterflies"
"157","Apis mellifera","Bijen, wespen en mieren",7,2024-04-03,"France","PL1","Crtl1",1,"304053564","Jari Vandendriessche","","Ad","","Transect","Apidae","Hymenoptera","bees"
"158","Oxythyrea funesta","Kevers",1,2024-04-03,"France","PL1","Tree",1,"304053577","Jari Vandendriessche","","Ad","","Transect","Scarabaeidae","Coleoptera","beetles"
"159","Pieris rapae","Dagvlinders",3,2024-04-03,"France","PL1","Tree",1,"304053585","Jari Vandendriessche","","Ad","","Transect","Pieridae","Lepidoptera","butterflies"
"160","Apis mellifera","Bijen, wespen en mieren",1,2024-04-03,"France","PL1","Tree",1,"304053591","Jari Vandendriessche","","Ad","","Transect","Apidae","Hymenoptera","bees"
"161","Tropinota spec.","Kevers",1,2024-04-03,"France","PL1","Tree",1,"304053599","Jari Vandendriessche","","Ad","","Transect","Scarabaeidae","Coleoptera","beetles"
"162","Bombus terrestris/lucorum/magnus/cryptarum","Bijen, wespen en mieren",2,2024-04-03,"France","PL1","Tree",1,"304053607","Jari Vandendriessche","","Ad","","Transect","Apidae","Hymenoptera","bees"
"163","Celastrina argiolus","Dagvlinders",2,2024-04-03,"France","PL1","Tree",1,"304053612","Jari Vandendriessche","","Ad","","Transect","Lycaenidae","Lepidoptera","butterflies"
"164","Carcharodus alceae","Dagvlinders",1,2024-04-03,"France","PL1","Field",1,"304053621","Jari Vandendriessche","","Ad","","Transect","Hesperiidae","Lepidoptera","butterflies"
"165","Gonepteryx cleopatra","Dagvlinders",1,2024-04-03,"France","PL1","Field",1,"304053630","Jari Vandendriessche","","Ad","","Transect","Pieridae","Lepidoptera","butterflies"
"166","Apis mellifera","Bijen, wespen en mieren",3,2024-04-03,"France","PL1","Field",1,"304053637","Jari Vandendriessche","","Ad","","Transect","Apidae","Hymenoptera","bees"
"167","Pieris brassicae","Dagvlinders",2,2024-04-03,"France","PL1","Field",1,"304053644","Jari Vandendriessche","","Ad","","Transect","Pieridae","Lepidoptera","butterflies"
"168","Pieris rapae","Dagvlinders",4,2024-04-03,"France","PL1","Field",1,"304053653","Jari Vandendriessche","","Ad","","Transect","Pieridae","Lepidoptera","butterflies"
"169","Lasiommata megera","Dagvlinders",2,2024-04-03,"France","PL1","Field",1,"304053661","Jari Vandendriessche","","Ad","","Transect","Nymphalidae","Lepidoptera","butterflies"
"170","Coenonympha pamphilus","Dagvlinders",1,2024-04-03,"France","PL1","Field",1,"304053674","Jari Vandendriessche","","Ad","","Transect","Nymphalidae","Lepidoptera","butterflies"
"171","Bombus terrestris/lucorum/magnus/cryptarum","Bijen, wespen en mieren",7,2024-04-03,"France","PL1","Field",1,"304053685","Jari Vandendriessche","","Ad","","Transect","Apidae","Hymenoptera","bees"
"172","Tropinota spec.","Kevers",1,2024-04-03,"France","PL1","Field",1,"304053697","Jari Vandendriessche","","Ad","","Transect","Scarabaeidae","Coleoptera","beetles"
"173","Pieris rapae","Dagvlinders",2,2024-05-14,"Belgium","Zo1","Crtl1",1,"309531004","Jari Vandendriessche","","Ad","","Transect","Pieridae","Lepidoptera","butterflies"
"174","Autographa gamma","Nachtvlinders en micro's",1,2024-05-14,"Belgium","Zo1","Crtl1",1,"309531006","Jari Vandendriessche","","Ad","","Transect","Noctuidae","Lepidoptera","butterflies"
"175","Glyphipterix simpliciella","Nachtvlinders en micro's",1,2024-05-14,"Belgium","Zo1","Crtl2",1,"309531010","Jari Vandendriessche","","Ad","","Transect","Glyphipterigidae","Lepidoptera","butterflies"
"176","Pieris napi","Dagvlinders",1,2024-05-14,"Belgium","Zo1","Crtl2",1,"309531011","Jari Vandendriessche","","Ad","","Transect","Pieridae","Lepidoptera","butterflies"
"177","Autographa gamma","Nachtvlinders en micro's",1,2024-05-14,"Belgium","Zo1","Crtl2",1,"309531014","Jari Vandendriessche","","Ad","","Transect","Noctuidae","Lepidoptera","butterflies"
"178","Oedemera nobilis","Kevers",1,2024-05-14,"Belgium","Zo1","Crtl2",1,"309531017","Jari Vandendriessche","","Ad","","Transect","Oedemeridae","Coleoptera","beetles"
"179","Oedemera nobilis","Kevers",2,2024-05-14,"Belgium","Zo1","Tree",1,"309531019","Jari Vandendriessche","","Ad","","Transect","Oedemeridae","Coleoptera","beetles"
"180","Merodon equestris","Vliegen en muggen",1,2024-05-14,"Belgium","Zo1","Tree",1,"309531026","Jari Vandendriessche","","Ad","","Transect","Syrphidae","Diptera","syrphids"
"181","Apis mellifera","Bijen, wespen en mieren",1,2024-05-14,"Belgium","Zo1","Tree",1,"309531027","Jari Vandendriessche","","Ad","","Transect","Apidae","Hymenoptera","bees"
"182","Episyrphus balteatus","Vliegen en muggen",1,2024-05-14,"Belgium","Zo1","Field",1,"309531029","Jari Vandendriessche","","Ad","","Transect","Syrphidae","Diptera","syrphids"
"183","Glyphipterix simpliciella","Nachtvlinders en micro's",1,2024-05-14,"Belgium","Zo1","Field",1,"309531032","Jari Vandendriessche","","Ad","","Transect","Glyphipterigidae","Lepidoptera","butterflies"
"184","Oedemera nobilis","Kevers",1,2024-05-14,"Belgium","Zo1","Field",1,"309531034","Jari Vandendriessche","","Ad","","Transect","Oedemeridae","Coleoptera","beetles"
"185","Pararge aegeria","Dagvlinders",1,2024-05-14,"Belgium","Zo1","Field",1,"309531038","Jari Vandendriessche","","Ad","","Transect","Nymphalidae","Lepidoptera","butterflies"
"186","Myathropa florea","Vliegen en muggen",1,2024-05-14,"Belgium","Zo1","Field",1,"309531044","Jari Vandendriessche","","Ad","","Transect","Syrphidae","Diptera","syrphids"
"187","Aglais io","Dagvlinders",1,2024-05-14,"Belgium","Zo2","Crtl2",1,"309531140","Jari Vandendriessche","","Ad","","Transect","Nymphalidae","Lepidoptera","butterflies"
"188","Pieris napi","Dagvlinders",1,2024-05-14,"Belgium","Zo2","Crtl2",1,"309531147","Jari Vandendriessche","","Ad","","Transect","Pieridae","Lepidoptera","butterflies"
"189","Oedemera nobilis","Kevers",1,2024-05-14,"Belgium","Zo2","Tree",1,"309531150","Jari Vandendriessche","","Ad","","Transect","Oedemeridae","Coleoptera","beetles"
"190","Apis mellifera","Bijen, wespen en mieren",1,2024-05-14,"Belgium","Zo2","Tree",1,"309531153","Jari Vandendriessche","","Ad","","Transect","Apidae","Hymenoptera","bees"
"191","Pieris napi","Dagvlinders",1,2024-05-19,"Belgium","It1","Tree",1,"310649496","Jari Vandendriessche","","Ad","","Transect","Pieridae","Lepidoptera","butterflies"
"192","Episyrphus balteatus","Vliegen en muggen",1,2024-05-19,"Belgium","It2","Tree",1,"310649577","Jari Vandendriessche","","Ad","","Transect","Syrphidae","Diptera","syrphids"
"193","Bombus pascuorum","Bijen, wespen en mieren",1,2024-05-19,"Belgium","It2","Tree",1,"310649581","Jari Vandendriessche","","Ad","","Transect","Apidae","Hymenoptera","bees"
"194","Bombus pratorum","Bijen, wespen en mieren",1,2024-05-19,"Belgium","It2","Tree",1,"310649583","Jari Vandendriessche","","Ad","","Transect","Apidae","Hymenoptera","bees"
"195","Glyphipterix simpliciella","Nachtvlinders en micro's",1,2024-05-19,"Belgium","It2","Tree",1,"310649585","Jari Vandendriessche","","Ad","","Transect","Glyphipterigidae","Lepidoptera","butterflies"
"196","Oedemera nobilis","Kevers",4,2024-05-19,"Belgium","It2","Tree",1,"310649587","Jari Vandendriessche","","Ad","","Transect","Oedemeridae","Coleoptera","beetles"
"197","Oedemera nobilis","Kevers",2,2024-05-19,"Belgium","It2","Crtl2",1,"310649588","Jari Vandendriessche","","Ad","","Transect","Oedemeridae","Coleoptera","beetles"
"198","Bombus pascuorum","Bijen, wespen en mieren",1,2024-05-22,"Belgium","Ur1","Tree",1,"310971788","Jari Vandendriessche","","Ad","","Transect","Apidae","Hymenoptera","bees"
"199","Apis mellifera","Bijen, wespen en mieren",1,2024-05-22,"Belgium","Ur1","Tree",1,"310971796","Jari Vandendriessche","","Ad","","Transect","Apidae","Hymenoptera","bees"
"200","Oedemera nobilis","Kevers",1,2024-05-22,"Belgium","Ur1","Crtl2",1,"310971800","Jari Vandendriessche","","Ad","","Transect","Oedemeridae","Coleoptera","beetles"
"201","Malachius bipustulatus","Kevers",2,2024-05-22,"Belgium","Ur1","Crtl2",1,"310971809","Jari Vandendriessche","","Ad","","Transect","Melyridae","Coleoptera","beetles"
"202","Cauchas rufimitrella","Nachtvlinders en micro's",1,2024-05-22,"Belgium","Ur1","Crtl1",1,"310971813","Jari Vandendriessche","","Ad","","Transect","Adelidae","Lepidoptera","butterflies"
"203","Apis mellifera","Bijen, wespen en mieren",1,2024-05-22,"Belgium","Ur1","Crtl1",1,"310971815","Jari Vandendriessche","","Ad","","Transect","Apidae","Hymenoptera","bees"
"204","Oedemera nobilis","Kevers",2,2024-05-22,"Belgium","Ur1","Field",1,"310971821","Jari Vandendriessche","","Ad","","Transect","Oedemeridae","Coleoptera","beetles"
"205","Bombus pascuorum","Bijen, wespen en mieren",1,2024-05-22,"Belgium","Ur1","Field",1,"310971824","Jari Vandendriessche","","Ad","","Transect","Apidae","Hymenoptera","bees"
"206","Pieris rapae","Dagvlinders",1,2024-05-30,"Czechia","Sa1","Field",1,"312405129","Jari Vandendriessche","","Ad","","Transect","Pieridae","Lepidoptera","butterflies"
"207","Coenonympha pamphilus","Dagvlinders",4,2024-05-30,"Czechia","Sa1","Field",1,"312405131","Jari Vandendriessche","","Ad","","Transect","Nymphalidae","Lepidoptera","butterflies"
"208","Cryptocephalus aureolus","Kevers",1,2024-05-30,"Czechia","Sa1","Tree",1,"312405133","Jari Vandendriessche","","Ad","","Transect","Chrysomelidae","Coleoptera","beetles"
"209","Episyrphus balteatus","Vliegen en muggen",1,2024-05-30,"Czechia","Sa1","Tree",1,"312405139","Jari Vandendriessche","","Ad","","Transect","Syrphidae","Diptera","syrphids"
"210","Apis mellifera","Bijen, wespen en mieren",1,2024-05-30,"Czechia","Sa1","Tree",1,"312405140","Jari Vandendriessche","","Ad","","Transect","Apidae","Hymenoptera","bees"
"211","Maniola jurtina","Dagvlinders",2,2024-05-30,"Czechia","Sa1","Tree",1,"312405144","Jari Vandendriessche","","Ad","","Transect","Nymphalidae","Lepidoptera","butterflies"
"212","Glaucopsyche alexis","Dagvlinders",2,2024-05-30,"Czechia","Sa1","Tree",1,"312405147","Jari Vandendriessche","","Ad","","Transect","Lycaenidae","Lepidoptera","butterflies"
"213","Bombus terrestris/lucorum/magnus/cryptarum","Bijen, wespen en mieren",4,2024-05-30,"Czechia","Sa1","Tree",1,"312405149","Jari Vandendriessche","","Ad","","Transect","Apidae","Hymenoptera","bees"
"214","Coenonympha pamphilus","Dagvlinders",18,2024-05-30,"Czechia","Sa1","Tree",1,"312405156","Jari Vandendriessche","","Ad","","Transect","Nymphalidae","Lepidoptera","butterflies"
"215","Coenonympha pamphilus","Dagvlinders",1,2024-06-01,"Czechia","Za1","Crtl1",1,"312535760","Jari Vandendriessche","","Ad","","Transect","Nymphalidae","Lepidoptera","butterflies"
"216","Pieris rapae","Dagvlinders",1,2024-06-01,"Czechia","Za1","Field",1,"312535762","Jari Vandendriessche","","Ad","","Transect","Pieridae","Lepidoptera","butterflies"
"217","Coenonympha pamphilus","Dagvlinders",1,2024-06-01,"Czechia","Za1","Field",1,"312535766","Jari Vandendriessche","","Ad","","Transect","Nymphalidae","Lepidoptera","butterflies"
"218","Issoria lathonia","Dagvlinders",1,2024-06-01,"Czechia","Za1","Field",1,"312535770","Jari Vandendriessche","","Ad","","Transect","Nymphalidae","Lepidoptera","butterflies"
"219","Plutella xylostella","Nachtvlinders en micro's",1,2024-06-01,"Czechia","Za1","Tree",1,"312535773","Jari Vandendriessche","","Ad","","Transect","Plutellidae","Lepidoptera","butterflies"
"220","Issoria lathonia","Dagvlinders",1,2024-06-01,"Czechia","Za1","Tree",1,"312535784","Jari Vandendriessche","","Ad","","Transect","Nymphalidae","Lepidoptera","butterflies"
"221","Pieris rapae","Dagvlinders",1,2024-06-01,"Czechia","Za1","Tree",1,"312535788","Jari Vandendriessche","","Ad","","Transect","Pieridae","Lepidoptera","butterflies"
"222","Coenonympha pamphilus","Dagvlinders",7,2024-06-01,"Czechia","Za1","Tree",1,"312535791","Jari Vandendriessche","","Ad","","Transect","Nymphalidae","Lepidoptera","butterflies"
"223","Oxythyrea funesta","Kevers",1,2024-06-01,"Czechia","Za1","Tree",1,"312535793","Jari Vandendriessche","","Ad","","Transect","Scarabaeidae","Coleoptera","beetles"
"224","Oxythyrea funesta","Kevers",1,2024-06-01,"Czechia","Za1","Tree",1,"312535797","Jari Vandendriessche","","Ad","","Transect","Scarabaeidae","Coleoptera","beetles"
"225","Adelphocoris lineolatus","Wantsen, cicaden en plantenluizen",1,2024-06-01,"Czechia","Za1","Tree",1,"312535802","Jari Vandendriessche","","Ad","","Transect","Miridae","Hemiptera","other"
"226","Pseudovadonia livida","Kevers",7,2024-06-01,"Czechia","Za1","Tree",1,"312535804","Jari Vandendriessche","","Ad","","Transect","Cerambycidae","Coleoptera","beetles"
"227","Pieris rapae","Dagvlinders",1,2024-06-01,"Czechia","Sa2","Crtl2",1,"312535805","Jari Vandendriessche","","Ad","","Transect","Pieridae","Lepidoptera","butterflies"
"228","Apis mellifera","Bijen, wespen en mieren",1,2024-06-01,"Czechia","Sa2","Crtl2",1,"312535807","Jari Vandendriessche","","Ad","","Transect","Apidae","Hymenoptera","bees"
"229","Acontia trabealis","Nachtvlinders en micro's",2,2024-06-01,"Czechia","Sa2","Crtl2",1,"312535808","Jari Vandendriessche","","Ad","","Transect","Noctuidae","Lepidoptera","butterflies"
"230","Lycaena dispar","Dagvlinders",1,2024-06-01,"Czechia","Sa2","Crtl1",1,"312535816","Jari Vandendriessche","","Ad","","Transect","Lycaenidae","Lepidoptera","butterflies"
"231","Pieris rapae","Dagvlinders",1,2024-06-01,"Czechia","Sa2","Crtl1",1,"312535817","Jari Vandendriessche","","Ad","","Transect","Pieridae","Lepidoptera","butterflies"
"232","Oedemera podagrariae","Kevers",1,2024-06-01,"Czechia","Sa2","Tree",1,"312535827","Jari Vandendriessche","","Ad","","Transect","Oedemeridae","Coleoptera","beetles"
"233","Coenonympha pamphilus","Dagvlinders",5,2024-06-01,"Czechia","Sa2","Tree",1,"312535829","Jari Vandendriessche","","Ad","","Transect","Nymphalidae","Lepidoptera","butterflies"
"234","Nemophora spec.","Nachtvlinders en micro's",1,2024-06-01,"Czechia","Sa2","Field",1,"312535833","Jari Vandendriessche","","Ad","","Transect","Adelidae","Lepidoptera","butterflies"
"235","Melanargia galathea","Dagvlinders",1,2024-06-01,"Czechia","Sa2","Field",1,"312535834","Jari Vandendriessche","","Ad","","Transect","Nymphalidae","Lepidoptera","butterflies"
"236","Idaea serpentata","Nachtvlinders en micro's",4,2024-06-01,"Czechia","Sa2","Field",1,"312535839","Jari Vandendriessche","","Ad","","Transect","Geometridae","Lepidoptera","butterflies"
"237","Plutella xylostella","Nachtvlinders en micro's",1,2024-06-01,"Czechia","Sa2","Field",1,"312535843","Jari Vandendriessche","","Ad","","Transect","Plutellidae","Lepidoptera","butterflies"
"238","Coenonympha pamphilus","Dagvlinders",5,2024-06-01,"Czechia","Sa2","Field",1,"312535848","Jari Vandendriessche","","Ad","","Transect","Nymphalidae","Lepidoptera","butterflies"
"239","Plutella xylostella","Nachtvlinders en micro's",6,2024-06-03,"Czechia","Pr1","Crtl2",1,"312911191","Jari Vandendriessche","","Ad","","Transect","Plutellidae","Lepidoptera","butterflies"
"240","Plutella xylostella","Nachtvlinders en micro's",2,2024-06-03,"Czechia","Pr1","Crtl1",1,"312911195","Jari Vandendriessche","","Ad","","Transect","Plutellidae","Lepidoptera","butterflies"
"241","Episyrphus balteatus","Vliegen en muggen",2,2024-06-03,"Czechia","Pr1","Tree",1,"312911201","Jari Vandendriessche","","Ad","","Transect","Syrphidae","Diptera","syrphids"
"242","Bombus terrestris/lucorum/magnus/cryptarum","Bijen, wespen en mieren",1,2024-06-03,"Czechia","Pr1","Tree",1,"312911205","Jari Vandendriessche","","Ad","","Transect","Apidae","Hymenoptera","bees"
"243","Plutella xylostella","Nachtvlinders en micro's",3,2024-06-03,"Czechia","Pr1","Tree",1,"312911209","Jari Vandendriessche","","Ad","","Transect","Plutellidae","Lepidoptera","butterflies"
"244","Oxythyrea funesta","Kevers",2,2024-06-03,"Czechia","Pr1","Field",1,"312911214","Jari Vandendriessche","","Ad","","Transect","Scarabaeidae","Coleoptera","beetles"
"245","Episyrphus balteatus","Vliegen en muggen",1,2024-06-03,"Czechia","Pr1","Field",1,"312911216","Jari Vandendriessche","","Ad","","Transect","Syrphidae","Diptera","syrphids"
"246","Plutella xylostella","Nachtvlinders en micro's",10,2024-06-03,"Czechia","Pr1","Field",1,"312911218","Jari Vandendriessche","","Ad","","Transect","Plutellidae","Lepidoptera","butterflies"
"247","Bombus terrestris/lucorum/magnus/cryptarum","Bijen, wespen en mieren",1,2024-06-03,"Czechia","Pr1","Field",1,"312911223","Jari Vandendriessche","","Ad","","Transect","Apidae","Hymenoptera","bees"
"248","Apis mellifera","Bijen, wespen en mieren",6,2024-06-03,"Czechia","Pr1","Field",1,"313072473","Jari Vandendriessche","","Ad","","Transect","Apidae","Hymenoptera","bees"
"249","Bombus terrestris/lucorum/magnus/cryptarum","Bijen, wespen en mieren",3,2024-06-03,"Czechia","Pr1","Field",1,"313072477","Jari Vandendriessche","","Ad","","Transect","Apidae","Hymenoptera","bees"
"250","Bombus terrestris/lucorum/magnus/cryptarum","Bijen, wespen en mieren",4,2024-06-03,"Czechia","Pr1","Tree",1,"313072482","Jari Vandendriessche","","Ad","","Transect","Apidae","Hymenoptera","bees"
"251","Apis mellifera","Bijen, wespen en mieren",4,2024-06-03,"Czechia","Pr1","Tree",1,"313072485","Jari Vandendriessche","","Ad","","Transect","Apidae","Hymenoptera","bees"
"252","Chrysotoxum cautum","Vliegen en muggen",1,2024-06-05,"Czechia","Ve1","Crtl2",1,"313226509","Jari Vandendriessche","","Ad","","Transect","Syrphidae","Diptera","syrphids"
"253","Camptogramma bilineata","Nachtvlinders en micro's",2,2024-06-05,"Czechia","Ve1","Crtl2",1,"313226512","Jari Vandendriessche","","Ad","","Transect","Geometridae","Lepidoptera","butterflies"
"254","Coenonympha pamphilus","Dagvlinders",15,2024-06-05,"Czechia","Ve1","Crtl2",1,"313226515","Jari Vandendriessche","","Ad","","Transect","Nymphalidae","Lepidoptera","butterflies"
"255","Maniola jurtina","Dagvlinders",1,2024-06-05,"Czechia","Ve1","Crtl2",1,"313226518","Jari Vandendriessche","","Ad","","Transect","Nymphalidae","Lepidoptera","butterflies"
"256","Coenonympha pamphilus","Dagvlinders",11,2024-06-05,"Czechia","Ve1","Crtl1",1,"313226521","Jari Vandendriessche","","Ad","","Transect","Nymphalidae","Lepidoptera","butterflies"
"257","Pieris rapae","Dagvlinders",1,2024-06-05,"Czechia","Ve2","Field",1,"313226523","Jari Vandendriessche","","Ad","","Transect","Pieridae","Lepidoptera","butterflies"
"258","Apis mellifera","Bijen, wespen en mieren",4,2024-06-05,"Czechia","Ve2","Field",1,"313226527","Jari Vandendriessche","","Ad","","Transect","Apidae","Hymenoptera","bees"
"259","Bombus terrestris/lucorum/magnus/cryptarum","Bijen, wespen en mieren",2,2024-06-05,"Czechia","Ve2","Field",1,"313226530","Jari Vandendriessche","","Ad","","Transect","Apidae","Hymenoptera","bees"
"260","Apis mellifera","Bijen, wespen en mieren",5,2024-06-05,"Czechia","Ve2","Tree",1,"313226535","Jari Vandendriessche","","Ad","","Transect","Apidae","Hymenoptera","bees"
"261","Aglais io","Dagvlinders",1,2024-06-05,"Czechia","Ve2","Tree",1,"313226536","Jari Vandendriessche","","Ad","","Transect","Nymphalidae","Lepidoptera","butterflies"
"262","Coenonympha pamphilus","Dagvlinders",1,2024-06-05,"Czechia","Ve1","Tree",1,"313226541","Jari Vandendriessche","","Ad","","Transect","Nymphalidae","Lepidoptera","butterflies"
"263","Coenonympha pamphilus","Dagvlinders",2,2024-06-05,"Czechia","Ve1","Field",1,"313226545","Jari Vandendriessche","","Ad","","Transect","Nymphalidae","Lepidoptera","butterflies"
"264","Autographa gamma","Nachtvlinders en micro's",1,2024-06-05,"Czechia","Hu1","Tree",1,"313226548","Jari Vandendriessche","","Ad","","Transect","Noctuidae","Lepidoptera","butterflies"
"265","Episyrphus balteatus","Vliegen en muggen",2,2024-06-05,"Czechia","Hu1","Tree",1,"313226550","Jari Vandendriessche","","Ad","","Transect","Syrphidae","Diptera","syrphids"
"266","Apis mellifera","Bijen, wespen en mieren",5,2024-06-05,"Czechia","Hu1","Tree",1,"313226552","Jari Vandendriessche","","Ad","","Transect","Apidae","Hymenoptera","bees"
"267","Pieris rapae","Dagvlinders",2,2024-06-05,"Czechia","Hu1","Tree",1,"313226554","Jari Vandendriessche","","Ad","","Transect","Pieridae","Lepidoptera","butterflies"
"268","Plutella xylostella","Nachtvlinders en micro's",10,2024-06-05,"Czechia","Hu1","Field",1,"313226555","Jari Vandendriessche","","Ad","","Transect","Plutellidae","Lepidoptera","butterflies"
"269","Autographa gamma","Nachtvlinders en micro's",1,2024-06-05,"Czechia","Hu1","Field",1,"313226556","Jari Vandendriessche","","Ad","","Transect","Noctuidae","Lepidoptera","butterflies"
"270","Pieris rapae","Dagvlinders",1,2024-06-05,"Czechia","Hu1","Field",1,"313226558","Jari Vandendriessche","","Ad","","Transect","Pieridae","Lepidoptera","butterflies"
"271","Bombus lapidarius","Bijen, wespen en mieren",1,2024-06-05,"Czechia","Hu1","Field",1,"313226560","Jari Vandendriessche","","Ad","","Transect","Apidae","Hymenoptera","bees"
"272","Bombus pascuorum","Bijen, wespen en mieren",1,2024-06-05,"Czechia","Hu1","Field",1,"313226563","Jari Vandendriessche","","Ad","","Transect","Apidae","Hymenoptera","bees"
"273","Apis mellifera","Bijen, wespen en mieren",6,2024-06-05,"Czechia","Hu1","Field",1,"313226567","Jari Vandendriessche","","Ad","","Transect","Apidae","Hymenoptera","bees"
"274","Aglais urticae","Dagvlinders",1,2024-06-05,"Czechia","Hu1","Crtl1",1,"313226572","Jari Vandendriessche","","Ad","","Transect","Nymphalidae","Lepidoptera","butterflies"
"275","Apis mellifera","Bijen, wespen en mieren",1,2024-06-05,"Czechia","Hu1","Crtl1",1,"313226574","Jari Vandendriessche","","Ad","","Transect","Apidae","Hymenoptera","bees"
"276","Plutella xylostella","Nachtvlinders en micro's",15,2024-06-05,"Czechia","Hu1","Crtl1",1,"313226576","Jari Vandendriessche","","Ad","","Transect","Plutellidae","Lepidoptera","butterflies"
"277","Plutella xylostella","Nachtvlinders en micro's",8,2024-06-05,"Czechia","Hu1","Crtl2",1,"313226578","Jari Vandendriessche","","Ad","","Transect","Plutellidae","Lepidoptera","butterflies"
"278","Apis mellifera","Bijen, wespen en mieren",2,2024-06-05,"Czechia","Hu1","Crtl2",1,"313226583","Jari Vandendriessche","","Ad","","Transect","Apidae","Hymenoptera","bees"
"279","Oxythyrea funesta","Kevers",1,2024-06-05,"Czechia","Hu1","Crtl2",1,"313226585","Jari Vandendriessche","","Ad","","Transect","Scarabaeidae","Coleoptera","beetles"
"280","Plutella xylostella","Nachtvlinders en micro's",5,2024-06-05,"Czechia","Hu1","Crtl2",1,"313226587","Jari Vandendriessche","","Ad","","Transect","Plutellidae","Lepidoptera","butterflies"
"281","Aglais urticae","Dagvlinders",2,2024-06-05,"Czechia","Hu1","Crtl2",1,"313226588","Jari Vandendriessche","","Ad","","Transect","Nymphalidae","Lepidoptera","butterflies"
"282","Coenonympha pamphilus","Dagvlinders",1,2024-06-05,"Czechia","Ve1","Field",1,"313226988","Jari Vandendriessche","","Ad","","Transect","Nymphalidae","Lepidoptera","butterflies"
"283","Pieris brassicae","Dagvlinders",1,2024-06-05,"Czechia","Ve1","Field",1,"313227020","Jari Vandendriessche","","Ad","","Transect","Pieridae","Lepidoptera","butterflies"
"284","Siona lineata","Nachtvlinders en micro's",1,2024-06-05,"Czechia","Ve2","Field",1,"313227201","Jari Vandendriessche","","Ad","","Transect","Geometridae","Lepidoptera","butterflies"
"285","Oedemera lurida/virescens","Kevers",3,2024-06-15,"UK","St1","Tree",1,"314627848","Jari Vandendriessche","","Ad","","Transect","Oedemeridae","Coleoptera","beetles"
"286","Maniola jurtina","Dagvlinders",1,2024-06-15,"UK","St1","Tree",1,"314627851","Jari Vandendriessche","","Ad","","Transect","Nymphalidae","Lepidoptera","butterflies"
"287","Bombus vestalis","Bijen, wespen en mieren",2,2024-06-15,"UK","St1","Tree",1,"314627866","Jari Vandendriessche","","Ad","","Transect","Apidae","Hymenoptera","bees"
"288","Vanessa atalanta","Dagvlinders",1,2024-06-15,"UK","St1","Field",1,"314627869","Jari Vandendriessche","","Ad","","Transect","Nymphalidae","Lepidoptera","butterflies"
"289","Bombus vestalis","Bijen, wespen en mieren",1,2024-06-15,"UK","St1","Field",1,"314627870","Jari Vandendriessche","","Ad","","Transect","Apidae","Hymenoptera","bees"
"290","Maniola jurtina","Dagvlinders",3,2024-06-15,"UK","St1","Field",1,"314627876","Jari Vandendriessche","","Ad","","Transect","Nymphalidae","Lepidoptera","butterflies"
"291","Pyrausta aurata","Nachtvlinders en micro's",1,2024-06-15,"UK","St1","Field",1,"314627881","Jari Vandendriessche","","Ad","","Transect","Crambidae","Lepidoptera","butterflies"
"292","Oedemera nobilis","Kevers",3,2024-06-15,"UK","St1","Field",1,"314627884","Jari Vandendriessche","","Ad","","Transect","Oedemeridae","Coleoptera","beetles"
"293","Byturus spec.","Kevers",3,2024-06-15,"UK","St1","Field",1,"314627886","Jari Vandendriessche","","Ad","","Transect","Byturidae","Coleoptera","beetles"
"294","Oedemera lurida/virescens","Kevers",4,2024-06-15,"UK","St1","Crtl1",1,"314653297","Jari Vandendriessche","","Ad","","Transect","Oedemeridae","Coleoptera","beetles"
"295","Oedemera lurida/virescens","Kevers",20,2024-06-15,"UK","St1","Crtl2",1,"314653332","Jari Vandendriessche","","Ad","","Transect","Oedemeridae","Coleoptera","beetles"
"296","Oedemera nobilis","Kevers",1,2024-06-17,"UK","Be2","Crtl2",1,"315032853","Jari Vandendriessche","","Ad","","Transect","Oedemeridae","Coleoptera","beetles"
"297","Maniola jurtina","Dagvlinders",1,2024-06-17,"UK","Be2","Tree",1,"315032931","Jari Vandendriessche","","Ad","","Transect","Nymphalidae","Lepidoptera","butterflies"
"298","Bombus pascuorum","Bijen, wespen en mieren",1,2024-06-17,"UK","Be2","Field",1,"315032934","Jari Vandendriessche","","Ad","","Transect","Apidae","Hymenoptera","bees"
"299","Maniola jurtina","Dagvlinders",2,2024-06-17,"UK","Be2","Field",1,"315032939","Jari Vandendriessche","","Ad","","Transect","Nymphalidae","Lepidoptera","butterflies"
"300","Maniola jurtina","Dagvlinders",4,2024-06-17,"UK","Be1","Tree",1,"315032943","Jari Vandendriessche","","Ad","","Transect","Nymphalidae","Lepidoptera","butterflies"
"301","Oedemera nobilis","Kevers",2,2024-06-17,"UK","Be1","Tree",1,"315032944","Jari Vandendriessche","","Ad","","Transect","Oedemeridae","Coleoptera","beetles"
"302","Gonepteryx rhamni","Dagvlinders",1,2024-06-17,"UK","Be1","Field",1,"315032947","Jari Vandendriessche","","Ad","","Transect","Pieridae","Lepidoptera","butterflies"
"303","Oedemera nobilis","Kevers",3,2024-06-17,"UK","Be1","Field",1,"315032949","Jari Vandendriessche","","Ad","","Transect","Oedemeridae","Coleoptera","beetles"
"304","Coenonympha pamphilus","Dagvlinders",6,2024-06-17,"UK","Be1","Field",1,"315032953","Jari Vandendriessche","","Ad","","Transect","Nymphalidae","Lepidoptera","butterflies"
"305","Maniola jurtina","Dagvlinders",14,2024-06-17,"UK","Be1","Field",1,"315032955","Jari Vandendriessche","","Ad","","Transect","Nymphalidae","Lepidoptera","butterflies"
"306","Maniola jurtina","Dagvlinders",1,2024-06-17,"UK","Be1","Crtl2",1,"315032998","Jari Vandendriessche","","Ad","","Transect","Nymphalidae","Lepidoptera","butterflies"
"307","Maniola jurtina","Dagvlinders",3,2024-06-17,"UK","Be1","Crtl1",1,"315033002","Jari Vandendriessche","","Ad","","Transect","Nymphalidae","Lepidoptera","butterflies"
"308","Maniola jurtina","Dagvlinders",2,2024-06-16,"UK","Ar1","Field",1,"315033109","Jari Vandendriessche","","Ad","","Transect","Nymphalidae","Lepidoptera","butterflies"
"309","Tortrix viridana","Nachtvlinders en micro's",1,2024-06-16,"UK","Ar1","Tree",1,"315033110","Jari Vandendriessche","","Ad","","Transect","Tortricidae","Lepidoptera","butterflies"
"310","Coenonympha pamphilus","Dagvlinders",1,2024-06-16,"UK","Ar1","Tree",1,"315033111","Jari Vandendriessche","","Ad","","Transect","Nymphalidae","Lepidoptera","butterflies"
"311","Maniola jurtina","Dagvlinders",1,2024-06-16,"UK","Ar1","Tree",1,"315033113","Jari Vandendriessche","","Ad","","Transect","Nymphalidae","Lepidoptera","butterflies"
"312","Bombus terrestris/lucorum/magnus/cryptarum","Bijen, wespen en mieren",2,2024-06-16,"UK","Ar1","Crtl2",1,"315033114","Jari Vandendriessche","","Ad","","Transect","Apidae","Hymenoptera","bees"
"313","Oedemera nobilis","Kevers",2,2024-06-16,"UK","Ar1","Crtl2",1,"315033116","Jari Vandendriessche","","Ad","","Transect","Oedemeridae","Coleoptera","beetles"
"314","Oedemera nobilis","Kevers",3,2024-06-16,"UK","Ar1","Crtl1",1,"315033118","Jari Vandendriessche","","Ad","","Transect","Oedemeridae","Coleoptera","beetles"
"315","Bombus terrestris/lucorum/magnus/cryptarum","Bijen, wespen en mieren",4,2024-06-16,"UK","Ar1","Crtl1",1,"315033119","Jari Vandendriessche","","Ad","","Transect","Apidae","Hymenoptera","bees"
"316","Bombus lapidarius","Bijen, wespen en mieren",1,2024-06-21,"UK","Wo1","Crtl2",1,"315671328","Jari Vandendriessche","","Ad","","Transect","Apidae","Hymenoptera","bees"
"317","Bombus terrestris/lucorum/magnus/cryptarum","Bijen, wespen en mieren",1,2024-06-21,"UK","Wo1","Crtl2",1,"315671331","Jari Vandendriessche","","Ad","","Transect","Apidae","Hymenoptera","bees"
"318","Apis mellifera","Bijen, wespen en mieren",2,2024-06-21,"UK","Wo1","Crtl2",1,"315671336","Jari Vandendriessche","","Ad","","Transect","Apidae","Hymenoptera","bees"
"319","Apis mellifera","Bijen, wespen en mieren",4,2024-06-21,"UK","Wo1","Crtl1",1,"315671338","Jari Vandendriessche","","Ad","","Transect","Apidae","Hymenoptera","bees"
"320","Oedemera lurida/virescens","Kevers",2,2024-06-21,"UK","Wo1","Tree",1,"315671341","Jari Vandendriessche","","Ad","","Transect","Oedemeridae","Coleoptera","beetles"
"321","Maniola jurtina","Dagvlinders",20,2024-06-21,"UK","Wo1","Tree",1,"315671344","Jari Vandendriessche","","Ad","","Transect","Nymphalidae","Lepidoptera","butterflies"
"322","Apis mellifera","Bijen, wespen en mieren",2,2024-06-21,"UK","Wo1","Field",1,"315671346","Jari Vandendriessche","","Ad","","Transect","Apidae","Hymenoptera","bees"
"323","Coenonympha pamphilus","Dagvlinders",3,2024-06-21,"UK","Wo1","Field",1,"315671348","Jari Vandendriessche","","Ad","","Transect","Nymphalidae","Lepidoptera","butterflies"
"324","Maniola jurtina","Dagvlinders",3,2024-06-21,"UK","Wo1","Field",1,"315671350","Jari Vandendriessche","","Ad","","Transect","Nymphalidae","Lepidoptera","butterflies"
"325","Maniola jurtina","Dagvlinders",1,2024-06-21,"UK","Pe1","Crtl1",1,"315671356","Jari Vandendriessche","","Ad","","Transect","Nymphalidae","Lepidoptera","butterflies"
"326","Bombus terrestris/lucorum/magnus/cryptarum","Bijen, wespen en mieren",1,2024-06-21,"UK","Pe1","Field",1,"315671359","Jari Vandendriessche","","Ad","","Transect","Apidae","Hymenoptera","bees"
"327","Camptogramma bilineata","Nachtvlinders en micro's",5,2024-06-21,"UK","Pe1","Tree",1,"315671363","Jari Vandendriessche","","Ad","","Transect","Geometridae","Lepidoptera","butterflies"
"328","Rutpela maculata","Kevers",2,2024-06-21,"UK","Pe1","Tree",1,"315671369","Jari Vandendriessche","","Ad","","Transect","Cerambycidae","Coleoptera","beetles"
"329","Bombus terrestris/lucorum/magnus/cryptarum","Bijen, wespen en mieren",1,2024-06-21,"UK","Pe1","Tree",1,"315671374","Jari Vandendriessche","","Ad","","Transect","Apidae","Hymenoptera","bees"
"330","Aphantopus hyperantus","Dagvlinders",4,2024-06-15,"UK","St1","Field",1,"315739942","Jari Vandendriessche","","Ad","","Transect","Nymphalidae","Lepidoptera","butterflies"
"331","Ochlodes sylvanus","Dagvlinders",1,2024-06-15,"UK","St1","Field",1,"315740009","Jari Vandendriessche","","Ad","","Transect","Hesperiidae","Lepidoptera","butterflies"
"332","Aphantopus hyperantus","Dagvlinders",6,2024-06-15,"UK","St1","Tree",1,"315740479","Jari Vandendriessche","","Ad","","Transect","Nymphalidae","Lepidoptera","butterflies"
"333","Episyrphus balteatus","Vliegen en muggen",1,2024-09-13,"Belgium","Ur1","Field",2,"327988606","Jari Vandendriessche","","Ad","","Transect","Syrphidae","Diptera","syrphids"
"334","Aglais io","Dagvlinders",1,2024-09-13,"Belgium","Ur1","Field",2,"327988609","Jari Vandendriessche","","Ad","","Transect","Nymphalidae","Lepidoptera","butterflies"
"335","Vanessa atalanta","Dagvlinders",1,2024-09-13,"Belgium","Ur1","Field",2,"327988612","Jari Vandendriessche","","Ad","","Transect","Nymphalidae","Lepidoptera","butterflies"
"336","Pieris napi","Dagvlinders",1,2024-09-13,"Belgium","Ur1","Field",2,"327988613","Jari Vandendriessche","","Ad","","Transect","Pieridae","Lepidoptera","butterflies"
"337","Apis mellifera","Bijen, wespen en mieren",1,2024-09-13,"Belgium","Ur1","Tree",2,"327988614","Jari Vandendriessche","","Ad","","Transect","Apidae","Hymenoptera","bees"
"338","Pieris napi","Dagvlinders",1,2024-09-13,"Belgium","Ur1","Tree",2,"327988617","Jari Vandendriessche","","Ad","","Transect","Pieridae","Lepidoptera","butterflies"
"339","Pararge aegeria","Dagvlinders",1,2024-09-13,"Belgium","Ur1","Tree",2,"327988621","Jari Vandendriessche","","Ad","","Transect","Nymphalidae","Lepidoptera","butterflies"
"340","Aglais io","Dagvlinders",1,2024-09-13,"Belgium","Ur1","Tree",2,"327988633","Jari Vandendriessche","","Ad","","Transect","Nymphalidae","Lepidoptera","butterflies"
"341","Vanessa atalanta","Dagvlinders",3,2024-09-13,"Belgium","Ur1","Tree",2,"327988637","Jari Vandendriessche","","Ad","","Transect","Nymphalidae","Lepidoptera","butterflies"
"342","Pieris napi","Dagvlinders",1,2024-09-13,"Belgium","Ur1","Tree",2,"327988639","Jari Vandendriessche","","Ad","","Transect","Pieridae","Lepidoptera","butterflies"
"343","Aglais io","Dagvlinders",1,2024-09-13,"Belgium","Ur1","Tree",2,"327988645","Jari Vandendriessche","","Ad","","Transect","Nymphalidae","Lepidoptera","butterflies"
"344","Pararge aegeria","Dagvlinders",1,2024-09-13,"Belgium","Ur1","Crtl2",2,"327988648","Jari Vandendriessche","","Ad","","Transect","Nymphalidae","Lepidoptera","butterflies"
"345","Apis mellifera","Bijen, wespen en mieren",2,2024-09-13,"Belgium","Ur1","Crtl2",2,"327988650","Jari Vandendriessche","","Ad","","Transect","Apidae","Hymenoptera","bees"
"346","Aglais io","Dagvlinders",1,2024-09-13,"Belgium","Ur1","Crtl2",2,"327988654","Jari Vandendriessche","","Ad","","Transect","Nymphalidae","Lepidoptera","butterflies"
"347","Pieris napi","Dagvlinders",2,2024-09-13,"Belgium","Ur1","Crtl2",2,"327988660","Jari Vandendriessche","","Ad","","Transect","Pieridae","Lepidoptera","butterflies"
"348","Pieris napi","Dagvlinders",2,2024-09-13,"Belgium","Ur1","Crtl1",2,"327988666","Jari Vandendriessche","","Ad","","Transect","Pieridae","Lepidoptera","butterflies"
"349","Aglais io","Dagvlinders",1,2024-09-13,"Belgium","Ur1","Crtl1",2,"327988668","Jari Vandendriessche","","Ad","","Transect","Nymphalidae","Lepidoptera","butterflies"
"350","Episyrphus balteatus","Vliegen en muggen",1,2024-09-13,"Belgium","Zo2","Field",2,"327988698","Jari Vandendriessche","","Ad","","Transect","Syrphidae","Diptera","syrphids"
"351","Pieris brassicae","Dagvlinders",1,2024-09-13,"Belgium","Zo2","Field",2,"327988702","Jari Vandendriessche","","Ad","","Transect","Pieridae","Lepidoptera","butterflies"
"352","Vanessa atalanta","Dagvlinders",1,2024-09-13,"Belgium","Zo2","Field",2,"327988709","Jari Vandendriessche","","Ad","","Transect","Nymphalidae","Lepidoptera","butterflies"
"353","Eristalis tenax","Vliegen en muggen",4,2024-09-13,"Belgium","Zo2","Tree",2,"327988715","Jari Vandendriessche","","Ad","","Transect","Syrphidae","Diptera","syrphids"
"354","Helophilus pendulus","Vliegen en muggen",2,2024-09-13,"Belgium","Zo2","Tree",2,"327988721","Jari Vandendriessche","","Ad","","Transect","Syrphidae","Diptera","syrphids"
"355","Pieris rapae","Dagvlinders",1,2024-09-13,"Belgium","Zo2","Tree",2,"327988727","Jari Vandendriessche","","Ad","","Transect","Pieridae","Lepidoptera","butterflies"
"356","Vanessa atalanta","Dagvlinders",1,2024-09-13,"Belgium","Zo2","Tree",2,"327988731","Jari Vandendriessche","","Ad","","Transect","Nymphalidae","Lepidoptera","butterflies"
"357","Pararge aegeria","Dagvlinders",1,2024-09-08,"Belgium","Lo2","Tree",2,"327988733","Jari Vandendriessche","","Ad","","Transect","Nymphalidae","Lepidoptera","butterflies"
"358","Pieris brassicae","Dagvlinders",1,2024-09-15,"Belgium","Zo1","Tree",2,"328252491","Jari Vandendriessche","","Ad","","Transect","Pieridae","Lepidoptera","butterflies"
"359","Pararge aegeria","Dagvlinders",4,2024-09-15,"Belgium","Zo1","Tree",2,"328252494","Jari Vandendriessche","","Ad","","Transect","Nymphalidae","Lepidoptera","butterflies"
"360","Pararge aegeria","Dagvlinders",6,2024-09-15,"Belgium","Zo1","Field",2,"328252496","Jari Vandendriessche","","Ad","","Transect","Nymphalidae","Lepidoptera","butterflies"
"361","Pieris rapae","Dagvlinders",2,2024-09-17,"Czechia","Sa2","Crtl1",2,"MV_1","Magdalena Vankova","","Ad","","Transect","Pieridae","Lepidoptera","butterflies"
"362","Apis mellifera","Bijen, wespen en mieren",1,2024-09-17,"Czechia","Sa2","Crtl1",2,"MV_2","Magdalena Vankova","","Ad","","Transect","Apidae","Hymenoptera","bees"
"363","Apis mellifera","Bijen, wespen en mieren",6,2024-09-17,"Czechia","Sa2","Crtl2",2,"MV_3","Magdalena Vankova","","Ad","","Transect","Apidae","Hymenoptera","bees"
"364","Polyommatus icarus","Dagvlinders",4,2024-09-17,"Czechia","Sa2","Tree",2,"MV_4","Magdalena Vankova","","Ad","","Transect","Lycaenidae","Lepidoptera","butterflies"
"365","Cerceris rybyensis","Bijen, wespen en mieren",1,2024-09-17,"Czechia","Sa2","Tree",2,"MV_5","Magdalena Vankova","","Ad","","Transect","Crabronidae","Hymenoptera","wasps"
"366","Gonepteryx rhamni","Dagvlinders",1,2024-09-17,"Czechia","Sa2","Field",2,"MV_6","Magdalena Vankova","","Ad","","Transect","Pieridae","Lepidoptera","butterflies"
"367","Pieris rapae","Dagvlinders",5,2024-09-17,"Czechia","Sa2","Field",2,"MV_7","Magdalena Vankova","","Ad","","Transect","Pieridae","Lepidoptera","butterflies"
"368","Apis mellifera","Bijen, wespen en mieren",21,2024-09-17,"Czechia","Sa1","Crtl1",2,"MV_8","Magdalena Vankova","","Ad","","Transect","Apidae","Hymenoptera","bees"
"369","Autographa gamma","Nachtvlinders en micro's",1,2024-09-17,"Czechia","Sa1","Crtl1",2,"MV_9","Magdalena Vankova","","Ad","","Transect","Noctuidae","Lepidoptera","butterflies"
"370","Polyommatus icarus","Dagvlinders",1,2024-09-17,"Czechia","Sa1","Crtl2",2,"MV_10","Magdalena Vankova","","Ad","","Transect","Lycaenidae","Lepidoptera","butterflies"
"371","Philanthus triangulum","Bijen, wespen en mieren",1,2024-09-17,"Czechia","Sa1","Crtl2",2,"MV_11","Magdalena Vankova","","Ad","","Transect","Crabronidae","Hymenoptera","wasps"
"372","Apis mellifera","Bijen, wespen en mieren",15,2024-09-17,"Czechia","Sa1","Crtl2",2,"MV_12","Magdalena Vankova","","Ad","","Transect","Apidae","Hymenoptera","bees"
"373","Vanessa atalanta","Dagvlinders",5,2024-09-17,"Czechia","Sa1","Tree",2,"MV_13","Magdalena Vankova","","Ad","","Transect","Nymphalidae","Lepidoptera","butterflies"
"374","Vespula vulgaris","Bijen, wespen en mieren",8,2024-09-17,"Czechia","Sa1","Tree",2,"MV_14","Magdalena Vankova","","Ad","","Transect","Vespidae","Hymenoptera","wasps"
"375","Apis mellifera","Bijen, wespen en mieren",13,2024-09-17,"Czechia","Sa1","Tree",2,"MV_15","Magdalena Vankova","","Ad","","Transect","Apidae","Hymenoptera","bees"
"376","Apis mellifera","Bijen, wespen en mieren",14,2024-09-17,"Czechia","Sa1","Field",2,"MV_16","Magdalena Vankova","","Ad","","Transect","Apidae","Hymenoptera","bees"
"377","Vespula vulgaris","Bijen, wespen en mieren",1,2024-09-17,"Czechia","Sa1","Field",2,"MV_17","Magdalena Vankova","","Ad","","Transect","Vespidae","Hymenoptera","wasps"
"378","Polyommatus icarus","Dagvlinders",2,2024-09-19,"Czechia","Za1","Crtl1",2,"MV_18","Magdalena Vankova","","Ad","","Transect","Lycaenidae","Lepidoptera","butterflies"
"379","Pieris rapae","Dagvlinders",5,2024-09-19,"Czechia","Za1","Crtl1",2,"MV_19","Magdalena Vankova","","Ad","","Transect","Pieridae","Lepidoptera","butterflies"
"380","Pontia edusa","Dagvlinders",2,2024-09-19,"Czechia","Za1","Crtl1",2,"MV_20","Magdalena Vankova","","Ad","","Transect","Pieridae","Lepidoptera","butterflies"
"381","Polyommatus icarus","Dagvlinders",2,2024-09-19,"Czechia","Za1","Crtl2",2,"MV_21","Magdalena Vankova","","Ad","","Transect","Lycaenidae","Lepidoptera","butterflies"
"382","Pieris rapae","Dagvlinders",5,2024-09-19,"Czechia","Za1","Crtl2",2,"MV_22","Magdalena Vankova","","Ad","","Transect","Pieridae","Lepidoptera","butterflies"
"383","Pontia edusa","Dagvlinders",2,2024-09-19,"Czechia","Za1","Crtl2",2,"MV_23","Magdalena Vankova","","Ad","","Transect","Pieridae","Lepidoptera","butterflies"
"384","Pieris rapae","Dagvlinders",1,2024-09-19,"Czechia","Za1","Tree",2,"MV_24","Magdalena Vankova","","Ad","","Transect","Pieridae","Lepidoptera","butterflies"
"385","Pieris rapae","Dagvlinders",1,2024-09-19,"Czechia","Za1","Field",2,"MV_25","Magdalena Vankova","","Ad","","Transect","Pieridae","Lepidoptera","butterflies"
"386","Vanessa atalanta","Dagvlinders",1,2024-09-19,"Czechia","Za1","Field",2,"MV_26","Magdalena Vankova","","Ad","","Transect","Nymphalidae","Lepidoptera","butterflies"
"387","Pontia edusa","Dagvlinders",2,2024-09-21,"Czechia","Pr1","Crtl1",2,"MV_27","Magdalena Vankova","","Ad","","Transect","Pieridae","Lepidoptera","butterflies"
"388","Pieris rapae","Dagvlinders",12,2024-09-21,"Czechia","Pr1","Crtl1",2,"MV_28","Magdalena Vankova","","Ad","","Transect","Pieridae","Lepidoptera","butterflies"
"389","Vanessa atalanta","Dagvlinders",1,2024-09-21,"Czechia","Pr1","Crtl2",2,"MV_29","Magdalena Vankova","","Ad","","Transect","Nymphalidae","Lepidoptera","butterflies"
"390","Pontia edusa","Dagvlinders",1,2024-09-21,"Czechia","Pr1","Crtl2",2,"MV_30","Magdalena Vankova","","Ad","","Transect","Pieridae","Lepidoptera","butterflies"
"391","Pieris rapae","Dagvlinders",17,2024-09-21,"Czechia","Pr1","Crtl2",2,"MV_31","Magdalena Vankova","","Ad","","Transect","Pieridae","Lepidoptera","butterflies"
"392","Pieris rapae","Dagvlinders",4,2024-09-21,"Czechia","Pr1","Tree",2,"MV_32","Magdalena Vankova","","Ad","","Transect","Pieridae","Lepidoptera","butterflies"
"393","Vanessa atalanta","Dagvlinders",1,2024-09-21,"Czechia","Pr1","Field",2,"MV_33","Magdalena Vankova","","Ad","","Transect","Nymphalidae","Lepidoptera","butterflies"
"394","Autographa gamma","Nachtvlinders en micro's",1,2024-09-21,"Czechia","Pr1","Field",2,"MV_34","Magdalena Vankova","","Ad","","Transect","Noctuidae","Lepidoptera","butterflies"
"395","Pieris rapae","Dagvlinders",7,2024-09-21,"Czechia","Pr1","Field",2,"MV_35","Magdalena Vankova","","Ad","","Transect","Pieridae","Lepidoptera","butterflies"
"396","Pieris rapae","Dagvlinders",1,2024-09-23,"Czechia","Hu1","Tree",2,"MV_36","Magdalena Vankova","","Ad","","Transect","Pieridae","Lepidoptera","butterflies"
"397","Vanessa atalanta","Dagvlinders",2,2024-09-23,"Czechia","Hu1","Tree",2,"MV_37","Magdalena Vankova","","Ad","","Transect","Nymphalidae","Lepidoptera","butterflies"
"398","Pieris rapae","Dagvlinders",1,2024-09-23,"Czechia","Hu1","Field",2,"MV_38","Magdalena Vankova","","Ad","","Transect","Pieridae","Lepidoptera","butterflies"
"399","Vanessa atalanta","Dagvlinders",2,2024-09-23,"Czechia","Hu1","Field",2,"MV_39","Magdalena Vankova","","Ad","","Transect","Nymphalidae","Lepidoptera","butterflies"
"400","Apis mellifera","Bijen, wespen en mieren",2,2024-09-23,"Czechia","Ve1","Crtl1",2,"MV_40","Magdalena Vankova","","Ad","","Transect","Apidae","Hymenoptera","bees"
"401","Pieris rapae","Dagvlinders",4,2024-09-23,"Czechia","Ve1","Crtl1",2,"MV_41","Magdalena Vankova","","Ad","","Transect","Pieridae","Lepidoptera","butterflies"
"402","Colias hyale","Dagvlinders",1,2024-09-23,"Czechia","Ve1","Crtl1",2,"MV_42","Magdalena Vankova","","Ad","","Transect","Pieridae","Lepidoptera","butterflies"
"403","Pieris rapae","Dagvlinders",3,2024-09-23,"Czechia","Ve1","Crtl2",2,"MV_43","Magdalena Vankova","","Ad","","Transect","Pieridae","Lepidoptera","butterflies"
"404","Colias hyale","Dagvlinders",1,2024-09-23,"Czechia","Ve1","Crtl2",2,"MV_44","Magdalena Vankova","","Ad","","Transect","Pieridae","Lepidoptera","butterflies"
"405","Pieris rapae","Dagvlinders",2,2024-09-23,"Czechia","Ve1","Tree",2,"MV_45","Magdalena Vankova","","Ad","","Transect","Pieridae","Lepidoptera","butterflies"
"406","Vanessa atalanta","Dagvlinders",1,2024-09-23,"Czechia","Ve1","Tree",2,"MV_46","Magdalena Vankova","","Ad","","Transect","Nymphalidae","Lepidoptera","butterflies"
"407","Pieris rapae","Dagvlinders",12,2024-09-23,"Czechia","Ve1","Field",2,"MV_47","Magdalena Vankova","","Ad","","Transect","Pieridae","Lepidoptera","butterflies"
"408","Apis mellifera","Bijen, wespen en mieren",1,2024-09-23,"Czechia","Ve1","Field",2,"MV_48","Magdalena Vankova","","Ad","","Transect","Apidae","Hymenoptera","bees"
"409","Merodon equestris","Vliegen en muggen",1,2024-05-14,"Belgium","Zo2","Tree",1,"SS_1","Seppe Scheldeman","","Ad","","Transect","Syrphidae","Diptera","syrphids"
"410","Pararge aegeria","Dagvlinders",1,2024-09-08,"Belgium","It2","Tree",2,"SS_2","Seppe Scheldeman","","Ad","","Transect","Nymphalidae","Lepidoptera","butterflies"
"411","Agriphila tristella","Lepidoptera",1,2024-09-17,"Czechia","Sa1","Tree",2,"lepidoptera_JV_64","Jari Vandendriessche","","Ad","","Transect","Crambidae","Lepidoptera","butterflies"
"412","Eristalis arbustorum","Syrphidae",1,2024-05-14,"Belgium","Zo1","Field",1,"syrphids_JH_14","Jef Hendrix","M","Ad","","Transect","Syrphidae","Diptera","syrphids"
"413","Tropidia scita","Syrphidae",1,2024-05-14,"Belgium","Zo1","Field",1,"syrphids_JH_15","Jef Hendrix","F","Ad","","Transect","Syrphidae","Diptera","syrphids"
"414","Episyrphus balteatus","Syrphidae",1,2024-05-22,"Belgium","Ur1","Crtl1",1,"syrphids_JH_17","Jef Hendrix","F","Ad","","Transect","Syrphidae","Diptera","syrphids"
"415","Eristalis arbustorum","Syrphidae",1,2024-05-22,"Belgium","Ur1","Crtl1",1,"syrphids_JH_18","Jef Hendrix","M","Ad","","Transect","Syrphidae","Diptera","syrphids"
"416","Helophilus pendulus","Syrphidae",1,2024-05-22,"Belgium","Ur1","Crtl1",1,"syrphids_JH_19","Jef Hendrix","M","Ad","","Transect","Syrphidae","Diptera","syrphids"
"417","Cheilosia albitarsis","Syrphidae",3,2024-05-22,"Belgium","Ur1","Crtl1",1,"syrphids_JH_20","Jef Hendrix","F","Ad","","Transect","Syrphidae","Diptera","syrphids"
"418","Eristalis arbustorum","Syrphidae",1,2024-05-14,"Belgium","Zo1","Crtl1",1,"syrphids_JH_21","Jef Hendrix","M","Ad","","Transect","Syrphidae","Diptera","syrphids"
"419","Eristalis arbustorum","Syrphidae",1,2024-05-14,"Belgium","Zo1","Crtl1",1,"syrphids_JH_22","Jef Hendrix","F","Ad","","Transect","Syrphidae","Diptera","syrphids"
"420","Eristalis arbustorum","Syrphidae",1,2024-05-14,"Belgium","Zo1","Tree",1,"syrphids_JH_25","Jef Hendrix","M","Ad","","Transect","Syrphidae","Diptera","syrphids"
"421","Eristalis arbustorum","Syrphidae",1,2024-05-14,"Belgium","Zo1","Tree",1,"syrphids_JH_26","Jef Hendrix","F","Ad","","Transect","Syrphidae","Diptera","syrphids"
"422","Eristalis nemorum","Syrphidae",1,2024-09-08,"Belgium","It2","Tree",2,"syrphids_JH_66","Jef Hendrix","M","Ad","","Transect","Syrphidae","Diptera","syrphids"
"423","Eristalis tenax","Syrphidae",1,2024-09-07,"Belgium","Lo2","Tree",2,"syrphids_JH_67","Jef Hendrix","F","Ad","","Transect","Syrphidae","Diptera","syrphids"
"424","Rhingia campestris","Syrphidae",1,2024-09-07,"Belgium","Lo2","Tree",2,"syrphids_JH_68","Jef Hendrix","F","Ad","","Transect","Syrphidae","Diptera","syrphids"
"425","Eupeodes latifasciatus","Syrphidae",1,2024-09-13,"Belgium","Ur1","Tree",2,"syrphids_JH_69","Jef Hendrix","F","Ad","","Transect","Syrphidae","Diptera","syrphids"
"426","Cheilosia vernalis","Syrphidae",1,2024-09-13,"Belgium","Zo2","Tree",2,"syrphids_JH_70","Jef Hendrix","F","Ad","","Transect","Syrphidae","Diptera","syrphids"
"427","Tropidia scita","Syrphidae",1,2024-05-22,"Belgium","Ur1","Field",1,"syrphids_JH_80","Jef Hendrix","F","Ad","","Transect","Syrphidae","Diptera","syrphids"
"428","Chalcosyrphus nemorum","Syrphidae",1,2024-05-22,"Belgium","Ur1","Field",1,"syrphids_JH_81","Jef Hendrix","F","Ad","","Transect","Syrphidae","Diptera","syrphids"
"429","Episyrphus balteatus","Syrphidae",1,2024-05-22,"Belgium","Ur1","Field",1,"syrphids_JH_82","Jef Hendrix","F","Ad","","Transect","Syrphidae","Diptera","syrphids"
"430","Platycheirus albimanus","Syrphidae",1,2024-05-22,"Belgium","Ur1","Field",1,"syrphids_JH_83","Jef Hendrix","F","Ad","","Transect","Syrphidae","Diptera","syrphids"
"431","Episyrphus balteatus","Syrphidae",2,2024-05-22,"Belgium","Ur1","Tree",1,"syrphids_JH_84","Jef Hendrix","F","Ad","","Transect","Syrphidae","Diptera","syrphids"
"432","Eristalis arbustorum","Syrphidae",1,2024-05-14,"Belgium","Zo1","Crtl2",1,"syrphids_JH_85","Jef Hendrix","M","Ad","","Transect","Syrphidae","Diptera","syrphids"
"433","Eristalis nemorum","Syrphidae",1,2024-05-22,"Belgium","Ur1","Crtl2",1,"syrphids_JH_86","Jef Hendrix","M","Ad","","Transect","Syrphidae","Diptera","syrphids"
"434","Cheilosia bergenstammi","Syrphidae",1,2024-05-22,"Belgium","Ur1","Crtl2",1,"syrphids_JH_87","Jef Hendrix","M","Ad","","Transect","Syrphidae","Diptera","syrphids"
"435","Helophilus pendulus","Syrphidae",1,2024-05-19,"Belgium","It2","Tree",1,"syrphids_JH_88","Jef Hendrix","M","Ad","","Transect","Syrphidae","Diptera","syrphids"
"436","Eristalis pertinax","Syrphidae",1,2024-05-19,"Belgium","It2","Tree",1,"syrphids_JH_89","Jef Hendrix","M","Ad","","Transect","Syrphidae","Diptera","syrphids"
"437","Eristalis arbustorum","Syrphidae",1,2024-05-19,"Belgium","It2","Tree",1,"syrphids_JH_90","Jef Hendrix","F","Ad","","Transect","Syrphidae","Diptera","syrphids"
"438","Pipizella virens","Syrphidae",1,2024-05-19,"Belgium","It2","Tree",1,"syrphids_JH_91","Jef Hendrix","M","Ad","","Transect","Syrphidae","Diptera","syrphids"
"439","Eristalis arbustorum","Syrphidae",2,2024-05-14,"Belgium","Zo2","Crtl2",1,"syrphids_JH_97","Jef Hendrix","M","Ad","","Transect","Syrphidae","Diptera","syrphids"
"440","Eristalis arbustorum","Syrphidae",2,2024-05-14,"Belgium","Zo2","Crtl2",1,"syrphids_JH_98","Jef Hendrix","F","Ad","","Transect","Syrphidae","Diptera","syrphids"
"441","Episyrphus balteatus","Syrphidae",1,2024-06-21,"UK","Pe1","Tree",1,"syrphids_JH_109","Jef Hendrix","M","Ad","","Transect","Syrphidae","Diptera","syrphids"
"442","Syrphus ribesii","Syrphidae",1,2024-06-21,"UK","Pe1","Tree",1,"syrphids_JH_110","Jef Hendrix","M","Ad","","Transect","Syrphidae","Diptera","syrphids"
"443","Syrphus vitripennis","Syrphidae",1,2024-06-21,"UK","Pe1","Tree",1,"syrphids_JH_111","Jef Hendrix","M","Ad","","Transect","Syrphidae","Diptera","syrphids"
"444","Pipiza austriaca","Syrphidae",1,2024-06-17,"UK","Be2","Tree",1,"syrphids_JH_112","Jef Hendrix","F","Ad","","Transect","Syrphidae","Diptera","syrphids"
"445","Sphaerophoria scripta","Syrphidae",1,2024-06-21,"UK","Wo1","Field",1,"syrphids_JH_113","Jef Hendrix","F","Ad","","Transect","Syrphidae","Diptera","syrphids"
"446","Syrphus vitripennis","Syrphidae",1,2024-06-21,"UK","Pe1","Field",1,"syrphids_JH_114","Jef Hendrix","M","Ad","","Transect","Syrphidae","Diptera","syrphids"
"447","Melanostoma mellinum","Syrphidae",1,2024-06-16,"UK","Ar1","Field",1,"syrphids_JH_115","Jef Hendrix","M","Ad","","Transect","Syrphidae","Diptera","syrphids"
"448","Chloromyia formosa","Syrphidae",1,2024-06-05,"Czechia","Ve2","Tree",1,"syrphids_FVDM_2","Frank Van De Meutter","","Ad","","Transect","Stratiomyidae","Diptera","flies"
"449","Chloromyia formosa","Syrphidae",2,2024-06-01,"Czechia","Za1","Tree",1,"syrphids_FVDM_3","Frank Van De Meutter","","Ad","","Transect","Stratiomyidae","Diptera","flies"
"450","Chrysotoxum intermedium","Syrphidae",1,2024-04-01,"France","PL2","Field",1,"syrphids_FVDM_7","Frank Van De Meutter","F","Ad","","Transect","Syrphidae","Diptera","syrphids"
"451","Chrysotoxum intermedium","Syrphidae",1,2024-04-01,"France","PL2","Tree",1,"syrphids_FVDM_8","Frank Van De Meutter","F","Ad","","Transect","Syrphidae","Diptera","syrphids"
"452","Episyrphus balteatus","Syrphidae",1,2024-06-05,"Czechia","Hu1","Field",1,"syrphids_FVDM_9","Frank Van De Meutter","F","Ad","","Transect","Syrphidae","Diptera","syrphids"
"453","Episyrphus balteatus","Syrphidae",1,2024-06-05,"Czechia","Ve2","Field",1,"syrphids_FVDM_13","Frank Van De Meutter","F","Ad","","Transect","Syrphidae","Diptera","syrphids"
"454","Episyrphus balteatus","Syrphidae",1,2024-04-02,"France","Ca1","Tree",1,"syrphids_FVDM_16","Frank Van De Meutter","F","Ad","","Transect","Syrphidae","Diptera","syrphids"
"455","Episyrphus balteatus","Syrphidae",1,2024-04-03,"France","PL1","Field",1,"syrphids_FVDM_17","Frank Van De Meutter","M","Ad","","Transect","Syrphidae","Diptera","syrphids"
"456","Episyrphus balteatus","Syrphidae",1,2024-04-01,"France","PL2","Crtl1",1,"syrphids_FVDM_18","Frank Van De Meutter","F","Ad","","Transect","Syrphidae","Diptera","syrphids"
"457","Episyrphus balteatus","Syrphidae",1,2024-04-01,"France","PL2","Crtl2",1,"syrphids_FVDM_19","Frank Van De Meutter","F","Ad","","Transect","Syrphidae","Diptera","syrphids"
"458","Episyrphus balteatus","Syrphidae",1,2024-04-01,"France","PL2","Crtl2",1,"syrphids_FVDM_20","Frank Van De Meutter","M","Ad","","Transect","Syrphidae","Diptera","syrphids"
"459","Episyrphus balteatus","Syrphidae",3,2024-04-01,"France","PL2","Field",1,"syrphids_FVDM_21","Frank Van De Meutter","F","Ad","","Transect","Syrphidae","Diptera","syrphids"
"460","Episyrphus balteatus","Syrphidae",1,2024-04-01,"France","PL2","Tree",1,"syrphids_FVDM_22","Frank Van De Meutter","F","Ad","","Transect","Syrphidae","Diptera","syrphids"
"461","Episyrphus balteatus","Syrphidae",1,2024-04-01,"France","PL2","Tree",1,"syrphids_FVDM_23","Frank Van De Meutter","M","Ad","","Transect","Syrphidae","Diptera","syrphids"
"462","Episyrphus balteatus","Syrphidae",1,2024-04-02,"France","PL3","Tree",1,"syrphids_FVDM_24","Frank Van De Meutter","F","Ad","","Transect","Syrphidae","Diptera","syrphids"
"463","Episyrphus balteatus","Syrphidae",1,2024-03-28,"France","Pe1","Field",1,"syrphids_FVDM_25","Frank Van De Meutter","F","Ad","","Transect","Syrphidae","Diptera","syrphids"
"464","Episyrphus balteatus","Syrphidae",1,2024-03-28,"France","Pe1","Tree",1,"syrphids_FVDM_26","Frank Van De Meutter","F","Ad","","Transect","Syrphidae","Diptera","syrphids"
"465","Episyrphus balteatus","Syrphidae",2,2024-03-28,"France","Pe1","Tree",1,"syrphids_FVDM_27","Frank Van De Meutter","M","Ad","","Transect","Syrphidae","Diptera","syrphids"
"466","Episyrphus balteatus","Syrphidae",2,2024-03-21,"Portugal","JS1","Field",1,"syrphids_FVDM_28","Frank Van De Meutter","F","Ad","","Transect","Syrphidae","Diptera","syrphids"
"467","Episyrphus balteatus","Syrphidae",4,2024-03-21,"Portugal","JS1","Field",1,"syrphids_FVDM_29","Frank Van De Meutter","M","Ad","","Transect","Syrphidae","Diptera","syrphids"
"468","Episyrphus balteatus","Syrphidae",3,2024-03-21,"Portugal","JS2","Field",1,"syrphids_FVDM_30","Frank Van De Meutter","F","Ad","","Transect","Syrphidae","Diptera","syrphids"
"469","Episyrphus balteatus","Syrphidae",4,2024-03-21,"Portugal","JS2","Field",1,"syrphids_FVDM_31","Frank Van De Meutter","M","Ad","","Transect","Syrphidae","Diptera","syrphids"
"470","Episyrphus balteatus","Syrphidae",1,2024-03-21,"Portugal","JS2","Tree",1,"syrphids_FVDM_32","Frank Van De Meutter","F","Ad","","Transect","Syrphidae","Diptera","syrphids"
"471","Episyrphus balteatus","Syrphidae",1,2024-03-21,"Portugal","JS2","Tree",1,"syrphids_FVDM_33","Frank Van De Meutter","M","Ad","","Transect","Syrphidae","Diptera","syrphids"
"472","Episyrphus balteatus","Syrphidae",1,2024-03-19,"Portugal","MV1","Crtl1",1,"syrphids_FVDM_34","Frank Van De Meutter","M","Ad","","Transect","Syrphidae","Diptera","syrphids"
"473","Episyrphus balteatus","Syrphidae",1,2024-03-24,"Portugal","MV3","Tree",1,"syrphids_FVDM_35","Frank Van De Meutter","M","Ad","","Transect","Syrphidae","Diptera","syrphids"
"474","Episyrphus balteatus","Syrphidae",1,2024-03-23,"Portugal","Mo1","Crtl2",1,"syrphids_FVDM_36","Frank Van De Meutter","F","Ad","","Transect","Syrphidae","Diptera","syrphids"
"475","Eristalis tenax","Syrphidae",1,2024-06-03,"Czechia","Pr1","Field",1,"syrphids_FVDM_50","Frank Van De Meutter","M","Ad","","Transect","Syrphidae","Diptera","syrphids"
"476","Eristalis tenax","Syrphidae",1,2024-06-03,"Czechia","Pr1","Tree",1,"syrphids_FVDM_51","Frank Van De Meutter","F","Ad","","Transect","Syrphidae","Diptera","syrphids"
"477","Eristalis tenax","Syrphidae",1,2024-04-03,"France","PL1","Field",1,"syrphids_FVDM_52","Frank Van De Meutter","F","Ad","","Transect","Syrphidae","Diptera","syrphids"
"478","Eupeodes corollae","Syrphidae",1,2024-05-30,"Czechia","Sa1","Tree",1,"syrphids_FVDM_63","Frank Van De Meutter","M","Ad","","Transect","Syrphidae","Diptera","syrphids"
"479","Eupeodes corollae","Syrphidae",1,2024-09-25,"Czechia","Ve1","Crtl1",2,"syrphids_FVDM_71","Frank Van De Meutter","M","Ad","","Transect","Syrphidae","Diptera","syrphids"
"480","Eupeodes corollae","Syrphidae",1,2024-06-05,"Czechia","Ve1","Crtl2",1,"syrphids_FVDM_72","Frank Van De Meutter","F","Ad","","Transect","Syrphidae","Diptera","syrphids"
"481","Eupeodes corollae","Syrphidae",1,2024-04-03,"France","PL1","Crtl1",1,"syrphids_FVDM_79","Frank Van De Meutter","M","Ad","","Transect","Syrphidae","Diptera","syrphids"
"482","Eupeodes corollae","Syrphidae",1,2024-04-02,"France","PL3","Field",1,"syrphids_FVDM_80","Frank Van De Meutter","F","Ad","","Transect","Syrphidae","Diptera","syrphids"
"483","Eupeodes corollae","Syrphidae",1,2024-03-28,"France","Pe1","Field",1,"syrphids_FVDM_82","Frank Van De Meutter","F","Ad","","Transect","Syrphidae","Diptera","syrphids"
"484","Eupeodes corollae","Syrphidae",1,2024-03-21,"Portugal","JS2","Crtl2",1,"syrphids_FVDM_85","Frank Van De Meutter","F","Ad","","Transect","Syrphidae","Diptera","syrphids"
"485","Eupeodes corollae","Syrphidae",1,2024-03-21,"Portugal","JS2","Tree",1,"syrphids_FVDM_86","Frank Van De Meutter","F","Ad","","Transect","Syrphidae","Diptera","syrphids"
"486","Eupeodes corollae","Syrphidae",1,2024-03-19,"Portugal","MV1","Crtl2",1,"syrphids_FVDM_87","Frank Van De Meutter","M","Ad","","Transect","Syrphidae","Diptera","syrphids"
"487","Eupeodes corollae","Syrphidae",1,2024-03-23,"Portugal","Mo1","Crtl1",1,"syrphids_FVDM_89","Frank Van De Meutter","M","Ad","","Transect","Syrphidae","Diptera","syrphids"
"488","Eupeodes luniger","Syrphidae",1,2024-06-05,"Czechia","Hu1","Field",1,"syrphids_FVDM_92","Frank Van De Meutter","F","Ad","","Transect","Syrphidae","Diptera","syrphids"
"489","Eupeodes luniger","Syrphidae",1,2024-06-03,"Czechia","Pr1","Tree",1,"syrphids_FVDM_93","Frank Van De Meutter","F","Ad","","Transect","Syrphidae","Diptera","syrphids"
"490","Eupeodes luniger","Syrphidae",1,2024-06-05,"Czechia","Ve2","Field",1,"syrphids_FVDM_96","Frank Van De Meutter","F","Ad","","Transect","Syrphidae","Diptera","syrphids"
"491","Helophilus trivittatus","Syrphidae",1,2024-06-03,"Czechia","Pr1","Field",1,"syrphids_FVDM_100","Frank Van De Meutter","F","Ad","","Transect","Syrphidae","Diptera","syrphids"
"492","Melanostoma mellinum","Syrphidae",1,2024-06-05,"Czechia","Ve2","Tree",1,"syrphids_FVDM_105","Frank Van De Meutter","M","Ad","","Transect","Syrphidae","Diptera","syrphids"
"493","Melanostoma mellinum","Syrphidae",1,2024-04-02,"France","Ca1","Tree",1,"syrphids_FVDM_106","Frank Van De Meutter","F","Ad","","Transect","Syrphidae","Diptera","syrphids"
"494","Melanostoma mellinum","Syrphidae",1,2024-04-04,"France","ND1","Crtl1",1,"syrphids_FVDM_107","Frank Van De Meutter","F","Ad","","Transect","Syrphidae","Diptera","syrphids"
"495","Melanostoma mellinum","Syrphidae",1,2024-04-04,"France","ND1","Field",1,"syrphids_FVDM_109","Frank Van De Meutter","F","Ad","","Transect","Syrphidae","Diptera","syrphids"
"496","Melanostoma mellinum","Syrphidae",2,2024-04-03,"France","PL1","Tree",1,"syrphids_FVDM_110","Frank Van De Meutter","F","Ad","","Transect","Syrphidae","Diptera","syrphids"
"497","Melanostoma mellinum","Syrphidae",4,2024-04-01,"France","PL2","Crtl1",1,"syrphids_FVDM_111","Frank Van De Meutter","F","Ad","","Transect","Syrphidae","Diptera","syrphids"
"498","Melanostoma mellinum","Syrphidae",2,2024-04-01,"France","PL2","Crtl2",1,"syrphids_FVDM_112","Frank Van De Meutter","F","Ad","","Transect","Syrphidae","Diptera","syrphids"
"499","Melanostoma mellinum","Syrphidae",2,2024-04-01,"France","PL2","Crtl2",1,"syrphids_FVDM_113","Frank Van De Meutter","M","Ad","","Transect","Syrphidae","Diptera","syrphids"
"500","Melanostoma mellinum","Syrphidae",3,2024-04-01,"France","PL2","Field",1,"syrphids_FVDM_114","Frank Van De Meutter","F","Ad","","Transect","Syrphidae","Diptera","syrphids"
"501","Melanostoma mellinum","Syrphidae",1,2024-04-02,"France","PL3","Crtl2",1,"syrphids_FVDM_115","Frank Van De Meutter","F","Ad","","Transect","Syrphidae","Diptera","syrphids"
"502","Melanostoma mellinum","Syrphidae",1,2024-04-02,"France","PL3","Field",1,"syrphids_FVDM_116","Frank Van De Meutter","F","Ad","","Transect","Syrphidae","Diptera","syrphids"
"503","Melanostoma mellinum","Syrphidae",1,2024-03-28,"France","Pe1","Field",1,"syrphids_FVDM_117","Frank Van De Meutter","F","Ad","","Transect","Syrphidae","Diptera","syrphids"
"504","Melanostoma mellinum","Syrphidae",1,2024-03-21,"Portugal","JS1","Crtl2",1,"syrphids_FVDM_118","Frank Van De Meutter","F","Ad","","Transect","Syrphidae","Diptera","syrphids"
"505","Melanostoma mellinum","Syrphidae",1,2024-03-19,"Portugal","MV1","Crtl2",1,"syrphids_FVDM_119","Frank Van De Meutter","F","Ad","","Transect","Syrphidae","Diptera","syrphids"
"506","Melanostoma mellinum","Syrphidae",1,2024-03-19,"Portugal","MV1","Crtl2",1,"syrphids_FVDM_121","Frank Van De Meutter","M","Ad","","Transect","Syrphidae","Diptera","syrphids"
"507","Melanostoma mellinum","Syrphidae",1,2024-03-19,"Portugal","MV2","Tree",1,"syrphids_FVDM_122","Frank Van De Meutter","M","Ad","","Transect","Syrphidae","Diptera","syrphids"
"508","Melanostoma mellinum","Syrphidae",1,2024-03-23,"Portugal","Mo1","Crtl1",1,"syrphids_FVDM_123","Frank Van De Meutter","M","Ad","","Transect","Syrphidae","Diptera","syrphids"
"509","Melanostoma scalare","Syrphidae",1,2024-04-03,"France","PL1","Crtl2",1,"syrphids_FVDM_126","Frank Van De Meutter","F","Ad","","Transect","Syrphidae","Diptera","syrphids"
"510","Melanostoma scalare","Syrphidae",2,2024-04-01,"France","PL2","Tree",1,"syrphids_FVDM_127","Frank Van De Meutter","F","Ad","","Transect","Syrphidae","Diptera","syrphids"
"511","Melanostoma scalare","Syrphidae",1,2024-04-02,"France","PL3","Field",1,"syrphids_FVDM_128","Frank Van De Meutter","M","Ad","","Transect","Syrphidae","Diptera","syrphids"
"512","Meliscaeva auricollis","Syrphidae",2,2024-03-21,"Portugal","JS1","Tree",1,"syrphids_FVDM_130","Frank Van De Meutter","F","Ad","","Transect","Syrphidae","Diptera","syrphids"
"513","Meliscaeva auricollis","Syrphidae",2,2024-03-21,"Portugal","JS1","Tree",1,"syrphids_FVDM_131","Frank Van De Meutter","M","Ad","","Transect","Syrphidae","Diptera","syrphids"
"514","Meliscaeva auricollis","Syrphidae",1,2024-03-21,"Portugal","JS2","Field",1,"syrphids_FVDM_132","Frank Van De Meutter","F","Ad","","Transect","Syrphidae","Diptera","syrphids"
"515","Meliscaeva auricollis","Syrphidae",3,2024-03-21,"Portugal","JS2","Field",1,"syrphids_FVDM_133","Frank Van De Meutter","M","Ad","","Transect","Syrphidae","Diptera","syrphids"
"516","Meliscaeva auricollis","Syrphidae",1,2024-03-21,"Portugal","JS2","Tree",1,"syrphids_FVDM_134","Frank Van De Meutter","F","Ad","","Transect","Syrphidae","Diptera","syrphids"
"517","Meliscaeva auricollis","Syrphidae",2,2024-03-21,"Portugal","JS2","Tree",1,"syrphids_FVDM_135","Frank Van De Meutter","M","Ad","","Transect","Syrphidae","Diptera","syrphids"
"518","Meliscaeva auricollis","Syrphidae",1,2024-03-19,"Portugal","MV1","Crtl1",1,"syrphids_FVDM_136","Frank Van De Meutter","F","Ad","","Transect","Syrphidae","Diptera","syrphids"
"519","Meliscaeva auricollis","Syrphidae",1,2024-03-19,"Portugal","MV1","Crtl1",1,"syrphids_FVDM_137","Frank Van De Meutter","M","Ad","","Transect","Syrphidae","Diptera","syrphids"
"520","Meliscaeva auricollis","Syrphidae",1,2024-03-19,"Portugal","MV1","Crtl2",1,"syrphids_FVDM_138","Frank Van De Meutter","M","Ad","","Transect","Syrphidae","Diptera","syrphids"
"521","Paragus tibialis","Syrphidae",1,2024-04-04,"France","ND1","Tree",1,"syrphids_FVDM_142","Frank Van De Meutter","F","Ad","","Transect","Syrphidae","Diptera","syrphids"
"522","Paragus tibialis","Syrphidae",1,2024-04-01,"France","PL2","Tree",1,"syrphids_FVDM_143","Frank Van De Meutter","F","Ad","","Transect","Syrphidae","Diptera","syrphids"
"523","Scaeva pyrastri","Syrphidae",1,2024-04-03,"France","PL1","Field",1,"syrphids_FVDM_146","Frank Van De Meutter","F","Ad","","Transect","Syrphidae","Diptera","syrphids"
"524","Scaeva pyrastri","Syrphidae",1,2024-04-02,"France","PL3","Tree",1,"syrphids_FVDM_147","Frank Van De Meutter","F","Ad","","Transect","Syrphidae","Diptera","syrphids"
"525","Sphaerophoria rueppelli","Syrphidae",1,2024-03-28,"France","Pe1","Tree",1,"syrphids_FVDM_148","Frank Van De Meutter","F","Ad","","Transect","Syrphidae","Diptera","syrphids"
"526","Sphaerophoria scripta","Syrphidae",1,2024-06-05,"Czechia","Hu1","Field",1,"syrphids_FVDM_150","Frank Van De Meutter","M","Ad","","Transect","Syrphidae","Diptera","syrphids"
"527","Sphaerophoria scripta","Syrphidae",1,2024-06-03,"Czechia","Pr1","Field",1,"syrphids_FVDM_151","Frank Van De Meutter","F","Ad","","Transect","Syrphidae","Diptera","syrphids"
"528","Sphaerophoria scripta","Syrphidae",2,2024-06-03,"Czechia","Pr1","Tree",1,"syrphids_FVDM_152","Frank Van De Meutter","F","Ad","","Transect","Syrphidae","Diptera","syrphids"
"529","Sphaerophoria scripta","Syrphidae",1,2024-06-03,"Czechia","Pr1","Tree",1,"syrphids_FVDM_153","Frank Van De Meutter","M","Ad","","Transect","Syrphidae","Diptera","syrphids"
"530","Sphaerophoria scripta","Syrphidae",1,2024-06-05,"Czechia","Ve2","Field",1,"syrphids_FVDM_156","Frank Van De Meutter","M","Ad","","Transect","Syrphidae","Diptera","syrphids"
"531","Sphaerophoria scripta","Syrphidae",1,2024-06-01,"Czechia","Za1","Tree",1,"syrphids_FVDM_160","Frank Van De Meutter","M","Ad","","Transect","Syrphidae","Diptera","syrphids"
"532","Sphaerophoria scripta","Syrphidae",2,2024-04-04,"France","ND1","Crtl1",1,"syrphids_FVDM_161","Frank Van De Meutter","M","Ad","","Transect","Syrphidae","Diptera","syrphids"
"533","Sphaerophoria scripta","Syrphidae",1,2024-04-04,"France","ND1","Field",1,"syrphids_FVDM_162","Frank Van De Meutter","F","Ad","","Transect","Syrphidae","Diptera","syrphids"
"534","Sphaerophoria scripta","Syrphidae",1,2024-04-04,"France","ND1","Tree",1,"syrphids_FVDM_163","Frank Van De Meutter","F","Ad","","Transect","Syrphidae","Diptera","syrphids"
"535","Sphaerophoria scripta","Syrphidae",1,2024-04-03,"France","PL1","Tree",1,"syrphids_FVDM_164","Frank Van De Meutter","M","Ad","","Transect","Syrphidae","Diptera","syrphids"
"536","Sphaerophoria scripta","Syrphidae",1,2024-04-02,"France","PL3","Field",1,"syrphids_FVDM_165","Frank Van De Meutter","F","Ad","","Transect","Syrphidae","Diptera","syrphids"
"537","Sphaerophoria scripta","Syrphidae",1,2024-04-02,"France","PL3","Field",1,"syrphids_FVDM_166","Frank Van De Meutter","M","Ad","","Transect","Syrphidae","Diptera","syrphids"
"538","Sphaerophoria scripta","Syrphidae",1,2024-03-21,"Portugal","JS1","Crtl1",1,"syrphids_FVDM_167","Frank Van De Meutter","F","Ad","","Transect","Syrphidae","Diptera","syrphids"
"539","Sphaerophoria scripta","Syrphidae",1,2024-03-21,"Portugal","JS1","Crtl1",1,"syrphids_FVDM_168","Frank Van De Meutter","M","Ad","","Transect","Syrphidae","Diptera","syrphids"
"540","Sphaerophoria scripta","Syrphidae",1,2024-03-21,"Portugal","JS1","Crtl2",1,"syrphids_FVDM_169","Frank Van De Meutter","F","Ad","","Transect","Syrphidae","Diptera","syrphids"
"541","Sphaerophoria scripta","Syrphidae",1,2024-03-21,"Portugal","JS2","Crtl2",1,"syrphids_FVDM_170","Frank Van De Meutter","F","Ad","","Transect","Syrphidae","Diptera","syrphids"
"542","Sphaerophoria scripta","Syrphidae",1,2024-03-21,"Portugal","JS2","Crtl2",1,"syrphids_FVDM_171","Frank Van De Meutter","M","Ad","","Transect","Syrphidae","Diptera","syrphids"
"543","Sphaerophoria scripta","Syrphidae",4,2024-03-19,"Portugal","MV1","Crtl1",1,"syrphids_FVDM_172","Frank Van De Meutter","M","Ad","","Transect","Syrphidae","Diptera","syrphids"
"544","Sphaerophoria scripta","Syrphidae",4,2024-03-19,"Portugal","MV1","Crtl2",1,"syrphids_FVDM_175","Frank Van De Meutter","M","Ad","","Transect","Syrphidae","Diptera","syrphids"
"545","Sphaerophoria scripta","Syrphidae",1,2024-03-19,"Portugal","MV1","Field",1,"syrphids_FVDM_176","Frank Van De Meutter","F","Ad","","Transect","Syrphidae","Diptera","syrphids"
"546","Sphaerophoria scripta","Syrphidae",1,2024-03-19,"Portugal","MV1","Field",1,"syrphids_FVDM_177","Frank Van De Meutter","M","Ad","","Transect","Syrphidae","Diptera","syrphids"
"547","Sphaerophoria scripta","Syrphidae",2,2024-03-19,"Portugal","MV1","Tree",1,"syrphids_FVDM_179","Frank Van De Meutter","F","Ad","","Transect","Syrphidae","Diptera","syrphids"
"548","Sphaerophoria scripta","Syrphidae",3,2024-03-19,"Portugal","MV1","Tree",1,"syrphids_FVDM_180","Frank Van De Meutter","M","Ad","","Transect","Syrphidae","Diptera","syrphids"
"549","Sphaerophoria scripta","Syrphidae",2,2024-03-19,"Portugal","MV2","Crtl1",1,"syrphids_FVDM_181","Frank Van De Meutter","F","Ad","","Transect","Syrphidae","Diptera","syrphids"
"550","Sphaerophoria scripta","Syrphidae",3,2024-03-19,"Portugal","MV2","Crtl2",1,"syrphids_FVDM_182","Frank Van De Meutter","F","Ad","","Transect","Syrphidae","Diptera","syrphids"
"551","Sphaerophoria scripta","Syrphidae",1,2024-03-19,"Portugal","MV2","Crtl2",1,"syrphids_FVDM_183","Frank Van De Meutter","M","Ad","","Transect","Syrphidae","Diptera","syrphids"
"552","Sphaerophoria scripta","Syrphidae",1,2024-03-19,"Portugal","MV2","Field",1,"syrphids_FVDM_184","Frank Van De Meutter","F","Ad","","Transect","Syrphidae","Diptera","syrphids"
"553","Sphaerophoria scripta","Syrphidae",1,2024-03-24,"Portugal","MV3","Crtl1",1,"syrphids_FVDM_185","Frank Van De Meutter","M","Ad","","Transect","Syrphidae","Diptera","syrphids"
"554","Sphaerophoria scripta","Syrphidae",1,2024-03-24,"Portugal","MV3","Field",1,"syrphids_FVDM_187","Frank Van De Meutter","F","Ad","","Transect","Syrphidae","Diptera","syrphids"
"555","Sphaerophoria scripta","Syrphidae",1,2024-03-24,"Portugal","MV3","Field",1,"syrphids_FVDM_188","Frank Van De Meutter","M","Ad","","Transect","Syrphidae","Diptera","syrphids"
"556","Sphaerophoria scripta","Syrphidae",2,2024-03-24,"Portugal","MV3","Tree",1,"syrphids_FVDM_189","Frank Van De Meutter","F","Ad","","Transect","Syrphidae","Diptera","syrphids"
"557","Sphaerophoria scripta","Syrphidae",3,2024-03-24,"Portugal","MV3","Tree",1,"syrphids_FVDM_190","Frank Van De Meutter","M","Ad","","Transect","Syrphidae","Diptera","syrphids"
"558","Sphaerophoria scripta","Syrphidae",3,2024-03-23,"Portugal","Mo1","Crtl1",1,"syrphids_FVDM_191","Frank Van De Meutter","M","Ad","","Transect","Syrphidae","Diptera","syrphids"
"559","Sphaerophoria scripta","Syrphidae",1,2024-03-23,"Portugal","Mo1","Field",1,"syrphids_FVDM_192","Frank Van De Meutter","M","Ad","","Transect","Syrphidae","Diptera","syrphids"
"560","Syritta pipiens","Syrphidae",1,2024-06-05,"Czechia","Hu1","Tree",1,"syrphids_FVDM_197","Frank Van De Meutter","M","Ad","","Transect","Syrphidae","Diptera","syrphids"
"561","Syrphus ribesii","Syrphidae",1,2024-06-01,"Czechia","Za1","Tree",1,"syrphids_FVDM_198","Frank Van De Meutter","M","Ad","","Transect","Syrphidae","Diptera","syrphids"
"562","Syrphophilus bizonarius","Hymenoptera",1,2024-05-19,"Belgium","It2","Crtl2",1,"wasps_JV_ADK_20","Augustijn De Ketelaere","F","Ad","","Transect","Ichneumonidae","Hymenoptera","wasps"
"563","Cephus pygmaeus","Hymenoptera",1,2024-05-22,"Belgium","Ur1","Crtl2",1,"wasps_JV_ADK_69","Augustijn De Ketelaere","M","Ad","","Transect","Cephidae","Hymenoptera","wasps"
"564","Arachnospila minutula","Hymenoptera",1,2024-06-05,"Czechia","Hu1","Crtl2",1,"wasps_JV_ADK_107","H. Nieuwenhuijsen","M","Ad","","Transect","Pompilidae","Hymenoptera","wasps"
"565","Diadegma spec.","Hymenoptera",1,2024-06-05,"Czechia","Hu1","Field",1,"wasps_JV_ADK_118","Augustijn De Ketelaere","F","Ad","","Transect","Ichneumonidae","Hymenoptera","wasps"
"566","Amblyteles armatorius","Hymenoptera",1,2024-06-05,"Czechia","Hu1","Tree",1,"wasps_JV_ADK_126","Augustijn De Ketelaere","M","Ad","","Transect","Ichneumonidae","Hymenoptera","wasps"
"567","Dolichovespula saxonica","Hymenoptera",1,2024-06-05,"Czechia","Hu1","Tree",1,"wasps_JV_ADK_128","Augustijn De Ketelaere","F","Ad","","Transect","Vespidae","Hymenoptera","wasps"
"568","Diphyus quadripunctorius","Hymenoptera",1,2024-06-03,"Czechia","Pr1","Field",1,"wasps_JV_ADK_144","Augustijn De Ketelaere","M","Ad","","Transect","Ichneumonidae","Hymenoptera","wasps"
"569","Cephus pygmaeus","Hymenoptera",1,2024-06-01,"Czechia","Sa2","Crtl2",1,"wasps_JV_ADK_178","Augustijn De Ketelaere","M","Ad","","Transect","Cephidae","Hymenoptera","wasps"
"570","Macrophya montana","Hymenoptera",1,2024-06-01,"Czechia","Sa2","Crtl2",1,"wasps_JV_ADK_179","Augustijn De Ketelaere","","Ad","","Transect","Tenthredinidae","Hymenoptera","wasps"
"571","Cephus pygmaeus","Hymenoptera",2,2024-06-01,"Czechia","Sa2","Field",1,"wasps_JV_ADK_196","Augustijn De Ketelaere","M","Ad","","Transect","Cephidae","Hymenoptera","wasps"
"572","Cephus pygmaeus","Hymenoptera",2,2024-06-01,"Czechia","Sa2","Field",1,"wasps_JV_ADK_197","Augustijn De Ketelaere","F","Ad","","Transect","Cephidae","Hymenoptera","wasps"
"573","Microdynerus parvulus","Hymenoptera",1,2024-06-01,"Czechia","Sa2","Field",1,"wasps_JV_ADK_198","Augustijn De Ketelaere","M","Ad","","Transect","Eumenidae","Hymenoptera","wasps"
"574","Blacus spec.","Hymenoptera",1,2024-06-01,"Czechia","Sa2","Tree",1,"wasps_JV_ADK_207","Augustijn De Ketelaere","M","Ad","","Transect","Braconidae","Hymenoptera","wasps"
"575","Allodynerus rossii","Hymenoptera",1,2024-06-01,"Czechia","Sa2","Tree",1,"wasps_JV_ADK_208","L. Castro","M","Ad","","Transect","Eumenidae","Hymenoptera","wasps"
"576","Cephus pygmaeus","Hymenoptera",1,2024-06-01,"Czechia","Sa2","Tree",1,"wasps_JV_ADK_209","Augustijn De Ketelaere","F","Ad","","Transect","Cephidae","Hymenoptera","wasps"
"577","Opiinae indet.","Hymenoptera",1,2024-04-02,"France","Ca1","Crtl2",1,"wasps_JV_ADK_283","Augustijn De Ketelaere","F","Ad","","Transect","Braconidae","Hymenoptera","wasps"
"578","Pseudopezomachus spec.","Hymenoptera",1,2024-04-02,"France","Ca1","Crtl2",1,"wasps_JV_ADK_284","Augustijn De Ketelaere","F","Ad","","Transect","Braconidae","Hymenoptera","wasps"
"579","Polistes nimpha","Hymenoptera",1,2024-04-02,"France","Ca1","Crtl2",1,"wasps_JV_ADK_285","Augustijn De Ketelaere","F","Ad","","Transect","Eumenidae","Hymenoptera","wasps"
"580","Polistes dominula","Hymenoptera",1,2024-04-02,"France","Ca1","Crtl2",1,"wasps_JV_ADK_286","Augustijn De Ketelaere","F","Ad","","Transect","Eumenidae","Hymenoptera","wasps"
"581","Priocnemis fallax","Hymenoptera",2,2024-04-02,"France","Ca1","Tree",1,"wasps_JV_ADK_299","H. Nieuwenhuijsen","F","Ad","","Transect","Pompilidae","Hymenoptera","wasps"
"582","Polistes nimpha","Hymenoptera",1,2024-04-02,"France","Ca1","Tree",1,"wasps_JV_ADK_300","Augustijn De Ketelaere","F","Ad","","Transect","Eumenidae","Hymenoptera","wasps"
"583","Polistes dominula","Hymenoptera",1,2024-04-04,"France","ND1","Crtl1",1,"wasps_JV_ADK_304","Augustijn De Ketelaere","F","Ad","","Transect","Eumenidae","Hymenoptera","wasps"
"584","Polistes nimpha","Hymenoptera",1,2024-04-04,"France","ND1","Field",1,"wasps_JV_ADK_312","Augustijn De Ketelaere","F","Ad","","Transect","Eumenidae","Hymenoptera","wasps"
"585","Tenthredo baetica","Hymenoptera",1,2024-03-28,"France","Pe1","Field",1,"wasps_JV_ADK_315","Augustijn De Ketelaere","M","Ad","","Transect","Tenthredinidae","Hymenoptera","wasps"
"586","Tenthredo baetica","Hymenoptera",1,2024-03-28,"France","Pe1","Tree",1,"wasps_JV_ADK_318","Augustijn De Ketelaere","F","Ad","","Transect","Tenthredinidae","Hymenoptera","wasps"
"587","Tenthredo baetica","Hymenoptera",1,2024-04-01,"France","PL2","Field",1,"wasps_JV_ADK_330","Augustijn De Ketelaere","F","Ad","","Transect","Tenthredinidae","Hymenoptera","wasps"
"588","Aphaereta spec.","Hymenoptera",1,2024-03-23,"Portugal","Mo1","Crtl1",1,"wasps_JV_ADK_351","Augustijn De Ketelaere","F","Ad","","Transect","Braconidae","Hymenoptera","wasps"
"589","Aphaereta spec.","Hymenoptera",1,2024-03-23,"Portugal","Mo1","Crtl1",1,"wasps_JV_ADK_352","Augustijn De Ketelaere","F","Ad","","Transect","Braconidae","Hymenoptera","wasps"
"590","Asobara spec.","Hymenoptera",1,2024-03-23,"Portugal","Mo1","Crtl1",1,"wasps_JV_ADK_353","Augustijn De Ketelaere","F","Ad","","Transect","Braconidae","Hymenoptera","wasps"
"591","Odinophora dorsalis","Hymenoptera",1,2024-03-24,"Portugal","MV3","Field",1,"wasps_JV_ADK_374","Augustijn De Ketelaere","F","Ad","wordt gecheckt","Transect","Ichneumonidae","Hymenoptera","wasps"
"592","Cephus pygmaeus","Hymenoptera",1,2024-06-16,"UK","Ar1","Field",1,"wasps_JV_ADK_386","Augustijn De Ketelaere","F","Ad","","Transect","Cephidae","Hymenoptera","wasps"
"593","Cephus pygmaeus","Hymenoptera",1,2024-06-16,"UK","Ar1","Field",1,"wasps_JV_ADK_387","Augustijn De Ketelaere","M","Ad","","Transect","Cephidae","Hymenoptera","wasps"
"594","Cephus pygmaeus","Hymenoptera",1,2024-06-17,"UK","Be1","Field",1,"wasps_JV_ADK_407","Augustijn De Ketelaere","M","Ad","","Transect","Cephidae","Hymenoptera","wasps"
"595","Cephus pygmaeus","Hymenoptera",1,2024-06-17,"UK","Be1","Tree",1,"wasps_JV_ADK_412","Augustijn De Ketelaere","M","Ad","","Transect","Cephidae","Hymenoptera","wasps"
"596","Cephus pygmaeus","Hymenoptera",1,2024-06-17,"UK","Be2","Field",1,"wasps_JV_ADK_426","Augustijn De Ketelaere","F","Ad","","Transect","Cephidae","Hymenoptera","wasps"
"597","Cephus pygmaeus","Hymenoptera",1,2024-06-17,"UK","Be2","Field",1,"wasps_JV_ADK_427","Augustijn De Ketelaere","M","Ad","","Transect","Cephidae","Hymenoptera","wasps"
"598","Cephus pygmaeus","Hymenoptera",1,2024-06-17,"UK","Be2","Tree",1,"wasps_JV_ADK_431","Augustijn De Ketelaere","F","Ad","","Transect","Cephidae","Hymenoptera","wasps"
"599","Cephus pygmaeus","Hymenoptera",1,2024-06-17,"UK","Be2","Tree",1,"wasps_JV_ADK_432","Augustijn De Ketelaere","F","Ad","","Transect","Cephidae","Hymenoptera","wasps"
"600","Philanthus triangulum","Hymenoptera",1,2024-09-17,"Czechia","Sa1","Crtl2",2,"wasps_JV_ADK_862","Augustijn De Ketelaere","M","Ad","","Transect","Crabronidae","Hymenoptera","wasps"
"601","Seladonia tumulorum","Apidae",1,2024-06-05,"Czechia","Hu1","Field",1,"TDB240162","Tim De Blanck","F","Ad","","Transect","Halictidae","Hymenoptera","bees"
"602","Lasioglossum villosulum","Apidae",1,2024-06-03,"Czechia","Pr1","Field",1,"TDB240163","Tim De Blanck","F","Ad","","Transect","Halictidae","Hymenoptera","bees"
"603","Lasioglossum interruptum","Apidae",1,2024-06-01,"Czechia","Sa2","Crtl2",1,"TDB240164","Tim De Blanck","F","Ad","","Transect","Halictidae","Hymenoptera","bees"
"604","Lasioglossum interruptum","Apidae",1,2024-06-01,"Czechia","Sa2","Crtl2",1,"TDB240165","Tim De Blanck","F","Ad","","Transect","Halictidae","Hymenoptera","bees"
"605","Crabronidae indet.","Apidae",1,2024-06-01,"Czechia","Sa2","Crtl2",1,"TDB240166","Tim De Blanck","F","Ad","","Transect","Crabronidae","Hymenoptera","wasps"
"606","Lasioglossum interruptum","Apidae",1,2024-06-01,"Czechia","Sa2","Crtl2",1,"TDB240167","Tim De Blanck","F","Ad","","Transect","Halictidae","Hymenoptera","bees"
"607","Crabronidae indet.","Apidae",1,2024-06-01,"Czechia","Sa2","Crtl2",1,"TDB240168","Tim De Blanck","M","Ad","","Transect","Crabronidae","Hymenoptera","wasps"
"608","Hylaeus brevicornis","Apidae",1,2024-06-01,"Czechia","Sa2","Field",1,"TDB240169","Tim De Blanck","M","Ad","","Transect","Colletidae","Hymenoptera","bees"
"609","Andrena subopaca","Apidae",1,2024-06-05,"Czechia","Ve2","Tree",1,"TDB240170","Tim De Blanck","F","Ad","","Transect","Andrenidae","Hymenoptera","bees"
"610","Lasioglossum zonulum","Apidae",1,2024-06-05,"Czechia","Ve2","Tree",1,"TDB240171","Tim De Blanck","F","Ad","","Transect","Halictidae","Hymenoptera","bees"
"611","Lasioglossum leucozonium","Apidae",1,2024-06-05,"Czechia","Ve2","Tree",1,"TDB240172","Tim De Blanck","F","Ad","","Transect","Halictidae","Hymenoptera","bees"
"612","Lasioglossum calceatum","Apidae",1,2024-06-01,"Czechia","Sa2","Tree",1,"TDB240173","Tim De Blanck","F","Ad","","Transect","Halictidae","Hymenoptera","bees"
"613","Lasioglossum interruptum","Apidae",1,2024-06-01,"Czechia","Sa2","Tree",1,"TDB240174","Tim De Blanck","F","Ad","","Transect","Halictidae","Hymenoptera","bees"
"614","Hylaeus lineolatus","Apidae",1,2024-06-01,"Czechia","Sa2","Tree",1,"TDB240175","Tim De Blanck","F","Ad","","Transect","Colletidae","Hymenoptera","bees"
"615","Hylaeus brevicornis","Apidae",1,2024-06-01,"Czechia","Sa2","Tree",1,"TDB240176","Tim De Blanck","F","Ad","","Transect","Colletidae","Hymenoptera","bees"
"616","Hylaeus brevicornis","Apidae",1,2024-06-01,"Czechia","Sa2","Tree",1,"TDB240177","Tim De Blanck","F","Ad","","Transect","Colletidae","Hymenoptera","bees"
"617","Hylaeus brevicornis","Apidae",1,2024-06-01,"Czechia","Sa2","Tree",1,"TDB240178","Tim De Blanck","M","Ad","","Transect","Colletidae","Hymenoptera","bees"
"618","Eucera longicornis","Apidae",1,2024-05-30,"Czechia","Sa1","Tree",1,"TDB240179","Tim De Blanck","M","Ad","","Transect","Apidae","Hymenoptera","bees"
"619","Eucera longicornis","Apidae",1,2024-05-30,"Czechia","Sa1","Tree",1,"TDB240180","Tim De Blanck","F","Ad","","Transect","Apidae","Hymenoptera","bees"
"620","Eucera longicornis","Apidae",1,2024-05-30,"Czechia","Sa1","Tree",1,"TDB240181","Tim De Blanck","F","Ad","","Transect","Apidae","Hymenoptera","bees"
"621","Andrena afzeliella","Apidae",1,2024-05-30,"Czechia","Sa1","Tree",1,"TDB240182","Tim De Blanck","F","Ad","","Transect","Andrenidae","Hymenoptera","bees"
"622","Lasioglossum malachurum","Apidae",1,2024-06-01,"Czechia","Za1","Tree",1,"TDB240183","Tim De Blanck","F","Ad","","Transect","Halictidae","Hymenoptera","bees"
"623","Lasioglossum malachurum","Apidae",1,2024-06-01,"Czechia","Za1","Tree",1,"TDB240184","Tim De Blanck","F","Ad","","Transect","Halictidae","Hymenoptera","bees"
"624","Lasioglossum malachurum","Apidae",1,2024-06-01,"Czechia","Za1","Tree",1,"TDB240185","Tim De Blanck","F","Ad","","Transect","Halictidae","Hymenoptera","bees"
"625","Lasioglossum malachurum","Apidae",1,2024-06-01,"Czechia","Za1","Tree",1,"TDB240186","Tim De Blanck","F","Ad","","Transect","Halictidae","Hymenoptera","bees"
"626","Seladonia tumulorum","Apidae",1,2024-06-05,"Czechia","Hu1","Tree",1,"TDB240187","Tim De Blanck","F","Ad","","Transect","Halictidae","Hymenoptera","bees"
"627","Hylaeus lineolatus","Apidae",1,2024-06-01,"Czechia","Sa2","Crtl1",1,"TDB240188","Tim De Blanck","F","Ad","","Transect","Colletidae","Hymenoptera","bees"
"628","Lasioglossum interruptum","Apidae",1,2024-06-01,"Czechia","Sa2","Crtl1",1,"TDB240189","Tim De Blanck","F","Ad","","Transect","Halictidae","Hymenoptera","bees"
"629","Lasioglossum calceatum","Apidae",1,2024-05-14,"Belgium","Zo1","Crtl2",1,"TDB240190","Tim De Blanck","F","Ad","","Transect","Halictidae","Hymenoptera","bees"
"630","Andrena labialis","Apidae",1,2024-06-21,"UK","Wo1","Crtl1",1,"TDB240191","Tim De Blanck","F","Ad","","Transect","Andrenidae","Hymenoptera","bees"
"631","Andrena labialis","Apidae",1,2024-06-21,"UK","Wo1","Crtl1",1,"TDB240192","Tim De Blanck","F","Ad","","Transect","Andrenidae","Hymenoptera","bees"
"632","Lasioglossum calceatum","Apidae",1,2024-06-21,"UK","Pe1","Tree",1,"TDB240193","Tim De Blanck","F","Ad","","Transect","Halictidae","Hymenoptera","bees"
"633","Lasioglossum villosulum","Apidae",1,2024-06-17,"UK","Be1","Field",1,"TDB240194","Tim De Blanck","F","Ad","","Transect","Halictidae","Hymenoptera","bees"
"634","Andrena labialis","Apidae",1,2024-06-21,"UK","Wo1","Crtl2",1,"TDB240195","Tim De Blanck","F","Ad","","Transect","Andrenidae","Hymenoptera","bees"
"635","Apis mellifera","Apidae",1,2024-03-19,"Portugal","MV1","Crtl2",1,"TDB240196","Tim De Blanck","F","Ad","","Transect","Apidae","Hymenoptera","bees"
"636","Andrena spec.","Apidae",1,2024-03-23,"Portugal","Mo1","Crtl1",1,"TDB240197","Tim De Blanck","","Ad","","Transect","Andrenidae","Hymenoptera","bees"
"637","Andrena fulvago","Apidae",1,2024-05-19,"Belgium","It2","Tree",1,"TDB240199","Tim De Blanck","F","Ad","","Transect","Andrenidae","Hymenoptera","bees"
"638","Chelostoma florisomne","Apidae",1,2024-05-22,"Belgium","Ur1","Crtl1",1,"TDB240200","Tim De Blanck","M","Ad","","Transect","Megachilidae","Hymenoptera","bees"
"639","Lasioglossum pauxillum","Apidae",1,2024-05-14,"Belgium","Zo1","Crtl1",1,"TDB240201","Tim De Blanck","F","Ad","","Transect","Halictidae","Hymenoptera","bees"
"640","Lasioglossum pauxillum","Apidae",1,2024-05-14,"Belgium","Zo1","Crtl1",1,"TDB240202","Tim De Blanck","F","Ad","","Transect","Halictidae","Hymenoptera","bees"
"641","Andrena bellidis","Apidae",1,2024-03-19,"Portugal","MV1","Crtl1",1,"TDB240203","Tim De Blanck","M","Ad","","Transect","Andrenidae","Hymenoptera","bees"
"642","Lasioglossum spec.","Apidae",1,2024-03-19,"Portugal","MV1","Crtl1",1,"TDB240204","Tim De Blanck","","Ad","","Transect","Halictidae","Hymenoptera","bees"
"643","Anthophora spec.","Apidae",1,2024-03-19,"Portugal","MV1","Crtl1",1,"TDB240205","Tim De Blanck","","Ad","","Transect",NA,NA,"other"
"644","Anthophora spec.","Apidae",1,2024-03-21,"Portugal","JS1","Crtl1",1,"TDB240206","Tim De Blanck","","Ad","","Transect",NA,NA,"other"
"645","Andrena nana","Apidae",1,2024-04-02,"France","PL3","Field",1,"TDB240207","Tim De Blanck","F","Ad","","Transect","Andrenidae","Hymenoptera","bees"
"646","Andrena humilis","Apidae",1,2024-04-01,"France","PL2","Tree",1,"TDB240208","Tim De Blanck","F","Ad","","Transect","Andrenidae","Hymenoptera","bees"
"647","Lasioglossum spec.","Apidae",1,2024-04-03,"France","PL1","Field",1,"TDB240209","Tim De Blanck","","Ad","","Transect","Halictidae","Hymenoptera","bees"
"648","Andrena simontornyella","Apidae",1,2024-04-02,"France","Ca1","Tree",1,"TDB240210","Tim De Blanck","M","Ad","","Transect","Andrenidae","Hymenoptera","bees"
"649","Andrena humilis","Apidae",1,2024-04-02,"France","Ca1","Tree",1,"TDB240211","Tim De Blanck","F","Ad","","Transect","Andrenidae","Hymenoptera","bees"
"650","Andrena spec.","Apidae",1,2024-04-02,"France","Ca1","Tree",1,"TDB240212","Tim De Blanck","","Ad","","Transect","Andrenidae","Hymenoptera","bees"
"651","Andrena propinqua","Apidae",1,2024-04-01,"France","PL2","Crtl2",1,"TDB240213","Tim De Blanck","F","Ad","","Transect","Andrenidae","Hymenoptera","bees"
"652","Andrena spec.","Apidae",1,2024-04-02,"France","PL3","Crtl2",1,"TDB240214","Tim De Blanck","","Ad","","Transect","Andrenidae","Hymenoptera","bees"
"653","Andrena simontornyella","Apidae",1,2024-04-02,"France","Ca1","Field",1,"TDB240215","Tim De Blanck","F","Ad","","Transect","Andrenidae","Hymenoptera","bees"
"654","Andrena spec.","Apidae",1,2024-04-02,"France","Ca1","Field",1,"TDB240216","Tim De Blanck","","Ad","","Transect","Andrenidae","Hymenoptera","bees"
"655","Andrena distinguenda","Apidae",1,2024-04-02,"France","Ca1","Field",1,"TDB240217","Tim De Blanck","M","Ad","","Transect","Andrenidae","Hymenoptera","bees"
"656","Andrena distinguenda","Apidae",1,2024-04-02,"France","Ca1","Field",1,"TDB240218","Tim De Blanck","M","Ad","","Transect","Andrenidae","Hymenoptera","bees"
"657","Lasioglossum pallens","Apidae",1,2024-04-03,"France","PL1","Tree",1,"TDB240219","Tim De Blanck","F","Ad","","Transect","Halictidae","Hymenoptera","bees"
"658","Lasioglossum malachurum","Apidae",1,2024-04-03,"France","PL1","Tree",1,"TDB240220","Tim De Blanck","F","Ad","","Transect","Halictidae","Hymenoptera","bees"
"659","Lasioglossum spec.","Apidae",1,2024-04-03,"France","PL1","Crtl1",1,"TDB240221","Tim De Blanck","","Ad","","Transect","Halictidae","Hymenoptera","bees"
"660","Andrena minutula","Apidae",1,2024-04-03,"France","PL1","Crtl1",1,"TDB240222","Tim De Blanck","F","Ad","","Transect","Andrenidae","Hymenoptera","bees"
"661","Andrena spec.","Apidae",1,2024-04-03,"France","PL1","Crtl1",1,"TDB240223","Tim De Blanck","","Ad","","Transect","Andrenidae","Hymenoptera","bees"
"662","Lasioglossum malachurum","Apidae",1,2024-04-03,"France","PL1","Crtl2",1,"TDB240224","Tim De Blanck","F","Ad","","Transect","Halictidae","Hymenoptera","bees"
"663","Nomada sheppardana","Apidae",1,2024-04-02,"France","PL3","Tree",1,"TDB240225","Tim De Blanck","F","Ad","","Transect","Apidae","Hymenoptera","bees"
"664","Andrena pusilla","Apidae",1,2024-04-02,"France","PL3","Tree",1,"TDB240226","Tim De Blanck","M","Ad","","Transect","Andrenidae","Hymenoptera","bees"
"665","Lasioglossum marginatum","Apidae",1,2024-04-04,"France","ND1","Crtl1",1,"TDB240227","Tim De Blanck","F","Ad","","Transect","Halictidae","Hymenoptera","bees"
"666","Andrena simontornyella","Apidae",1,2024-04-04,"France","ND1","Crtl2",1,"TDB240228","Tim De Blanck","F","Ad","","Transect","Andrenidae","Hymenoptera","bees"
"667","Lasioglossum marginatum","Apidae",1,2024-04-04,"France","ND1","Crtl2",1,"TDB240229","Tim De Blanck","F","Ad","","Transect","Halictidae","Hymenoptera","bees"
"668","Andrena simontornyella","Apidae",1,2024-04-04,"France","ND1","Crtl2",1,"TDB240230","Tim De Blanck","F","Ad","","Transect","Andrenidae","Hymenoptera","bees"
"669","Nomada basalis","Apidae",1,2024-03-21,"Portugal","JS2","Field",1,"TDB240232","Tim De Blanck","F","Ad","","Transect","Apidae","Hymenoptera","bees"
"670","Xylocopa violacea","Apidae",1,2024-04-04,"France","ND1","Tree",1,"TDB240484","Tim De Blanck","F","Ad","","Transect","Apidae","Hymenoptera","bees"
"671","Eucera nigrescens","Apidae",1,2024-04-01,"France","PL2","Tree",1,"TDB240489","Tim De Blanck","M","Ad","","Transect","Apidae","Hymenoptera","bees"
"672","Halictus maculatus","Apidae",1,2024-09-17,"Czechia","Sa2","Tree",2,"TDB240627","Tim De Blanck","F","Ad","","Transect","Halictidae","Hymenoptera","bees"
"673","Apis mellifera","Apidae",1,2024-09-08,"Belgium","It2","Tree",2,"TDB240671","Tim De Blanck","F","Ad","","Transect","Apidae","Hymenoptera","bees"
"674","Apis mellifera","Apidae",1,2024-09-08,"Belgium","It2","Tree",2,"TDB240672","Tim De Blanck","F","Ad","","Transect","Apidae","Hymenoptera","bees"
"675","Apis mellifera","Apidae",1,2024-09-08,"Belgium","It2","Tree",2,"TDB240673","Tim De Blanck","F","Ad","","Transect","Apidae","Hymenoptera","bees"
"676","Apis mellifera","Apidae",1,2024-09-08,"Belgium","It2","Tree",2,"TDB240674","Tim De Blanck","F","Ad","","Transect","Apidae","Hymenoptera","bees"
