"","Loc","Type","Spec","Family","Order","Spec_group","lat","lng","date","Sampletime","Det","Stage","Sex","Method","occurrenceID"
"1","Bo","crop","Alauda arvensis","Alaudidae","Passeriformes","birds",50.799289554817,4.81360686265912,2023-06-12,1,"Jari Vandendriessche & Luc Willems","","","AudioMoth recording","DIGITAF_FLANDERS:a3f6e653d9f47ce1"
"2","Bo","crop","Columba palumbus","Columbidae","Columbiformes","birds",50.799289554817,4.81360686265912,2023-06-12,1,"Jari Vandendriessche & Luc Willems","","","AudioMoth recording","DIGITAF_FLANDERS:bc4788e2abdea10f"
"3","Bo","crop","Corvus corone","Corvidae","Passeriformes","birds",50.799289554817,4.81360686265912,2023-06-12,1,"Jari Vandendriessche & Luc Willems","","","AudioMoth recording","DIGITAF_FLANDERS:74b7a82d636e3a58"
"4","Bo","crop","Emberiza citrinella","Emberizidae","Passeriformes","birds",50.799289554817,4.81360686265912,2023-06-12,1,"Jari Vandendriessche & Luc Willems","","","AudioMoth recording","DIGITAF_FLANDERS:7213792ca00a1f94"
"5","Bo","crop","Fringilla coelebs","Fringillidae","Passeriformes","birds",50.799289554817,4.81360686265912,2023-06-12,1,"Jari Vandendriessche & Luc Willems","","","AudioMoth recording","DIGITAF_FLANDERS:2bb05a3138af280e"
"6","Bo","crop","Passer domesticus","Passeridae","Passeriformes","birds",50.799289554817,4.81360686265912,2023-06-12,1,"Jari Vandendriessche & Luc Willems","","","AudioMoth recording","DIGITAF_FLANDERS:169fd3a4413ed367"
"7","Bo","crop","Pica pica","Corvidae","Passeriformes","birds",50.799289554817,4.81360686265912,2023-06-12,1,"Jari Vandendriessche & Luc Willems","","","AudioMoth recording","DIGITAF_FLANDERS:80cbd42a973d855a"
"8","Bo","crop","Pyrrhula pyrrhula","Fringillidae","Passeriformes","birds",50.799289554817,4.81360686265912,2023-06-12,1,"Jari Vandendriessche & Luc Willems","","","AudioMoth recording","DIGITAF_FLANDERS:3613affb52fd8a00"
"9","Bo","crop","Sturnus vulgaris","Sturnidae","Passeriformes","birds",50.799289554817,4.81360686265912,2023-06-12,1,"Jari Vandendriessche & Luc Willems","","","AudioMoth recording","DIGITAF_FLANDERS:f2f471d274b7b42d"
"10","Bo","crop","Turdus merula","Turdidae","Passeriformes","birds",50.799289554817,4.81360686265912,2023-06-12,1,"Jari Vandendriessche & Luc Willems","","","AudioMoth recording","DIGITAF_FLANDERS:ca3c3a297704fdcd"
"11","Bo","crtl","Alauda arvensis","Alaudidae","Passeriformes","birds",50.80072,4.812192,2023-06-12,1,"Jari Vandendriessche & Luc Willems","","","AudioMoth recording","DIGITAF_FLANDERS:c25b8e3df0d74ff7"
"12","Bo","crtl","Anthus pratensis","Motacillidae","Passeriformes","birds",50.80072,4.812192,2023-06-12,1,"Jari Vandendriessche & Luc Willems","","","AudioMoth recording","DIGITAF_FLANDERS:2811df4bb70f61f0"
"13","Bo","crtl","Corvus corone","Corvidae","Passeriformes","birds",50.80072,4.812192,2023-06-12,1,"Jari Vandendriessche & Luc Willems","","","AudioMoth recording","DIGITAF_FLANDERS:488d07588dc0910a"
"14","Bo","crtl","Emberiza citrinella","Emberizidae","Passeriformes","birds",50.80072,4.812192,2023-06-12,1,"Jari Vandendriessche & Luc Willems","","","AudioMoth recording","DIGITAF_FLANDERS:5185a5ea484cd6cb"
"15","Bo","crtl","Hirundo rustica","Hirundinidae","Passeriformes","birds",50.80072,4.812192,2023-06-12,1,"Jari Vandendriessche & Luc Willems","","","AudioMoth recording","DIGITAF_FLANDERS:5d027f7cc03b8833"
"16","Bo","crtl","Perdix perdix","Phasianidae","Galliformes","birds",50.80072,4.812192,2023-06-12,1,"Jari Vandendriessche & Luc Willems","","","AudioMoth recording","DIGITAF_FLANDERS:72745816b61bc69a"
"17","Bo","crtl","Phasianus colchicus","Phasianidae","Galliformes","birds",50.80072,4.812192,2023-06-12,1,"Jari Vandendriessche & Luc Willems","","","AudioMoth recording","DIGITAF_FLANDERS:9a2340ccbce28011"
"18","Bo","crtl","Turdus merula","Turdidae","Passeriformes","birds",50.80072,4.812192,2023-06-12,1,"Jari Vandendriessche & Luc Willems","","","AudioMoth recording","DIGITAF_FLANDERS:d34a3742942380bf"
"19","Bo","tree","Ardea cinerea","Ardeidae","Pelecaniformes","birds",50.798534,4.814494,2023-06-12,1,"Jari Vandendriessche & Luc Willems","","","AudioMoth recording","DIGITAF_FLANDERS:6509442f97f6c011"
"20","Bo","tree","Columba oenas","Columbidae","Columbiformes","birds",50.798534,4.814494,2023-06-12,1,"Jari Vandendriessche & Luc Willems","","","AudioMoth recording","DIGITAF_FLANDERS:052d4d9e4e5a7544"
"21","Bo","tree","Columba palumbus","Columbidae","Columbiformes","birds",50.798534,4.814494,2023-06-12,1,"Jari Vandendriessche & Luc Willems","","","AudioMoth recording","DIGITAF_FLANDERS:025594a7e310c0d7"
"22","Bo","tree","Corvus corone","Corvidae","Passeriformes","birds",50.798534,4.814494,2023-06-12,1,"Jari Vandendriessche & Luc Willems","","","AudioMoth recording","DIGITAF_FLANDERS:cfab02519f5cb781"
"23","Bo","tree","Fringilla coelebs","Fringillidae","Passeriformes","birds",50.798534,4.814494,2023-06-12,1,"Jari Vandendriessche & Luc Willems","","","AudioMoth recording","DIGITAF_FLANDERS:f09c31afc367980d"
"24","Bo","tree","Sylvia atricapilla","Sylviidae","Passeriformes","birds",50.798534,4.814494,2023-06-12,1,"Jari Vandendriessche & Luc Willems","","","AudioMoth recording","DIGITAF_FLANDERS:fb366e3b8da758ad"
"25","Bo","tree","Turdus merula","Turdidae","Passeriformes","birds",50.798534,4.814494,2023-06-12,1,"Jari Vandendriessche & Luc Willems","","","AudioMoth recording","DIGITAF_FLANDERS:01a5e2edf7940a23"
"26","Bo1","crtl","Actitis hypoleucos","Scolopacidae","Charadriiformes","birds",50.830734,4.813417,2023-06-12,1,"Jari Vandendriessche & Luc Willems","","","AudioMoth recording","DIGITAF_FLANDERS:3a8b6a76f129bb8e"
"27","Bo1","crtl","Alauda arvensis","Alaudidae","Passeriformes","birds",50.830734,4.813417,2023-06-12,1,"Jari Vandendriessche & Luc Willems","","","AudioMoth recording","DIGITAF_FLANDERS:d241c82ba84c27f2"
"28","Bo1","crtl","Anas crecca","Anatidae","Anseriformes","birds",50.830734,4.813417,2023-06-12,1,"Jari Vandendriessche & Luc Willems","","","AudioMoth recording","DIGITAF_FLANDERS:493475cfead4088c"
"29","Bo1","crtl","Curruca communis","Sylviidae","Passeriformes","birds",50.830734,4.813417,2023-06-12,1,"Jari Vandendriessche & Luc Willems","","","AudioMoth recording","DIGITAF_FLANDERS:c51e4dda99576b57"
"30","Bo1","crtl","Cyanistes caeruleus","Paridae","Passeriformes","birds",50.830734,4.813417,2023-06-12,1,"Jari Vandendriessche & Luc Willems","","","AudioMoth recording","DIGITAF_FLANDERS:3c0b13b303bbf157"
"31","Bo1","crtl","Falco tinnunculus","Falconidae","Falconiformes","birds",50.830734,4.813417,2023-06-12,1,"Jari Vandendriessche & Luc Willems","","","AudioMoth recording","DIGITAF_FLANDERS:fbc4d911172928d5"
"32","Bo1","crtl","Fringilla coelebs","Fringillidae","Passeriformes","birds",50.830734,4.813417,2023-06-12,1,"Jari Vandendriessche & Luc Willems","","","AudioMoth recording","DIGITAF_FLANDERS:864956cc4f53ee54"
"33","Bo1","crtl","Muscicapa striata","Muscicapidae","Passeriformes","birds",50.830734,4.813417,2023-06-12,1,"Jari Vandendriessche & Luc Willems","","","AudioMoth recording","DIGITAF_FLANDERS:c7be9f3c5b7f7952"
"34","Bo1","crtl","Phasianus colchicus","Phasianidae","Galliformes","birds",50.830734,4.813417,2023-06-12,1,"Jari Vandendriessche & Luc Willems","","","AudioMoth recording","DIGITAF_FLANDERS:886c4ed4814b7bcc"
"35","Bo1","crtl","Prunella modularis","Prunellidae","Passeriformes","birds",50.830734,4.813417,2023-06-12,1,"Jari Vandendriessche & Luc Willems","","","AudioMoth recording","DIGITAF_FLANDERS:6f84e0ea6a85fac3"
"36","Bo1","crtl","Sylvia atricapilla","Sylviidae","Passeriformes","birds",50.830734,4.813417,2023-06-12,1,"Jari Vandendriessche & Luc Willems","","","AudioMoth recording","DIGITAF_FLANDERS:3e7912b3de5e47ec"
"37","Bo1","crtl","Turdus merula","Turdidae","Passeriformes","birds",50.830734,4.813417,2023-06-12,1,"Jari Vandendriessche & Luc Willems","","","AudioMoth recording","DIGITAF_FLANDERS:513cf697a9958489"
"38","Bo1","tree","Columba palumbus","Columbidae","Columbiformes","birds",50.831448,4.813626,2023-06-12,1,"Jari Vandendriessche & Luc Willems","","","AudioMoth recording","DIGITAF_FLANDERS:c6d62205249ade4a"
"39","Bo1","tree","Corvus corone","Corvidae","Passeriformes","birds",50.831448,4.813626,2023-06-12,1,"Jari Vandendriessche & Luc Willems","","","AudioMoth recording","DIGITAF_FLANDERS:2f5979a6239caef4"
"40","Bo1","tree","Cyanistes caeruleus","Paridae","Passeriformes","birds",50.831448,4.813626,2023-06-12,1,"Jari Vandendriessche & Luc Willems","","","AudioMoth recording","DIGITAF_FLANDERS:a0906728fa26d4c9"
"41","Bo1","tree","Falco tinnunculus","Falconidae","Falconiformes","birds",50.831448,4.813626,2023-06-12,1,"Jari Vandendriessche & Luc Willems","","","AudioMoth recording","DIGITAF_FLANDERS:90a375d8e1bb321f"
"42","Bo1","tree","Fringilla coelebs","Fringillidae","Passeriformes","birds",50.831448,4.813626,2023-06-12,1,"Jari Vandendriessche & Luc Willems","","","AudioMoth recording","DIGITAF_FLANDERS:39553fbb3a9a1272"
"43","Bo1","tree","Parus major","Paridae","Passeriformes","birds",50.831448,4.813626,2023-06-12,1,"Jari Vandendriessche & Luc Willems","","","AudioMoth recording","DIGITAF_FLANDERS:d515fdaffebac45d"
"44","Bo1","tree","Phasianus colchicus","Phasianidae","Galliformes","birds",50.831448,4.813626,2023-06-12,1,"Jari Vandendriessche & Luc Willems","","","AudioMoth recording","DIGITAF_FLANDERS:35238b8bd334f1da"
"45","Bo1","tree","Phylloscopus collybita","Phylloscopidae","Passeriformes","birds",50.831448,4.813626,2023-06-12,1,"Jari Vandendriessche & Luc Willems","","","AudioMoth recording","DIGITAF_FLANDERS:405b9b2d84f2c361"
"46","Bo1","tree","Streptopelia decaocto","Columbidae","Columbiformes","birds",50.831448,4.813626,2023-06-12,1,"Jari Vandendriessche & Luc Willems","","","AudioMoth recording","DIGITAF_FLANDERS:bb15aa3ed14c368e"
"47","Bo1","tree","Sylvia atricapilla","Sylviidae","Passeriformes","birds",50.831448,4.813626,2023-06-12,1,"Jari Vandendriessche & Luc Willems","","","AudioMoth recording","DIGITAF_FLANDERS:4a1a856d4bd834fd"
"48","Bo1","tree","Turdus merula","Turdidae","Passeriformes","birds",50.831448,4.813626,2023-06-12,1,"Jari Vandendriessche & Luc Willems","","","AudioMoth recording","DIGITAF_FLANDERS:a42971e883e597aa"
"49","Bo2","crtl","Alauda arvensis","Alaudidae","Passeriformes","birds",50.804672,5.00229,2023-06-12,1,"Jari Vandendriessche & Luc Willems","","","AudioMoth recording","DIGITAF_FLANDERS:0d59f2c692a51d9c"
"50","Bo2","crtl","Anas platyrhynchos","Anatidae","Anseriformes","birds",50.804672,5.00229,2023-06-12,1,"Jari Vandendriessche & Luc Willems","","","AudioMoth recording","DIGITAF_FLANDERS:bffecf4e8b437194"
"51","Bo2","crtl","Ardea cinerea","Ardeidae","Pelecaniformes","birds",50.804672,5.00229,2023-06-12,1,"Jari Vandendriessche & Luc Willems","","","AudioMoth recording","DIGITAF_FLANDERS:31cefffbb1e872fb"
"52","Bo2","crtl","Buteo buteo","Accipitridae","Accipitriformes","birds",50.804672,5.00229,2023-06-12,1,"Jari Vandendriessche & Luc Willems","","","AudioMoth recording","DIGITAF_FLANDERS:5790835d10b9d641"
"53","Bo2","crtl","Chloris chloris","Fringillidae","Passeriformes","birds",50.804672,5.00229,2023-06-12,1,"Jari Vandendriessche & Luc Willems","","","AudioMoth recording","DIGITAF_FLANDERS:5ac911d109da723b"
"54","Bo2","crtl","Columba palumbus","Columbidae","Columbiformes","birds",50.804672,5.00229,2023-06-12,1,"Jari Vandendriessche & Luc Willems","","","AudioMoth recording","DIGITAF_FLANDERS:f6da7aa2ae14ec0d"
"55","Bo2","crtl","Corvus corone","Corvidae","Passeriformes","birds",50.804672,5.00229,2023-06-12,1,"Jari Vandendriessche & Luc Willems","","","AudioMoth recording","DIGITAF_FLANDERS:b711b05dcad29be0"
"56","Bo2","crtl","Corvus frugilegus","Corvidae","Passeriformes","birds",50.804672,5.00229,2023-06-12,1,"Jari Vandendriessche & Luc Willems","","","AudioMoth recording","DIGITAF_FLANDERS:46aeafbc07568b9b"
"57","Bo2","crtl","Coloeus monedula","Corvidae","Passeriformes","birds",50.804672,5.00229,2023-06-12,1,"Jari Vandendriessche & Luc Willems","","","AudioMoth recording","DIGITAF_FLANDERS:a431ca5f0aaef603"
"58","Bo2","crtl","Cyanistes caeruleus","Paridae","Passeriformes","birds",50.804672,5.00229,2023-06-12,1,"Jari Vandendriessche & Luc Willems","","","AudioMoth recording","DIGITAF_FLANDERS:22f9b5af49ca6e2d"
"59","Bo2","crtl","Falco tinnunculus","Falconidae","Falconiformes","birds",50.804672,5.00229,2023-06-12,1,"Jari Vandendriessche & Luc Willems","","","AudioMoth recording","DIGITAF_FLANDERS:7951de30b94617b6"
"60","Bo2","crtl","Fringilla coelebs","Fringillidae","Passeriformes","birds",50.804672,5.00229,2023-06-12,1,"Jari Vandendriessche & Luc Willems","","","AudioMoth recording","DIGITAF_FLANDERS:bb4ca6cf0f08b579"
"61","Bo2","crtl","Fulica atra","Rallidae","Gruiformes","birds",50.804672,5.00229,2023-06-12,1,"Jari Vandendriessche & Luc Willems","","","AudioMoth recording","DIGITAF_FLANDERS:368a53eae2efc3ab"
"62","Bo2","crtl","Gallinula chloropus","Rallidae","Gruiformes","birds",50.804672,5.00229,2023-06-12,1,"Jari Vandendriessche & Luc Willems","","","AudioMoth recording","DIGITAF_FLANDERS:a28933263d316f51"
"63","Bo2","crtl","Luscinia megarhynchos","Muscicapidae","Passeriformes","birds",50.804672,5.00229,2023-06-12,1,"Jari Vandendriessche & Luc Willems","","","AudioMoth recording","DIGITAF_FLANDERS:5fdce4cc688f9b1f"
"64","Bo2","crtl","Motacilla alba","Motacillidae","Passeriformes","birds",50.804672,5.00229,2023-06-12,1,"Jari Vandendriessche & Luc Willems","","","AudioMoth recording","DIGITAF_FLANDERS:21ebc6fd3ab77a74"
"65","Bo2","crtl","Passer domesticus","Passeridae","Passeriformes","birds",50.804672,5.00229,2023-06-12,1,"Jari Vandendriessche & Luc Willems","","","AudioMoth recording","DIGITAF_FLANDERS:ff957b4a3d9de511"
"66","Bo2","crtl","Phasianus colchicus","Phasianidae","Galliformes","birds",50.804672,5.00229,2023-06-12,1,"Jari Vandendriessche & Luc Willems","","","AudioMoth recording","DIGITAF_FLANDERS:54397d76e9082552"
"67","Bo2","crtl","Phoenicurus phoenicurus","Muscicapidae","Passeriformes","birds",50.804672,5.00229,2023-06-12,1,"Jari Vandendriessche & Luc Willems","","","AudioMoth recording","DIGITAF_FLANDERS:8a946d9a5b1db7e1"
"68","Bo2","crtl","Phylloscopus collybita","Phylloscopidae","Passeriformes","birds",50.804672,5.00229,2023-06-12,1,"Jari Vandendriessche & Luc Willems","","","AudioMoth recording","DIGITAF_FLANDERS:b072a6b20b2ac5ef"
"69","Bo2","crtl","Prunella modularis","Prunellidae","Passeriformes","birds",50.804672,5.00229,2023-06-12,1,"Jari Vandendriessche & Luc Willems","","","AudioMoth recording","DIGITAF_FLANDERS:b7262808f50c915c"
"70","Bo2","crtl","Streptopelia decaocto","Columbidae","Columbiformes","birds",50.804672,5.00229,2023-06-12,1,"Jari Vandendriessche & Luc Willems","","","AudioMoth recording","DIGITAF_FLANDERS:29d4c33aea0650c5"
"71","Bo2","crtl","Troglodytes troglodytes","Troglodytidae","Passeriformes","birds",50.804672,5.00229,2023-06-12,1,"Jari Vandendriessche & Luc Willems","","","AudioMoth recording","DIGITAF_FLANDERS:c8284635788444e4"
"72","Bo2","crtl","Turdus merula","Turdidae","Passeriformes","birds",50.804672,5.00229,2023-06-12,1,"Jari Vandendriessche & Luc Willems","","","AudioMoth recording","DIGITAF_FLANDERS:a39e4f909b07e4ec"
"73","Bo2","tree","Alauda arvensis","Alaudidae","Passeriformes","birds",50.804695,5.003687,2023-06-12,1,"Jari Vandendriessche & Luc Willems","","","AudioMoth recording","DIGITAF_FLANDERS:3de0efb347a7bc11"
"74","Bo2","tree","Buteo buteo","Accipitridae","Accipitriformes","birds",50.804695,5.003687,2023-06-12,1,"Jari Vandendriessche & Luc Willems","","","AudioMoth recording","DIGITAF_FLANDERS:9a7e9161e13c0f96"
"75","Bo2","tree","Chloris chloris","Fringillidae","Passeriformes","birds",50.804695,5.003687,2023-06-12,1,"Jari Vandendriessche & Luc Willems","","","AudioMoth recording","DIGITAF_FLANDERS:a264ac48543061b9"
"76","Bo2","tree","Corvus corone","Corvidae","Passeriformes","birds",50.804695,5.003687,2023-06-12,1,"Jari Vandendriessche & Luc Willems","","","AudioMoth recording","DIGITAF_FLANDERS:23c5a664681e59f7"
"77","Bo2","tree","Corvus frugilegus","Corvidae","Passeriformes","birds",50.804695,5.003687,2023-06-12,1,"Jari Vandendriessche & Luc Willems","","","AudioMoth recording","DIGITAF_FLANDERS:b0e06c616861f6dc"
"78","Bo2","tree","Coloeus monedula","Corvidae","Passeriformes","birds",50.804695,5.003687,2023-06-12,1,"Jari Vandendriessche & Luc Willems","","","AudioMoth recording","DIGITAF_FLANDERS:d0139466ff6a31a6"
"79","Bo2","tree","Curruca communis","Sylviidae","Passeriformes","birds",50.804695,5.003687,2023-06-12,1,"Jari Vandendriessche & Luc Willems","","","AudioMoth recording","DIGITAF_FLANDERS:bed594153cba3e81"
"80","Bo2","tree","Falco tinnunculus","Falconidae","Falconiformes","birds",50.804695,5.003687,2023-06-12,1,"Jari Vandendriessche & Luc Willems","","","AudioMoth recording","DIGITAF_FLANDERS:5b27db4a8a461f38"
"81","Bo2","tree","Motacilla alba","Motacillidae","Passeriformes","birds",50.804695,5.003687,2023-06-12,1,"Jari Vandendriessche & Luc Willems","","","AudioMoth recording","DIGITAF_FLANDERS:33757b86b930e043"
"82","Bo2","tree","Numenius arquata","Scolopacidae","Charadriiformes","birds",50.804695,5.003687,2023-06-12,1,"Jari Vandendriessche & Luc Willems","","","AudioMoth recording","DIGITAF_FLANDERS:649935c2d00c2292"
"83","Bo2","tree","Phasianus colchicus","Phasianidae","Galliformes","birds",50.804695,5.003687,2023-06-12,1,"Jari Vandendriessche & Luc Willems","","","AudioMoth recording","DIGITAF_FLANDERS:e88c47a2d7409dd1"
"84","Bo2","tree","Prunella modularis","Prunellidae","Passeriformes","birds",50.804695,5.003687,2023-06-12,1,"Jari Vandendriessche & Luc Willems","","","AudioMoth recording","DIGITAF_FLANDERS:e1fab46ca4aac0b6"
"85","Bo2","tree","Streptopelia decaocto","Columbidae","Columbiformes","birds",50.804695,5.003687,2023-06-12,1,"Jari Vandendriessche & Luc Willems","","","AudioMoth recording","DIGITAF_FLANDERS:e3e47a07937c8bb4"
"86","Bo2","tree","Troglodytes troglodytes","Troglodytidae","Passeriformes","birds",50.804695,5.003687,2023-06-12,1,"Jari Vandendriessche & Luc Willems","","","AudioMoth recording","DIGITAF_FLANDERS:dcbd00b2c5aad509"
"87","Bo2","tree","Turdus merula","Turdidae","Passeriformes","birds",50.804695,5.003687,2023-06-12,1,"Jari Vandendriessche & Luc Willems","","","AudioMoth recording","DIGITAF_FLANDERS:8fc3f10716c7cd95"
"88","Ge1","crtl","Acrocephalus palustris","Acrocephalidae","Passeriformes","birds",51.011478,3.685224,2023-05-25,1,"Jari Vandendriessche & Luc Willems","","","AudioMoth recording","DIGITAF_FLANDERS:858fd5ff8bedb138"
"89","Ge1","crtl","Certhia brachydactyla","Certhiidae","Passeriformes","birds",51.011478,3.685224,2023-05-25,1,"Jari Vandendriessche & Luc Willems","","","AudioMoth recording","DIGITAF_FLANDERS:8c59637e24897589"
"90","Ge1","crtl","Columba palumbus","Columbidae","Columbiformes","birds",51.011478,3.685224,2023-05-25,1,"Jari Vandendriessche & Luc Willems","","","AudioMoth recording","DIGITAF_FLANDERS:e35ff864ebacfdff"
"91","Ge1","crtl","Corvus corone","Corvidae","Passeriformes","birds",51.011478,3.685224,2023-05-25,1,"Jari Vandendriessche & Luc Willems","","","AudioMoth recording","DIGITAF_FLANDERS:2cce101c72bc8f1f"
"92","Ge1","crtl","Coloeus monedula","Corvidae","Passeriformes","birds",51.011478,3.685224,2023-05-25,1,"Jari Vandendriessche & Luc Willems","","","AudioMoth recording","DIGITAF_FLANDERS:5a3fc9fed70c8c73"
"93","Ge1","crtl","Curruca communis","Sylviidae","Passeriformes","birds",51.011478,3.685224,2023-05-25,1,"Jari Vandendriessche & Luc Willems","","","AudioMoth recording","DIGITAF_FLANDERS:061a186e81b842c3"
"94","Ge1","crtl","Fringilla coelebs","Fringillidae","Passeriformes","birds",51.011478,3.685224,2023-05-25,1,"Jari Vandendriessche & Luc Willems","","","AudioMoth recording","DIGITAF_FLANDERS:e0bd14c9404b70f6"
"95","Ge1","crtl","Motacilla alba","Motacillidae","Passeriformes","birds",51.011478,3.685224,2023-05-25,1,"Jari Vandendriessche & Luc Willems","","","AudioMoth recording","DIGITAF_FLANDERS:0eef5dfef9741eed"
"96","Ge1","crtl","Motacilla flava","Motacillidae","Passeriformes","birds",51.011478,3.685224,2023-05-25,1,"Jari Vandendriessche & Luc Willems","","","AudioMoth recording","DIGITAF_FLANDERS:b248685aa02947fd"
"97","Ge1","crtl","Phylloscopus collybita","Phylloscopidae","Passeriformes","birds",51.011478,3.685224,2023-05-25,1,"Jari Vandendriessche & Luc Willems","","","AudioMoth recording","DIGITAF_FLANDERS:6b3d7291ccee305f"
"98","Ge1","crtl","Prunella modularis","Prunellidae","Passeriformes","birds",51.011478,3.685224,2023-05-25,1,"Jari Vandendriessche & Luc Willems","","","AudioMoth recording","DIGITAF_FLANDERS:6f6d356bc8c73640"
"99","Ge1","crtl","Streptopelia decaocto","Columbidae","Columbiformes","birds",51.011478,3.685224,2023-05-25,1,"Jari Vandendriessche & Luc Willems","","","AudioMoth recording","DIGITAF_FLANDERS:768de5cedfe23ede"
"100","Ge1","crtl","Troglodytes troglodytes","Troglodytidae","Passeriformes","birds",51.011478,3.685224,2023-05-25,1,"Jari Vandendriessche & Luc Willems","","","AudioMoth recording","DIGITAF_FLANDERS:721fe1ea95416a3a"
"101","Ge1","tree","Anas platyrhynchos","Anatidae","Anseriformes","birds",51.01141,3.686242,2023-05-25,1,"Jari Vandendriessche & Luc Willems","","","AudioMoth recording","DIGITAF_FLANDERS:b2ac4270b13ed439"
"102","Ge1","tree","Curruca communis","Sylviidae","Passeriformes","birds",51.01141,3.686242,2023-05-25,1,"Jari Vandendriessche & Luc Willems","","","AudioMoth recording","DIGITAF_FLANDERS:525cab3195909c4c"
"103","Ge1","tree","Cyanistes caeruleus","Paridae","Passeriformes","birds",51.01141,3.686242,2023-05-25,1,"Jari Vandendriessche & Luc Willems","","","AudioMoth recording","DIGITAF_FLANDERS:5a60d198568ff4cc"
"104","Ge1","tree","Motacilla alba","Motacillidae","Passeriformes","birds",51.01141,3.686242,2023-05-25,1,"Jari Vandendriessche & Luc Willems","","","AudioMoth recording","DIGITAF_FLANDERS:12eff9931c4b93c8"
"105","Ge1","tree","Phylloscopus collybita","Phylloscopidae","Passeriformes","birds",51.01141,3.686242,2023-05-25,1,"Jari Vandendriessche & Luc Willems","","","AudioMoth recording","DIGITAF_FLANDERS:335802f56b688b5a"
"106","Ge1","tree","Prunella modularis","Prunellidae","Passeriformes","birds",51.01141,3.686242,2023-05-25,1,"Jari Vandendriessche & Luc Willems","","","AudioMoth recording","DIGITAF_FLANDERS:cbc7d38be0b9aa07"
"107","Ge1","tree","Sylvia atricapilla","Sylviidae","Passeriformes","birds",51.01141,3.686242,2023-05-25,1,"Jari Vandendriessche & Luc Willems","","","AudioMoth recording","DIGITAF_FLANDERS:493ccf87a20b7a7a"
"108","Ge1","tree","Troglodytes troglodytes","Troglodytidae","Passeriformes","birds",51.01141,3.686242,2023-05-25,1,"Jari Vandendriessche & Luc Willems","","","AudioMoth recording","DIGITAF_FLANDERS:48e8f4302cee89bd"
"109","Ie","crop","Alauda arvensis","Alaudidae","Passeriformes","birds",50.898197,2.833149,2023-05-27,1,"Jari Vandendriessche & Luc Willems","","","AudioMoth recording","DIGITAF_FLANDERS:e84bcb2de1b1a719"
"110","Ie","crop","Anas crecca","Anatidae","Anseriformes","birds",50.898197,2.833149,2023-05-27,1,"Jari Vandendriessche & Luc Willems","","","AudioMoth recording","DIGITAF_FLANDERS:eb085c67f0735e30"
"111","Ie","crop","Curruca communis","Sylviidae","Passeriformes","birds",50.898197,2.833149,2023-05-27,1,"Jari Vandendriessche & Luc Willems","","","AudioMoth recording","DIGITAF_FLANDERS:bab4a04a7a2b5cef"
"112","Ie","crop","Haematopus ostralegus","Haematopodidae","Charadriiformes","birds",50.898197,2.833149,2023-05-27,1,"Jari Vandendriessche & Luc Willems","","","AudioMoth recording","DIGITAF_FLANDERS:3fb714a66b927ae4"
"113","Ie","crop","Hirundo rustica","Hirundinidae","Passeriformes","birds",50.898197,2.833149,2023-05-27,1,"Jari Vandendriessche & Luc Willems","","","AudioMoth recording","DIGITAF_FLANDERS:8d3d8624876a9b50"
"114","Ie","crop","Motacilla flava","Motacillidae","Passeriformes","birds",50.898197,2.833149,2023-05-27,1,"Jari Vandendriessche & Luc Willems","","","AudioMoth recording","DIGITAF_FLANDERS:a83c70097929f74f"
"115","Ie","crop","Phasianus colchicus","Phasianidae","Galliformes","birds",50.898197,2.833149,2023-05-27,1,"Jari Vandendriessche & Luc Willems","","","AudioMoth recording","DIGITAF_FLANDERS:b5dd2d891f3b3265"
"116","Ie","crop","Prunella modularis","Prunellidae","Passeriformes","birds",50.898197,2.833149,2023-05-27,1,"Jari Vandendriessche & Luc Willems","","","AudioMoth recording","DIGITAF_FLANDERS:e59eca4c72959842"
"117","Ie","crop","Sylvia atricapilla","Sylviidae","Passeriformes","birds",50.898197,2.833149,2023-05-27,1,"Jari Vandendriessche & Luc Willems","","","AudioMoth recording","DIGITAF_FLANDERS:04526b8d8ae76cfe"
"118","Ie","crop","Troglodytes troglodytes","Troglodytidae","Passeriformes","birds",50.898197,2.833149,2023-05-27,1,"Jari Vandendriessche & Luc Willems","","","AudioMoth recording","DIGITAF_FLANDERS:68d99aa5ba1ac62b"
"119","Ie","crop","Turdus merula","Turdidae","Passeriformes","birds",50.898197,2.833149,2023-05-27,1,"Jari Vandendriessche & Luc Willems","","","AudioMoth recording","DIGITAF_FLANDERS:0a0ab6c433fd17cb"
"120","Ie","crtl","Chloris chloris","Fringillidae","Passeriformes","birds",50.898647,2.833769,2023-05-27,1,"Jari Vandendriessche & Luc Willems","","","AudioMoth recording","DIGITAF_FLANDERS:a1d14ef80c6376dd"
"121","Ie","crtl","Columba palumbus","Columbidae","Columbiformes","birds",50.898647,2.833769,2023-05-27,1,"Jari Vandendriessche & Luc Willems","","","AudioMoth recording","DIGITAF_FLANDERS:37f199d045f3201c"
"122","Ie","crtl","Coloeus monedula","Corvidae","Passeriformes","birds",50.898647,2.833769,2023-05-27,1,"Jari Vandendriessche & Luc Willems","","","AudioMoth recording","DIGITAF_FLANDERS:c7e164743cc40225"
"123","Ie","crtl","Haematopus ostralegus","Haematopodidae","Charadriiformes","birds",50.898647,2.833769,2023-05-27,1,"Jari Vandendriessche & Luc Willems","","","AudioMoth recording","DIGITAF_FLANDERS:0497fdc1252f09d7"
"124","Ie","crtl","Motacilla flava","Motacillidae","Passeriformes","birds",50.898647,2.833769,2023-05-27,1,"Jari Vandendriessche & Luc Willems","","","AudioMoth recording","DIGITAF_FLANDERS:c959682e205604fe"
"125","Ie","crtl","Phasianus colchicus","Phasianidae","Galliformes","birds",50.898647,2.833769,2023-05-27,1,"Jari Vandendriessche & Luc Willems","","","AudioMoth recording","DIGITAF_FLANDERS:d6bce7089b617236"
"126","Ie","crtl","Troglodytes troglodytes","Troglodytidae","Passeriformes","birds",50.898647,2.833769,2023-05-27,1,"Jari Vandendriessche & Luc Willems","","","AudioMoth recording","DIGITAF_FLANDERS:54c3ac1df3f1217e"
"127","Ie","crtl","Turdus merula","Turdidae","Passeriformes","birds",50.898647,2.833769,2023-05-27,1,"Jari Vandendriessche & Luc Willems","","","AudioMoth recording","DIGITAF_FLANDERS:d96448befbe12d06"
"128","Ie","tree","Certhia brachydactyla","Certhiidae","Passeriformes","birds",50.897827,2.834499,2023-05-27,1,"Jari Vandendriessche & Luc Willems","","","AudioMoth recording","DIGITAF_FLANDERS:306908211131180a"
"129","Ie","tree","Columba oenas","Columbidae","Columbiformes","birds",50.897827,2.834499,2023-05-27,1,"Jari Vandendriessche & Luc Willems","","","AudioMoth recording","DIGITAF_FLANDERS:4783061608cce6b2"
"130","Ie","tree","Columba palumbus","Columbidae","Columbiformes","birds",50.897827,2.834499,2023-05-27,1,"Jari Vandendriessche & Luc Willems","","","AudioMoth recording","DIGITAF_FLANDERS:df854ef10ae55d9f"
"131","Ie","tree","Curruca communis","Sylviidae","Passeriformes","birds",50.897827,2.834499,2023-05-27,1,"Jari Vandendriessche & Luc Willems","","","AudioMoth recording","DIGITAF_FLANDERS:eabb134280a8d9fe"
"132","Ie","tree","Haematopus ostralegus","Haematopodidae","Charadriiformes","birds",50.897827,2.834499,2023-05-27,1,"Jari Vandendriessche & Luc Willems","","","AudioMoth recording","DIGITAF_FLANDERS:d4262c88b7f4a82b"
"133","Ie","tree","Hirundo rustica","Hirundinidae","Passeriformes","birds",50.897827,2.834499,2023-05-27,1,"Jari Vandendriessche & Luc Willems","","","AudioMoth recording","DIGITAF_FLANDERS:7620cb8bd9b034cd"
"134","Ie","tree","Muscicapa striata","Muscicapidae","Passeriformes","birds",50.897827,2.834499,2023-05-27,1,"Jari Vandendriessche & Luc Willems","","","AudioMoth recording","DIGITAF_FLANDERS:05724e7f5fbe221c"
"135","Ie","tree","Passer montanus","Passeridae","Passeriformes","birds",50.897827,2.834499,2023-05-27,1,"Jari Vandendriessche & Luc Willems","","","AudioMoth recording","DIGITAF_FLANDERS:6a4e63f6a1dcc075"
"136","Ie","tree","Phasianus colchicus","Phasianidae","Galliformes","birds",50.897827,2.834499,2023-05-27,1,"Jari Vandendriessche & Luc Willems","","","AudioMoth recording","DIGITAF_FLANDERS:a43b0b23ca4a6af7"
"137","Ie","tree","Pica pica","Corvidae","Passeriformes","birds",50.897827,2.834499,2023-05-27,1,"Jari Vandendriessche & Luc Willems","","","AudioMoth recording","DIGITAF_FLANDERS:90b39164c260586a"
"138","Ie","tree","Prunella modularis","Prunellidae","Passeriformes","birds",50.897827,2.834499,2023-05-27,1,"Jari Vandendriessche & Luc Willems","","","AudioMoth recording","DIGITAF_FLANDERS:fb88dd0f589e02a4"
"139","Ie","tree","Streptopelia decaocto","Columbidae","Columbiformes","birds",50.897827,2.834499,2023-05-27,1,"Jari Vandendriessche & Luc Willems","","","AudioMoth recording","DIGITAF_FLANDERS:f714aef310b5d5c8"
"140","Ie","tree","Sylvia atricapilla","Sylviidae","Passeriformes","birds",50.897827,2.834499,2023-05-27,1,"Jari Vandendriessche & Luc Willems","","","AudioMoth recording","DIGITAF_FLANDERS:3b15546103930d58"
"141","Ie","tree","Troglodytes troglodytes","Troglodytidae","Passeriformes","birds",50.897827,2.834499,2023-05-27,1,"Jari Vandendriessche & Luc Willems","","","AudioMoth recording","DIGITAF_FLANDERS:ba7f81c39fddffa1"
"142","Ie","tree","Turdus merula","Turdidae","Passeriformes","birds",50.897827,2.834499,2023-05-27,1,"Jari Vandendriessche & Luc Willems","","","AudioMoth recording","DIGITAF_FLANDERS:391664cc2cf0d117"
"143","Ie1","crtl","Coloeus monedula","Corvidae","Passeriformes","birds",50.869884,2.80778,2023-05-27,1,"Jari Vandendriessche & Luc Willems","","","AudioMoth recording","DIGITAF_FLANDERS:ed6f0d4471cffbea"
"144","Ie1","crtl","Emberiza schoeniclus","Emberizidae","Passeriformes","birds",50.869884,2.80778,2023-05-27,1,"Jari Vandendriessche & Luc Willems","","","AudioMoth recording","DIGITAF_FLANDERS:c50d5ba7f157dca4"
"145","Ie1","crtl","Motacilla flava","Motacillidae","Passeriformes","birds",50.869884,2.80778,2023-05-27,1,"Jari Vandendriessche & Luc Willems","","","AudioMoth recording","DIGITAF_FLANDERS:30d32252fd1b8c35"
"146","Ie1","crtl","Perdix perdix","Phasianidae","Galliformes","birds",50.869884,2.80778,2023-05-27,1,"Jari Vandendriessche & Luc Willems","","","AudioMoth recording","DIGITAF_FLANDERS:4a25ed7ad0eebaf6"
"147","Ie1","crtl","Phasianus colchicus","Phasianidae","Galliformes","birds",50.869884,2.80778,2023-05-27,1,"Jari Vandendriessche & Luc Willems","","","AudioMoth recording","DIGITAF_FLANDERS:85e79fa83148f4ee"
"148","Ie1","crtl","Troglodytes troglodytes","Troglodytidae","Passeriformes","birds",50.869884,2.80778,2023-05-27,1,"Jari Vandendriessche & Luc Willems","","","AudioMoth recording","DIGITAF_FLANDERS:b3b37814431f6c8a"
"149","Ie1","crtl","Turdus merula","Turdidae","Passeriformes","birds",50.869884,2.80778,2023-05-27,1,"Jari Vandendriessche & Luc Willems","","","AudioMoth recording","DIGITAF_FLANDERS:e7c826e39e8abae7"
"150","Ie1","tree","Buteo buteo","Accipitridae","Accipitriformes","birds",50.868481,2.808143,2023-05-27,1,"Jari Vandendriessche & Luc Willems","","","AudioMoth recording","DIGITAF_FLANDERS:073c99e1a5311109"
"151","Ie1","tree","Certhia brachydactyla","Certhiidae","Passeriformes","birds",50.868481,2.808143,2023-05-27,1,"Jari Vandendriessche & Luc Willems","","","AudioMoth recording","DIGITAF_FLANDERS:ffa5f1c9bc9b3155"
"152","Ie1","tree","Columba oenas","Columbidae","Columbiformes","birds",50.868481,2.808143,2023-05-27,1,"Jari Vandendriessche & Luc Willems","","","AudioMoth recording","DIGITAF_FLANDERS:30884b8065fc69a6"
"153","Ie1","tree","Columba palumbus","Columbidae","Columbiformes","birds",50.868481,2.808143,2023-05-27,1,"Jari Vandendriessche & Luc Willems","","","AudioMoth recording","DIGITAF_FLANDERS:42046b6ccc5b8dcb"
"154","Ie1","tree","Coloeus monedula","Corvidae","Passeriformes","birds",50.868481,2.808143,2023-05-27,1,"Jari Vandendriessche & Luc Willems","","","AudioMoth recording","DIGITAF_FLANDERS:08b9524f8ab5dc04"
"155","Ie1","tree","Cyanistes caeruleus","Paridae","Passeriformes","birds",50.868481,2.808143,2023-05-27,1,"Jari Vandendriessche & Luc Willems","","","AudioMoth recording","DIGITAF_FLANDERS:c5bdaba7c5dd6a87"
"156","Ie1","tree","Fringilla coelebs","Fringillidae","Passeriformes","birds",50.868481,2.808143,2023-05-27,1,"Jari Vandendriessche & Luc Willems","","","AudioMoth recording","DIGITAF_FLANDERS:b67da83f774246be"
"157","Ie1","tree","Fulica atra","Rallidae","Gruiformes","birds",50.868481,2.808143,2023-05-27,1,"Jari Vandendriessche & Luc Willems","","","AudioMoth recording","DIGITAF_FLANDERS:33f54f3a16a129f1"
"158","Ie1","tree","Muscicapa striata","Muscicapidae","Passeriformes","birds",50.868481,2.808143,2023-05-27,1,"Jari Vandendriessche & Luc Willems","","","AudioMoth recording","DIGITAF_FLANDERS:aadca5b73ba42242"
"159","Ie1","tree","Parus major","Paridae","Passeriformes","birds",50.868481,2.808143,2023-05-27,1,"Jari Vandendriessche & Luc Willems","","","AudioMoth recording","DIGITAF_FLANDERS:39de3a78731f5dd0"
"160","Ie1","tree","Phasianus colchicus","Phasianidae","Galliformes","birds",50.868481,2.808143,2023-05-27,1,"Jari Vandendriessche & Luc Willems","","","AudioMoth recording","DIGITAF_FLANDERS:1ed2b0180d9d945d"
"161","Ie1","tree","Pica pica","Corvidae","Passeriformes","birds",50.868481,2.808143,2023-05-27,1,"Jari Vandendriessche & Luc Willems","","","AudioMoth recording","DIGITAF_FLANDERS:943d415888e4bada"
"162","Ie1","tree","Streptopelia decaocto","Columbidae","Columbiformes","birds",50.868481,2.808143,2023-05-27,1,"Jari Vandendriessche & Luc Willems","","","AudioMoth recording","DIGITAF_FLANDERS:d63ab4f2176570f5"
"163","Ie1","tree","Sylvia atricapilla","Sylviidae","Passeriformes","birds",50.868481,2.808143,2023-05-27,1,"Jari Vandendriessche & Luc Willems","","","AudioMoth recording","DIGITAF_FLANDERS:8437538e1c0d6080"
"164","Ie1","tree","Troglodytes troglodytes","Troglodytidae","Passeriformes","birds",50.868481,2.808143,2023-05-27,1,"Jari Vandendriessche & Luc Willems","","","AudioMoth recording","DIGITAF_FLANDERS:3ce60491f07728f1"
"165","Ie1","tree","Turdus merula","Turdidae","Passeriformes","birds",50.868481,2.808143,2023-05-27,1,"Jari Vandendriessche & Luc Willems","","","AudioMoth recording","DIGITAF_FLANDERS:d701d598022ca245"
"166","Ie2","crtl","Alauda arvensis","Alaudidae","Passeriformes","birds",50.894154,2.837079,2023-05-27,1,"Jari Vandendriessche & Luc Willems","","","AudioMoth recording","DIGITAF_FLANDERS:c9f59ff02bef140f"
"167","Ie2","crtl","Anas crecca","Anatidae","Anseriformes","birds",50.894154,2.837079,2023-05-27,1,"Jari Vandendriessche & Luc Willems","","","AudioMoth recording","DIGITAF_FLANDERS:1673abaf81e0b707"
"168","Ie2","crtl","Chloris chloris","Fringillidae","Passeriformes","birds",50.894154,2.837079,2023-05-27,1,"Jari Vandendriessche & Luc Willems","","","AudioMoth recording","DIGITAF_FLANDERS:a4f26f7a518bb6b9"
"169","Ie2","crtl","Coloeus monedula","Corvidae","Passeriformes","birds",50.894154,2.837079,2023-05-27,1,"Jari Vandendriessche & Luc Willems","","","AudioMoth recording","DIGITAF_FLANDERS:9c065cf2a3168d4e"
"170","Ie2","crtl","Motacilla alba","Motacillidae","Passeriformes","birds",50.894154,2.837079,2023-05-27,1,"Jari Vandendriessche & Luc Willems","","","AudioMoth recording","DIGITAF_FLANDERS:444fcdc6e2bfd4dd"
"171","Ie2","crtl","Motacilla flava","Motacillidae","Passeriformes","birds",50.894154,2.837079,2023-05-27,1,"Jari Vandendriessche & Luc Willems","","","AudioMoth recording","DIGITAF_FLANDERS:294f78dcacb64320"
"172","Ie2","crtl","Perdix perdix","Phasianidae","Galliformes","birds",50.894154,2.837079,2023-05-27,1,"Jari Vandendriessche & Luc Willems","","","AudioMoth recording","DIGITAF_FLANDERS:ac1385723d3e0e7b"
"173","Ie2","crtl","Sylvia atricapilla","Sylviidae","Passeriformes","birds",50.894154,2.837079,2023-05-27,1,"Jari Vandendriessche & Luc Willems","","","AudioMoth recording","DIGITAF_FLANDERS:da991bdda80ff50d"
"174","Ie2","crtl","Troglodytes troglodytes","Troglodytidae","Passeriformes","birds",50.894154,2.837079,2023-05-27,1,"Jari Vandendriessche & Luc Willems","","","AudioMoth recording","DIGITAF_FLANDERS:ce68a7cdd3b6dfb5"
"175","Ie2","crtl","Turdus merula","Turdidae","Passeriformes","birds",50.894154,2.837079,2023-05-27,1,"Jari Vandendriessche & Luc Willems","","","AudioMoth recording","DIGITAF_FLANDERS:5731e67058a56bcb"
"176","Ie2","tree","Alopochen aegyptiaca","Anatidae","Anseriformes","birds",50.892433,2.838647,2023-05-27,1,"Jari Vandendriessche & Luc Willems","","","AudioMoth recording","DIGITAF_FLANDERS:51f125074d8271f4"
"177","Ie2","tree","Motacilla flava","Motacillidae","Passeriformes","birds",50.892433,2.838647,2023-05-27,1,"Jari Vandendriessche & Luc Willems","","","AudioMoth recording","DIGITAF_FLANDERS:b65876302224040b"
"178","Ie2","tree","Phasianus colchicus","Phasianidae","Galliformes","birds",50.892433,2.838647,2023-05-27,1,"Jari Vandendriessche & Luc Willems","","","AudioMoth recording","DIGITAF_FLANDERS:511cb5f9f22cbadb"
"179","Ie2","tree","Troglodytes troglodytes","Troglodytidae","Passeriformes","birds",50.892433,2.838647,2023-05-27,1,"Jari Vandendriessche & Luc Willems","","","AudioMoth recording","DIGITAF_FLANDERS:beb095e0f2ee3bfe"
"180","L1","crtl","Carduelis carduelis","Fringillidae","Passeriformes","birds",50.818477,4.672386,2023-06-10,1,"Jari Vandendriessche & Luc Willems","","","AudioMoth recording","DIGITAF_FLANDERS:ad49536fd96c9b14"
"181","L1","crtl","Certhia brachydactyla","Certhiidae","Passeriformes","birds",50.818477,4.672386,2023-06-10,1,"Jari Vandendriessche & Luc Willems","","","AudioMoth recording","DIGITAF_FLANDERS:e374be1428ad356b"
"182","L1","crtl","Columba palumbus","Columbidae","Columbiformes","birds",50.818477,4.672386,2023-06-10,1,"Jari Vandendriessche & Luc Willems","","","AudioMoth recording","DIGITAF_FLANDERS:39393ec95a67afc6"
"183","L1","crtl","Corvus corone","Corvidae","Passeriformes","birds",50.818477,4.672386,2023-06-10,1,"Jari Vandendriessche & Luc Willems","","","AudioMoth recording","DIGITAF_FLANDERS:6408a8fcacd45432"
"184","L1","crtl","Cyanistes caeruleus","Paridae","Passeriformes","birds",50.818477,4.672386,2023-06-10,1,"Jari Vandendriessche & Luc Willems","","","AudioMoth recording","DIGITAF_FLANDERS:77c8cebab7e03cfc"
"185","L1","crtl","Delichon urbicum","Hirundinidae","Passeriformes","birds",50.818477,4.672386,2023-06-10,1,"Jari Vandendriessche & Luc Willems","","","AudioMoth recording","DIGITAF_FLANDERS:98561619a8b5c684"
"186","L1","crtl","Dendrocopos major","Picidae","Piciformes","birds",50.818477,4.672386,2023-06-10,1,"Jari Vandendriessche & Luc Willems","","","AudioMoth recording","DIGITAF_FLANDERS:8d237ea3913a4af2"
"187","L1","crtl","Dryocopus martius","Picidae","Piciformes","birds",50.818477,4.672386,2023-06-10,1,"Jari Vandendriessche & Luc Willems","","","AudioMoth recording","DIGITAF_FLANDERS:3ded518abe33c389"
"188","L1","crtl","Erithacus rubecula","Muscicapidae","Passeriformes","birds",50.818477,4.672386,2023-06-10,1,"Jari Vandendriessche & Luc Willems","","","AudioMoth recording","DIGITAF_FLANDERS:3dfc33dec5e6fdfe"
"189","L1","crtl","Fringilla coelebs","Fringillidae","Passeriformes","birds",50.818477,4.672386,2023-06-10,1,"Jari Vandendriessche & Luc Willems","","","AudioMoth recording","DIGITAF_FLANDERS:a81b35597515236f"
"190","L1","crtl","Hirundo rustica","Hirundinidae","Passeriformes","birds",50.818477,4.672386,2023-06-10,1,"Jari Vandendriessche & Luc Willems","","","AudioMoth recording","DIGITAF_FLANDERS:c51fd77a3cc842fb"
"191","L1","crtl","Motacilla alba","Motacillidae","Passeriformes","birds",50.818477,4.672386,2023-06-10,1,"Jari Vandendriessche & Luc Willems","","","AudioMoth recording","DIGITAF_FLANDERS:1b46bf9fdda1c58c"
"192","L1","crtl","Motacilla cinerea","Motacillidae","Passeriformes","birds",50.818477,4.672386,2023-06-10,1,"Jari Vandendriessche & Luc Willems","","","AudioMoth recording","DIGITAF_FLANDERS:46408931c40836de"
"193","L1","crtl","Motacilla flava","Motacillidae","Passeriformes","birds",50.818477,4.672386,2023-06-10,1,"Jari Vandendriessche & Luc Willems","","","AudioMoth recording","DIGITAF_FLANDERS:ea43e9fba79c604c"
"194","L1","crtl","Phasianus colchicus","Phasianidae","Galliformes","birds",50.818477,4.672386,2023-06-10,1,"Jari Vandendriessche & Luc Willems","","","AudioMoth recording","DIGITAF_FLANDERS:bf416841fa2b059a"
"195","L1","crtl","Phoenicurus ochruros","Muscicapidae","Passeriformes","birds",50.818477,4.672386,2023-06-10,1,"Jari Vandendriessche & Luc Willems","","","AudioMoth recording","DIGITAF_FLANDERS:15f73fc05930a12a"
"196","L1","crtl","Phylloscopus collybita","Phylloscopidae","Passeriformes","birds",50.818477,4.672386,2023-06-10,1,"Jari Vandendriessche & Luc Willems","","","AudioMoth recording","DIGITAF_FLANDERS:ec295e0959893267"
"197","L1","crtl","Phylloscopus trochilus","Phylloscopidae","Passeriformes","birds",50.818477,4.672386,2023-06-10,1,"Jari Vandendriessche & Luc Willems","","","AudioMoth recording","DIGITAF_FLANDERS:55d611034f74d436"
"198","L1","crtl","Pica pica","Corvidae","Passeriformes","birds",50.818477,4.672386,2023-06-10,1,"Jari Vandendriessche & Luc Willems","","","AudioMoth recording","DIGITAF_FLANDERS:aef601576d83d991"
"199","L1","crtl","Prunella modularis","Prunellidae","Passeriformes","birds",50.818477,4.672386,2023-06-10,1,"Jari Vandendriessche & Luc Willems","","","AudioMoth recording","DIGITAF_FLANDERS:e823a727062796f0"
"200","L1","crtl","Saxicola rubicola","Muscicapidae","Passeriformes","birds",50.818477,4.672386,2023-06-10,1,"Jari Vandendriessche & Luc Willems","","","AudioMoth recording","DIGITAF_FLANDERS:8ee8b9f8ea2eac0b"
"201","L1","crtl","Sitta europaea","Sittidae","Passeriformes","birds",50.818477,4.672386,2023-06-10,1,"Jari Vandendriessche & Luc Willems","","","AudioMoth recording","DIGITAF_FLANDERS:9ebdb12fe8a91cab"
"202","L1","crtl","Streptopelia decaocto","Columbidae","Columbiformes","birds",50.818477,4.672386,2023-06-10,1,"Jari Vandendriessche & Luc Willems","","","AudioMoth recording","DIGITAF_FLANDERS:6c983c38eee1c1e8"
"203","L1","crtl","Troglodytes troglodytes","Troglodytidae","Passeriformes","birds",50.818477,4.672386,2023-06-10,1,"Jari Vandendriessche & Luc Willems","","","AudioMoth recording","DIGITAF_FLANDERS:7a7372b0a8dbfae9"
"204","L1","crtl","Turdus merula","Turdidae","Passeriformes","birds",50.818477,4.672386,2023-06-10,1,"Jari Vandendriessche & Luc Willems","","","AudioMoth recording","DIGITAF_FLANDERS:41308dbf319e03b1"
"205","L1","tree","Carduelis carduelis","Fringillidae","Passeriformes","birds",50.819168,4.673106,2023-06-10,1,"Jari Vandendriessche & Luc Willems","","","AudioMoth recording","DIGITAF_FLANDERS:27f4648c91652900"
"206","L1","tree","Certhia brachydactyla","Certhiidae","Passeriformes","birds",50.819168,4.673106,2023-06-10,1,"Jari Vandendriessche & Luc Willems","","","AudioMoth recording","DIGITAF_FLANDERS:469c839133f5f302"
"207","L1","tree","Chloris chloris","Fringillidae","Passeriformes","birds",50.819168,4.673106,2023-06-10,1,"Jari Vandendriessche & Luc Willems","","","AudioMoth recording","DIGITAF_FLANDERS:c095e244809e29d8"
"208","L1","tree","Columba palumbus","Columbidae","Columbiformes","birds",50.819168,4.673106,2023-06-10,1,"Jari Vandendriessche & Luc Willems","","","AudioMoth recording","DIGITAF_FLANDERS:332ff3fd83db8959"
"209","L1","tree","Corvus corone","Corvidae","Passeriformes","birds",50.819168,4.673106,2023-06-10,1,"Jari Vandendriessche & Luc Willems","","","AudioMoth recording","DIGITAF_FLANDERS:f00b04573cf6e0cf"
"210","L1","tree","Curruca communis","Sylviidae","Passeriformes","birds",50.819168,4.673106,2023-06-10,1,"Jari Vandendriessche & Luc Willems","","","AudioMoth recording","DIGITAF_FLANDERS:a175cf7cf072468e"
"211","L1","tree","Cyanistes caeruleus","Paridae","Passeriformes","birds",50.819168,4.673106,2023-06-10,1,"Jari Vandendriessche & Luc Willems","","","AudioMoth recording","DIGITAF_FLANDERS:b90e6050c06b3bee"
"212","L1","tree","Delichon urbicum","Hirundinidae","Passeriformes","birds",50.819168,4.673106,2023-06-10,1,"Jari Vandendriessche & Luc Willems","","","AudioMoth recording","DIGITAF_FLANDERS:1062ae94c4f98320"
"213","L1","tree","Dendrocopos major","Picidae","Piciformes","birds",50.819168,4.673106,2023-06-10,1,"Jari Vandendriessche & Luc Willems","","","AudioMoth recording","DIGITAF_FLANDERS:74be5f9df89c6a62"
"214","L1","tree","Erithacus rubecula","Muscicapidae","Passeriformes","birds",50.819168,4.673106,2023-06-10,1,"Jari Vandendriessche & Luc Willems","","","AudioMoth recording","DIGITAF_FLANDERS:3a162d96d885d2e1"
"215","L1","tree","Motacilla alba","Motacillidae","Passeriformes","birds",50.819168,4.673106,2023-06-10,1,"Jari Vandendriessche & Luc Willems","","","AudioMoth recording","DIGITAF_FLANDERS:f93d5777d24b0995"
"216","L1","tree","Parus major","Paridae","Passeriformes","birds",50.819168,4.673106,2023-06-10,1,"Jari Vandendriessche & Luc Willems","","","AudioMoth recording","DIGITAF_FLANDERS:da1cfe7ca9c00321"
"217","L1","tree","Passer domesticus","Passeridae","Passeriformes","birds",50.819168,4.673106,2023-06-10,1,"Jari Vandendriessche & Luc Willems","","","AudioMoth recording","DIGITAF_FLANDERS:fa7dca9f7e145305"
"218","L1","tree","Phoenicurus ochruros","Muscicapidae","Passeriformes","birds",50.819168,4.673106,2023-06-10,1,"Jari Vandendriessche & Luc Willems","","","AudioMoth recording","DIGITAF_FLANDERS:99b06c762589ab7c"
"219","L1","tree","Pica pica","Corvidae","Passeriformes","birds",50.819168,4.673106,2023-06-10,1,"Jari Vandendriessche & Luc Willems","","","AudioMoth recording","DIGITAF_FLANDERS:19063d29fb96f1ba"
"220","L1","tree","Prunella modularis","Prunellidae","Passeriformes","birds",50.819168,4.673106,2023-06-10,1,"Jari Vandendriessche & Luc Willems","","","AudioMoth recording","DIGITAF_FLANDERS:9ccca95769c58821"
"221","L1","tree","Streptopelia decaocto","Columbidae","Columbiformes","birds",50.819168,4.673106,2023-06-10,1,"Jari Vandendriessche & Luc Willems","","","AudioMoth recording","DIGITAF_FLANDERS:ad37282310baab43"
"222","L1","tree","Turdus merula","Turdidae","Passeriformes","birds",50.819168,4.673106,2023-06-10,1,"Jari Vandendriessche & Luc Willems","","","AudioMoth recording","DIGITAF_FLANDERS:690b626ed8370f50"
"223","L2","crtl","Athene noctua","Strigidae","Strigiformes","birds",50.829258,4.671156,2023-06-10,1,"Jari Vandendriessche & Luc Willems","","","AudioMoth recording","DIGITAF_FLANDERS:b10ff5cc65441744"
"224","L2","crtl","Certhia brachydactyla","Certhiidae","Passeriformes","birds",50.829258,4.671156,2023-06-10,1,"Jari Vandendriessche & Luc Willems","","","AudioMoth recording","DIGITAF_FLANDERS:0e001da82ce74df8"
"225","L2","crtl","Columba palumbus","Columbidae","Columbiformes","birds",50.829258,4.671156,2023-06-10,1,"Jari Vandendriessche & Luc Willems","","","AudioMoth recording","DIGITAF_FLANDERS:fb38dd66f1efc7a3"
"226","L2","crtl","Corvus corone","Corvidae","Passeriformes","birds",50.829258,4.671156,2023-06-10,1,"Jari Vandendriessche & Luc Willems","","","AudioMoth recording","DIGITAF_FLANDERS:b4c70f94c10b9587"
"227","L2","crtl","Coloeus monedula","Corvidae","Passeriformes","birds",50.829258,4.671156,2023-06-10,1,"Jari Vandendriessche & Luc Willems","","","AudioMoth recording","DIGITAF_FLANDERS:0ecd515ff0859ef6"
"228","L2","crtl","Cyanistes caeruleus","Paridae","Passeriformes","birds",50.829258,4.671156,2023-06-10,1,"Jari Vandendriessche & Luc Willems","","","AudioMoth recording","DIGITAF_FLANDERS:a3106c558559a89f"
"229","L2","crtl","Dendrocopos major","Picidae","Piciformes","birds",50.829258,4.671156,2023-06-10,1,"Jari Vandendriessche & Luc Willems","","","AudioMoth recording","DIGITAF_FLANDERS:d3a1839390db621d"
"230","L2","crtl","Dryocopus martius","Picidae","Piciformes","birds",50.829258,4.671156,2023-06-10,1,"Jari Vandendriessche & Luc Willems","","","AudioMoth recording","DIGITAF_FLANDERS:b748fdc936fb28ee"
"231","L2","crtl","Erithacus rubecula","Muscicapidae","Passeriformes","birds",50.829258,4.671156,2023-06-10,1,"Jari Vandendriessche & Luc Willems","","","AudioMoth recording","DIGITAF_FLANDERS:be97004a8be5efc4"
"232","L2","crtl","Fringilla coelebs","Fringillidae","Passeriformes","birds",50.829258,4.671156,2023-06-10,1,"Jari Vandendriessche & Luc Willems","","","AudioMoth recording","DIGITAF_FLANDERS:f03d36c3ba6bbec4"
"233","L2","crtl","Phylloscopus collybita","Phylloscopidae","Passeriformes","birds",50.829258,4.671156,2023-06-10,1,"Jari Vandendriessche & Luc Willems","","","AudioMoth recording","DIGITAF_FLANDERS:c52794bea2abd198"
"234","L2","crtl","Poecile palustris","Paridae","Passeriformes","birds",50.829258,4.671156,2023-06-10,1,"Jari Vandendriessche & Luc Willems","","","AudioMoth recording","DIGITAF_FLANDERS:d522936412ee305d"
"235","L2","crtl","Regulus regulus","Regulidae","Passeriformes","birds",50.829258,4.671156,2023-06-10,1,"Jari Vandendriessche & Luc Willems","","","AudioMoth recording","DIGITAF_FLANDERS:1eae6f0c4ad6b2a2"
"236","L2","crtl","Sitta europaea","Sittidae","Passeriformes","birds",50.829258,4.671156,2023-06-10,1,"Jari Vandendriessche & Luc Willems","","","AudioMoth recording","DIGITAF_FLANDERS:c15eafcbd8048030"
"237","L2","crtl","Troglodytes troglodytes","Troglodytidae","Passeriformes","birds",50.829258,4.671156,2023-06-10,1,"Jari Vandendriessche & Luc Willems","","","AudioMoth recording","DIGITAF_FLANDERS:bd3e359276db7503"
"238","L2","crtl","Turdus merula","Turdidae","Passeriformes","birds",50.829258,4.671156,2023-06-10,1,"Jari Vandendriessche & Luc Willems","","","AudioMoth recording","DIGITAF_FLANDERS:49dc3d3c2243b5f3"
"239","L2","crtl","Turdus philomelos","Turdidae","Passeriformes","birds",50.829258,4.671156,2023-06-10,1,"Jari Vandendriessche & Luc Willems","","","AudioMoth recording","DIGITAF_FLANDERS:c72f60cf58131fbb"
"240","L2","tree","Athene noctua","Strigidae","Strigiformes","birds",50.830441,4.670732,2023-06-10,1,"Jari Vandendriessche & Luc Willems","","","AudioMoth recording","DIGITAF_FLANDERS:cb816f93aba3cecf"
"241","L2","tree","Buteo buteo","Accipitridae","Accipitriformes","birds",50.830441,4.670732,2023-06-10,1,"Jari Vandendriessche & Luc Willems","","","AudioMoth recording","DIGITAF_FLANDERS:b6b060e8055608fe"
"242","L2","tree","Certhia brachydactyla","Certhiidae","Passeriformes","birds",50.830441,4.670732,2023-06-10,1,"Jari Vandendriessche & Luc Willems","","","AudioMoth recording","DIGITAF_FLANDERS:2270afda38d18d23"
"243","L2","tree","Columba oenas","Columbidae","Columbiformes","birds",50.830441,4.670732,2023-06-10,1,"Jari Vandendriessche & Luc Willems","","","AudioMoth recording","DIGITAF_FLANDERS:6deee4a2e5328de0"
"244","L2","tree","Columba palumbus","Columbidae","Columbiformes","birds",50.830441,4.670732,2023-06-10,1,"Jari Vandendriessche & Luc Willems","","","AudioMoth recording","DIGITAF_FLANDERS:45a62d8c09c5c36e"
"245","L2","tree","Corvus corone","Corvidae","Passeriformes","birds",50.830441,4.670732,2023-06-10,1,"Jari Vandendriessche & Luc Willems","","","AudioMoth recording","DIGITAF_FLANDERS:4d13a0ccf9520915"
"246","L2","tree","Coloeus monedula","Corvidae","Passeriformes","birds",50.830441,4.670732,2023-06-10,1,"Jari Vandendriessche & Luc Willems","","","AudioMoth recording","DIGITAF_FLANDERS:b4527fa8eb1efba6"
"247","L2","tree","Cyanistes caeruleus","Paridae","Passeriformes","birds",50.830441,4.670732,2023-06-10,1,"Jari Vandendriessche & Luc Willems","","","AudioMoth recording","DIGITAF_FLANDERS:88c14d52f308c919"
"248","L2","tree","Dendrocopos major","Picidae","Piciformes","birds",50.830441,4.670732,2023-06-10,1,"Jari Vandendriessche & Luc Willems","","","AudioMoth recording","DIGITAF_FLANDERS:4cb4af5c347df852"
"249","L2","tree","Erithacus rubecula","Muscicapidae","Passeriformes","birds",50.830441,4.670732,2023-06-10,1,"Jari Vandendriessche & Luc Willems","","","AudioMoth recording","DIGITAF_FLANDERS:3aa259515f67fa43"
"250","L2","tree","Fringilla coelebs","Fringillidae","Passeriformes","birds",50.830441,4.670732,2023-06-10,1,"Jari Vandendriessche & Luc Willems","","","AudioMoth recording","DIGITAF_FLANDERS:359c95147af2913e"
"251","L2","tree","Parus major","Paridae","Passeriformes","birds",50.830441,4.670732,2023-06-10,1,"Jari Vandendriessche & Luc Willems","","","AudioMoth recording","DIGITAF_FLANDERS:191a23c99fa3fbed"
"252","L2","tree","Phylloscopus collybita","Phylloscopidae","Passeriformes","birds",50.830441,4.670732,2023-06-10,1,"Jari Vandendriessche & Luc Willems","","","AudioMoth recording","DIGITAF_FLANDERS:de1662c2bbb15e7d"
"253","L2","tree","Poecile palustris","Paridae","Passeriformes","birds",50.830441,4.670732,2023-06-10,1,"Jari Vandendriessche & Luc Willems","","","AudioMoth recording","DIGITAF_FLANDERS:93e4d82eec5d1d69"
"254","L2","tree","Regulus regulus","Regulidae","Passeriformes","birds",50.830441,4.670732,2023-06-10,1,"Jari Vandendriessche & Luc Willems","","","AudioMoth recording","DIGITAF_FLANDERS:d44e9717e8f6e9cf"
"255","L2","tree","Sitta europaea","Sittidae","Passeriformes","birds",50.830441,4.670732,2023-06-10,1,"Jari Vandendriessche & Luc Willems","","","AudioMoth recording","DIGITAF_FLANDERS:e6994ea040cffd20"
"256","L2","tree","Sylvia atricapilla","Sylviidae","Passeriformes","birds",50.830441,4.670732,2023-06-10,1,"Jari Vandendriessche & Luc Willems","","","AudioMoth recording","DIGITAF_FLANDERS:94d9594012dee7b4"
"257","L2","tree","Turdus merula","Turdidae","Passeriformes","birds",50.830441,4.670732,2023-06-10,1,"Jari Vandendriessche & Luc Willems","","","AudioMoth recording","DIGITAF_FLANDERS:43b704fec9f164f6"
"258","Mb","crop","Erithacus rubecula","Muscicapidae","Passeriformes","birds",50.970043,3.755069,2023-06-14,1,"Jari Vandendriessche & Luc Willems","","","AudioMoth recording","DIGITAF_FLANDERS:2e4f74e82b4339d4"
"259","Mb","crop","Fringilla coelebs","Fringillidae","Passeriformes","birds",50.970043,3.755069,2023-06-14,1,"Jari Vandendriessche & Luc Willems","","","AudioMoth recording","DIGITAF_FLANDERS:7c16f3b3c98314f8"
"260","Mb","crop","Perdix perdix","Phasianidae","Galliformes","birds",50.970043,3.755069,2023-06-14,1,"Jari Vandendriessche & Luc Willems","","","AudioMoth recording","DIGITAF_FLANDERS:2405a42237aa98d7"
"261","Mb","crop","Phylloscopus collybita","Phylloscopidae","Passeriformes","birds",50.970043,3.755069,2023-06-14,1,"Jari Vandendriessche & Luc Willems","","","AudioMoth recording","DIGITAF_FLANDERS:a3385bcb685904ee"
"262","Mb","crop","Troglodytes troglodytes","Troglodytidae","Passeriformes","birds",50.970043,3.755069,2023-06-14,1,"Jari Vandendriessche & Luc Willems","","","AudioMoth recording","DIGITAF_FLANDERS:765d75759f5ed8e3"
"263","Mb","crop","Turdus merula","Turdidae","Passeriformes","birds",50.970043,3.755069,2023-06-14,1,"Jari Vandendriessche & Luc Willems","","","AudioMoth recording","DIGITAF_FLANDERS:867653d9bdb0a3fa"
"264","Mb","crtl","Coloeus monedula","Corvidae","Passeriformes","birds",50.969597,3.755234,2023-06-14,1,"Jari Vandendriessche & Luc Willems","","","AudioMoth recording","DIGITAF_FLANDERS:ef5f7eb80f57f8ee"
"265","Mb","crtl","Corvus corone","Corvidae","Passeriformes","birds",50.969597,3.755234,2023-06-14,1,"Jari Vandendriessche & Luc Willems","","","AudioMoth recording","DIGITAF_FLANDERS:d67b0db4b5e64049"
"266","Mb","crtl","Coloeus monedula","Corvidae","Passeriformes","birds",50.969597,3.755234,2023-06-14,1,"Jari Vandendriessche & Luc Willems","","","AudioMoth recording","DIGITAF_FLANDERS:83c5c7c147c3e441"
"267","Mb","crtl","Dendrocopos major","Picidae","Piciformes","birds",50.969597,3.755234,2023-06-14,1,"Jari Vandendriessche & Luc Willems","","","AudioMoth recording","DIGITAF_FLANDERS:b6fc540e9417cae6"
"268","Mb","crtl","Erithacus rubecula","Muscicapidae","Passeriformes","birds",50.969597,3.755234,2023-06-14,1,"Jari Vandendriessche & Luc Willems","","","AudioMoth recording","DIGITAF_FLANDERS:cceb8b062128faec"
"269","Mb","crtl","Pica pica","Corvidae","Passeriformes","birds",50.969597,3.755234,2023-06-14,1,"Jari Vandendriessche & Luc Willems","","","AudioMoth recording","DIGITAF_FLANDERS:8771a58e6ff388d4"
"270","Mb","crtl","Troglodytes troglodytes","Troglodytidae","Passeriformes","birds",50.969597,3.755234,2023-06-14,1,"Jari Vandendriessche & Luc Willems","","","AudioMoth recording","DIGITAF_FLANDERS:bc234a02ba8be83d"
"271","Mb","crtl","Turdus merula","Turdidae","Passeriformes","birds",50.969597,3.755234,2023-06-14,1,"Jari Vandendriessche & Luc Willems","","","AudioMoth recording","DIGITAF_FLANDERS:c89fa1499280bf54"
"272","Mb","tree","Aegithalos caudatus","Aegithalidae","Passeriformes","birds",50.970682,3.754116,2023-06-14,1,"Jari Vandendriessche & Luc Willems","","","AudioMoth recording","DIGITAF_FLANDERS:c9d157497aacf124"
"273","Mb","tree","Ardea cinerea","Ardeidae","Pelecaniformes","birds",50.970682,3.754116,2023-06-14,1,"Jari Vandendriessche & Luc Willems","","","AudioMoth recording","DIGITAF_FLANDERS:81c92d9da4b8fe89"
"274","Mb","tree","Athene noctua","Strigidae","Strigiformes","birds",50.970682,3.754116,2023-06-14,1,"Jari Vandendriessche & Luc Willems","","","AudioMoth recording","DIGITAF_FLANDERS:8b5e2ddea0ad4bdf"
"275","Mb","tree","Columba palumbus","Columbidae","Columbiformes","birds",50.970682,3.754116,2023-06-14,1,"Jari Vandendriessche & Luc Willems","","","AudioMoth recording","DIGITAF_FLANDERS:def3329d043fe74d"
"276","Mb","tree","Corvus corone","Corvidae","Passeriformes","birds",50.970682,3.754116,2023-06-14,1,"Jari Vandendriessche & Luc Willems","","","AudioMoth recording","DIGITAF_FLANDERS:91102f4b6c44d91e"
"277","Mb","tree","Coloeus monedula","Corvidae","Passeriformes","birds",50.970682,3.754116,2023-06-14,1,"Jari Vandendriessche & Luc Willems","","","AudioMoth recording","DIGITAF_FLANDERS:19d20436c50c89dd"
"278","Mb","tree","Cyanistes caeruleus","Paridae","Passeriformes","birds",50.970682,3.754116,2023-06-14,1,"Jari Vandendriessche & Luc Willems","","","AudioMoth recording","DIGITAF_FLANDERS:01c4cd58fd4da31f"
"279","Mb","tree","Erithacus rubecula","Muscicapidae","Passeriformes","birds",50.970682,3.754116,2023-06-14,1,"Jari Vandendriessche & Luc Willems","","","AudioMoth recording","DIGITAF_FLANDERS:24f94572f2cb1a2d"
"280","Mb","tree","Fringilla coelebs","Fringillidae","Passeriformes","birds",50.970682,3.754116,2023-06-14,1,"Jari Vandendriessche & Luc Willems","","","AudioMoth recording","DIGITAF_FLANDERS:c31c9f4253ac6028"
"281","Mb","tree","Muscicapa striata","Muscicapidae","Passeriformes","birds",50.970682,3.754116,2023-06-14,1,"Jari Vandendriessche & Luc Willems","","","AudioMoth recording","DIGITAF_FLANDERS:7d0aab11bc933250"
"282","Mb","tree","Parus major","Paridae","Passeriformes","birds",50.970682,3.754116,2023-06-14,1,"Jari Vandendriessche & Luc Willems","","","AudioMoth recording","DIGITAF_FLANDERS:ca256227093e491e"
"283","Mb","tree","Phylloscopus collybita","Phylloscopidae","Passeriformes","birds",50.970682,3.754116,2023-06-14,1,"Jari Vandendriessche & Luc Willems","","","AudioMoth recording","DIGITAF_FLANDERS:1acc1d6a3f5003b2"
"284","Mb","tree","Pica pica","Corvidae","Passeriformes","birds",50.970682,3.754116,2023-06-14,1,"Jari Vandendriessche & Luc Willems","","","AudioMoth recording","DIGITAF_FLANDERS:36aa9cac242ee270"
"285","Mb","tree","Regulus regulus","Regulidae","Passeriformes","birds",50.970682,3.754116,2023-06-14,1,"Jari Vandendriessche & Luc Willems","","","AudioMoth recording","DIGITAF_FLANDERS:ca14c53e1769c419"
"286","Mb","tree","Sylvia atricapilla","Sylviidae","Passeriformes","birds",50.970682,3.754116,2023-06-14,1,"Jari Vandendriessche & Luc Willems","","","AudioMoth recording","DIGITAF_FLANDERS:cdab07a9ef93ab54"
"287","Mb","tree","Troglodytes troglodytes","Troglodytidae","Passeriformes","birds",50.970682,3.754116,2023-06-14,1,"Jari Vandendriessche & Luc Willems","","","AudioMoth recording","DIGITAF_FLANDERS:3c4e61ebc41ab105"
"288","Mb","tree","Turdus merula","Turdidae","Passeriformes","birds",50.970682,3.754116,2023-06-14,1,"Jari Vandendriessche & Luc Willems","","","AudioMoth recording","DIGITAF_FLANDERS:bacc7f54c49d5a97"
"289","Mb1","crtl","Anas platyrhynchos","Anatidae","Anseriformes","birds",50.962509,3.764582,2023-05-23,1,"Jari Vandendriessche & Luc Willems","","","AudioMoth recording","DIGITAF_FLANDERS:cf6b0f50d78b1a70"
"290","Mb1","crtl","Carduelis carduelis","Fringillidae","Passeriformes","birds",50.962509,3.764582,2023-05-23,1,"Jari Vandendriessche & Luc Willems","","","AudioMoth recording","DIGITAF_FLANDERS:fb0fb14f537871a8"
"291","Mb1","crtl","Certhia brachydactyla","Certhiidae","Passeriformes","birds",50.962509,3.764582,2023-05-23,1,"Jari Vandendriessche & Luc Willems","","","AudioMoth recording","DIGITAF_FLANDERS:885e13b03493b38f"
"292","Mb1","crtl","Columba oenas","Columbidae","Columbiformes","birds",50.962509,3.764582,2023-05-23,1,"Jari Vandendriessche & Luc Willems","","","AudioMoth recording","DIGITAF_FLANDERS:5ccfe7128f97dcfa"
"293","Mb1","crtl","Columba palumbus","Columbidae","Columbiformes","birds",50.962509,3.764582,2023-05-23,1,"Jari Vandendriessche & Luc Willems","","","AudioMoth recording","DIGITAF_FLANDERS:32d41b04f477f257"
"294","Mb1","crtl","Corvus corone","Corvidae","Passeriformes","birds",50.962509,3.764582,2023-05-23,1,"Jari Vandendriessche & Luc Willems","","","AudioMoth recording","DIGITAF_FLANDERS:5003b2a960cb8785"
"295","Mb1","crtl","Corvus frugilegus","Corvidae","Passeriformes","birds",50.962509,3.764582,2023-05-23,1,"Jari Vandendriessche & Luc Willems","","","AudioMoth recording","DIGITAF_FLANDERS:08172f373a54348a"
"296","Mb1","crtl","Coloeus monedula","Corvidae","Passeriformes","birds",50.962509,3.764582,2023-05-23,1,"Jari Vandendriessche & Luc Willems","","","AudioMoth recording","DIGITAF_FLANDERS:682c7381b5b72cfe"
"297","Mb1","crtl","Cyanistes caeruleus","Paridae","Passeriformes","birds",50.962509,3.764582,2023-05-23,1,"Jari Vandendriessche & Luc Willems","","","AudioMoth recording","DIGITAF_FLANDERS:181e2ca53a7bfea1"
"298","Mb1","crtl","Dendrocopos major","Picidae","Piciformes","birds",50.962509,3.764582,2023-05-23,1,"Jari Vandendriessche & Luc Willems","","","AudioMoth recording","DIGITAF_FLANDERS:dee0223729b56e43"
"299","Mb1","crtl","Fringilla coelebs","Fringillidae","Passeriformes","birds",50.962509,3.764582,2023-05-23,1,"Jari Vandendriessche & Luc Willems","","","AudioMoth recording","DIGITAF_FLANDERS:608e5e3378f57e65"
"300","Mb1","crtl","Hirundo rustica","Hirundinidae","Passeriformes","birds",50.962509,3.764582,2023-05-23,1,"Jari Vandendriessche & Luc Willems","","","AudioMoth recording","DIGITAF_FLANDERS:f32527a7005db556"
"301","Mb1","crtl","Motacilla alba","Motacillidae","Passeriformes","birds",50.962509,3.764582,2023-05-23,1,"Jari Vandendriessche & Luc Willems","","","AudioMoth recording","DIGITAF_FLANDERS:4134edd202943e77"
"302","Mb1","crtl","Parus major","Paridae","Passeriformes","birds",50.962509,3.764582,2023-05-23,1,"Jari Vandendriessche & Luc Willems","","","AudioMoth recording","DIGITAF_FLANDERS:eacebdf1b5b954a4"
"303","Mb1","crtl","Phylloscopus collybita","Phylloscopidae","Passeriformes","birds",50.962509,3.764582,2023-05-23,1,"Jari Vandendriessche & Luc Willems","","","AudioMoth recording","DIGITAF_FLANDERS:ec46d3c477c94fbe"
"304","Mb1","crtl","Pica pica","Corvidae","Passeriformes","birds",50.962509,3.764582,2023-05-23,1,"Jari Vandendriessche & Luc Willems","","","AudioMoth recording","DIGITAF_FLANDERS:02a9451f746513ef"
"305","Mb1","crtl","Picus viridis","Picidae","Piciformes","birds",50.962509,3.764582,2023-05-23,1,"Jari Vandendriessche & Luc Willems","","","AudioMoth recording","DIGITAF_FLANDERS:fd85e9894bce5d74"
"306","Mb1","crtl","Sitta europaea","Sittidae","Passeriformes","birds",50.962509,3.764582,2023-05-23,1,"Jari Vandendriessche & Luc Willems","","","AudioMoth recording","DIGITAF_FLANDERS:3feb6cad51fdc254"
"307","Mb1","crtl","Sturnus vulgaris","Sturnidae","Passeriformes","birds",50.962509,3.764582,2023-05-23,1,"Jari Vandendriessche & Luc Willems","","","AudioMoth recording","DIGITAF_FLANDERS:5a321e79819b1a55"
"308","Mb1","crtl","Sylvia atricapilla","Sylviidae","Passeriformes","birds",50.962509,3.764582,2023-05-23,1,"Jari Vandendriessche & Luc Willems","","","AudioMoth recording","DIGITAF_FLANDERS:5def71d235bd0b5e"
"309","Mb1","crtl","Troglodytes troglodytes","Troglodytidae","Passeriformes","birds",50.962509,3.764582,2023-05-23,1,"Jari Vandendriessche & Luc Willems","","","AudioMoth recording","DIGITAF_FLANDERS:0cee74a5e9c7fa02"
"310","Mb1","crtl","Turdus merula","Turdidae","Passeriformes","birds",50.962509,3.764582,2023-05-23,1,"Jari Vandendriessche & Luc Willems","","","AudioMoth recording","DIGITAF_FLANDERS:27a4552fe969e203"
"311","Mb1","crtl","Turdus philomelos","Turdidae","Passeriformes","birds",50.962509,3.764582,2023-05-23,1,"Jari Vandendriessche & Luc Willems","","","AudioMoth recording","DIGITAF_FLANDERS:9bc6061df1db6e15"
"312","Mb1","tree","Anas platyrhynchos","Anatidae","Anseriformes","birds",50.96162,3.764554,2023-05-23,1,"Jari Vandendriessche & Luc Willems","","","AudioMoth recording","DIGITAF_FLANDERS:420f1c5f1ab45110"
"313","Mb1","tree","Anas platyrhynchos","Anatidae","Anseriformes","birds",50.96162,3.764554,2023-05-23,1,"Jari Vandendriessche & Luc Willems","","","AudioMoth recording","DIGITAF_FLANDERS:42a121f75d89994d"
"314","Mb1","tree","Certhia brachydactyla","Certhiidae","Passeriformes","birds",50.96162,3.764554,2023-05-23,1,"Jari Vandendriessche & Luc Willems","","","AudioMoth recording","DIGITAF_FLANDERS:460b4514e948964c"
"315","Mb1","tree","Columba palumbus","Columbidae","Columbiformes","birds",50.96162,3.764554,2023-05-23,1,"Jari Vandendriessche & Luc Willems","","","AudioMoth recording","DIGITAF_FLANDERS:c453fdf989c9a466"
"316","Mb1","tree","Corvus corone","Corvidae","Passeriformes","birds",50.96162,3.764554,2023-05-23,1,"Jari Vandendriessche & Luc Willems","","","AudioMoth recording","DIGITAF_FLANDERS:d7f813ddd164e10e"
"317","Mb1","tree","Cyanistes caeruleus","Paridae","Passeriformes","birds",50.96162,3.764554,2023-05-23,1,"Jari Vandendriessche & Luc Willems","","","AudioMoth recording","DIGITAF_FLANDERS:f4abf4c17dcb50c7"
"318","Mb1","tree","Dendrocopos major","Picidae","Piciformes","birds",50.96162,3.764554,2023-05-23,1,"Jari Vandendriessche & Luc Willems","","","AudioMoth recording","DIGITAF_FLANDERS:4a3778c1a5f35b53"
"319","Mb1","tree","Fringilla coelebs","Fringillidae","Passeriformes","birds",50.96162,3.764554,2023-05-23,1,"Jari Vandendriessche & Luc Willems","","","AudioMoth recording","DIGITAF_FLANDERS:d5742e56632d3339"
"320","Mb1","tree","Hirundo rustica","Hirundinidae","Passeriformes","birds",50.96162,3.764554,2023-05-23,1,"Jari Vandendriessche & Luc Willems","","","AudioMoth recording","DIGITAF_FLANDERS:92e83e1020a7fc70"
"321","Mb1","tree","Parus major","Paridae","Passeriformes","birds",50.96162,3.764554,2023-05-23,1,"Jari Vandendriessche & Luc Willems","","","AudioMoth recording","DIGITAF_FLANDERS:28fa1d114e1ab20b"
"322","Mb1","tree","Phoenicurus ochruros","Muscicapidae","Passeriformes","birds",50.96162,3.764554,2023-05-23,1,"Jari Vandendriessche & Luc Willems","","","AudioMoth recording","DIGITAF_FLANDERS:c19147d626651437"
"323","Mb1","tree","Phylloscopus collybita","Phylloscopidae","Passeriformes","birds",50.96162,3.764554,2023-05-23,1,"Jari Vandendriessche & Luc Willems","","","AudioMoth recording","DIGITAF_FLANDERS:64563e3346fb1e1d"
"324","Mb1","tree","Picus viridis","Picidae","Piciformes","birds",50.96162,3.764554,2023-05-23,1,"Jari Vandendriessche & Luc Willems","","","AudioMoth recording","DIGITAF_FLANDERS:eea4c9bee59457c6"
"325","Mb1","tree","Prunella modularis","Prunellidae","Passeriformes","birds",50.96162,3.764554,2023-05-23,1,"Jari Vandendriessche & Luc Willems","","","AudioMoth recording","DIGITAF_FLANDERS:61775f18b28354dc"
"326","Mb1","tree","Sitta europaea","Sittidae","Passeriformes","birds",50.96162,3.764554,2023-05-23,1,"Jari Vandendriessche & Luc Willems","","","AudioMoth recording","DIGITAF_FLANDERS:a163aba52e65c2f0"
"327","Mb1","tree","Sylvia atricapilla","Sylviidae","Passeriformes","birds",50.96162,3.764554,2023-05-23,1,"Jari Vandendriessche & Luc Willems","","","AudioMoth recording","DIGITAF_FLANDERS:16e83448b1193c50"
"328","Mb1","tree","Troglodytes troglodytes","Troglodytidae","Passeriformes","birds",50.96162,3.764554,2023-05-23,1,"Jari Vandendriessche & Luc Willems","","","AudioMoth recording","DIGITAF_FLANDERS:70326097552c0a89"
"329","Me","crop","Alopochen aegyptiaca","Anatidae","Anseriformes","birds",50.98959,3.828819,2023-05-24,1,"Jari Vandendriessche & Luc Willems","","","AudioMoth recording","DIGITAF_FLANDERS:1c168ff560c1e481"
"330","Me","crop","Buteo buteo","Accipitridae","Accipitriformes","birds",50.98959,3.828819,2023-05-24,1,"Jari Vandendriessche & Luc Willems","","","AudioMoth recording","DIGITAF_FLANDERS:7491033bc6140ad5"
"331","Me","crop","Certhia brachydactyla","Certhiidae","Passeriformes","birds",50.98959,3.828819,2023-05-24,1,"Jari Vandendriessche & Luc Willems","","","AudioMoth recording","DIGITAF_FLANDERS:574d406d3c1914cc"
"332","Me","crop","Corvus corone","Corvidae","Passeriformes","birds",50.98959,3.828819,2023-05-24,1,"Jari Vandendriessche & Luc Willems","","","AudioMoth recording","DIGITAF_FLANDERS:9f6bdb70a2dc4d35"
"333","Me","crop","Coloeus monedula","Corvidae","Passeriformes","birds",50.98959,3.828819,2023-05-24,1,"Jari Vandendriessche & Luc Willems","","","AudioMoth recording","DIGITAF_FLANDERS:a35b1034bb222492"
"334","Me","crop","Dendrocopos major","Picidae","Piciformes","birds",50.98959,3.828819,2023-05-24,1,"Jari Vandendriessche & Luc Willems","","","AudioMoth recording","DIGITAF_FLANDERS:797cc3f56c86a94c"
"335","Me","crop","Erithacus rubecula","Muscicapidae","Passeriformes","birds",50.98959,3.828819,2023-05-24,1,"Jari Vandendriessche & Luc Willems","","","AudioMoth recording","DIGITAF_FLANDERS:dd27a2261d83ca21"
"336","Me","crop","Garrulus glandarius","Corvidae","Passeriformes","birds",50.98959,3.828819,2023-05-24,1,"Jari Vandendriessche & Luc Willems","","","AudioMoth recording","DIGITAF_FLANDERS:906950c6beae985c"
"337","Me","crop","Parus major","Paridae","Passeriformes","birds",50.98959,3.828819,2023-05-24,1,"Jari Vandendriessche & Luc Willems","","","AudioMoth recording","DIGITAF_FLANDERS:93aa7afc2d937896"
"338","Me","crop","Phylloscopus collybita","Phylloscopidae","Passeriformes","birds",50.98959,3.828819,2023-05-24,1,"Jari Vandendriessche & Luc Willems","","","AudioMoth recording","DIGITAF_FLANDERS:4fcfc0847bca4cd7"
"339","Me","crop","Pica pica","Corvidae","Passeriformes","birds",50.98959,3.828819,2023-05-24,1,"Jari Vandendriessche & Luc Willems","","","AudioMoth recording","DIGITAF_FLANDERS:75dee087a0473baf"
"340","Me","crop","Picus viridis","Picidae","Piciformes","birds",50.98959,3.828819,2023-05-24,1,"Jari Vandendriessche & Luc Willems","","","AudioMoth recording","DIGITAF_FLANDERS:57403a860bb408f3"
"341","Me","crop","Sylvia atricapilla","Sylviidae","Passeriformes","birds",50.98959,3.828819,2023-05-24,1,"Jari Vandendriessche & Luc Willems","","","AudioMoth recording","DIGITAF_FLANDERS:51bd094b2cc7c3b5"
"342","Me","crop","Troglodytes troglodytes","Troglodytidae","Passeriformes","birds",50.98959,3.828819,2023-05-24,1,"Jari Vandendriessche & Luc Willems","","","AudioMoth recording","DIGITAF_FLANDERS:a8a01c2ff65d43a8"
"343","Me","crop","Turdus merula","Turdidae","Passeriformes","birds",50.98959,3.828819,2023-05-24,1,"Jari Vandendriessche & Luc Willems","","","AudioMoth recording","DIGITAF_FLANDERS:1ccec7b0cbccedc1"
"344","Me","crtl","Alopochen aegyptiaca","Anatidae","Anseriformes","birds",50.988918,3.828591,2023-05-24,1,"Jari Vandendriessche & Luc Willems","","","AudioMoth recording","DIGITAF_FLANDERS:4d746c1b94d5c4ef"
"345","Me","crtl","Anas crecca","Anatidae","Anseriformes","birds",50.988918,3.828591,2023-05-24,1,"Jari Vandendriessche & Luc Willems","","","AudioMoth recording","DIGITAF_FLANDERS:145dba7c4215a168"
"346","Me","crtl","Buteo buteo","Accipitridae","Accipitriformes","birds",50.988918,3.828591,2023-05-24,1,"Jari Vandendriessche & Luc Willems","","","AudioMoth recording","DIGITAF_FLANDERS:ab4ffb75a811e42e"
"347","Me","crtl","Certhia brachydactyla","Certhiidae","Passeriformes","birds",50.988918,3.828591,2023-05-24,1,"Jari Vandendriessche & Luc Willems","","","AudioMoth recording","DIGITAF_FLANDERS:382813b5904e7dc8"
"348","Me","crtl","Columba palumbus","Columbidae","Columbiformes","birds",50.988918,3.828591,2023-05-24,1,"Jari Vandendriessche & Luc Willems","","","AudioMoth recording","DIGITAF_FLANDERS:1b976f0d264937cc"
"349","Me","crtl","Corvus corone","Corvidae","Passeriformes","birds",50.988918,3.828591,2023-05-24,1,"Jari Vandendriessche & Luc Willems","","","AudioMoth recording","DIGITAF_FLANDERS:64ef3622d03ab87a"
"350","Me","crtl","Coloeus monedula","Corvidae","Passeriformes","birds",50.988918,3.828591,2023-05-24,1,"Jari Vandendriessche & Luc Willems","","","AudioMoth recording","DIGITAF_FLANDERS:4c77b0dd83f29057"
"351","Me","crtl","Dendrocopos major","Picidae","Piciformes","birds",50.988918,3.828591,2023-05-24,1,"Jari Vandendriessche & Luc Willems","","","AudioMoth recording","DIGITAF_FLANDERS:6ae185eeb4a05d33"
"352","Me","crtl","Erithacus rubecula","Muscicapidae","Passeriformes","birds",50.988918,3.828591,2023-05-24,1,"Jari Vandendriessche & Luc Willems","","","AudioMoth recording","DIGITAF_FLANDERS:0d58f7362d3ce724"
"353","Me","crtl","Parus major","Paridae","Passeriformes","birds",50.988918,3.828591,2023-05-24,1,"Jari Vandendriessche & Luc Willems","","","AudioMoth recording","DIGITAF_FLANDERS:924f2b9bd46de896"
"354","Me","crtl","Phylloscopus collybita","Phylloscopidae","Passeriformes","birds",50.988918,3.828591,2023-05-24,1,"Jari Vandendriessche & Luc Willems","","","AudioMoth recording","DIGITAF_FLANDERS:9d3aa581274ffdec"
"355","Me","crtl","Pica pica","Corvidae","Passeriformes","birds",50.988918,3.828591,2023-05-24,1,"Jari Vandendriessche & Luc Willems","","","AudioMoth recording","DIGITAF_FLANDERS:f010fc7ccbf99d04"
"356","Me","crtl","Picus viridis","Picidae","Piciformes","birds",50.988918,3.828591,2023-05-24,1,"Jari Vandendriessche & Luc Willems","","","AudioMoth recording","DIGITAF_FLANDERS:fcb1e8b74cc120c2"
"357","Me","crtl","Strix aluco","Strigidae","Strigiformes","birds",50.988918,3.828591,2023-05-24,1,"Jari Vandendriessche & Luc Willems","","","AudioMoth recording","DIGITAF_FLANDERS:021a5307518850b9"
"358","Me","crtl","Troglodytes troglodytes","Troglodytidae","Passeriformes","birds",50.988918,3.828591,2023-05-24,1,"Jari Vandendriessche & Luc Willems","","","AudioMoth recording","DIGITAF_FLANDERS:bd523a1bfb704128"
"359","Me","crtl","Turdus merula","Turdidae","Passeriformes","birds",50.988918,3.828591,2023-05-24,1,"Jari Vandendriessche & Luc Willems","","","AudioMoth recording","DIGITAF_FLANDERS:ee1a24f20c00a8c5"
"360","Me","crtl","Turdus philomelos","Turdidae","Passeriformes","birds",50.988918,3.828591,2023-05-24,1,"Jari Vandendriessche & Luc Willems","","","AudioMoth recording","DIGITAF_FLANDERS:9522046cd26f9ecd"
"361","Me","tree","Anas platyrhynchos","Anatidae","Anseriformes","birds",50.989864,3.829628,2023-05-24,1,"Jari Vandendriessche & Luc Willems","","","AudioMoth recording","DIGITAF_FLANDERS:f631a837e0923243"
"362","Me","tree","Buteo buteo","Accipitridae","Accipitriformes","birds",50.989864,3.829628,2023-05-24,1,"Jari Vandendriessche & Luc Willems","","","AudioMoth recording","DIGITAF_FLANDERS:1a5f3e5118e8290c"
"363","Me","tree","Corvus corone","Corvidae","Passeriformes","birds",50.989864,3.829628,2023-05-24,1,"Jari Vandendriessche & Luc Willems","","","AudioMoth recording","DIGITAF_FLANDERS:71b8c784d0931a54"
"364","Me","tree","Coloeus monedula","Corvidae","Passeriformes","birds",50.989864,3.829628,2023-05-24,1,"Jari Vandendriessche & Luc Willems","","","AudioMoth recording","DIGITAF_FLANDERS:4dcb91136ca31b3b"
"365","Me","tree","Curruca communis","Sylviidae","Passeriformes","birds",50.989864,3.829628,2023-05-24,1,"Jari Vandendriessche & Luc Willems","","","AudioMoth recording","DIGITAF_FLANDERS:f235d533b3afc14d"
"366","Me","tree","Erithacus rubecula","Muscicapidae","Passeriformes","birds",50.989864,3.829628,2023-05-24,1,"Jari Vandendriessche & Luc Willems","","","AudioMoth recording","DIGITAF_FLANDERS:4f937fe0206c5102"
"367","Me","tree","Muscicapa striata","Muscicapidae","Passeriformes","birds",50.989864,3.829628,2023-05-24,1,"Jari Vandendriessche & Luc Willems","","","AudioMoth recording","DIGITAF_FLANDERS:b2b75578fd582552"
"368","Me","tree","Parus major","Paridae","Passeriformes","birds",50.989864,3.829628,2023-05-24,1,"Jari Vandendriessche & Luc Willems","","","AudioMoth recording","DIGITAF_FLANDERS:316f6a2aee4cdf1f"
"369","Me","tree","Phylloscopus collybita","Phylloscopidae","Passeriformes","birds",50.989864,3.829628,2023-05-24,1,"Jari Vandendriessche & Luc Willems","","","AudioMoth recording","DIGITAF_FLANDERS:9c9ec6733a92547d"
"370","Me","tree","Pica pica","Corvidae","Passeriformes","birds",50.989864,3.829628,2023-05-24,1,"Jari Vandendriessche & Luc Willems","","","AudioMoth recording","DIGITAF_FLANDERS:dcf94a28b17b2d5f"
"371","Me","tree","Prunella modularis","Prunellidae","Passeriformes","birds",50.989864,3.829628,2023-05-24,1,"Jari Vandendriessche & Luc Willems","","","AudioMoth recording","DIGITAF_FLANDERS:209a6322b3afe167"
"372","Me","tree","Sylvia atricapilla","Sylviidae","Passeriformes","birds",50.989864,3.829628,2023-05-24,1,"Jari Vandendriessche & Luc Willems","","","AudioMoth recording","DIGITAF_FLANDERS:bad2374d0f7f1a89"
"373","Me","tree","Troglodytes troglodytes","Troglodytidae","Passeriformes","birds",50.989864,3.829628,2023-05-24,1,"Jari Vandendriessche & Luc Willems","","","AudioMoth recording","DIGITAF_FLANDERS:5e5617ef9894b13a"
"374","Me","tree","Turdus merula","Turdidae","Passeriformes","birds",50.989864,3.829628,2023-05-24,1,"Jari Vandendriessche & Luc Willems","","","AudioMoth recording","DIGITAF_FLANDERS:41debe5438cddde3"
"375","Me1","crtl","Aegithalos caudatus","Aegithalidae","Passeriformes","birds",50.99086,3.820881,2023-05-24,1,"Jari Vandendriessche & Luc Willems","","","AudioMoth recording","DIGITAF_FLANDERS:064c118e4a59d017"
"376","Me1","crtl","Ardea cinerea","Ardeidae","Pelecaniformes","birds",50.99086,3.820881,2023-05-24,1,"Jari Vandendriessche & Luc Willems","","","AudioMoth recording","DIGITAF_FLANDERS:f2e607c5f838d068"
"377","Me1","crtl","Buteo buteo","Accipitridae","Accipitriformes","birds",50.99086,3.820881,2023-05-24,1,"Jari Vandendriessche & Luc Willems","","","AudioMoth recording","DIGITAF_FLANDERS:69fc8a4cf9191757"
"378","Me1","crtl","Columba palumbus","Columbidae","Columbiformes","birds",50.99086,3.820881,2023-05-24,1,"Jari Vandendriessche & Luc Willems","","","AudioMoth recording","DIGITAF_FLANDERS:34c47ed9482c7e2d"
"379","Me1","crtl","Corvus corone","Corvidae","Passeriformes","birds",50.99086,3.820881,2023-05-24,1,"Jari Vandendriessche & Luc Willems","","","AudioMoth recording","DIGITAF_FLANDERS:11e28a9449adab0b"
"380","Me1","crtl","Coloeus monedula","Corvidae","Passeriformes","birds",50.99086,3.820881,2023-05-24,1,"Jari Vandendriessche & Luc Willems","","","AudioMoth recording","DIGITAF_FLANDERS:1c37e5f94a0f0fd6"
"381","Me1","crtl","Fringilla coelebs","Fringillidae","Passeriformes","birds",50.99086,3.820881,2023-05-24,1,"Jari Vandendriessche & Luc Willems","","","AudioMoth recording","DIGITAF_FLANDERS:8466711b9f4e33b1"
"382","Me1","crtl","Pica pica","Corvidae","Passeriformes","birds",50.99086,3.820881,2023-05-24,1,"Jari Vandendriessche & Luc Willems","","","AudioMoth recording","DIGITAF_FLANDERS:02f2a1c964c54f60"
"383","Me1","crtl","Regulus ignicapilla","Regulidae","Passeriformes","birds",50.99086,3.820881,2023-05-24,1,"Jari Vandendriessche & Luc Willems","","","AudioMoth recording","DIGITAF_FLANDERS:05992245017b4d86"
"384","Me1","crtl","Regulus regulus","Regulidae","Passeriformes","birds",50.99086,3.820881,2023-05-24,1,"Jari Vandendriessche & Luc Willems","","","AudioMoth recording","DIGITAF_FLANDERS:cc7115a5786cff8b"
"385","Me1","crtl","Sylvia atricapilla","Sylviidae","Passeriformes","birds",50.99086,3.820881,2023-05-24,1,"Jari Vandendriessche & Luc Willems","","","AudioMoth recording","DIGITAF_FLANDERS:fba5f09cb5d2e758"
"386","Me1","crtl","Troglodytes troglodytes","Troglodytidae","Passeriformes","birds",50.99086,3.820881,2023-05-24,1,"Jari Vandendriessche & Luc Willems","","","AudioMoth recording","DIGITAF_FLANDERS:26807faf5a412288"
"387","Me1","crtl","Turdus merula","Turdidae","Passeriformes","birds",50.99086,3.820881,2023-05-24,1,"Jari Vandendriessche & Luc Willems","","","AudioMoth recording","DIGITAF_FLANDERS:9960201db52c8156"
"388","Me1","tree","Alcedo atthis","Alcedinidae","Coraciiformes","birds",50.992008,3.820138,2023-05-24,1,"Jari Vandendriessche & Luc Willems","","","AudioMoth recording","DIGITAF_FLANDERS:fa4fa4f88119bcf8"
"389","Me1","tree","Ardea cinerea","Ardeidae","Pelecaniformes","birds",50.992008,3.820138,2023-05-24,1,"Jari Vandendriessche & Luc Willems","","","AudioMoth recording","DIGITAF_FLANDERS:9eef1aa1c88bef68"
"390","Me1","tree","Buteo buteo","Accipitridae","Accipitriformes","birds",50.992008,3.820138,2023-05-24,1,"Jari Vandendriessche & Luc Willems","","","AudioMoth recording","DIGITAF_FLANDERS:7116abdc0daa7e0d"
"391","Me1","tree","Certhia brachydactyla","Certhiidae","Passeriformes","birds",50.992008,3.820138,2023-05-24,1,"Jari Vandendriessche & Luc Willems","","","AudioMoth recording","DIGITAF_FLANDERS:546a6854d5e204b9"
"392","Me1","tree","Columba oenas","Columbidae","Columbiformes","birds",50.992008,3.820138,2023-05-24,1,"Jari Vandendriessche & Luc Willems","","","AudioMoth recording","DIGITAF_FLANDERS:ec41ddbc5809e2c4"
"393","Me1","tree","Columba palumbus","Columbidae","Columbiformes","birds",50.992008,3.820138,2023-05-24,1,"Jari Vandendriessche & Luc Willems","","","AudioMoth recording","DIGITAF_FLANDERS:e311f85eefab8457"
"394","Me1","tree","Coloeus monedula","Corvidae","Passeriformes","birds",50.992008,3.820138,2023-05-24,1,"Jari Vandendriessche & Luc Willems","","","AudioMoth recording","DIGITAF_FLANDERS:ac13ddad0b3b5b86"
"395","Me1","tree","Fulica atra","Rallidae","Gruiformes","birds",50.992008,3.820138,2023-05-24,1,"Jari Vandendriessche & Luc Willems","","","AudioMoth recording","DIGITAF_FLANDERS:447b0e22b5574fdf"
"396","Me1","tree","Muscicapa striata","Muscicapidae","Passeriformes","birds",50.992008,3.820138,2023-05-24,1,"Jari Vandendriessche & Luc Willems","","","AudioMoth recording","DIGITAF_FLANDERS:244dfe71573b1796"
"397","Me1","tree","Parus major","Paridae","Passeriformes","birds",50.992008,3.820138,2023-05-24,1,"Jari Vandendriessche & Luc Willems","","","AudioMoth recording","DIGITAF_FLANDERS:9b9a17a91c8dd483"
"398","Me1","tree","Prunella modularis","Prunellidae","Passeriformes","birds",50.992008,3.820138,2023-05-24,1,"Jari Vandendriessche & Luc Willems","","","AudioMoth recording","DIGITAF_FLANDERS:59898bb7dbcbe911"
"399","Me1","tree","Troglodytes troglodytes","Troglodytidae","Passeriformes","birds",50.992008,3.820138,2023-05-24,1,"Jari Vandendriessche & Luc Willems","","","AudioMoth recording","DIGITAF_FLANDERS:8df23d27bc9144c5"
"400","Me1","tree","Turdus merula","Turdidae","Passeriformes","birds",50.992008,3.820138,2023-05-24,1,"Jari Vandendriessche & Luc Willems","","","AudioMoth recording","DIGITAF_FLANDERS:6ce799cafcd94221"
"401","Me2","crtl","Chloris chloris","Fringillidae","Passeriformes","birds",50.988483,3.808303,2023-05-24,1,"Jari Vandendriessche & Luc Willems","","","AudioMoth recording","DIGITAF_FLANDERS:22b344a3f31a06da"
"402","Me2","crtl","Coloeus monedula","Corvidae","Passeriformes","birds",50.988483,3.808303,2023-05-24,1,"Jari Vandendriessche & Luc Willems","","","AudioMoth recording","DIGITAF_FLANDERS:aecea3e967fc0c50"
"403","Me2","crtl","Curruca communis","Sylviidae","Passeriformes","birds",50.988483,3.808303,2023-05-24,1,"Jari Vandendriessche & Luc Willems","","","AudioMoth recording","DIGITAF_FLANDERS:af971e9d3a2939cc"
"404","Me2","crtl","Erithacus rubecula","Muscicapidae","Passeriformes","birds",50.988483,3.808303,2023-05-24,1,"Jari Vandendriessche & Luc Willems","","","AudioMoth recording","DIGITAF_FLANDERS:ebedab8fd2347054"
"405","Me2","crtl","Hirundo rustica","Hirundinidae","Passeriformes","birds",50.988483,3.808303,2023-05-24,1,"Jari Vandendriessche & Luc Willems","","","AudioMoth recording","DIGITAF_FLANDERS:38a94c1141a55049"
"406","Me2","crtl","Motacilla alba","Motacillidae","Passeriformes","birds",50.988483,3.808303,2023-05-24,1,"Jari Vandendriessche & Luc Willems","","","AudioMoth recording","DIGITAF_FLANDERS:74bca3c39e8ce599"
"407","Me2","crtl","Passer domesticus","Passeridae","Passeriformes","birds",50.988483,3.808303,2023-05-24,1,"Jari Vandendriessche & Luc Willems","","","AudioMoth recording","DIGITAF_FLANDERS:5fb32594a664655c"
"408","Me2","crtl","Pica pica","Corvidae","Passeriformes","birds",50.988483,3.808303,2023-05-24,1,"Jari Vandendriessche & Luc Willems","","","AudioMoth recording","DIGITAF_FLANDERS:9fb226ec49378719"
"409","Me2","crtl","Prunella modularis","Prunellidae","Passeriformes","birds",50.988483,3.808303,2023-05-24,1,"Jari Vandendriessche & Luc Willems","","","AudioMoth recording","DIGITAF_FLANDERS:74315914758c9632"
"410","Me2","crtl","Troglodytes troglodytes","Troglodytidae","Passeriformes","birds",50.988483,3.808303,2023-05-24,1,"Jari Vandendriessche & Luc Willems","","","AudioMoth recording","DIGITAF_FLANDERS:0c5b11a0f6101da2"
"411","Me2","tree","Chloris chloris","Fringillidae","Passeriformes","birds",50.988411,3.808989,2023-05-24,1,"Jari Vandendriessche & Luc Willems","","","AudioMoth recording","DIGITAF_FLANDERS:ef12f19bdab4906d"
"412","Me2","tree","Corvus corone","Corvidae","Passeriformes","birds",50.988411,3.808989,2023-05-24,1,"Jari Vandendriessche & Luc Willems","","","AudioMoth recording","DIGITAF_FLANDERS:33766de68e9f102c"
"413","Me2","tree","Coloeus monedula","Corvidae","Passeriformes","birds",50.988411,3.808989,2023-05-24,1,"Jari Vandendriessche & Luc Willems","","","AudioMoth recording","DIGITAF_FLANDERS:edb08db8aff721af"
"414","Me2","tree","Cyanistes caeruleus","Paridae","Passeriformes","birds",50.988411,3.808989,2023-05-24,1,"Jari Vandendriessche & Luc Willems","","","AudioMoth recording","DIGITAF_FLANDERS:fde24a7e4a93f2e2"
"415","Me2","tree","Erithacus rubecula","Muscicapidae","Passeriformes","birds",50.988411,3.808989,2023-05-24,1,"Jari Vandendriessche & Luc Willems","","","AudioMoth recording","DIGITAF_FLANDERS:bf4efe21bd80959e"
"416","Me2","tree","Hirundo rustica","Hirundinidae","Passeriformes","birds",50.988411,3.808989,2023-05-24,1,"Jari Vandendriessche & Luc Willems","","","AudioMoth recording","DIGITAF_FLANDERS:7fca290a04989d0a"
"417","Me2","tree","Motacilla alba","Motacillidae","Passeriformes","birds",50.988411,3.808989,2023-05-24,1,"Jari Vandendriessche & Luc Willems","","","AudioMoth recording","DIGITAF_FLANDERS:8b46caab4e667683"
"418","Me2","tree","Parus major","Paridae","Passeriformes","birds",50.988411,3.808989,2023-05-24,1,"Jari Vandendriessche & Luc Willems","","","AudioMoth recording","DIGITAF_FLANDERS:3e201366866d6f94"
"419","Me2","tree","Passer domesticus","Passeridae","Passeriformes","birds",50.988411,3.808989,2023-05-24,1,"Jari Vandendriessche & Luc Willems","","","AudioMoth recording","DIGITAF_FLANDERS:974ad754ea50de45"
"420","Me2","tree","Phylloscopus collybita","Phylloscopidae","Passeriformes","birds",50.988411,3.808989,2023-05-24,1,"Jari Vandendriessche & Luc Willems","","","AudioMoth recording","DIGITAF_FLANDERS:00ee1f03c2087855"
"421","Me2","tree","Pica pica","Corvidae","Passeriformes","birds",50.988411,3.808989,2023-05-24,1,"Jari Vandendriessche & Luc Willems","","","AudioMoth recording","DIGITAF_FLANDERS:c03b05162053f907"
"422","Me2","tree","Prunella modularis","Prunellidae","Passeriformes","birds",50.988411,3.808989,2023-05-24,1,"Jari Vandendriessche & Luc Willems","","","AudioMoth recording","DIGITAF_FLANDERS:3569f8775d8e2a21"
"423","Me2","tree","Regulus regulus","Regulidae","Passeriformes","birds",50.988411,3.808989,2023-05-24,1,"Jari Vandendriessche & Luc Willems","","","AudioMoth recording","DIGITAF_FLANDERS:39ed1f04326070ce"
"424","Me2","tree","Streptopelia decaocto","Columbidae","Columbiformes","birds",50.988411,3.808989,2023-05-24,1,"Jari Vandendriessche & Luc Willems","","","AudioMoth recording","DIGITAF_FLANDERS:1189a5c22774a5a9"
"425","Me2","tree","Troglodytes troglodytes","Troglodytidae","Passeriformes","birds",50.988411,3.808989,2023-05-24,1,"Jari Vandendriessche & Luc Willems","","","AudioMoth recording","DIGITAF_FLANDERS:d334dd93973daaa4"
"426","Oz","crop","Chloris chloris","Fringillidae","Passeriformes","birds",50.930752,3.833002,2023-05-23,1,"Jari Vandendriessche & Luc Willems","","","AudioMoth recording","DIGITAF_FLANDERS:396f6e15c1e79686"
"427","Oz","crop","Corvus corone","Corvidae","Passeriformes","birds",50.930752,3.833002,2023-05-23,1,"Jari Vandendriessche & Luc Willems","","","AudioMoth recording","DIGITAF_FLANDERS:1c3da604c3190114"
"428","Oz","crop","Corvus frugilegus","Corvidae","Passeriformes","birds",50.930752,3.833002,2023-05-23,1,"Jari Vandendriessche & Luc Willems","","","AudioMoth recording","DIGITAF_FLANDERS:6a96a8beea6eadee"
"429","Oz","crop","Coloeus monedula","Corvidae","Passeriformes","birds",50.930752,3.833002,2023-05-23,1,"Jari Vandendriessche & Luc Willems","","","AudioMoth recording","DIGITAF_FLANDERS:28a5f6fbcc15bcce"
"430","Oz","crop","Coturnix coturnix","Phasianidae","Galliformes","birds",50.930752,3.833002,2023-05-23,1,"Jari Vandendriessche & Luc Willems","","","AudioMoth recording","DIGITAF_FLANDERS:690b294926606504"
"431","Oz","crop","Hirundo rustica","Hirundinidae","Passeriformes","birds",50.930752,3.833002,2023-05-23,1,"Jari Vandendriessche & Luc Willems","","","AudioMoth recording","DIGITAF_FLANDERS:14ca2842b816921c"
"432","Oz","crop","Motacilla alba","Motacillidae","Passeriformes","birds",50.930752,3.833002,2023-05-23,1,"Jari Vandendriessche & Luc Willems","","","AudioMoth recording","DIGITAF_FLANDERS:957c462988a600c9"
"433","Oz","crop","Phasianus colchicus","Phasianidae","Galliformes","birds",50.930752,3.833002,2023-05-23,1,"Jari Vandendriessche & Luc Willems","","","AudioMoth recording","DIGITAF_FLANDERS:6cbdc3c34a3005d3"
"434","Oz","crop","Sturnus vulgaris","Sturnidae","Passeriformes","birds",50.930752,3.833002,2023-05-23,1,"Jari Vandendriessche & Luc Willems","","","AudioMoth recording","DIGITAF_FLANDERS:73c09d1dc691cbf7"
"435","Oz","crop","Turdus merula","Turdidae","Passeriformes","birds",50.930752,3.833002,2023-05-23,1,"Jari Vandendriessche & Luc Willems","","","AudioMoth recording","DIGITAF_FLANDERS:6ee6cbe2d0c3ba30"
"436","Oz","crop","Vanellus vanellus","Charadriidae","Charadriiformes","birds",50.930752,3.833002,2023-05-23,1,"Jari Vandendriessche & Luc Willems","","","AudioMoth recording","DIGITAF_FLANDERS:86a3668d5d33400e"
"437","Oz","crtl","Chloris chloris","Fringillidae","Passeriformes","birds",50.930698,3.833295,2023-05-23,1,"Jari Vandendriessche & Luc Willems","","","AudioMoth recording","DIGITAF_FLANDERS:0108575d1a6b7808"
"438","Oz","crtl","Corvus corone","Corvidae","Passeriformes","birds",50.930698,3.833295,2023-05-23,1,"Jari Vandendriessche & Luc Willems","","","AudioMoth recording","DIGITAF_FLANDERS:fe58e1392f175e24"
"439","Oz","crtl","Corvus frugilegus","Corvidae","Passeriformes","birds",50.930698,3.833295,2023-05-23,1,"Jari Vandendriessche & Luc Willems","","","AudioMoth recording","DIGITAF_FLANDERS:8412be1c20a49147"
"440","Oz","crtl","Coloeus monedula","Corvidae","Passeriformes","birds",50.930698,3.833295,2023-05-23,1,"Jari Vandendriessche & Luc Willems","","","AudioMoth recording","DIGITAF_FLANDERS:fec0ec7abaa782f3"
"441","Oz","crtl","Coturnix coturnix","Phasianidae","Galliformes","birds",50.930698,3.833295,2023-05-23,1,"Jari Vandendriessche & Luc Willems","","","AudioMoth recording","DIGITAF_FLANDERS:e4aad74dda33c1aa"
"442","Oz","crtl","Hirundo rustica","Hirundinidae","Passeriformes","birds",50.930698,3.833295,2023-05-23,1,"Jari Vandendriessche & Luc Willems","","","AudioMoth recording","DIGITAF_FLANDERS:e9e5f67e8e1148e4"
"443","Oz","crtl","Motacilla alba","Motacillidae","Passeriformes","birds",50.930698,3.833295,2023-05-23,1,"Jari Vandendriessche & Luc Willems","","","AudioMoth recording","DIGITAF_FLANDERS:39e0faf356c3e56e"
"444","Oz","crtl","Motacilla flava","Motacillidae","Passeriformes","birds",50.930698,3.833295,2023-05-23,1,"Jari Vandendriessche & Luc Willems","","","AudioMoth recording","DIGITAF_FLANDERS:06e9646650dd150f"
"445","Oz","crtl","Passer domesticus","Passeridae","Passeriformes","birds",50.930698,3.833295,2023-05-23,1,"Jari Vandendriessche & Luc Willems","","","AudioMoth recording","DIGITAF_FLANDERS:90bfdf66ff2db542"
"446","Oz","crtl","Phasianus colchicus","Phasianidae","Galliformes","birds",50.930698,3.833295,2023-05-23,1,"Jari Vandendriessche & Luc Willems","","","AudioMoth recording","DIGITAF_FLANDERS:6cfb59a7de294c24"
"447","Oz","crtl","Strix aluco","Strigidae","Strigiformes","birds",50.930698,3.833295,2023-05-23,1,"Jari Vandendriessche & Luc Willems","","","AudioMoth recording","DIGITAF_FLANDERS:4bf5284d956e5c73"
"448","Oz","crtl","Sturnus vulgaris","Sturnidae","Passeriformes","birds",50.930698,3.833295,2023-05-23,1,"Jari Vandendriessche & Luc Willems","","","AudioMoth recording","DIGITAF_FLANDERS:16e78a0f6229823d"
"449","Oz","crtl","Sylvia atricapilla","Sylviidae","Passeriformes","birds",50.930698,3.833295,2023-05-23,1,"Jari Vandendriessche & Luc Willems","","","AudioMoth recording","DIGITAF_FLANDERS:fc76145847c2b820"
"450","Oz","crtl","Turdus merula","Turdidae","Passeriformes","birds",50.930698,3.833295,2023-05-23,1,"Jari Vandendriessche & Luc Willems","","","AudioMoth recording","DIGITAF_FLANDERS:3ca6b9a123a0fa23"
"451","Oz","crtl","Vanellus vanellus","Charadriidae","Charadriiformes","birds",50.930698,3.833295,2023-05-23,1,"Jari Vandendriessche & Luc Willems","","","AudioMoth recording","DIGITAF_FLANDERS:bb4acc0c51605883"
"452","Oz","tree","Corvus corone","Corvidae","Passeriformes","birds",50.930286,3.833097,2023-05-23,1,"Jari Vandendriessche & Luc Willems","","","AudioMoth recording","DIGITAF_FLANDERS:e5ef370064c8e918"
"453","Oz","tree","Corvus frugilegus","Corvidae","Passeriformes","birds",50.930286,3.833097,2023-05-23,1,"Jari Vandendriessche & Luc Willems","","","AudioMoth recording","DIGITAF_FLANDERS:95c3e29d14bc7d98"
"454","Oz","tree","Coloeus monedula","Corvidae","Passeriformes","birds",50.930286,3.833097,2023-05-23,1,"Jari Vandendriessche & Luc Willems","","","AudioMoth recording","DIGITAF_FLANDERS:c44bc96309ef289f"
"455","Oz","tree","Coturnix coturnix","Phasianidae","Galliformes","birds",50.930286,3.833097,2023-05-23,1,"Jari Vandendriessche & Luc Willems","","","AudioMoth recording","DIGITAF_FLANDERS:8dac08b9a0d9d3fa"
"456","Oz","tree","Cyanistes caeruleus","Paridae","Passeriformes","birds",50.930286,3.833097,2023-05-23,1,"Jari Vandendriessche & Luc Willems","","","AudioMoth recording","DIGITAF_FLANDERS:217ee6df3bd91fbf"
"457","Oz","tree","Falco tinnunculus","Falconidae","Falconiformes","birds",50.930286,3.833097,2023-05-23,1,"Jari Vandendriessche & Luc Willems","","","AudioMoth recording","DIGITAF_FLANDERS:ad5552e74e7773cf"
"458","Oz","tree","Hirundo rustica","Hirundinidae","Passeriformes","birds",50.930286,3.833097,2023-05-23,1,"Jari Vandendriessche & Luc Willems","","","AudioMoth recording","DIGITAF_FLANDERS:9aef3a63e73439cc"
"459","Oz","tree","Motacilla alba","Motacillidae","Passeriformes","birds",50.930286,3.833097,2023-05-23,1,"Jari Vandendriessche & Luc Willems","","","AudioMoth recording","DIGITAF_FLANDERS:4d9f62c55261dda9"
"460","Oz","tree","Numenius phaeopus","Scolopacidae","Charadriiformes","birds",50.930286,3.833097,2023-05-23,1,"Jari Vandendriessche & Luc Willems","","","AudioMoth recording","DIGITAF_FLANDERS:e879d2bd99dd1e28"
"461","Oz","tree","Parus major","Paridae","Passeriformes","birds",50.930286,3.833097,2023-05-23,1,"Jari Vandendriessche & Luc Willems","","","AudioMoth recording","DIGITAF_FLANDERS:a64d617459794fee"
"462","Oz","tree","Passer domesticus","Passeridae","Passeriformes","birds",50.930286,3.833097,2023-05-23,1,"Jari Vandendriessche & Luc Willems","","","AudioMoth recording","DIGITAF_FLANDERS:fcc276d1008d2c69"
"463","Oz","tree","Perdix perdix","Phasianidae","Galliformes","birds",50.930286,3.833097,2023-05-23,1,"Jari Vandendriessche & Luc Willems","","","AudioMoth recording","DIGITAF_FLANDERS:f19bf3a7fdce93f1"
"464","Oz","tree","Phasianus colchicus","Phasianidae","Galliformes","birds",50.930286,3.833097,2023-05-23,1,"Jari Vandendriessche & Luc Willems","","","AudioMoth recording","DIGITAF_FLANDERS:a9e66277469f0aca"
"465","Oz","tree","Streptopelia decaocto","Columbidae","Columbiformes","birds",50.930286,3.833097,2023-05-23,1,"Jari Vandendriessche & Luc Willems","","","AudioMoth recording","DIGITAF_FLANDERS:8df112774591268b"
"466","Oz","tree","Strix aluco","Strigidae","Strigiformes","birds",50.930286,3.833097,2023-05-23,1,"Jari Vandendriessche & Luc Willems","","","AudioMoth recording","DIGITAF_FLANDERS:97d42dd1fde13e21"
"467","Oz","tree","Sturnus vulgaris","Sturnidae","Passeriformes","birds",50.930286,3.833097,2023-05-23,1,"Jari Vandendriessche & Luc Willems","","","AudioMoth recording","DIGITAF_FLANDERS:9ca2b155890397e3"
"468","Oz","tree","Vanellus vanellus","Charadriidae","Charadriiformes","birds",50.930286,3.833097,2023-05-23,1,"Jari Vandendriessche & Luc Willems","","","AudioMoth recording","DIGITAF_FLANDERS:dc6ace8ac37f40bc"
"469","PL","crop","Garrulus glandarius","Corvidae","Passeriformes","birds",50.759422,4.036237,2023-06-14,1,"Jari Vandendriessche & Luc Willems","","","AudioMoth recording","DIGITAF_FLANDERS:979f174eb342d25d"
"470","PL","crop","Phylloscopus collybita","Phylloscopidae","Passeriformes","birds",50.759422,4.036237,2023-06-14,1,"Jari Vandendriessche & Luc Willems","","","AudioMoth recording","DIGITAF_FLANDERS:f7978afd6e323d6e"
"471","PL","crop","Troglodytes troglodytes","Troglodytidae","Passeriformes","birds",50.759422,4.036237,2023-06-14,1,"Jari Vandendriessche & Luc Willems","","","AudioMoth recording","DIGITAF_FLANDERS:a90051ebafbe2f3f"
"472","PL","crop","Turdus merula","Turdidae","Passeriformes","birds",50.759422,4.036237,2023-06-14,1,"Jari Vandendriessche & Luc Willems","","","AudioMoth recording","DIGITAF_FLANDERS:8813cce81109a383"
"473","PL","crop","Turdus philomelos","Turdidae","Passeriformes","birds",50.759422,4.036237,2023-06-14,1,"Jari Vandendriessche & Luc Willems","","","AudioMoth recording","DIGITAF_FLANDERS:d51fbad63ecc7150"
"474","PL","crtl","Buteo buteo","Accipitridae","Accipitriformes","birds",50.75819,4.03304,2023-06-14,1,"Jari Vandendriessche & Luc Willems","","","AudioMoth recording","DIGITAF_FLANDERS:0134ebc68e35c9f3"
"475","PL","crtl","Certhia brachydactyla","Certhiidae","Passeriformes","birds",50.75819,4.03304,2023-06-14,1,"Jari Vandendriessche & Luc Willems","","","AudioMoth recording","DIGITAF_FLANDERS:cf0e78295ddf0297"
"476","PL","crtl","Chloris chloris","Fringillidae","Passeriformes","birds",50.75819,4.03304,2023-06-14,1,"Jari Vandendriessche & Luc Willems","","","AudioMoth recording","DIGITAF_FLANDERS:409b3f458c5c0527"
"477","PL","crtl","Columba oenas","Columbidae","Columbiformes","birds",50.75819,4.03304,2023-06-14,1,"Jari Vandendriessche & Luc Willems","","","AudioMoth recording","DIGITAF_FLANDERS:04f1f19b6a111f44"
"478","PL","crtl","Columba palumbus","Columbidae","Columbiformes","birds",50.75819,4.03304,2023-06-14,1,"Jari Vandendriessche & Luc Willems","","","AudioMoth recording","DIGITAF_FLANDERS:296af48f37299005"
"479","PL","crtl","Corvus corone","Corvidae","Passeriformes","birds",50.75819,4.03304,2023-06-14,1,"Jari Vandendriessche & Luc Willems","","","AudioMoth recording","DIGITAF_FLANDERS:c1221fa1e8d677d4"
"480","PL","crtl","Curruca communis","Sylviidae","Passeriformes","birds",50.75819,4.03304,2023-06-14,1,"Jari Vandendriessche & Luc Willems","","","AudioMoth recording","DIGITAF_FLANDERS:936fbbcdb993ab5c"
"481","PL","crtl","Cyanistes caeruleus","Paridae","Passeriformes","birds",50.75819,4.03304,2023-06-14,1,"Jari Vandendriessche & Luc Willems","","","AudioMoth recording","DIGITAF_FLANDERS:30a2929d4c90e270"
"482","PL","crtl","Erithacus rubecula","Muscicapidae","Passeriformes","birds",50.75819,4.03304,2023-06-14,1,"Jari Vandendriessche & Luc Willems","","","AudioMoth recording","DIGITAF_FLANDERS:55c6fd97cfd42d08"
"483","PL","crtl","Falco tinnunculus","Falconidae","Falconiformes","birds",50.75819,4.03304,2023-06-14,1,"Jari Vandendriessche & Luc Willems","","","AudioMoth recording","DIGITAF_FLANDERS:9b410c380f90689b"
"484","PL","crtl","Fringilla coelebs","Fringillidae","Passeriformes","birds",50.75819,4.03304,2023-06-14,1,"Jari Vandendriessche & Luc Willems","","","AudioMoth recording","DIGITAF_FLANDERS:05919af48d04a7aa"
"485","PL","crtl","Garrulus glandarius","Corvidae","Passeriformes","birds",50.75819,4.03304,2023-06-14,1,"Jari Vandendriessche & Luc Willems","","","AudioMoth recording","DIGITAF_FLANDERS:bfa351cdb9b37988"
"486","PL","crtl","Muscicapa striata","Muscicapidae","Passeriformes","birds",50.75819,4.03304,2023-06-14,1,"Jari Vandendriessche & Luc Willems","","","AudioMoth recording","DIGITAF_FLANDERS:2a40f749bf129cda"
"487","PL","crtl","Parus major","Paridae","Passeriformes","birds",50.75819,4.03304,2023-06-14,1,"Jari Vandendriessche & Luc Willems","","","AudioMoth recording","DIGITAF_FLANDERS:7d5029ca363e636b"
"488","PL","crtl","Phasianus colchicus","Phasianidae","Galliformes","birds",50.75819,4.03304,2023-06-14,1,"Jari Vandendriessche & Luc Willems","","","AudioMoth recording","DIGITAF_FLANDERS:249077a781e95b41"
"489","PL","crtl","Phylloscopus collybita","Phylloscopidae","Passeriformes","birds",50.75819,4.03304,2023-06-14,1,"Jari Vandendriessche & Luc Willems","","","AudioMoth recording","DIGITAF_FLANDERS:e1c807a53ebbe7a7"
"490","PL","crtl","Prunella modularis","Prunellidae","Passeriformes","birds",50.75819,4.03304,2023-06-14,1,"Jari Vandendriessche & Luc Willems","","","AudioMoth recording","DIGITAF_FLANDERS:b04ff9d34a3d3a7e"
"491","PL","crtl","Strix aluco","Strigidae","Strigiformes","birds",50.75819,4.03304,2023-06-14,1,"Jari Vandendriessche & Luc Willems","","","AudioMoth recording","DIGITAF_FLANDERS:1e99f971e1cd49bc"
"492","PL","crtl","Troglodytes troglodytes","Troglodytidae","Passeriformes","birds",50.75819,4.03304,2023-06-14,1,"Jari Vandendriessche & Luc Willems","","","AudioMoth recording","DIGITAF_FLANDERS:ea918923f1942336"
"493","PL","crtl","Turdus merula","Turdidae","Passeriformes","birds",50.75819,4.03304,2023-06-14,1,"Jari Vandendriessche & Luc Willems","","","AudioMoth recording","DIGITAF_FLANDERS:b928dd7b7175fbdc"
"494","PL","crtl","Turdus philomelos","Turdidae","Passeriformes","birds",50.75819,4.03304,2023-06-14,1,"Jari Vandendriessche & Luc Willems","","","AudioMoth recording","DIGITAF_FLANDERS:c48065bfb91440a6"
"495","PL","tree","Aegithalos caudatus","Aegithalidae","Passeriformes","birds",50.760017,4.03697,2023-06-14,1,"Jari Vandendriessche & Luc Willems","","","AudioMoth recording","DIGITAF_FLANDERS:c94696186cded8c9"
"496","PL","tree","Certhia brachydactyla","Certhiidae","Passeriformes","birds",50.760017,4.03697,2023-06-14,1,"Jari Vandendriessche & Luc Willems","","","AudioMoth recording","DIGITAF_FLANDERS:c65cb8612a30fd7f"
"497","PL","tree","Columba palumbus","Columbidae","Columbiformes","birds",50.760017,4.03697,2023-06-14,1,"Jari Vandendriessche & Luc Willems","","","AudioMoth recording","DIGITAF_FLANDERS:13c80b2b9464a943"
"498","PL","tree","Dendrocopos major","Picidae","Piciformes","birds",50.760017,4.03697,2023-06-14,1,"Jari Vandendriessche & Luc Willems","","","AudioMoth recording","DIGITAF_FLANDERS:7f9c5b870ee70768"
"499","PL","tree","Dryobates minor","Picidae","Piciformes","birds",50.760017,4.03697,2023-06-14,1,"Jari Vandendriessche & Luc Willems","","","AudioMoth recording","DIGITAF_FLANDERS:e6deaf384e77378b"
"500","PL","tree","Fringilla coelebs","Fringillidae","Passeriformes","birds",50.760017,4.03697,2023-06-14,1,"Jari Vandendriessche & Luc Willems","","","AudioMoth recording","DIGITAF_FLANDERS:d46ddf16ed984035"
"501","PL","tree","Phylloscopus collybita","Phylloscopidae","Passeriformes","birds",50.760017,4.03697,2023-06-14,1,"Jari Vandendriessche & Luc Willems","","","AudioMoth recording","DIGITAF_FLANDERS:d5fbb0006a9dd5d5"
"502","PL","tree","Prunella modularis","Prunellidae","Passeriformes","birds",50.760017,4.03697,2023-06-14,1,"Jari Vandendriessche & Luc Willems","","","AudioMoth recording","DIGITAF_FLANDERS:f910fc55d89809fb"
"503","PL","tree","Remiz pendulinus","Remizidae","Passeriformes","birds",50.760017,4.03697,2023-06-14,1,"Jari Vandendriessche & Luc Willems","","","AudioMoth recording","DIGITAF_FLANDERS:d3ee8909588d0d35"
"504","PL","tree","Strix aluco","Strigidae","Strigiformes","birds",50.760017,4.03697,2023-06-14,1,"Jari Vandendriessche & Luc Willems","","","AudioMoth recording","DIGITAF_FLANDERS:b61478fd47db2a4d"
"505","PL","tree","Sylvia atricapilla","Sylviidae","Passeriformes","birds",50.760017,4.03697,2023-06-14,1,"Jari Vandendriessche & Luc Willems","","","AudioMoth recording","DIGITAF_FLANDERS:8167b96504f777c6"
"506","PL","tree","Troglodytes troglodytes","Troglodytidae","Passeriformes","birds",50.760017,4.03697,2023-06-14,1,"Jari Vandendriessche & Luc Willems","","","AudioMoth recording","DIGITAF_FLANDERS:939066baa4b419c6"
"507","PL","tree","Turdus merula","Turdidae","Passeriformes","birds",50.760017,4.03697,2023-06-14,1,"Jari Vandendriessche & Luc Willems","","","AudioMoth recording","DIGITAF_FLANDERS:3459fe9911be43bb"
"508","PL","tree","Turdus philomelos","Turdidae","Passeriformes","birds",50.760017,4.03697,2023-06-14,1,"Jari Vandendriessche & Luc Willems","","","AudioMoth recording","DIGITAF_FLANDERS:5dcab8dc53c5e074"
"509","Ti1","crtl","Ardea cinerea","Ardeidae","Pelecaniformes","birds",51.014877,3.473279,2023-05-18,1,"Jari Vandendriessche & Luc Willems","","","AudioMoth recording","DIGITAF_FLANDERS:30041bb6414a2a36"
"510","Ti1","crtl","Chloris chloris","Fringillidae","Passeriformes","birds",51.014877,3.473279,2023-05-18,1,"Jari Vandendriessche & Luc Willems","","","AudioMoth recording","DIGITAF_FLANDERS:b472f4f47314bd5b"
"511","Ti1","crtl","Columba palumbus","Columbidae","Columbiformes","birds",51.014877,3.473279,2023-05-18,1,"Jari Vandendriessche & Luc Willems","","","AudioMoth recording","DIGITAF_FLANDERS:befd531c1331a63f"
"512","Ti1","crtl","Coloeus monedula","Corvidae","Passeriformes","birds",51.014877,3.473279,2023-05-18,1,"Jari Vandendriessche & Luc Willems","","","AudioMoth recording","DIGITAF_FLANDERS:7c214a5faf126620"
"513","Ti1","crtl","Cyanistes caeruleus","Paridae","Passeriformes","birds",51.014877,3.473279,2023-05-18,1,"Jari Vandendriessche & Luc Willems","","","AudioMoth recording","DIGITAF_FLANDERS:3845b5246114c638"
"514","Ti1","crtl","Dendrocopos major","Picidae","Piciformes","birds",51.014877,3.473279,2023-05-18,1,"Jari Vandendriessche & Luc Willems","","","AudioMoth recording","DIGITAF_FLANDERS:ad4852f66a97fea5"
"515","Ti1","crtl","Fringilla coelebs","Fringillidae","Passeriformes","birds",51.014877,3.473279,2023-05-18,1,"Jari Vandendriessche & Luc Willems","","","AudioMoth recording","DIGITAF_FLANDERS:108b621965d4cc11"
"516","Ti1","crtl","Hirundo rustica","Hirundinidae","Passeriformes","birds",51.014877,3.473279,2023-05-18,1,"Jari Vandendriessche & Luc Willems","","","AudioMoth recording","DIGITAF_FLANDERS:477a9638384752b4"
"517","Ti1","crtl","Parus major","Paridae","Passeriformes","birds",51.014877,3.473279,2023-05-18,1,"Jari Vandendriessche & Luc Willems","","","AudioMoth recording","DIGITAF_FLANDERS:ee31986396313140"
"518","Ti1","crtl","Prunella modularis","Prunellidae","Passeriformes","birds",51.014877,3.473279,2023-05-18,1,"Jari Vandendriessche & Luc Willems","","","AudioMoth recording","DIGITAF_FLANDERS:700048bf3dc5e623"
"519","Ti1","crtl","Sitta europaea","Sittidae","Passeriformes","birds",51.014877,3.473279,2023-05-18,1,"Jari Vandendriessche & Luc Willems","","","AudioMoth recording","DIGITAF_FLANDERS:bd3ab67b72c2e181"
"520","Ti1","crtl","Streptopelia decaocto","Columbidae","Columbiformes","birds",51.014877,3.473279,2023-05-18,1,"Jari Vandendriessche & Luc Willems","","","AudioMoth recording","DIGITAF_FLANDERS:e35a27a039048669"
"521","Ti1","crtl","Strix aluco","Strigidae","Strigiformes","birds",51.014877,3.473279,2023-05-18,1,"Jari Vandendriessche & Luc Willems","","","AudioMoth recording","DIGITAF_FLANDERS:d774459c4f40956f"
"522","Ti1","crtl","Troglodytes troglodytes","Troglodytidae","Passeriformes","birds",51.014877,3.473279,2023-05-18,1,"Jari Vandendriessche & Luc Willems","","","AudioMoth recording","DIGITAF_FLANDERS:9c10fa50335edbf3"
"523","Ti1","crtl","Turdus merula","Turdidae","Passeriformes","birds",51.014877,3.473279,2023-05-18,1,"Jari Vandendriessche & Luc Willems","","","AudioMoth recording","DIGITAF_FLANDERS:5c35069fae964d41"
"524","Ti1","tree","Corvus corone","Corvidae","Passeriformes","birds",51.017292,3.472148,2023-05-18,1,"Jari Vandendriessche & Luc Willems","","","AudioMoth recording","DIGITAF_FLANDERS:c2cbe7c678ac5d3d"
"525","Ti1","tree","Coloeus monedula","Corvidae","Passeriformes","birds",51.017292,3.472148,2023-05-18,1,"Jari Vandendriessche & Luc Willems","","","AudioMoth recording","DIGITAF_FLANDERS:2c7537dc45879c86"
"526","Ti1","tree","Fringilla coelebs","Fringillidae","Passeriformes","birds",51.017292,3.472148,2023-05-18,1,"Jari Vandendriessche & Luc Willems","","","AudioMoth recording","DIGITAF_FLANDERS:ec0444c528ce951f"
"527","Ti1","tree","Fringilla coelebs","Fringillidae","Passeriformes","birds",51.017292,3.472148,2023-05-18,1,"Jari Vandendriessche & Luc Willems","","","AudioMoth recording","DIGITAF_FLANDERS:9a5d44c1c3387fef"
"528","Ti1","tree","Motacilla alba","Motacillidae","Passeriformes","birds",51.017292,3.472148,2023-05-18,1,"Jari Vandendriessche & Luc Willems","","","AudioMoth recording","DIGITAF_FLANDERS:4d7617470f3a2461"
"529","Ti1","tree","Parus major","Paridae","Passeriformes","birds",51.017292,3.472148,2023-05-18,1,"Jari Vandendriessche & Luc Willems","","","AudioMoth recording","DIGITAF_FLANDERS:810a380b04794226"
"530","Ti1","tree","Perdix perdix","Phasianidae","Galliformes","birds",51.017292,3.472148,2023-05-18,1,"Jari Vandendriessche & Luc Willems","","","AudioMoth recording","DIGITAF_FLANDERS:03f4c5d0271a52cb"
"531","Ti1","tree","Phoenicurus ochruros","Muscicapidae","Passeriformes","birds",51.017292,3.472148,2023-05-18,1,"Jari Vandendriessche & Luc Willems","","","AudioMoth recording","DIGITAF_FLANDERS:bced8a9b33218bca"
"532","Ti1","tree","Prunella modularis","Prunellidae","Passeriformes","birds",51.017292,3.472148,2023-05-18,1,"Jari Vandendriessche & Luc Willems","","","AudioMoth recording","DIGITAF_FLANDERS:44e230959efc3d64"
"533","Ti1","tree","Streptopelia decaocto","Columbidae","Columbiformes","birds",51.017292,3.472148,2023-05-18,1,"Jari Vandendriessche & Luc Willems","","","AudioMoth recording","DIGITAF_FLANDERS:23227f0abdad546e"
"534","Ti1","tree","Troglodytes troglodytes","Troglodytidae","Passeriformes","birds",51.017292,3.472148,2023-05-18,1,"Jari Vandendriessche & Luc Willems","","","AudioMoth recording","DIGITAF_FLANDERS:915562c01edb6781"
"535","TW","crop","Aegithalos caudatus","Aegithalidae","Passeriformes","birds",50.930634,4.915771,2023-06-28,1,"Jari Vandendriessche & Luc Willems","","","AudioMoth recording","DIGITAF_FLANDERS:524b94a6866a0460"
"536","TW","crop","Apus apus","Apodidae","Apodiformes","birds",50.930634,4.915771,2023-06-28,1,"Jari Vandendriessche & Luc Willems","","","AudioMoth recording","DIGITAF_FLANDERS:5dd6968d5d0f2d60"
"537","TW","crop","Certhia brachydactyla","Certhiidae","Passeriformes","birds",50.930634,4.915771,2023-06-28,1,"Jari Vandendriessche & Luc Willems","","","AudioMoth recording","DIGITAF_FLANDERS:00f21110a1773a6a"
"538","TW","crop","Corvus corone","Corvidae","Passeriformes","birds",50.930634,4.915771,2023-06-28,1,"Jari Vandendriessche & Luc Willems","","","AudioMoth recording","DIGITAF_FLANDERS:49cbaf0402b5927d"
"539","TW","crop","Cyanistes caeruleus","Paridae","Passeriformes","birds",50.930634,4.915771,2023-06-28,1,"Jari Vandendriessche & Luc Willems","","","AudioMoth recording","DIGITAF_FLANDERS:fecfc95748261622"
"540","TW","crop","Erithacus rubecula","Muscicapidae","Passeriformes","birds",50.930634,4.915771,2023-06-28,1,"Jari Vandendriessche & Luc Willems","","","AudioMoth recording","DIGITAF_FLANDERS:cb5e46699a15b593"
"541","TW","crop","Fringilla coelebs","Fringillidae","Passeriformes","birds",50.930634,4.915771,2023-06-28,1,"Jari Vandendriessche & Luc Willems","","","AudioMoth recording","DIGITAF_FLANDERS:24fadd7d3885beaf"
"542","TW","crop","Phylloscopus collybita","Phylloscopidae","Passeriformes","birds",50.930634,4.915771,2023-06-28,1,"Jari Vandendriessche & Luc Willems","","","AudioMoth recording","DIGITAF_FLANDERS:542a38797de9ae0c"
"543","TW","crop","Prunella modularis","Prunellidae","Passeriformes","birds",50.930634,4.915771,2023-06-28,1,"Jari Vandendriessche & Luc Willems","","","AudioMoth recording","DIGITAF_FLANDERS:e0796bc6c327cc09"
"544","TW","crop","Regulus regulus","Regulidae","Passeriformes","birds",50.930634,4.915771,2023-06-28,1,"Jari Vandendriessche & Luc Willems","","","AudioMoth recording","DIGITAF_FLANDERS:2e3c6711693f3a80"
"545","TW","crop","Sylvia atricapilla","Sylviidae","Passeriformes","birds",50.930634,4.915771,2023-06-28,1,"Jari Vandendriessche & Luc Willems","","","AudioMoth recording","DIGITAF_FLANDERS:fdcf9fe163293c7b"
"546","TW","crop","Troglodytes troglodytes","Troglodytidae","Passeriformes","birds",50.930634,4.915771,2023-06-28,1,"Jari Vandendriessche & Luc Willems","","","AudioMoth recording","DIGITAF_FLANDERS:b9867301f34d136d"
"547","TW","crop","Turdus merula","Turdidae","Passeriformes","birds",50.930634,4.915771,2023-06-28,1,"Jari Vandendriessche & Luc Willems","","","AudioMoth recording","DIGITAF_FLANDERS:2c5f489dae8bde84"
"548","TW","crop","Turdus philomelos","Turdidae","Passeriformes","birds",50.930634,4.915771,2023-06-28,1,"Jari Vandendriessche & Luc Willems","","","AudioMoth recording","DIGITAF_FLANDERS:5b569a2ab04bafe6"
"549","TW","crtl","Athene noctua","Strigidae","Strigiformes","birds",50.92865,4.919942,2023-06-28,1,"Jari Vandendriessche & Luc Willems","","","AudioMoth recording","DIGITAF_FLANDERS:bfd72dffe9756a6b"
"550","TW","crtl","Certhia brachydactyla","Certhiidae","Passeriformes","birds",50.92865,4.919942,2023-06-28,1,"Jari Vandendriessche & Luc Willems","","","AudioMoth recording","DIGITAF_FLANDERS:6c225102a8ab6a71"
"551","TW","crtl","Columba palumbus","Columbidae","Columbiformes","birds",50.92865,4.919942,2023-06-28,1,"Jari Vandendriessche & Luc Willems","","","AudioMoth recording","DIGITAF_FLANDERS:8d19489604b8c73f"
"552","TW","crtl","Corvus corone","Corvidae","Passeriformes","birds",50.92865,4.919942,2023-06-28,1,"Jari Vandendriessche & Luc Willems","","","AudioMoth recording","DIGITAF_FLANDERS:b8bf2b601b6b52f5"
"553","TW","crtl","Cyanistes caeruleus","Paridae","Passeriformes","birds",50.92865,4.919942,2023-06-28,1,"Jari Vandendriessche & Luc Willems","","","AudioMoth recording","DIGITAF_FLANDERS:0974c5069f905c8c"
"554","TW","crtl","Dendrocopos major","Picidae","Piciformes","birds",50.92865,4.919942,2023-06-28,1,"Jari Vandendriessche & Luc Willems","","","AudioMoth recording","DIGITAF_FLANDERS:531fe0629a793539"
"555","TW","crtl","Dendrocoptes medius","Picidae","Piciformes","birds",50.92865,4.919942,2023-06-28,1,"Jari Vandendriessche & Luc Willems","","","AudioMoth recording","DIGITAF_FLANDERS:8725a79c4b75ddf6"
"556","TW","crtl","Emberiza citrinella","Emberizidae","Passeriformes","birds",50.92865,4.919942,2023-06-28,1,"Jari Vandendriessche & Luc Willems","","","AudioMoth recording","DIGITAF_FLANDERS:9fe2a87f9f29a28d"
"557","TW","crtl","Fringilla coelebs","Fringillidae","Passeriformes","birds",50.92865,4.919942,2023-06-28,1,"Jari Vandendriessche & Luc Willems","","","AudioMoth recording","DIGITAF_FLANDERS:65fa47310be1a5f2"
"558","TW","crtl","Muscicapa striata","Muscicapidae","Passeriformes","birds",50.92865,4.919942,2023-06-28,1,"Jari Vandendriessche & Luc Willems","","","AudioMoth recording","DIGITAF_FLANDERS:68e7208238a5d4eb"
"559","TW","crtl","Phylloscopus collybita","Phylloscopidae","Passeriformes","birds",50.92865,4.919942,2023-06-28,1,"Jari Vandendriessche & Luc Willems","","","AudioMoth recording","DIGITAF_FLANDERS:995567804b198148"
"560","TW","crtl","Pica pica","Corvidae","Passeriformes","birds",50.92865,4.919942,2023-06-28,1,"Jari Vandendriessche & Luc Willems","","","AudioMoth recording","DIGITAF_FLANDERS:033a9daaea6b522c"
"561","TW","crtl","Picus viridis","Picidae","Piciformes","birds",50.92865,4.919942,2023-06-28,1,"Jari Vandendriessche & Luc Willems","","","AudioMoth recording","DIGITAF_FLANDERS:f55e5c4487fe3ebf"
"562","TW","crtl","Prunella modularis","Prunellidae","Passeriformes","birds",50.92865,4.919942,2023-06-28,1,"Jari Vandendriessche & Luc Willems","","","AudioMoth recording","DIGITAF_FLANDERS:969f213f2ea2a85a"
"563","TW","crtl","Streptopelia decaocto","Columbidae","Columbiformes","birds",50.92865,4.919942,2023-06-28,1,"Jari Vandendriessche & Luc Willems","","","AudioMoth recording","DIGITAF_FLANDERS:efcef2500ca7a166"
"564","TW","crtl","Sylvia atricapilla","Sylviidae","Passeriformes","birds",50.92865,4.919942,2023-06-28,1,"Jari Vandendriessche & Luc Willems","","","AudioMoth recording","DIGITAF_FLANDERS:3743719848e2da9f"
"565","TW","crtl","Troglodytes troglodytes","Troglodytidae","Passeriformes","birds",50.92865,4.919942,2023-06-28,1,"Jari Vandendriessche & Luc Willems","","","AudioMoth recording","DIGITAF_FLANDERS:7063d5e9b0efab9f"
"566","TW","crtl","Turdus merula","Turdidae","Passeriformes","birds",50.92865,4.919942,2023-06-28,1,"Jari Vandendriessche & Luc Willems","","","AudioMoth recording","DIGITAF_FLANDERS:5ebc3e7960154623"
"567","TW","tree","Aegithalos caudatus","Aegithalidae","Passeriformes","birds",50.931244,4.916273,2023-06-28,1,"Jari Vandendriessche & Luc Willems","","","AudioMoth recording","DIGITAF_FLANDERS:86aa575a8b52b644"
"568","TW","tree","Columba palumbus","Columbidae","Columbiformes","birds",50.931244,4.916273,2023-06-28,1,"Jari Vandendriessche & Luc Willems","","","AudioMoth recording","DIGITAF_FLANDERS:3f31875ac167f14b"
"569","TW","tree","Corvus corone","Corvidae","Passeriformes","birds",50.931244,4.916273,2023-06-28,1,"Jari Vandendriessche & Luc Willems","","","AudioMoth recording","DIGITAF_FLANDERS:861c8fb8a8355c1f"
"570","TW","tree","Erithacus rubecula","Muscicapidae","Passeriformes","birds",50.931244,4.916273,2023-06-28,1,"Jari Vandendriessche & Luc Willems","","","AudioMoth recording","DIGITAF_FLANDERS:29e92f76ad0da02a"
"571","TW","tree","Fringilla coelebs","Fringillidae","Passeriformes","birds",50.931244,4.916273,2023-06-28,1,"Jari Vandendriessche & Luc Willems","","","AudioMoth recording","DIGITAF_FLANDERS:0dddd56d489b62d5"
"572","TW","tree","Troglodytes troglodytes","Troglodytidae","Passeriformes","birds",50.931244,4.916273,2023-06-28,1,"Jari Vandendriessche & Luc Willems","","","AudioMoth recording","DIGITAF_FLANDERS:8e494a07c73781f7"
"573","TW","tree","Turdus merula","Turdidae","Passeriformes","birds",50.931244,4.916273,2023-06-28,1,"Jari Vandendriessche & Luc Willems","","","AudioMoth recording","DIGITAF_FLANDERS:7977e18c10cf01d2"
"574","TW","tree","Turdus philomelos","Turdidae","Passeriformes","birds",50.931244,4.916273,2023-06-28,1,"Jari Vandendriessche & Luc Willems","","","AudioMoth recording","DIGITAF_FLANDERS:54dc0bac3e4bf3ff"
"575","TW1","crop","Aegithalos caudatus","Aegithalidae","Passeriformes","birds",50.952758,4.725003,2023-06-28,1,"Jari Vandendriessche & Luc Willems","","","AudioMoth recording","DIGITAF_FLANDERS:62f78b4c2949bcc4"
"576","TW1","crop","Buteo buteo","Accipitridae","Accipitriformes","birds",50.952758,4.725003,2023-06-28,1,"Jari Vandendriessche & Luc Willems","","","AudioMoth recording","DIGITAF_FLANDERS:fbe8dff0d1bf2cd8"
"577","TW1","crop","Certhia brachydactyla","Certhiidae","Passeriformes","birds",50.952758,4.725003,2023-06-28,1,"Jari Vandendriessche & Luc Willems","","","AudioMoth recording","DIGITAF_FLANDERS:06c9f6e3f5d0a235"
"578","TW1","crop","Columba palumbus","Columbidae","Columbiformes","birds",50.952758,4.725003,2023-06-28,1,"Jari Vandendriessche & Luc Willems","","","AudioMoth recording","DIGITAF_FLANDERS:05dd7f12441adb8d"
"579","TW1","crop","Corvus corone","Corvidae","Passeriformes","birds",50.952758,4.725003,2023-06-28,1,"Jari Vandendriessche & Luc Willems","","","AudioMoth recording","DIGITAF_FLANDERS:1fe164fbd6bec58f"
"580","TW1","crop","Cyanistes caeruleus","Paridae","Passeriformes","birds",50.952758,4.725003,2023-06-28,1,"Jari Vandendriessche & Luc Willems","","","AudioMoth recording","DIGITAF_FLANDERS:86bcabcbe00fc8c0"
"581","TW1","crop","Dendrocopos major","Picidae","Piciformes","birds",50.952758,4.725003,2023-06-28,1,"Jari Vandendriessche & Luc Willems","","","AudioMoth recording","DIGITAF_FLANDERS:00a0c3a91873edbc"
"582","TW1","crop","Erithacus rubecula","Muscicapidae","Passeriformes","birds",50.952758,4.725003,2023-06-28,1,"Jari Vandendriessche & Luc Willems","","","AudioMoth recording","DIGITAF_FLANDERS:9860d6b2a2bf2a3f"
"583","TW1","crop","Fringilla coelebs","Fringillidae","Passeriformes","birds",50.952758,4.725003,2023-06-28,1,"Jari Vandendriessche & Luc Willems","","","AudioMoth recording","DIGITAF_FLANDERS:5797a2b83fcf767f"
"584","TW1","crop","Garrulus glandarius","Corvidae","Passeriformes","birds",50.952758,4.725003,2023-06-28,1,"Jari Vandendriessche & Luc Willems","","","AudioMoth recording","DIGITAF_FLANDERS:fb31b89e4ef1f3a9"
"585","TW1","crop","Phylloscopus collybita","Phylloscopidae","Passeriformes","birds",50.952758,4.725003,2023-06-28,1,"Jari Vandendriessche & Luc Willems","","","AudioMoth recording","DIGITAF_FLANDERS:39851e6fcc35746b"
"586","TW1","crop","Pica pica","Corvidae","Passeriformes","birds",50.952758,4.725003,2023-06-28,1,"Jari Vandendriessche & Luc Willems","","","AudioMoth recording","DIGITAF_FLANDERS:c4da6498da825c61"
"587","TW1","crop","Prunella modularis","Prunellidae","Passeriformes","birds",50.952758,4.725003,2023-06-28,1,"Jari Vandendriessche & Luc Willems","","","AudioMoth recording","DIGITAF_FLANDERS:c601ee7f8e1bae90"
"588","TW1","crop","Streptopelia decaocto","Columbidae","Columbiformes","birds",50.952758,4.725003,2023-06-28,1,"Jari Vandendriessche & Luc Willems","","","AudioMoth recording","DIGITAF_FLANDERS:41648c744f5ced6c"
"589","TW1","crop","Sylvia atricapilla","Sylviidae","Passeriformes","birds",50.952758,4.725003,2023-06-28,1,"Jari Vandendriessche & Luc Willems","","","AudioMoth recording","DIGITAF_FLANDERS:2e6934024b7125cd"
"590","TW1","crop","Troglodytes troglodytes","Troglodytidae","Passeriformes","birds",50.952758,4.725003,2023-06-28,1,"Jari Vandendriessche & Luc Willems","","","AudioMoth recording","DIGITAF_FLANDERS:bcc9a702daee1a24"
"591","TW1","crop","Turdus merula","Turdidae","Passeriformes","birds",50.952758,4.725003,2023-06-28,1,"Jari Vandendriessche & Luc Willems","","","AudioMoth recording","DIGITAF_FLANDERS:50b57d20eddf2ee9"
"592","TW1","crtl","Aegithalos caudatus","Aegithalidae","Passeriformes","birds",50.952572,4.724937,2023-06-28,1,"Jari Vandendriessche & Luc Willems","","","AudioMoth recording","DIGITAF_FLANDERS:85ae9a8be74f6484"
"593","TW1","crtl","Coccothraustes coccothraustes","Fringillidae","Passeriformes","birds",50.952572,4.724937,2023-06-28,1,"Jari Vandendriessche & Luc Willems","","","AudioMoth recording","DIGITAF_FLANDERS:71505871884621a4"
"594","TW1","crtl","Columba palumbus","Columbidae","Columbiformes","birds",50.952572,4.724937,2023-06-28,1,"Jari Vandendriessche & Luc Willems","","","AudioMoth recording","DIGITAF_FLANDERS:b9f00469d2fe1df4"
"595","TW1","crtl","Corvus corone","Corvidae","Passeriformes","birds",50.952572,4.724937,2023-06-28,1,"Jari Vandendriessche & Luc Willems","","","AudioMoth recording","DIGITAF_FLANDERS:02631b76e950e1d4"
"596","TW1","crtl","Dendrocopos major","Picidae","Piciformes","birds",50.952572,4.724937,2023-06-28,1,"Jari Vandendriessche & Luc Willems","","","AudioMoth recording","DIGITAF_FLANDERS:0f6f1f997c623550"
"597","TW1","crtl","Erithacus rubecula","Muscicapidae","Passeriformes","birds",50.952572,4.724937,2023-06-28,1,"Jari Vandendriessche & Luc Willems","","","AudioMoth recording","DIGITAF_FLANDERS:3deba3a93dc67482"
"598","TW1","crtl","Fringilla coelebs","Fringillidae","Passeriformes","birds",50.952572,4.724937,2023-06-28,1,"Jari Vandendriessche & Luc Willems","","","AudioMoth recording","DIGITAF_FLANDERS:2be648447fd3e85c"
"599","TW1","crtl","Garrulus glandarius","Corvidae","Passeriformes","birds",50.952572,4.724937,2023-06-28,1,"Jari Vandendriessche & Luc Willems","","","AudioMoth recording","DIGITAF_FLANDERS:71d4923542a900ff"
"600","TW1","crtl","Phylloscopus collybita","Phylloscopidae","Passeriformes","birds",50.952572,4.724937,2023-06-28,1,"Jari Vandendriessche & Luc Willems","","","AudioMoth recording","DIGITAF_FLANDERS:aaecfbe078d00369"
"601","TW1","crtl","Pica pica","Corvidae","Passeriformes","birds",50.952572,4.724937,2023-06-28,1,"Jari Vandendriessche & Luc Willems","","","AudioMoth recording","DIGITAF_FLANDERS:e980a92cca47c42b"
"602","TW1","crtl","Prunella modularis","Prunellidae","Passeriformes","birds",50.952572,4.724937,2023-06-28,1,"Jari Vandendriessche & Luc Willems","","","AudioMoth recording","DIGITAF_FLANDERS:718d607af0a4a7e2"
"603","TW1","crtl","Sylvia atricapilla","Sylviidae","Passeriformes","birds",50.952572,4.724937,2023-06-28,1,"Jari Vandendriessche & Luc Willems","","","AudioMoth recording","DIGITAF_FLANDERS:37f08fa4c771436f"
"604","TW1","crtl","Troglodytes troglodytes","Troglodytidae","Passeriformes","birds",50.952572,4.724937,2023-06-28,1,"Jari Vandendriessche & Luc Willems","","","AudioMoth recording","DIGITAF_FLANDERS:c708fcd2214dab36"
"605","TW1","crtl","Turdus merula","Turdidae","Passeriformes","birds",50.952572,4.724937,2023-06-28,1,"Jari Vandendriessche & Luc Willems","","","AudioMoth recording","DIGITAF_FLANDERS:b7e008f834e699e9"
"606","TW1","tree","Aegithalos caudatus","Aegithalidae","Passeriformes","birds",50.953194,4.724807,2023-06-28,1,"Jari Vandendriessche & Luc Willems","","","AudioMoth recording","DIGITAF_FLANDERS:a9bda5569793538d"
"607","TW1","tree","Buteo buteo","Accipitridae","Accipitriformes","birds",50.953194,4.724807,2023-06-28,1,"Jari Vandendriessche & Luc Willems","","","AudioMoth recording","DIGITAF_FLANDERS:08871df19d96abff"
"608","TW1","tree","Certhia brachydactyla","Certhiidae","Passeriformes","birds",50.953194,4.724807,2023-06-28,1,"Jari Vandendriessche & Luc Willems","","","AudioMoth recording","DIGITAF_FLANDERS:3f085994444917e8"
"609","TW1","tree","Chloris chloris","Fringillidae","Passeriformes","birds",50.953194,4.724807,2023-06-28,1,"Jari Vandendriessche & Luc Willems","","","AudioMoth recording","DIGITAF_FLANDERS:7fa843f0ba54cfd1"
"610","TW1","tree","Coccothraustes coccothraustes","Fringillidae","Passeriformes","birds",50.953194,4.724807,2023-06-28,1,"Jari Vandendriessche & Luc Willems","","","AudioMoth recording","DIGITAF_FLANDERS:ea22b9d445e0f180"
"611","TW1","tree","Columba palumbus","Columbidae","Columbiformes","birds",50.953194,4.724807,2023-06-28,1,"Jari Vandendriessche & Luc Willems","","","AudioMoth recording","DIGITAF_FLANDERS:335b8b2652bcdb61"
"612","TW1","tree","Corvus corone","Corvidae","Passeriformes","birds",50.953194,4.724807,2023-06-28,1,"Jari Vandendriessche & Luc Willems","","","AudioMoth recording","DIGITAF_FLANDERS:5e7504002eb4eb7c"
"613","TW1","tree","Dendrocopos major","Picidae","Piciformes","birds",50.953194,4.724807,2023-06-28,1,"Jari Vandendriessche & Luc Willems","","","AudioMoth recording","DIGITAF_FLANDERS:8954f65cf412fa27"
"614","TW1","tree","Erithacus rubecula","Muscicapidae","Passeriformes","birds",50.953194,4.724807,2023-06-28,1,"Jari Vandendriessche & Luc Willems","","","AudioMoth recording","DIGITAF_FLANDERS:bb1a0f142e0e1d34"
"615","TW1","tree","Fringilla coelebs","Fringillidae","Passeriformes","birds",50.953194,4.724807,2023-06-28,1,"Jari Vandendriessche & Luc Willems","","","AudioMoth recording","DIGITAF_FLANDERS:e9c2c5f9b01222b3"
"616","TW1","tree","Garrulus glandarius","Corvidae","Passeriformes","birds",50.953194,4.724807,2023-06-28,1,"Jari Vandendriessche & Luc Willems","","","AudioMoth recording","DIGITAF_FLANDERS:39a290375d4d8948"
"617","TW1","tree","Parus major","Paridae","Passeriformes","birds",50.953194,4.724807,2023-06-28,1,"Jari Vandendriessche & Luc Willems","","","AudioMoth recording","DIGITAF_FLANDERS:75857f4b62aab1b2"
"618","TW1","tree","Phylloscopus collybita","Phylloscopidae","Passeriformes","birds",50.953194,4.724807,2023-06-28,1,"Jari Vandendriessche & Luc Willems","","","AudioMoth recording","DIGITAF_FLANDERS:dcfd0364f908d5b6"
"619","TW1","tree","Pica pica","Corvidae","Passeriformes","birds",50.953194,4.724807,2023-06-28,1,"Jari Vandendriessche & Luc Willems","","","AudioMoth recording","DIGITAF_FLANDERS:ebc60dc41684b8c6"
"620","TW1","tree","Prunella modularis","Prunellidae","Passeriformes","birds",50.953194,4.724807,2023-06-28,1,"Jari Vandendriessche & Luc Willems","","","AudioMoth recording","DIGITAF_FLANDERS:f068630187f67eb9"
"621","TW1","tree","Streptopelia decaocto","Columbidae","Columbiformes","birds",50.953194,4.724807,2023-06-28,1,"Jari Vandendriessche & Luc Willems","","","AudioMoth recording","DIGITAF_FLANDERS:db13d37a36dad41a"
"622","TW1","tree","Sylvia atricapilla","Sylviidae","Passeriformes","birds",50.953194,4.724807,2023-06-28,1,"Jari Vandendriessche & Luc Willems","","","AudioMoth recording","DIGITAF_FLANDERS:0f2435533bd8e1dc"
"623","TW1","tree","Troglodytes troglodytes","Troglodytidae","Passeriformes","birds",50.953194,4.724807,2023-06-28,1,"Jari Vandendriessche & Luc Willems","","","AudioMoth recording","DIGITAF_FLANDERS:c00c22e10ca1e0a5"
"624","TW1","tree","Turdus merula","Turdidae","Passeriformes","birds",50.953194,4.724807,2023-06-28,1,"Jari Vandendriessche & Luc Willems","","","AudioMoth recording","DIGITAF_FLANDERS:4e4116372e1adfdb"
"625","TW2","crtl","Certhia brachydactyla","Certhiidae","Passeriformes","birds",50.93,4.91899,2023-06-28,1,"Jari Vandendriessche & Luc Willems","","","AudioMoth recording","DIGITAF_FLANDERS:8ab973db5d6f5166"
"626","TW2","crtl","Columba palumbus","Columbidae","Columbiformes","birds",50.93,4.91899,2023-06-28,1,"Jari Vandendriessche & Luc Willems","","","AudioMoth recording","DIGITAF_FLANDERS:27e1809fa63f9894"
"627","TW2","crtl","Corvus corone","Corvidae","Passeriformes","birds",50.93,4.91899,2023-06-28,1,"Jari Vandendriessche & Luc Willems","","","AudioMoth recording","DIGITAF_FLANDERS:5eaa7eca4e85fae5"
"628","TW2","crtl","Coloeus monedula","Corvidae","Passeriformes","birds",50.93,4.91899,2023-06-28,1,"Jari Vandendriessche & Luc Willems","","","AudioMoth recording","DIGITAF_FLANDERS:c7be074a1fb7f94c"
"629","TW2","crtl","Cyanistes caeruleus","Paridae","Passeriformes","birds",50.93,4.91899,2023-06-28,1,"Jari Vandendriessche & Luc Willems","","","AudioMoth recording","DIGITAF_FLANDERS:4a83bc166d10f1b4"
"630","TW2","crtl","Dendrocopos major","Picidae","Piciformes","birds",50.93,4.91899,2023-06-28,1,"Jari Vandendriessche & Luc Willems","","","AudioMoth recording","DIGITAF_FLANDERS:f6890f57c88ad253"
"631","TW2","crtl","Emberiza citrinella","Emberizidae","Passeriformes","birds",50.93,4.91899,2023-06-28,1,"Jari Vandendriessche & Luc Willems","","","AudioMoth recording","DIGITAF_FLANDERS:59f6ad8464972398"
"632","TW2","crtl","Falco tinnunculus","Falconidae","Falconiformes","birds",50.93,4.91899,2023-06-28,1,"Jari Vandendriessche & Luc Willems","","","AudioMoth recording","DIGITAF_FLANDERS:d30d7d8d1c321ded"
"633","TW2","crtl","Fringilla coelebs","Fringillidae","Passeriformes","birds",50.93,4.91899,2023-06-28,1,"Jari Vandendriessche & Luc Willems","","","AudioMoth recording","DIGITAF_FLANDERS:0a4ea896bf3726b6"
"634","TW2","crtl","Muscicapa striata","Muscicapidae","Passeriformes","birds",50.93,4.91899,2023-06-28,1,"Jari Vandendriessche & Luc Willems","","","AudioMoth recording","DIGITAF_FLANDERS:1dde1c5a6e1dc81c"
"635","TW2","crtl","Phoenicurus phoenicurus","Muscicapidae","Passeriformes","birds",50.93,4.91899,2023-06-28,1,"Jari Vandendriessche & Luc Willems","","","AudioMoth recording","DIGITAF_FLANDERS:106744a181ded7f3"
"636","TW2","crtl","Phylloscopus collybita","Phylloscopidae","Passeriformes","birds",50.93,4.91899,2023-06-28,1,"Jari Vandendriessche & Luc Willems","","","AudioMoth recording","DIGITAF_FLANDERS:2bd8f1d18379c892"
"637","TW2","crtl","Pica pica","Corvidae","Passeriformes","birds",50.93,4.91899,2023-06-28,1,"Jari Vandendriessche & Luc Willems","","","AudioMoth recording","DIGITAF_FLANDERS:e317b09c07171f1c"
"638","TW2","crtl","Prunella modularis","Prunellidae","Passeriformes","birds",50.93,4.91899,2023-06-28,1,"Jari Vandendriessche & Luc Willems","","","AudioMoth recording","DIGITAF_FLANDERS:daf18ca87504eecb"
"639","TW2","crtl","Streptopelia decaocto","Columbidae","Columbiformes","birds",50.93,4.91899,2023-06-28,1,"Jari Vandendriessche & Luc Willems","","","AudioMoth recording","DIGITAF_FLANDERS:46acfa66df3d4120"
"640","TW2","crtl","Sylvia atricapilla","Sylviidae","Passeriformes","birds",50.93,4.91899,2023-06-28,1,"Jari Vandendriessche & Luc Willems","","","AudioMoth recording","DIGITAF_FLANDERS:9aa564d85a1dc22a"
"641","TW2","crtl","Troglodytes troglodytes","Troglodytidae","Passeriformes","birds",50.93,4.91899,2023-06-28,1,"Jari Vandendriessche & Luc Willems","","","AudioMoth recording","DIGITAF_FLANDERS:ee4091f34b47beb5"
"642","TW2","crtl","Turdus merula","Turdidae","Passeriformes","birds",50.93,4.91899,2023-06-28,1,"Jari Vandendriessche & Luc Willems","","","AudioMoth recording","DIGITAF_FLANDERS:bd825c5d2c6cfe9a"
"643","TW2","tree","Columba palumbus","Columbidae","Columbiformes","birds",50.929592,4.919866,2023-06-28,1,"Jari Vandendriessche & Luc Willems","","","AudioMoth recording","DIGITAF_FLANDERS:e469a4b673431504"
"644","TW2","tree","Corvus corone","Corvidae","Passeriformes","birds",50.929592,4.919866,2023-06-28,1,"Jari Vandendriessche & Luc Willems","","","AudioMoth recording","DIGITAF_FLANDERS:5eec242534b639a0"
"645","TW2","tree","Coloeus monedula","Corvidae","Passeriformes","birds",50.929592,4.919866,2023-06-28,1,"Jari Vandendriessche & Luc Willems","","","AudioMoth recording","DIGITAF_FLANDERS:e4eb114f842c135c"
"646","TW2","tree","Cyanistes caeruleus","Paridae","Passeriformes","birds",50.929592,4.919866,2023-06-28,1,"Jari Vandendriessche & Luc Willems","","","AudioMoth recording","DIGITAF_FLANDERS:fb155678133db0f7"
"647","TW2","tree","Dendrocopos major","Picidae","Piciformes","birds",50.929592,4.919866,2023-06-28,1,"Jari Vandendriessche & Luc Willems","","","AudioMoth recording","DIGITAF_FLANDERS:8ee2958974409468"
"648","TW2","tree","Emberiza citrinella","Emberizidae","Passeriformes","birds",50.929592,4.919866,2023-06-28,1,"Jari Vandendriessche & Luc Willems","","","AudioMoth recording","DIGITAF_FLANDERS:bc8310dc34f05065"
"649","TW2","tree","Falco tinnunculus","Falconidae","Falconiformes","birds",50.929592,4.919866,2023-06-28,1,"Jari Vandendriessche & Luc Willems","","","AudioMoth recording","DIGITAF_FLANDERS:f28676d535232442"
"650","TW2","tree","Fringilla coelebs","Fringillidae","Passeriformes","birds",50.929592,4.919866,2023-06-28,1,"Jari Vandendriessche & Luc Willems","","","AudioMoth recording","DIGITAF_FLANDERS:077e81dc2fd10002"
"651","TW2","tree","Muscicapa striata","Muscicapidae","Passeriformes","birds",50.929592,4.919866,2023-06-28,1,"Jari Vandendriessche & Luc Willems","","","AudioMoth recording","DIGITAF_FLANDERS:0c3ce1819ef7c57d"
"652","TW2","tree","Parus major","Paridae","Passeriformes","birds",50.929592,4.919866,2023-06-28,1,"Jari Vandendriessche & Luc Willems","","","AudioMoth recording","DIGITAF_FLANDERS:0c5fcd1148a022f4"
"653","TW2","tree","Phasianus colchicus","Phasianidae","Galliformes","birds",50.929592,4.919866,2023-06-28,1,"Jari Vandendriessche & Luc Willems","","","AudioMoth recording","DIGITAF_FLANDERS:0b87aea41874f74e"
"654","TW2","tree","Phylloscopus collybita","Phylloscopidae","Passeriformes","birds",50.929592,4.919866,2023-06-28,1,"Jari Vandendriessche & Luc Willems","","","AudioMoth recording","DIGITAF_FLANDERS:3ffef22d01ed0a19"
"655","TW2","tree","Pica pica","Corvidae","Passeriformes","birds",50.929592,4.919866,2023-06-28,1,"Jari Vandendriessche & Luc Willems","","","AudioMoth recording","DIGITAF_FLANDERS:78405fed8b4ba166"
"656","TW2","tree","Streptopelia decaocto","Columbidae","Columbiformes","birds",50.929592,4.919866,2023-06-28,1,"Jari Vandendriessche & Luc Willems","","","AudioMoth recording","DIGITAF_FLANDERS:868b4c7fd3d7b884"
"657","TW2","tree","Sylvia atricapilla","Sylviidae","Passeriformes","birds",50.929592,4.919866,2023-06-28,1,"Jari Vandendriessche & Luc Willems","","","AudioMoth recording","DIGITAF_FLANDERS:0482c1639e57062c"
"658","TW2","tree","Turdus merula","Turdidae","Passeriformes","birds",50.929592,4.919866,2023-06-28,1,"Jari Vandendriessche & Luc Willems","","","AudioMoth recording","DIGITAF_FLANDERS:496349439c82f7ca"
"659","TW2","tree","Turdus philomelos","Turdidae","Passeriformes","birds",50.929592,4.919866,2023-06-28,1,"Jari Vandendriessche & Luc Willems","","","AudioMoth recording","DIGITAF_FLANDERS:add0d0c7833d0ce0"
"660","TW3","crtl","Apus apus","Apodidae","Apodiformes","birds",50.927067,4.925451,2023-06-28,1,"Jari Vandendriessche & Luc Willems","","","AudioMoth recording","DIGITAF_FLANDERS:d019a92ba7474901"
"661","TW3","crtl","Corvus corone","Corvidae","Passeriformes","birds",50.927067,4.925451,2023-06-28,1,"Jari Vandendriessche & Luc Willems","","","AudioMoth recording","DIGITAF_FLANDERS:078cd9c987c376bd"
"662","TW3","crtl","Coloeus monedula","Corvidae","Passeriformes","birds",50.927067,4.925451,2023-06-28,1,"Jari Vandendriessche & Luc Willems","","","AudioMoth recording","DIGITAF_FLANDERS:a476600722c2ef91"
"663","TW3","crtl","Delichon urbicum","Hirundinidae","Passeriformes","birds",50.927067,4.925451,2023-06-28,1,"Jari Vandendriessche & Luc Willems","","","AudioMoth recording","DIGITAF_FLANDERS:f028c0ddd75c8fa0"
"664","TW3","crtl","Motacilla alba","Motacillidae","Passeriformes","birds",50.927067,4.925451,2023-06-28,1,"Jari Vandendriessche & Luc Willems","","","AudioMoth recording","DIGITAF_FLANDERS:7e5ea4456df2f5df"
"665","TW3","crtl","Motacilla flava","Motacillidae","Passeriformes","birds",50.927067,4.925451,2023-06-28,1,"Jari Vandendriessche & Luc Willems","","","AudioMoth recording","DIGITAF_FLANDERS:38b4d53724373cf1"
"666","TW3","crtl","Passer domesticus","Passeridae","Passeriformes","birds",50.927067,4.925451,2023-06-28,1,"Jari Vandendriessche & Luc Willems","","","AudioMoth recording","DIGITAF_FLANDERS:3582713e85dc4f39"
"667","TW3","crtl","Phylloscopus collybita","Phylloscopidae","Passeriformes","birds",50.927067,4.925451,2023-06-28,1,"Jari Vandendriessche & Luc Willems","","","AudioMoth recording","DIGITAF_FLANDERS:4ce8f7bdb4961851"
"668","TW3","crtl","Picus viridis","Picidae","Piciformes","birds",50.927067,4.925451,2023-06-28,1,"Jari Vandendriessche & Luc Willems","","","AudioMoth recording","DIGITAF_FLANDERS:90704eaad81f4351"
"669","TW3","crtl","Strix aluco","Strigidae","Strigiformes","birds",50.927067,4.925451,2023-06-28,1,"Jari Vandendriessche & Luc Willems","","","AudioMoth recording","DIGITAF_FLANDERS:dbfb85b7a3338be8"
"670","TW3","crtl","Turdus merula","Turdidae","Passeriformes","birds",50.927067,4.925451,2023-06-28,1,"Jari Vandendriessche & Luc Willems","","","AudioMoth recording","DIGITAF_FLANDERS:5f1180eb2c44ee6c"
"671","TW3","tree","Buteo buteo","Accipitridae","Accipitriformes","birds",50.926302,4.92707,2023-06-28,1,"Jari Vandendriessche & Luc Willems","","","AudioMoth recording","DIGITAF_FLANDERS:25af9750cbc2f2c3"
"672","TW3","tree","Certhia brachydactyla","Certhiidae","Passeriformes","birds",50.926302,4.92707,2023-06-28,1,"Jari Vandendriessche & Luc Willems","","","AudioMoth recording","DIGITAF_FLANDERS:a75d207474a50aa4"
"673","TW3","tree","Corvus corone","Corvidae","Passeriformes","birds",50.926302,4.92707,2023-06-28,1,"Jari Vandendriessche & Luc Willems","","","AudioMoth recording","DIGITAF_FLANDERS:9d1d5fb9a3c707e0"
"674","TW3","tree","Cyanistes caeruleus","Paridae","Passeriformes","birds",50.926302,4.92707,2023-06-28,1,"Jari Vandendriessche & Luc Willems","","","AudioMoth recording","DIGITAF_FLANDERS:626a172bf4bb6ee7"
"675","TW3","tree","Erithacus rubecula","Muscicapidae","Passeriformes","birds",50.926302,4.92707,2023-06-28,1,"Jari Vandendriessche & Luc Willems","","","AudioMoth recording","DIGITAF_FLANDERS:a4ba08b887eec2fb"
"676","TW3","tree","Fringilla coelebs","Fringillidae","Passeriformes","birds",50.926302,4.92707,2023-06-28,1,"Jari Vandendriessche & Luc Willems","","","AudioMoth recording","DIGITAF_FLANDERS:b8b2bba1fafe1870"
"677","TW3","tree","Muscicapa striata","Muscicapidae","Passeriformes","birds",50.926302,4.92707,2023-06-28,1,"Jari Vandendriessche & Luc Willems","","","AudioMoth recording","DIGITAF_FLANDERS:b0e03c82f357c3ba"
"678","TW3","tree","Parus major","Paridae","Passeriformes","birds",50.926302,4.92707,2023-06-28,1,"Jari Vandendriessche & Luc Willems","","","AudioMoth recording","DIGITAF_FLANDERS:44eef8e9e71d0baf"
"679","TW3","tree","Phylloscopus collybita","Phylloscopidae","Passeriformes","birds",50.926302,4.92707,2023-06-28,1,"Jari Vandendriessche & Luc Willems","","","AudioMoth recording","DIGITAF_FLANDERS:0541d302b63c0593"
"680","TW3","tree","Picus viridis","Picidae","Piciformes","birds",50.926302,4.92707,2023-06-28,1,"Jari Vandendriessche & Luc Willems","","","AudioMoth recording","DIGITAF_FLANDERS:a702185a877b6394"
"681","TW3","tree","Prunella modularis","Prunellidae","Passeriformes","birds",50.926302,4.92707,2023-06-28,1,"Jari Vandendriessche & Luc Willems","","","AudioMoth recording","DIGITAF_FLANDERS:1b52cf3a20a01f9a"
"682","TW3","tree","Sitta europaea","Sittidae","Passeriformes","birds",50.926302,4.92707,2023-06-28,1,"Jari Vandendriessche & Luc Willems","","","AudioMoth recording","DIGITAF_FLANDERS:7eb2ee286c3bf4eb"
"683","TW3","tree","Strix aluco","Strigidae","Strigiformes","birds",50.926302,4.92707,2023-06-28,1,"Jari Vandendriessche & Luc Willems","","","AudioMoth recording","DIGITAF_FLANDERS:80cfcaf4a9c8dbbe"
"684","TW3","tree","Sylvia atricapilla","Sylviidae","Passeriformes","birds",50.926302,4.92707,2023-06-28,1,"Jari Vandendriessche & Luc Willems","","","AudioMoth recording","DIGITAF_FLANDERS:ef278fceb6cd3355"
"685","TW3","tree","Troglodytes troglodytes","Troglodytidae","Passeriformes","birds",50.926302,4.92707,2023-06-28,1,"Jari Vandendriessche & Luc Willems","","","AudioMoth recording","DIGITAF_FLANDERS:935ac3416ed60f74"
"686","TW3","tree","Turdus merula","Turdidae","Passeriformes","birds",50.926302,4.92707,2023-06-28,1,"Jari Vandendriessche & Luc Willems","","","AudioMoth recording","DIGITAF_FLANDERS:8274da807e8d4925"
"687","TW3","tree","Turdus philomelos","Turdidae","Passeriformes","birds",50.926302,4.92707,2023-06-28,1,"Jari Vandendriessche & Luc Willems","","","AudioMoth recording","DIGITAF_FLANDERS:8234e84cf62c74cf"
"688","Zo","crop","Ardea cinerea","Ardeidae","Pelecaniformes","birds",51.106331,3.55805,2023-05-19,1,"Jari Vandendriessche & Luc Willems","","","AudioMoth recording","DIGITAF_FLANDERS:5c280316371bb267"
"689","Zo","crop","Athene noctua","Strigidae","Strigiformes","birds",51.106331,3.55805,2023-05-19,1,"Jari Vandendriessche & Luc Willems","","","AudioMoth recording","DIGITAF_FLANDERS:cfd5c74eba0a2be4"
"690","Zo","crop","Corvus corone","Corvidae","Passeriformes","birds",51.106331,3.55805,2023-05-19,1,"Jari Vandendriessche & Luc Willems","","","AudioMoth recording","DIGITAF_FLANDERS:b1a6f487ffc85f93"
"691","Zo","crop","Coloeus monedula","Corvidae","Passeriformes","birds",51.106331,3.55805,2023-05-19,1,"Jari Vandendriessche & Luc Willems","","","AudioMoth recording","DIGITAF_FLANDERS:77a9a5fb692e5379"
"692","Zo","crop","Coturnix coturnix","Phasianidae","Galliformes","birds",51.106331,3.55805,2023-05-19,1,"Jari Vandendriessche & Luc Willems","","","AudioMoth recording","DIGITAF_FLANDERS:be335aef9099d0a6"
"693","Zo","crop","Cuculus canorus","Cuculidae","Cuculiformes","birds",51.106331,3.55805,2023-05-19,1,"Jari Vandendriessche & Luc Willems","","","AudioMoth recording","DIGITAF_FLANDERS:3500c5c94cd9ace5"
"694","Zo","crop","Curruca communis","Sylviidae","Passeriformes","birds",51.106331,3.55805,2023-05-19,1,"Jari Vandendriessche & Luc Willems","","","AudioMoth recording","DIGITAF_FLANDERS:6ad80ccadeb8fcf4"
"695","Zo","crop","Dendrocopos major","Picidae","Piciformes","birds",51.106331,3.55805,2023-05-19,1,"Jari Vandendriessche & Luc Willems","","","AudioMoth recording","DIGITAF_FLANDERS:0f6c9ccbcad4a7ab"
"696","Zo","crop","Dendrocopos major","Picidae","Piciformes","birds",51.106331,3.55805,2023-05-19,1,"Jari Vandendriessche & Luc Willems","","","AudioMoth recording","DIGITAF_FLANDERS:c1fa61edc16eaec2"
"697","Zo","crop","Fringilla coelebs","Fringillidae","Passeriformes","birds",51.106331,3.55805,2023-05-19,1,"Jari Vandendriessche & Luc Willems","","","AudioMoth recording","DIGITAF_FLANDERS:ca8c3d3e2be41bcd"
"698","Zo","crop","Gallinula chloropus","Rallidae","Gruiformes","birds",51.106331,3.55805,2023-05-19,1,"Jari Vandendriessche & Luc Willems","","","AudioMoth recording","DIGITAF_FLANDERS:c22c8beeb93d5d30"
"699","Zo","crop","Haematopus ostralegus","Haematopodidae","Charadriiformes","birds",51.106331,3.55805,2023-05-19,1,"Jari Vandendriessche & Luc Willems","","","AudioMoth recording","DIGITAF_FLANDERS:d3100f7ed0e8c5c7"
"700","Zo","crop","Hirundo rustica","Hirundinidae","Passeriformes","birds",51.106331,3.55805,2023-05-19,1,"Jari Vandendriessche & Luc Willems","","","AudioMoth recording","DIGITAF_FLANDERS:c8e44a96c6f4f6ca"
"701","Zo","crop","Luscinia svecica","Muscicapidae","Passeriformes","birds",51.106331,3.55805,2023-05-19,1,"Jari Vandendriessche & Luc Willems","","","AudioMoth recording","DIGITAF_FLANDERS:a16460180edc4712"
"702","Zo","crop","Motacilla flava","Motacillidae","Passeriformes","birds",51.106331,3.55805,2023-05-19,1,"Jari Vandendriessche & Luc Willems","","","AudioMoth recording","DIGITAF_FLANDERS:b1607e8f3c8dbd43"
"703","Zo","crop","Parus major","Paridae","Passeriformes","birds",51.106331,3.55805,2023-05-19,1,"Jari Vandendriessche & Luc Willems","","","AudioMoth recording","DIGITAF_FLANDERS:7e0d039a2f8b7c91"
"704","Zo","crop","Phoenicurus ochruros","Muscicapidae","Passeriformes","birds",51.106331,3.55805,2023-05-19,1,"Jari Vandendriessche & Luc Willems","","","AudioMoth recording","DIGITAF_FLANDERS:d2151e585c09c3fe"
"705","Zo","crop","Phylloscopus collybita","Phylloscopidae","Passeriformes","birds",51.106331,3.55805,2023-05-19,1,"Jari Vandendriessche & Luc Willems","","","AudioMoth recording","DIGITAF_FLANDERS:a57bbed66c0ff60b"
"706","Zo","crop","Turdus merula","Turdidae","Passeriformes","birds",51.106331,3.55805,2023-05-19,1,"Jari Vandendriessche & Luc Willems","","","AudioMoth recording","DIGITAF_FLANDERS:3edb0de1f3bfb757"
"707","Zo","crtl","Ardea cinerea","Ardeidae","Pelecaniformes","birds",51.106567,3.557371,2023-05-19,1,"Jari Vandendriessche & Luc Willems","","","AudioMoth recording","DIGITAF_FLANDERS:e3ecfe496e1d8861"
"708","Zo","crtl","Coturnix coturnix","Phasianidae","Galliformes","birds",51.106567,3.557371,2023-05-19,1,"Jari Vandendriessche & Luc Willems","","","AudioMoth recording","DIGITAF_FLANDERS:ea4d045b9e472998"
"709","Zo","crtl","Gallinula chloropus","Rallidae","Gruiformes","birds",51.106567,3.557371,2023-05-19,1,"Jari Vandendriessche & Luc Willems","","","AudioMoth recording","DIGITAF_FLANDERS:2870d46f511bf3f3"
"710","Zo","crtl","Haematopus ostralegus","Haematopodidae","Charadriiformes","birds",51.106567,3.557371,2023-05-19,1,"Jari Vandendriessche & Luc Willems","","","AudioMoth recording","DIGITAF_FLANDERS:fc3528d71050da29"
"711","Zo","crtl","Luscinia svecica","Muscicapidae","Passeriformes","birds",51.106567,3.557371,2023-05-19,1,"Jari Vandendriessche & Luc Willems","","","AudioMoth recording","DIGITAF_FLANDERS:6dffe2b7396b0516"
"712","Zo","crtl","Phoenicurus ochruros","Muscicapidae","Passeriformes","birds",51.106567,3.557371,2023-05-19,1,"Jari Vandendriessche & Luc Willems","","","AudioMoth recording","DIGITAF_FLANDERS:074610c0a0c98621"
"713","Zo","crtl","Sturnus vulgaris","Sturnidae","Passeriformes","birds",51.106567,3.557371,2023-05-19,1,"Jari Vandendriessche & Luc Willems","","","AudioMoth recording","DIGITAF_FLANDERS:a04f0cf50a8c4e73"
"714","Zo","crtl","Tringa totanus","Scolopacidae","Charadriiformes","birds",51.106567,3.557371,2023-05-19,1,"Jari Vandendriessche & Luc Willems","","","AudioMoth recording","DIGITAF_FLANDERS:dc39b02cc8d538e9"
"715","Zo","crtl","Turdus merula","Turdidae","Passeriformes","birds",51.106567,3.557371,2023-05-19,1,"Jari Vandendriessche & Luc Willems","","","AudioMoth recording","DIGITAF_FLANDERS:6a84bb98224aeabd"
"716","Zo","tree","Ardea cinerea","Ardeidae","Pelecaniformes","birds",51.105865,3.556603,2023-05-19,1,"Jari Vandendriessche & Luc Willems","","","AudioMoth recording","DIGITAF_FLANDERS:0ced41c010ecfc13"
"717","Zo","tree","Coloeus monedula","Corvidae","Passeriformes","birds",51.105865,3.556603,2023-05-19,1,"Jari Vandendriessche & Luc Willems","","","AudioMoth recording","DIGITAF_FLANDERS:17265073fe1f3637"
"718","Zo","tree","Dendrocopos major","Picidae","Piciformes","birds",51.105865,3.556603,2023-05-19,1,"Jari Vandendriessche & Luc Willems","","","AudioMoth recording","DIGITAF_FLANDERS:917ccb61d59f3da9"
"719","Zo","tree","Fringilla coelebs","Fringillidae","Passeriformes","birds",51.105865,3.556603,2023-05-19,1,"Jari Vandendriessche & Luc Willems","","","AudioMoth recording","DIGITAF_FLANDERS:759bbd1de37faa6c"
"720","Zo","tree","Gallinula chloropus","Rallidae","Gruiformes","birds",51.105865,3.556603,2023-05-19,1,"Jari Vandendriessche & Luc Willems","","","AudioMoth recording","DIGITAF_FLANDERS:cdbdd2a91c3fd508"
"721","Zo","tree","Haematopus ostralegus","Haematopodidae","Charadriiformes","birds",51.105865,3.556603,2023-05-19,1,"Jari Vandendriessche & Luc Willems","","","AudioMoth recording","DIGITAF_FLANDERS:2525aca5f37f4ce1"
"722","Zo","tree","Hirundo rustica","Hirundinidae","Passeriformes","birds",51.105865,3.556603,2023-05-19,1,"Jari Vandendriessche & Luc Willems","","","AudioMoth recording","DIGITAF_FLANDERS:f5bc1649bd059cfd"
"723","Zo","tree","Luscinia svecica","Muscicapidae","Passeriformes","birds",51.105865,3.556603,2023-05-19,1,"Jari Vandendriessche & Luc Willems","","","AudioMoth recording","DIGITAF_FLANDERS:1ee53bebf914598b"
"724","Zo","tree","Parus major","Paridae","Passeriformes","birds",51.105865,3.556603,2023-05-19,1,"Jari Vandendriessche & Luc Willems","","","AudioMoth recording","DIGITAF_FLANDERS:2feceda1144dcc64"
"725","Zo","tree","Phoenicurus ochruros","Muscicapidae","Passeriformes","birds",51.105865,3.556603,2023-05-19,1,"Jari Vandendriessche & Luc Willems","","","AudioMoth recording","DIGITAF_FLANDERS:f5de851297ca5442"
"726","Zo","tree","Phylloscopus collybita","Phylloscopidae","Passeriformes","birds",51.105865,3.556603,2023-05-19,1,"Jari Vandendriessche & Luc Willems","","","AudioMoth recording","DIGITAF_FLANDERS:ef96f982fb6e90cc"
"727","Zo","tree","Prunella modularis","Prunellidae","Passeriformes","birds",51.105865,3.556603,2023-05-19,1,"Jari Vandendriessche & Luc Willems","","","AudioMoth recording","DIGITAF_FLANDERS:a594edef1b5d110a"
"728","Zo","tree","Saxicola rubicola","Muscicapidae","Passeriformes","birds",51.105865,3.556603,2023-05-19,1,"Jari Vandendriessche & Luc Willems","","","AudioMoth recording","DIGITAF_FLANDERS:758ac2e48cfad14e"
"729","Zo","tree","Troglodytes troglodytes","Troglodytidae","Passeriformes","birds",51.105865,3.556603,2023-05-19,1,"Jari Vandendriessche & Luc Willems","","","AudioMoth recording","DIGITAF_FLANDERS:b6c00d9807fed7a4"
"730","Zo1","crtl","Columba palumbus","Columbidae","Columbiformes","birds",51.107437,3.567569,2023-05-18,1,"Jari Vandendriessche & Luc Willems","","","AudioMoth recording","DIGITAF_FLANDERS:d19bdffdc48690b1"
"731","Zo1","crtl","Coloeus monedula","Corvidae","Passeriformes","birds",51.107437,3.567569,2023-05-18,1,"Jari Vandendriessche & Luc Willems","","","AudioMoth recording","DIGITAF_FLANDERS:7ec2a074a2014c36"
"732","Zo1","crtl","Cuculus canorus","Cuculidae","Cuculiformes","birds",51.107437,3.567569,2023-05-18,1,"Jari Vandendriessche & Luc Willems","","","AudioMoth recording","DIGITAF_FLANDERS:30be9948e7d5865c"
"733","Zo1","crtl","Haematopus ostralegus","Haematopodidae","Charadriiformes","birds",51.107437,3.567569,2023-05-18,1,"Jari Vandendriessche & Luc Willems","","","AudioMoth recording","DIGITAF_FLANDERS:252b50fa713fff8f"
"734","Zo1","crtl","Hirundo rustica","Hirundinidae","Passeriformes","birds",51.107437,3.567569,2023-05-18,1,"Jari Vandendriessche & Luc Willems","","","AudioMoth recording","DIGITAF_FLANDERS:1b249200a8d0b840"
"735","Zo1","crtl","Parus major","Paridae","Passeriformes","birds",51.107437,3.567569,2023-05-18,1,"Jari Vandendriessche & Luc Willems","","","AudioMoth recording","DIGITAF_FLANDERS:e86ed42fcc6ea8b9"
"736","Zo1","crtl","Phylloscopus collybita","Phylloscopidae","Passeriformes","birds",51.107437,3.567569,2023-05-18,1,"Jari Vandendriessche & Luc Willems","","","AudioMoth recording","DIGITAF_FLANDERS:2dce76f86148b5a2"
"737","Zo1","crtl","Pica pica","Corvidae","Passeriformes","birds",51.107437,3.567569,2023-05-18,1,"Jari Vandendriessche & Luc Willems","","","AudioMoth recording","DIGITAF_FLANDERS:e14f0834f3841851"
"738","Zo1","crtl","Picus viridis","Picidae","Piciformes","birds",51.107437,3.567569,2023-05-18,1,"Jari Vandendriessche & Luc Willems","","","AudioMoth recording","DIGITAF_FLANDERS:4e98c336f4a332aa"
"739","Zo1","crtl","Streptopelia decaocto","Columbidae","Columbiformes","birds",51.107437,3.567569,2023-05-18,1,"Jari Vandendriessche & Luc Willems","","","AudioMoth recording","DIGITAF_FLANDERS:355024659fc1a822"
"740","Zo1","crtl","Sylvia borin","Sylviidae","Passeriformes","birds",51.107437,3.567569,2023-05-18,1,"Jari Vandendriessche & Luc Willems","","","AudioMoth recording","DIGITAF_FLANDERS:2c67ca032d82f264"
"741","Zo1","crtl","Troglodytes troglodytes","Troglodytidae","Passeriformes","birds",51.107437,3.567569,2023-05-18,1,"Jari Vandendriessche & Luc Willems","","","AudioMoth recording","DIGITAF_FLANDERS:6585b0587d828fe8"
"742","Zo1","crtl","Turdus merula","Turdidae","Passeriformes","birds",51.107437,3.567569,2023-05-18,1,"Jari Vandendriessche & Luc Willems","","","AudioMoth recording","DIGITAF_FLANDERS:213f7c106a1de48f"
"743","Zo1","tree","Columba palumbus","Columbidae","Columbiformes","birds",51.107109,3.566462,2023-05-18,1,"Jari Vandendriessche & Luc Willems","","","AudioMoth recording","DIGITAF_FLANDERS:d424b5d23020f6d7"
"744","Zo1","tree","Coloeus monedula","Corvidae","Passeriformes","birds",51.107109,3.566462,2023-05-18,1,"Jari Vandendriessche & Luc Willems","","","AudioMoth recording","DIGITAF_FLANDERS:6d7b33c0b05c0ddf"
"745","Zo1","tree","Cuculus canorus","Cuculidae","Cuculiformes","birds",51.107109,3.566462,2023-05-18,1,"Jari Vandendriessche & Luc Willems","","","AudioMoth recording","DIGITAF_FLANDERS:a7edc01dfd87cd6f"
"746","Zo1","tree","Cyanistes caeruleus","Paridae","Passeriformes","birds",51.107109,3.566462,2023-05-18,1,"Jari Vandendriessche & Luc Willems","","","AudioMoth recording","DIGITAF_FLANDERS:58179f64b01c3f05"
"747","Zo1","tree","Fringilla coelebs","Fringillidae","Passeriformes","birds",51.107109,3.566462,2023-05-18,1,"Jari Vandendriessche & Luc Willems","","","AudioMoth recording","DIGITAF_FLANDERS:e54d63a9318c4574"
"748","Zo1","tree","Hirundo rustica","Hirundinidae","Passeriformes","birds",51.107109,3.566462,2023-05-18,1,"Jari Vandendriessche & Luc Willems","","","AudioMoth recording","DIGITAF_FLANDERS:83b3309524e196f9"
"749","Zo1","tree","Parus major","Paridae","Passeriformes","birds",51.107109,3.566462,2023-05-18,1,"Jari Vandendriessche & Luc Willems","","","AudioMoth recording","DIGITAF_FLANDERS:8f5c33a7befa1398"
"750","Zo1","tree","Phylloscopus collybita","Phylloscopidae","Passeriformes","birds",51.107109,3.566462,2023-05-18,1,"Jari Vandendriessche & Luc Willems","","","AudioMoth recording","DIGITAF_FLANDERS:da212b5ac613d270"
"751","Zo1","tree","Pica pica","Corvidae","Passeriformes","birds",51.107109,3.566462,2023-05-18,1,"Jari Vandendriessche & Luc Willems","","","AudioMoth recording","DIGITAF_FLANDERS:bb970cd4bb7afbc5"
"752","Zo1","tree","Picus viridis","Picidae","Piciformes","birds",51.107109,3.566462,2023-05-18,1,"Jari Vandendriessche & Luc Willems","","","AudioMoth recording","DIGITAF_FLANDERS:75e3f2c4c349aa54"
"753","Zo1","tree","Streptopelia decaocto","Columbidae","Columbiformes","birds",51.107109,3.566462,2023-05-18,1,"Jari Vandendriessche & Luc Willems","","","AudioMoth recording","DIGITAF_FLANDERS:81113e9fca2c28cf"
"754","Zo1","tree","Troglodytes troglodytes","Troglodytidae","Passeriformes","birds",51.107109,3.566462,2023-05-18,1,"Jari Vandendriessche & Luc Willems","","","AudioMoth recording","DIGITAF_FLANDERS:4bfd1d83b8bf11c3"
"755","Zo1","tree","Turdus merula","Turdidae","Passeriformes","birds",51.107109,3.566462,2023-05-18,1,"Jari Vandendriessche & Luc Willems","","","AudioMoth recording","DIGITAF_FLANDERS:b45bf66728387738"
"756","Zo2","crtl","Chloris chloris","Fringillidae","Passeriformes","birds",51.113503,3.537224,2023-05-19,1,"Jari Vandendriessche & Luc Willems","","","AudioMoth recording","DIGITAF_FLANDERS:991975e0b448b5bb"
"757","Zo2","crtl","Corvus corone","Corvidae","Passeriformes","birds",51.113503,3.537224,2023-05-19,1,"Jari Vandendriessche & Luc Willems","","","AudioMoth recording","DIGITAF_FLANDERS:d7c800a2a9f741a5"
"758","Zo2","crtl","Coloeus monedula","Corvidae","Passeriformes","birds",51.113503,3.537224,2023-05-19,1,"Jari Vandendriessche & Luc Willems","","","AudioMoth recording","DIGITAF_FLANDERS:42f4f21d44253b1f"
"759","Zo2","crtl","Cuculus canorus","Cuculidae","Cuculiformes","birds",51.113503,3.537224,2023-05-19,1,"Jari Vandendriessche & Luc Willems","","","AudioMoth recording","DIGITAF_FLANDERS:3945f537f22e3d7a"
"760","Zo2","crtl","Curruca communis","Sylviidae","Passeriformes","birds",51.113503,3.537224,2023-05-19,1,"Jari Vandendriessche & Luc Willems","","","AudioMoth recording","DIGITAF_FLANDERS:62364d50a2e92d2e"
"761","Zo2","crtl","Motacilla alba","Motacillidae","Passeriformes","birds",51.113503,3.537224,2023-05-19,1,"Jari Vandendriessche & Luc Willems","","","AudioMoth recording","DIGITAF_FLANDERS:57e564e87f995fb2"
"762","Zo2","crtl","Motacilla flava","Motacillidae","Passeriformes","birds",51.113503,3.537224,2023-05-19,1,"Jari Vandendriessche & Luc Willems","","","AudioMoth recording","DIGITAF_FLANDERS:25d8aa145be34194"
"763","Zo2","crtl","Muscicapa striata","Muscicapidae","Passeriformes","birds",51.113503,3.537224,2023-05-19,1,"Jari Vandendriessche & Luc Willems","","","AudioMoth recording","DIGITAF_FLANDERS:39fb1628e91e34dd"
"764","Zo2","crtl","Parus major","Paridae","Passeriformes","birds",51.113503,3.537224,2023-05-19,1,"Jari Vandendriessche & Luc Willems","","","AudioMoth recording","DIGITAF_FLANDERS:fffc07e4c4e4e7e8"
"765","Zo2","crtl","Pica pica","Corvidae","Passeriformes","birds",51.113503,3.537224,2023-05-19,1,"Jari Vandendriessche & Luc Willems","","","AudioMoth recording","DIGITAF_FLANDERS:4e2e22a606b683b7"
"766","Zo2","crtl","Prunella modularis","Prunellidae","Passeriformes","birds",51.113503,3.537224,2023-05-19,1,"Jari Vandendriessche & Luc Willems","","","AudioMoth recording","DIGITAF_FLANDERS:4e1c0fdced1ff510"
"767","Zo2","crtl","Sturnus vulgaris","Sturnidae","Passeriformes","birds",51.113503,3.537224,2023-05-19,1,"Jari Vandendriessche & Luc Willems","","","AudioMoth recording","DIGITAF_FLANDERS:b01aafd6afce435c"
"768","Zo2","crtl","Troglodytes troglodytes","Troglodytidae","Passeriformes","birds",51.113503,3.537224,2023-05-19,1,"Jari Vandendriessche & Luc Willems","","","AudioMoth recording","DIGITAF_FLANDERS:e36512e68a47cc92"
"769","Zo2","crtl","Turdus merula","Turdidae","Passeriformes","birds",51.113503,3.537224,2023-05-19,1,"Jari Vandendriessche & Luc Willems","","","AudioMoth recording","DIGITAF_FLANDERS:b1fb402ee5ecd642"
"770","Zo2","tree","Columba palumbus","Columbidae","Columbiformes","birds",51.112732,3.537079,2023-05-19,1,"Jari Vandendriessche & Luc Willems","","","AudioMoth recording","DIGITAF_FLANDERS:bac7347bc6b9798d"
"771","Zo2","tree","Coloeus monedula","Corvidae","Passeriformes","birds",51.112732,3.537079,2023-05-19,1,"Jari Vandendriessche & Luc Willems","","","AudioMoth recording","DIGITAF_FLANDERS:476145570ebfcaca"
"772","Zo2","tree","Curruca communis","Sylviidae","Passeriformes","birds",51.112732,3.537079,2023-05-19,1,"Jari Vandendriessche & Luc Willems","","","AudioMoth recording","DIGITAF_FLANDERS:e240561dc5cf97cf"
"773","Zo2","tree","Cyanistes caeruleus","Paridae","Passeriformes","birds",51.112732,3.537079,2023-05-19,1,"Jari Vandendriessche & Luc Willems","","","AudioMoth recording","DIGITAF_FLANDERS:c447aaa21b799c79"
"774","Zo2","tree","Erithacus rubecula","Muscicapidae","Passeriformes","birds",51.112732,3.537079,2023-05-19,1,"Jari Vandendriessche & Luc Willems","","","AudioMoth recording","DIGITAF_FLANDERS:17aaff4d75518127"
"775","Zo2","tree","Fringilla coelebs","Fringillidae","Passeriformes","birds",51.112732,3.537079,2023-05-19,1,"Jari Vandendriessche & Luc Willems","","","AudioMoth recording","DIGITAF_FLANDERS:ebdfe773e6ba61e7"
"776","Zo2","tree","Parus major","Paridae","Passeriformes","birds",51.112732,3.537079,2023-05-19,1,"Jari Vandendriessche & Luc Willems","","","AudioMoth recording","DIGITAF_FLANDERS:be6d465617c3b4c5"
"777","Zo2","tree","Phylloscopus collybita","Phylloscopidae","Passeriformes","birds",51.112732,3.537079,2023-05-19,1,"Jari Vandendriessche & Luc Willems","","","AudioMoth recording","DIGITAF_FLANDERS:ee8b763108b4ca1e"
"778","Zo2","tree","Pica pica","Corvidae","Passeriformes","birds",51.112732,3.537079,2023-05-19,1,"Jari Vandendriessche & Luc Willems","","","AudioMoth recording","DIGITAF_FLANDERS:7bfb94cbf0f69a36"
"779","Zo2","tree","Prunella modularis","Prunellidae","Passeriformes","birds",51.112732,3.537079,2023-05-19,1,"Jari Vandendriessche & Luc Willems","","","AudioMoth recording","DIGITAF_FLANDERS:8f725921363aa9a7"
"780","Zo2","tree","Streptopelia decaocto","Columbidae","Columbiformes","birds",51.112732,3.537079,2023-05-19,1,"Jari Vandendriessche & Luc Willems","","","AudioMoth recording","DIGITAF_FLANDERS:b60e74903c505899"
"781","Zo2","tree","Troglodytes troglodytes","Troglodytidae","Passeriformes","birds",51.112732,3.537079,2023-05-19,1,"Jari Vandendriessche & Luc Willems","","","AudioMoth recording","DIGITAF_FLANDERS:0263bd4944eef695"
"782","Zo2","tree","Turdus merula","Turdidae","Passeriformes","birds",51.112732,3.537079,2023-05-19,1,"Jari Vandendriessche & Luc Willems","","","AudioMoth recording","DIGITAF_FLANDERS:1113dd6510d69103"
"783","Zw","crop","Actitis hypoleucos","Scolopacidae","Charadriiformes","birds",50.850731,3.71571,2023-06-02,1,"Jari Vandendriessche & Luc Willems","","","AudioMoth recording","DIGITAF_FLANDERS:815bc2f4fa7a3e30"
"784","Zw","crop","Ardea cinerea","Ardeidae","Pelecaniformes","birds",50.850731,3.71571,2023-06-02,1,"Jari Vandendriessche & Luc Willems","","","AudioMoth recording","DIGITAF_FLANDERS:582a81d044e0eb9c"
"785","Zw","crop","Corvus corone","Corvidae","Passeriformes","birds",50.850731,3.71571,2023-06-02,1,"Jari Vandendriessche & Luc Willems","","","AudioMoth recording","DIGITAF_FLANDERS:8b0bc365abc6c4b5"
"786","Zw","crop","Coloeus monedula","Corvidae","Passeriformes","birds",50.850731,3.71571,2023-06-02,1,"Jari Vandendriessche & Luc Willems","","","AudioMoth recording","DIGITAF_FLANDERS:8fc9770a0faa9c53"
"787","Zw","crop","Gallinula chloropus","Rallidae","Gruiformes","birds",50.850731,3.71571,2023-06-02,1,"Jari Vandendriessche & Luc Willems","","","AudioMoth recording","DIGITAF_FLANDERS:33304684f06b2704"
"788","Zw","crop","Haematopus ostralegus","Haematopodidae","Charadriiformes","birds",50.850731,3.71571,2023-06-02,1,"Jari Vandendriessche & Luc Willems","","","AudioMoth recording","DIGITAF_FLANDERS:d5cad2e51a1fbfed"
"789","Zw","crop","Hirundo rustica","Hirundinidae","Passeriformes","birds",50.850731,3.71571,2023-06-02,1,"Jari Vandendriessche & Luc Willems","","","AudioMoth recording","DIGITAF_FLANDERS:0438ba50752d6bf6"
"790","Zw","crop","Linaria cannabina","Fringillidae","Passeriformes","birds",50.850731,3.71571,2023-06-02,1,"Jari Vandendriessche & Luc Willems","","","AudioMoth recording","DIGITAF_FLANDERS:90c8f3c08c5975c7"
"791","Zw","crop","Phasianus colchicus","Phasianidae","Galliformes","birds",50.850731,3.71571,2023-06-02,1,"Jari Vandendriessche & Luc Willems","","","AudioMoth recording","DIGITAF_FLANDERS:22f46cb6ca7387ac"
"792","Zw","crop","Phoenicurus ochruros","Muscicapidae","Passeriformes","birds",50.850731,3.71571,2023-06-02,1,"Jari Vandendriessche & Luc Willems","","","AudioMoth recording","DIGITAF_FLANDERS:b0c617b76b8c0a22"
"793","Zw","crop","Phylloscopus collybita","Phylloscopidae","Passeriformes","birds",50.850731,3.71571,2023-06-02,1,"Jari Vandendriessche & Luc Willems","","","AudioMoth recording","DIGITAF_FLANDERS:1881506c2f45b12c"
"794","Zw","crop","Pica pica","Corvidae","Passeriformes","birds",50.850731,3.71571,2023-06-02,1,"Jari Vandendriessche & Luc Willems","","","AudioMoth recording","DIGITAF_FLANDERS:763130c6e184dc54"
"795","Zw","crop","Prunella modularis","Prunellidae","Passeriformes","birds",50.850731,3.71571,2023-06-02,1,"Jari Vandendriessche & Luc Willems","","","AudioMoth recording","DIGITAF_FLANDERS:86f86acfb6f4422b"
"796","Zw","crop","Strix aluco","Strigidae","Strigiformes","birds",50.850731,3.71571,2023-06-02,1,"Jari Vandendriessche & Luc Willems","","","AudioMoth recording","DIGITAF_FLANDERS:e636cb2ea99480d1"
"797","Zw","crop","Turdus merula","Turdidae","Passeriformes","birds",50.850731,3.71571,2023-06-02,1,"Jari Vandendriessche & Luc Willems","","","AudioMoth recording","DIGITAF_FLANDERS:a5ae672aed171b0e"
"798","Zw","crtl","Ardea cinerea","Ardeidae","Pelecaniformes","birds",50.850586,3.71506,2023-06-02,1,"Jari Vandendriessche & Luc Willems","","","AudioMoth recording","DIGITAF_FLANDERS:7ebcec354e8e1761"
"799","Zw","crtl","Chloris chloris","Fringillidae","Passeriformes","birds",50.850586,3.71506,2023-06-02,1,"Jari Vandendriessche & Luc Willems","","","AudioMoth recording","DIGITAF_FLANDERS:55ae7bad7eca2b59"
"800","Zw","crtl","Columba palumbus","Columbidae","Columbiformes","birds",50.850586,3.71506,2023-06-02,1,"Jari Vandendriessche & Luc Willems","","","AudioMoth recording","DIGITAF_FLANDERS:415d372fb2ff80f6"
"801","Zw","crtl","Coloeus monedula","Corvidae","Passeriformes","birds",50.850586,3.71506,2023-06-02,1,"Jari Vandendriessche & Luc Willems","","","AudioMoth recording","DIGITAF_FLANDERS:f45a36e84cecb485"
"802","Zw","crtl","Cyanistes caeruleus","Paridae","Passeriformes","birds",50.850586,3.71506,2023-06-02,1,"Jari Vandendriessche & Luc Willems","","","AudioMoth recording","DIGITAF_FLANDERS:895392e94eb3f1af"
"803","Zw","crtl","Fringilla coelebs","Fringillidae","Passeriformes","birds",50.850586,3.71506,2023-06-02,1,"Jari Vandendriessche & Luc Willems","","","AudioMoth recording","DIGITAF_FLANDERS:5032f26a7d0e3a74"
"804","Zw","crtl","Gallinula chloropus","Rallidae","Gruiformes","birds",50.850586,3.71506,2023-06-02,1,"Jari Vandendriessche & Luc Willems","","","AudioMoth recording","DIGITAF_FLANDERS:b0b6aa0484c1f312"
"805","Zw","crtl","Hirundo rustica","Hirundinidae","Passeriformes","birds",50.850586,3.71506,2023-06-02,1,"Jari Vandendriessche & Luc Willems","","","AudioMoth recording","DIGITAF_FLANDERS:5dae6938db6b94f3"
"806","Zw","crtl","Motacilla flava","Motacillidae","Passeriformes","birds",50.850586,3.71506,2023-06-02,1,"Jari Vandendriessche & Luc Willems","","","AudioMoth recording","DIGITAF_FLANDERS:365cdb3e726d5629"
"807","Zw","crtl","Phasianus colchicus","Phasianidae","Galliformes","birds",50.850586,3.71506,2023-06-02,1,"Jari Vandendriessche & Luc Willems","","","AudioMoth recording","DIGITAF_FLANDERS:c46991ed990943c9"
"808","Zw","crtl","Phoenicurus ochruros","Muscicapidae","Passeriformes","birds",50.850586,3.71506,2023-06-02,1,"Jari Vandendriessche & Luc Willems","","","AudioMoth recording","DIGITAF_FLANDERS:e5d298cdc999a4d7"
"809","Zw","crtl","Phylloscopus collybita","Phylloscopidae","Passeriformes","birds",50.850586,3.71506,2023-06-02,1,"Jari Vandendriessche & Luc Willems","","","AudioMoth recording","DIGITAF_FLANDERS:d90a6cf6d112c9ba"
"810","Zw","crtl","Pica pica","Corvidae","Passeriformes","birds",50.850586,3.71506,2023-06-02,1,"Jari Vandendriessche & Luc Willems","","","AudioMoth recording","DIGITAF_FLANDERS:f8516f5dc9b09919"
"811","Zw","crtl","Prunella modularis","Prunellidae","Passeriformes","birds",50.850586,3.71506,2023-06-02,1,"Jari Vandendriessche & Luc Willems","","","AudioMoth recording","DIGITAF_FLANDERS:1acdb0ecdce65817"
"812","Zw","crtl","Strix aluco","Strigidae","Strigiformes","birds",50.850586,3.71506,2023-06-02,1,"Jari Vandendriessche & Luc Willems","","","AudioMoth recording","DIGITAF_FLANDERS:84085c3cfa733c09"
"813","Zw","crtl","Sylvia atricapilla","Sylviidae","Passeriformes","birds",50.850586,3.71506,2023-06-02,1,"Jari Vandendriessche & Luc Willems","","","AudioMoth recording","DIGITAF_FLANDERS:7a47761479bf2dc3"
"814","Zw","crtl","Troglodytes troglodytes","Troglodytidae","Passeriformes","birds",50.850586,3.71506,2023-06-02,1,"Jari Vandendriessche & Luc Willems","","","AudioMoth recording","DIGITAF_FLANDERS:75b4763ca4e448f0"
"815","Zw","crtl","Turdus merula","Turdidae","Passeriformes","birds",50.850586,3.71506,2023-06-02,1,"Jari Vandendriessche & Luc Willems","","","AudioMoth recording","DIGITAF_FLANDERS:42c2a90d90c7100c"
"816","Zw","tree","Columba palumbus","Columbidae","Columbiformes","birds",50.85034873,3.71592082647387,2023-06-02,1,"Jari Vandendriessche & Luc Willems","","","AudioMoth recording","DIGITAF_FLANDERS:71eed6cf11aed9c5"
"817","Zw","tree","Cyanistes caeruleus","Paridae","Passeriformes","birds",50.85034873,3.71592082647387,2023-06-02,1,"Jari Vandendriessche & Luc Willems","","","AudioMoth recording","DIGITAF_FLANDERS:f6b6a4e096c4aa5b"
"818","Zw","tree","Dendrocopos major","Picidae","Piciformes","birds",50.85034873,3.71592082647387,2023-06-02,1,"Jari Vandendriessche & Luc Willems","","","AudioMoth recording","DIGITAF_FLANDERS:a715df5cf5c3edf9"
"819","Zw","tree","Erithacus rubecula","Muscicapidae","Passeriformes","birds",50.85034873,3.71592082647387,2023-06-02,1,"Jari Vandendriessche & Luc Willems","","","AudioMoth recording","DIGITAF_FLANDERS:13a6fb42e6bb8bce"
"820","Zw","tree","Gallinula chloropus","Rallidae","Gruiformes","birds",50.85034873,3.71592082647387,2023-06-02,1,"Jari Vandendriessche & Luc Willems","","","AudioMoth recording","DIGITAF_FLANDERS:881681fb922a1806"
"821","Zw","tree","Garrulus glandarius","Corvidae","Passeriformes","birds",50.85034873,3.71592082647387,2023-06-02,1,"Jari Vandendriessche & Luc Willems","","","AudioMoth recording","DIGITAF_FLANDERS:e4ac6075d82f3ccb"
"822","Zw","tree","Parus major","Paridae","Passeriformes","birds",50.85034873,3.71592082647387,2023-06-02,1,"Jari Vandendriessche & Luc Willems","","","AudioMoth recording","DIGITAF_FLANDERS:4d60591e15702d80"
"823","Zw","tree","Phasianus colchicus","Phasianidae","Galliformes","birds",50.85034873,3.71592082647387,2023-06-02,1,"Jari Vandendriessche & Luc Willems","","","AudioMoth recording","DIGITAF_FLANDERS:c74dfb63ff0d15b3"
"824","Zw","tree","Phylloscopus collybita","Phylloscopidae","Passeriformes","birds",50.85034873,3.71592082647387,2023-06-02,1,"Jari Vandendriessche & Luc Willems","","","AudioMoth recording","DIGITAF_FLANDERS:c73e5334371ffd8e"
"825","Zw","tree","Prunella modularis","Prunellidae","Passeriformes","birds",50.85034873,3.71592082647387,2023-06-02,1,"Jari Vandendriessche & Luc Willems","","","AudioMoth recording","DIGITAF_FLANDERS:2b53f1abba73fd3e"
"826","Zw","tree","Streptopelia decaocto","Columbidae","Columbiformes","birds",50.85034873,3.71592082647387,2023-06-02,1,"Jari Vandendriessche & Luc Willems","","","AudioMoth recording","DIGITAF_FLANDERS:dd13b9208125c678"
"827","Zw","tree","Strix aluco","Strigidae","Strigiformes","birds",50.85034873,3.71592082647387,2023-06-02,1,"Jari Vandendriessche & Luc Willems","","","AudioMoth recording","DIGITAF_FLANDERS:891aaaae61203d04"
"828","Zw","tree","Troglodytes troglodytes","Troglodytidae","Passeriformes","birds",50.85034873,3.71592082647387,2023-06-02,1,"Jari Vandendriessche & Luc Willems","","","AudioMoth recording","DIGITAF_FLANDERS:63fa9fba5735431a"
"829","Zw","tree","Turdus merula","Turdidae","Passeriformes","birds",50.85034873,3.71592082647387,2023-06-02,1,"Jari Vandendriessche & Luc Willems","","","AudioMoth recording","DIGITAF_FLANDERS:6287519a41af8358"
"830","Zw1","crtl","Chloris chloris","Fringillidae","Passeriformes","birds",50.876247,3.759652,2023-06-02,1,"Jari Vandendriessche & Luc Willems","","","AudioMoth recording","DIGITAF_FLANDERS:d56e111aedb46493"
"831","Zw1","crtl","Corvus corone","Corvidae","Passeriformes","birds",50.876247,3.759652,2023-06-02,1,"Jari Vandendriessche & Luc Willems","","","AudioMoth recording","DIGITAF_FLANDERS:e496c0ed59cd82c7"
"832","Zw1","crtl","Corvus frugilegus","Corvidae","Passeriformes","birds",50.876247,3.759652,2023-06-02,1,"Jari Vandendriessche & Luc Willems","","","AudioMoth recording","DIGITAF_FLANDERS:a196f521d06f40ea"
"833","Zw1","crtl","Coloeus monedula","Corvidae","Passeriformes","birds",50.876247,3.759652,2023-06-02,1,"Jari Vandendriessche & Luc Willems","","","AudioMoth recording","DIGITAF_FLANDERS:2f63a8cc5ea1d04e"
"834","Zw1","crtl","Motacilla flava","Motacillidae","Passeriformes","birds",50.876247,3.759652,2023-06-02,1,"Jari Vandendriessche & Luc Willems","","","AudioMoth recording","DIGITAF_FLANDERS:8769f1168c88d46e"
"835","Zw1","crtl","Perdix perdix","Phasianidae","Galliformes","birds",50.876247,3.759652,2023-06-02,1,"Jari Vandendriessche & Luc Willems","","","AudioMoth recording","DIGITAF_FLANDERS:761a5933d72ac886"
"836","Zw1","crtl","Turdus merula","Turdidae","Passeriformes","birds",50.876247,3.759652,2023-06-02,1,"Jari Vandendriessche & Luc Willems","","","AudioMoth recording","DIGITAF_FLANDERS:4614389c2ba630ef"
"837","Zw1","tree","Columba palumbus","Columbidae","Columbiformes","birds",50.875347,3.7624,2023-06-02,1,"Jari Vandendriessche & Luc Willems","","","AudioMoth recording","DIGITAF_FLANDERS:85f2994710889f8e"
"838","Zw1","tree","Corvus corone","Corvidae","Passeriformes","birds",50.875347,3.7624,2023-06-02,1,"Jari Vandendriessche & Luc Willems","","","AudioMoth recording","DIGITAF_FLANDERS:9bf6af6a86b5b840"
"839","Zw1","tree","Coloeus monedula","Corvidae","Passeriformes","birds",50.875347,3.7624,2023-06-02,1,"Jari Vandendriessche & Luc Willems","","","AudioMoth recording","DIGITAF_FLANDERS:ac0ed18ae870468f"
"840","Zw1","tree","Cyanistes caeruleus","Paridae","Passeriformes","birds",50.875347,3.7624,2023-06-02,1,"Jari Vandendriessche & Luc Willems","","","AudioMoth recording","DIGITAF_FLANDERS:e6a2dcab55f54028"
"841","Zw1","tree","Fringilla coelebs","Fringillidae","Passeriformes","birds",50.875347,3.7624,2023-06-02,1,"Jari Vandendriessche & Luc Willems","","","AudioMoth recording","DIGITAF_FLANDERS:2b808d38b1d6cf61"
"842","Zw1","tree","Hirundo rustica","Hirundinidae","Passeriformes","birds",50.875347,3.7624,2023-06-02,1,"Jari Vandendriessche & Luc Willems","","","AudioMoth recording","DIGITAF_FLANDERS:32bb238de5171462"
"843","Zw1","tree","Motacilla alba","Motacillidae","Passeriformes","birds",50.875347,3.7624,2023-06-02,1,"Jari Vandendriessche & Luc Willems","","","AudioMoth recording","DIGITAF_FLANDERS:32f64356887e392b"
"844","Zw1","tree","Motacilla flava","Motacillidae","Passeriformes","birds",50.875347,3.7624,2023-06-02,1,"Jari Vandendriessche & Luc Willems","","","AudioMoth recording","DIGITAF_FLANDERS:2074b62ddbbe151d"
"845","Zw1","tree","Passer domesticus","Passeridae","Passeriformes","birds",50.875347,3.7624,2023-06-02,1,"Jari Vandendriessche & Luc Willems","","","AudioMoth recording","DIGITAF_FLANDERS:64631045f42c4424"
"846","Zw1","tree","Streptopelia decaocto","Columbidae","Columbiformes","birds",50.875347,3.7624,2023-06-02,1,"Jari Vandendriessche & Luc Willems","","","AudioMoth recording","DIGITAF_FLANDERS:29a8f2869a77e297"
"847","Zw1","tree","Sturnus vulgaris","Sturnidae","Passeriformes","birds",50.875347,3.7624,2023-06-02,1,"Jari Vandendriessche & Luc Willems","","","AudioMoth recording","DIGITAF_FLANDERS:1f95e17f5171faab"
"848","Zw1","tree","Troglodytes troglodytes","Troglodytidae","Passeriformes","birds",50.875347,3.7624,2023-06-02,1,"Jari Vandendriessche & Luc Willems","","","AudioMoth recording","DIGITAF_FLANDERS:ead8c82a35360014"
"849","Zw1","tree","Turdus merula","Turdidae","Passeriformes","birds",50.875347,3.7624,2023-06-02,1,"Jari Vandendriessche & Luc Willems","","","AudioMoth recording","DIGITAF_FLANDERS:a5e7e018f3485feb"
"850","Zw2","crtl","Corvus corone","Corvidae","Passeriformes","birds",50.841705,3.746366,2023-06-02,1,"Jari Vandendriessche & Luc Willems","","","AudioMoth recording","DIGITAF_FLANDERS:a5af149024e29fc1"
"851","Zw2","crtl","Corvus frugilegus","Corvidae","Passeriformes","birds",50.841705,3.746366,2023-06-02,1,"Jari Vandendriessche & Luc Willems","","","AudioMoth recording","DIGITAF_FLANDERS:9d358ce4b2b9357e"
"852","Zw2","crtl","Coloeus monedula","Corvidae","Passeriformes","birds",50.841705,3.746366,2023-06-02,1,"Jari Vandendriessche & Luc Willems","","","AudioMoth recording","DIGITAF_FLANDERS:9694f36ad1f370dc"
"853","Zw2","crtl","Phylloscopus collybita","Phylloscopidae","Passeriformes","birds",50.841705,3.746366,2023-06-02,1,"Jari Vandendriessche & Luc Willems","","","AudioMoth recording","DIGITAF_FLANDERS:aaf5f8737ae0004b"
"854","Zw2","crtl","Strix aluco","Strigidae","Strigiformes","birds",50.841705,3.746366,2023-06-02,1,"Jari Vandendriessche & Luc Willems","","","AudioMoth recording","DIGITAF_FLANDERS:f4ad9fa0bfa581a4"
"855","Zw2","crtl","Sylvia atricapilla","Sylviidae","Passeriformes","birds",50.841705,3.746366,2023-06-02,1,"Jari Vandendriessche & Luc Willems","","","AudioMoth recording","DIGITAF_FLANDERS:8060a8033bf9b9b8"
"856","Zw2","crtl","Troglodytes troglodytes","Troglodytidae","Passeriformes","birds",50.841705,3.746366,2023-06-02,1,"Jari Vandendriessche & Luc Willems","","","AudioMoth recording","DIGITAF_FLANDERS:2928ba8d978f46c6"
"857","Zw2","crtl","Turdus merula","Turdidae","Passeriformes","birds",50.841705,3.746366,2023-06-02,1,"Jari Vandendriessche & Luc Willems","","","AudioMoth recording","DIGITAF_FLANDERS:0fde566a7c9d304f"
"858","Zw2","tree","Corvus corone","Corvidae","Passeriformes","birds",50.842518,3.745591,2023-06-02,1,"Jari Vandendriessche & Luc Willems","","","AudioMoth recording","DIGITAF_FLANDERS:208178c1adf54904"
"859","Zw2","tree","Corvus frugilegus","Corvidae","Passeriformes","birds",50.842518,3.745591,2023-06-02,1,"Jari Vandendriessche & Luc Willems","","","AudioMoth recording","DIGITAF_FLANDERS:aba984b40ea61314"
"860","Zw2","tree","Cyanistes caeruleus","Paridae","Passeriformes","birds",50.842518,3.745591,2023-06-02,1,"Jari Vandendriessche & Luc Willems","","","AudioMoth recording","DIGITAF_FLANDERS:9ed1054abe40e646"
"861","Zw2","tree","Erithacus rubecula","Muscicapidae","Passeriformes","birds",50.842518,3.745591,2023-06-02,1,"Jari Vandendriessche & Luc Willems","","","AudioMoth recording","DIGITAF_FLANDERS:c67e661cdeef38f6"
"862","Zw2","tree","Fringilla coelebs","Fringillidae","Passeriformes","birds",50.842518,3.745591,2023-06-02,1,"Jari Vandendriessche & Luc Willems","","","AudioMoth recording","DIGITAF_FLANDERS:92bf16f3c4aaac23"
"863","Zw2","tree","Parus major","Paridae","Passeriformes","birds",50.842518,3.745591,2023-06-02,1,"Jari Vandendriessche & Luc Willems","","","AudioMoth recording","DIGITAF_FLANDERS:2919d891e9675ad5"
"864","Zw2","tree","Phoenicurus phoenicurus","Muscicapidae","Passeriformes","birds",50.842518,3.745591,2023-06-02,1,"Jari Vandendriessche & Luc Willems","","","AudioMoth recording","DIGITAF_FLANDERS:aabcff23abc32f5f"
"865","Zw2","tree","Phylloscopus collybita","Phylloscopidae","Passeriformes","birds",50.842518,3.745591,2023-06-02,1,"Jari Vandendriessche & Luc Willems","","","AudioMoth recording","DIGITAF_FLANDERS:23d116d2d038801e"
"866","Zw2","tree","Prunella modularis","Prunellidae","Passeriformes","birds",50.842518,3.745591,2023-06-02,1,"Jari Vandendriessche & Luc Willems","","","AudioMoth recording","DIGITAF_FLANDERS:b99d9a85df7aa32c"
"867","Zw2","tree","Sylvia atricapilla","Sylviidae","Passeriformes","birds",50.842518,3.745591,2023-06-02,1,"Jari Vandendriessche & Luc Willems","","","AudioMoth recording","DIGITAF_FLANDERS:ce2f38ab99373409"
"868","Zw2","tree","Troglodytes troglodytes","Troglodytidae","Passeriformes","birds",50.842518,3.745591,2023-06-02,1,"Jari Vandendriessche & Luc Willems","","","AudioMoth recording","DIGITAF_FLANDERS:6a5dbc81bba2394b"
